eo_number,document_number,agency_name,task,source_quote,quote_trimmed
12892,94-1532,Executive agencies,forward complaints or information to HUD,each executive agency shall forward such facts or information to the Secretary of Housing and Urban Development,0
12892,94-1532,Heads of executive agencies,ensure agency programs are administered affirmatively to further fair housing,The head of each executive agency is responsible for ensuring that its programs and activities ... are administered in a manner affirmatively to further the goal of fair housing,0
12892,94-1532,Heads of executive agencies,publish proposed regulations within 180 days of HUD's final regulations,Within 180 days of the publication of final regulations ... the head of each executive agency shall publish proposed regulations,0
12892,94-1532,Heads of executive agencies,enforce the order within their agencies,The head of each executive agency shall be responsible for enforcement of this order,0
12892,94-1532,Heads of executive agencies,report violations to HUD and the Attorney General,Findings of any violation ... shall be promptly reported by the head of each executive agency to the Secretary of Housing and Urban Development and the Attorney General,0
12892,94-1532,Secretary of Housing and Urban Development,chair the President's Fair Housing Council,The Council shall be chaired by the Secretary of Housing and Urban Development,0
12892,94-1532,Secretary of Housing and Urban Development,request information and assistance from executive agencies,The Secretary of Housing and Urban Development shall,1
12892,94-1532,Secretary of Housing and Urban Development,submit an annual report to the President,The Secretary of Housing and Urban Development shall submit to the President an annual report,0
12893,94-2261,Executive departments and agencies,"Submit initial implementation plans to the OMB Director by March 15, 1994","Agencies shall submit initial plans to implement these principles to the Director of the Office of Management and Budget (``OMB'') by March 15, 1994.",0
12893,94-2261,Executive departments and agencies with infrastructure responsibilities,Develop and implement plans for infrastructure investment and management consistent with the order's principles,Each executive department and agency with infrastructure responsibilities (hereinafter referred to collectively as ``agencies'') shall develop and implement plans for infrastructure investment and management consistent with the following principles,0
12893,94-2261,Office of Management and Budget,Provide guidance to agencies on implementing the order,The Office of Management and Budget shall provide guidance to the agencies on the implementation of this order.,0
12897,94-2905,Office of Personnel Management,"promulgate regulations for the implementation of section 5520a of title 5, United States Code","The Office of Personnel Management, in consultation with the Attorney General, is designated to promulgate regulations",0
12897,94-2905,Postmaster General,"promulgate regulations for the implementation of section 5520a of title 5, United States Code",The Postmaster General is designated to promulgate regulations,0
12898,94-3685,All Federal agencies,integrate environmental justice into agency mission,each Federal agency shall make achieving environmental justice part of its mission,0
12898,94-3685,All Federal agencies,identify internal process for strategy development,"Within 4 months of the date of this order, each Federal agency shall identify an internal administrative process for developing its environmental justice strategy",0
12898,94-3685,All Federal agencies,submit outline of proposed strategy,"Within 6 months of the date of this order, each Federal agency shall provide the Working Group with an outline of its proposed environmental justice strategy",0
12898,94-3685,All Federal agencies,finalize and submit strategy,"Within 12 months of the date of this order, each Federal agency shall finalize its environmental justice strategy and provide a copy and written description of its strategy to the Working Group",0
12898,94-3685,All Federal agencies,report progress on strategy implementation,"Within 24 months of the date of this order, each Federal agency shall report to the Working Group on its progress in implementing its agency-wide environmental justice strategy",0
12898,94-3685,EPA Administrator (or designee),create the Working Group,Within 3 months of the date of this order ... shall convene an interagency Federal Working Group on Environmental Justice,0
12898,94-3685,Interagency Working Group,submit implementation report to the President,"Within 14 months of the date of this order, the Working Group shall submit to the President ... a report that describes the implementation of this order",0
12900,94-4472,Department of Education,establish the President's Advisory Commission on Educational Excellence for Hispanic Americans,There shall be established in the Department of Education the President's Advisory Commission on Educational Excellence for Hispanic Americans (Commission).,0
12900,94-4472,Department of Education,establish the White House Initiative on Educational Excellence for Hispanic Americans,There shall be established in the Department of Education the White House Initiative on Educational Excellence for Hispanic Americans (Initiative).,0
12900,94-4472,Director of the Office of Personnel Management,develop a recruitment program for Hispanic students for Federal Government positions,"shall develop a program to promote recruitment of Hispanic students for part-time, summer, and permanent positions in the Federal Government.",0
12900,94-4472,Each Executive department and each agency designated by the Secretary,appoint a senior official to serve as liaison to the Commission and the Initiative,"shall appoint a senior official, who is a full-time officer of the Federal Government",0
12900,94-4472,Secretary of Education,submit an Annual Federal Plan to the President,shall submit to the President an Annual Federal Plan to Promote Hispanic American Educational Excellence,0
12902,94-5834,Interagency Energy Policy Committee / Interagency Energy Management Task Force,"coordinate implementation of energy‑efficiency, water‑conservation and renewable‑energy measures","The Interagency Energy Policy Committee (``656 Committee'') and the Interagency Energy Management Task Force (``Task Force'') shall serve as forums to coordinate issues involved in implementing energy efficiency, water conservation, and solar and other renewable energy in the Federal sector.",0
12905,94-7635,Office of the United States Trade Representative,establish,There is established in the Office of the United States Trade Representative (``Trade Representative'' the ``Trade and Environment Policy Advisory Committee'',1
12906,94-9117,All Federal agencies,document newly collected geospatial data using FGDC‑developed standards.,"Beginning 9 months from the date of this order, each agency shall document all new geospatial data it collects or produces, either directly or indirectly, using the standard under development by the",1
12906,94-9117,All Federal agencies,adopt a schedule for documenting historic geospatial data and uploading it to the Clearinghouse.,"Within 1 year of the date of this order, agencies shall adopt a schedule, developed in consultation with the FGDC, for documenting, to the extent practicable, geospatial data previously collected or produced, either directly or indirectly, and making that data documentation electronically accessible to the Clearinghouse network.",0
12906,94-9117,All Federal agencies,adopt a public‑access plan for geospatial data.,"Within 1 year of the date of this order, each agency shall adopt a plan, in consultation with the FGDC, establishing procedures to make geospatial data available to the public, to the extent permitted by law, current policies, and relevant OMB",1
12906,94-9117,All Federal agencies,adopt internal procedures to check the Clearinghouse before spending on new data collection.,"Within 1 year of the date of this order, each agency shall adopt internal procedures to ensure that the agency accesses the Clearinghouse before it expends Federal funds to collect or produce new geospatial data, to determine whether the information has already been collected by others, or whether cooperative efforts to obtain the data are possible.",0
12906,94-9117,Department of the Interior,"provide funding for the Clearinghouse’s prototype testing, standards development, and performance monitoring.","The Department of the Interior shall provide funding for the Clearinghouse to cover the initial prototype testing, standards development, and monitoring of the performance of the Clearinghouse.",0
12906,94-9117,Federal Geographic Data Committee (FGDC),submit to OMB a plan and schedule for a national digital geospatial data framework.,"within 9 months of the date of this order, the FGDC shall submit a plan and schedule to OMB for completing the initial implementation of a national digital geospatial data framework (“framework”) by January 2000 and for establishing a process of ongoing data maintenance.",0
12906,94-9117,National Geospatial Data Clearinghouse,establish a new electronic clearinghouse for the National Spatial Data Infrastructure (NSDI).,"shall take steps within 6 months of the date of this order, to establish an electronic National Geospatial Data Clearinghouse (“Clearinghouse”) for the NSDI.",0
12906,94-9117,Secretary of the Interior (under FGDC auspices),develop strategies for cooperative acquisition of geospatial data.,"within 9 months of the date of this order, shall develop, to the extent permitted by law, strategies for maximizing cooperative participatory efforts with State, local, and tribal governments, the private sector, and other nonfederal organizations to share costs and improve efficiencies of acquiring geospatial data consistent with this order.",0
12908,94-10241,Department of the Army,"first in line to act as Secretary of the Army upon death, permanent disability, or resignation",(1) The Under Secretary of the Army.,0
12908,94-10241,Department of the Army,"second in line to act as Secretary of the Army, ordered by length of service","(2) The Assistant Secretaries and General Counsel of the Army, in the order fixed by their length of service as permanent appointees in such positions.",0
12908,94-10241,Department of the Army,third in line to act as Secretary of the Army,(3) The Chief of Staff of the Army.,0
12908,94-10241,Department of the Army,applies the same succession order when the Secretary is temporarily absent or disabled,"In the event of the absence or temporary disability of the Secretary of the Army, the incumbents holding the Department of the Army positions designated in paragraph (a) of this section, in the order indicated, shall act for and exercise the powers of the Secretary of the Army.",0
12908,94-10241,Department of the Army,limits an acting appointment to the period of the Secretary's absence or disability,The designation of an Acting Secretary of the Army under this subsection applies only for the duration of the Secretary's absence or disability,0
12908,94-10241,Department of the Army,allows the Secretary to retain his powers while temporarily absent,may continue to exercise the powers and fulfill the duties of his office during his absence,0
12908,94-10241,Department of the Army,gives the Secretary authority to decide precedence among officers with the same appointment date,shall be determined by the Secretary of the Army,0
12908,94-10241,Department of the Army,prevents officers serving only in an acting capacity from succeeding under this order,shall not act for or exercise the powers of the Secretary of the Army under this order if that officer serves only in an acting capacity,0
12908,94-10241,Department of the Army,states that succession is temporary and does not vacate the successor’s statutory appointment,shall be on a temporary or interim basis and shall not have the effect of vacating the statutory appointment held by the successor,0
12914,94-11547,Secretary of the Treasury,delegated_authority,"The Secretary of the Treasury, in consultation with the Secretary of State, is hereby authorized to take such actions, including the promulgation of rules and regulations",0
12915,94-12275,Environmental Protection Agency (EPA),establish a governmental committee,the EPA Administrator shall establish a governmental committee to furnish advice regarding implementation and further elaboration of the Agreement,0
12916,94-12284,Environmental Protection Agency,represent United States on the Board of Directors of the Border Environment Cooperation Commission,"The Administrator of the Environmental Protection Agency and the United States Commissioner, International Boundary and Water Commission, United States and Mexico (``Commissioner''), shall represent the United States as Members of the Board of Directors of the Border Environment Cooperation Commission in accordance with the Agreement.",0
12916,94-12284,International Boundary and Water Commission (U.S. Commissioner),represent United States on the Board of Directors of the Border Environment Cooperation Commission,"The Administrator of the Environmental Protection Agency and the United States Commissioner, International Boundary and Water Commission, United States and Mexico (``Commissioner''), shall represent the United States as Members of the Board of Directors of the Border Environment Cooperation Commission in accordance with the Agreement.",0
12917,94-12880,Department of the Treasury,authorizes rulemaking and enforcement actions,"The Secretary of the Treasury, in consultation with the Secretary of State, is hereby authorized to take such actions, including the promulgation of rules and regulations",0
12918,94-13391,All persons (U.S. persons and foreign persons),prohibited from selling or supplying arms and related materiel to Rwanda,The sale or supply to Rwanda,1
12920,94-14582,All U.S. Federal Agencies,"directed to take appropriate measures, including suspension or termination of licenses, to enforce the order's prohibitions",All agencies of the United States Government are hereby directed to take all appropriate measures within their authority to carry out the provisions of this order,0
12920,94-14582,Secretary of State,to consult with the Treasury in taking actions authorized by the order,"The Secretary of the Treasury, in consultation with the Secretary of State, is hereby authorized to take such actions",0
12920,94-14582,Secretary of the Treasury,"authorized to take actions, promulgate rules and regulations, and employ all powers granted under the IEPA and UN Participation Act","The Secretary of the Treasury, in consultation with the Secretary of State, is hereby authorized to take such actions, including the promulgation of rules and regulations",0
12922,94-15498,Department of the Treasury,authorizes actions and rulemaking to implement the block,"The Secretary of the Treasury, in consultation with the Secretary of State, is hereby authorized to take such actions, including the promulgation of rules and regulations, and to employ all powers granted to me by the International Emergency Economic Powers Act and the United Nations Participation Act, as may be necessary to carry out the purposes of this order.",0
12926,94-22969,Secretary of Defense,develop procedures for voter registration at Armed Forces recruitment offices,The Secretary of Defense is directed to work with the appropriate State elections authorities in each State to develop procedures for persons to,1
12927,94-23273,Secretary of Defense,order to active duty Selected Reserve personnel,"to order to active duty any units, and any individual members not assigned to a unit organized to serve as a unit, of the Selected Reserve.",0
12927,94-23273,Secretary of Transportation (Coast Guard when not operating as a service in the Department of the Navy),order to active duty Selected Reserve personnel,"to order to active duty any units, and any individual members not assigned to a unit organized to serve as a unit, of the Selected Reserve.",0
12928,94-23453,All department and agency heads,enforce anti‑fraud measures to prevent contracts from going to illegitimate entities,"All department and agency heads shall ensure that ... Federal benefits or contracts ... are not awarded to entities that are not legitimate SDBs, HBCUs, and MIs",0
12928,94-23453,All departments and agencies,"establish participation goals of at least 5 percent for SDBs, HBCUs, and MIs",All departments and agencies are required by law to establish participation goals of not less than 5 percent,0
12928,94-23453,Office of Small and Disadvantaged Business Utilization (OSDBU) directors,report directly to the head of the agency (or the deputy of that head),"Director of the OSDBU “be responsible only to, and report directly to, the head of such",1
12928,94-23453,SBA Administrator and OFPP Administrator,provide periodic reports to the President on agency compliance,the Administrator of the Small Business Administration and the Administrator of the Office of Federal Procurement Policy shall report to the President periodically,0
12929,94-24589,Department of Energy,receive delegated authority,The functions vested in the President by sections 7427 and 7428 of title 10 of the United States Code are delegated to the Secretary of Energy.,0
12930,94-24617,Secretary of Commerce,revocation of EO 12868,Executive Order No. 12868 is revoked,0
12930,94-24617,Secretary of Commerce,regulate participation of U.S. persons in weapons proliferation,"The Secretary of Commerce, in consultation with the Secretary of State, is hereby authorized and directed to take such actions",0
12933,94-26516,Federal Acquisition Regulatory Council,issue FAR regulations,"The Federal Acquisition Regulatory Council shall issue, within 180 days of the date of this order, regulations in the Federal Acquisition Regulation to provide for inclusion of the contract clause in Federal solicitations and contracts subject to this Executive order.",0
12933,94-26516,Secretary of Labor,investigate and obtain compliance,The Secretary of Labor is responsible for investigating and obtaining compliance with this Executive order.,0
12934,94-26834,Department of the Treasury,implement sanctions and related regulations,"The Secretary of the Treasury, in consultation with the Secretary of State, is hereby authorized to take such actions, including the promulgation of rules and regulations",0
12937,94-28431,Archivist of the United States,make declassified records available for public research,The Archivist of the United States shall take such actions as are necessary to make such records available for public research no later than 30 days from the date of this Order,0
12938,94-28487,Secretary of Commerce,prohibit exports that could aid WMD development,"The Secretary of Commerce shall prohibit the export of any goods, technology, or services subject to the Secretary's export jurisdiction that the Secretary of Commerce determines ... would assist a foreign country in acquiring the capability to develop, produce, stockpile, deliver, or use weapons of mass destruction or their means of delivery.",0
12938,94-28487,Secretary of State,lead multilateral negotiations to control WMD proliferation,The Secretary of State shall cooperate in and lead multilateral efforts to stop the proliferation of weapons of mass destruction and their means of delivery.,0
12938,94-28487,Secretary of Treasury,ban importation of products from sanctioned foreign persons,The Secretary of the Treasury shall prohibit the importation into the United States of products produced by that foreign person.,0
12940,94-29663,Department of Agriculture,list specified positions in Schedule C,"Within the Department of Agriculture, positions the incumbents of which serve as State Executive Directors of the Consolidated Farm Service Agency and positions the incumbents of which serve as State Directors or State Directors-at-Large for Rural Economic and Community Development shall be listed in Schedule C for all grades of the General Schedule.",0
12941,94-30035,Federal Emergency Management Agency (FEMA),"notification, reporting, and biennial reporting","The Federal Emergency Management Agency is responsible for (1) notifying all Federal departments and agencies of the existence and content of this order; (2) preparing for the Congress, in consultation with the ICSSC, no later than 6 years after the issuance of this order, a comprehensive report …; and (3) preparing for the Congress on a biennial basis, a report on the execution of this order.",0
12944,94-32388,Office of Personnel Management,designated and empowered to extend interim geographic adjustments,The Office of Personnel Management is hereby designated and empowered to exercise the authority of the President … to extend the application of interim geographic adjustments shown on Schedule 9,0
12944,94-32388,Secretary of State,prescribe regulations for interim geographic adjustments,The Secretary of State shall prescribe regulations governing the application of interim geographic adjustments to employees under the Foreign Service Schedule,0
12944,94-32388,Secretary of Veterans Affairs,prescribe regulations for interim geographic adjustments,The Secretary of Veterans Affairs shall prescribe regulations governing the application of interim geographic adjustments to employees under the schedules for the Veterans Health Administration,0
12944,94-32388,Secretary of the Interior,prescribe regulations for interim geographic adjustments,The Secretary of the Interior shall prescribe regulations governing the application of interim geographic adjustments to members of the United States Park Police,0
12946,95-1925,Department of Defense,establishes_body,There is established within the Department of Defense the “President's Advisory Board on Arms Proliferation Policy”,0
12949,95-3671,Attorney General,approve physical searches for foreign intelligence purposes,"the Attorney General is authorized to approve physical searches, without a court order",0
12950,95-4908,President (Emergency Board),investigate labor dispute,"Section 1. Establishment of the Board. There is established effective February 22, 1995, a board of three members to be appointed by the President to investigate these disputes.",0
12951,95-5050,Director of Central Intelligence,establish review program,the Director of Central Intelligence shall establish a comprehensive program for the periodic review of imagery,0
12953,95-5146,All Federal agencies,"review wage‑withholding procedures for compliance with 42 U.S.C. 659 and, to the extent feasible, 42 U.S.C. 666(b).","Within 60 days from the date of this order, every Federal agency shall review its procedures for wage withholding",0
12953,95-5146,All Federal agencies,"assist with service of legal process for child‑support actions, designating an official for each agency.",Every Federal agency shall assist in the service of legal process in civil actions pursuant to orders of courts of States,0
12953,95-5146,All Federal agencies,cooperate with the Federal Parent Locator Service to locate noncustodial parents and their employers.,"Every Federal agency shall cooperate with the Federal Parent Locator Service ... by providing complete, timely and accurate information",0
12953,95-5146,All Federal agencies,perform an annual cross‑match of State delinquent‑obligor files with Federal payroll/personnel files.,The master file of delinquent obligors ... shall be matched at least annually with the payroll or personnel files of Federal agencies,0
12953,95-5146,All Federal agencies,inform employees annually (and during orientation) about available child‑support services.,All Federal agencies shall advise current and prospective employees of services authorized under title IV‑D of the Social Security Act,0
12953,95-5146,All Federal agencies,submit a compliance report to OMB within 90 days.,"Within 90 days of the date of this order, all Federal agencies shall report to the Director of the Office of Management and Budget (OMB) on the actions they have taken",0
12953,95-5146,Department of Defense (DOD),establish and chair a task force to review Uniformed Services policies on child‑support support.,"the Secretary of the Department of Defense (DOD) will chair a task force, with participation by the Department of Health and Human Services (HHS), the Department of Commerce, and the Department of Transportation",0
12953,95-5146,Department of Defense (DOD),submit the task‑force review report to OMB within 180 days.,"Within 180 days of the date of this order, DOD shall submit to OMB a report based on this review",0
12953,95-5146,Office of Personnel Management (OPM),publish an annual list of agents who receive withholding notices.,shall publish annually in the Federal Register the list of agents (and their addresses) designated to receive service of withholding notices for Federal employees,0
12953,95-5146,Office of Personnel Management (OPM),publish an annual list of officials responsible for facilitating service of legal process.,"The OPM shall publish a list of these officials annually in the Federal Register, beginning no later than July 1, 1995",0
12953,95-5146,Office of Personnel Management (OPM) and Department of Health and Human Services (HHS),study and prepare recommendations on improving child‑support enforcement policies; submit them to OMB within 180 days.,OPM and HHS shall jointly study and prepare recommendations ... The recommendations are due within 180 days of the date of this order,0
12954,95-6121,All contracting agencies,prohibit contracting,contracting agencies shall not contract with employers that permanently replace lawfully striking employees,0
12957,95-6849,Department of the Treasury,implement sanctions and issue regulations,"The Secretary of the Treasury, in consultation with the Secretary of State, is hereby authorized to take such actions, including the promulgation of rules and regulations, and to employ all powers granted to me by the International Emergency Economic Powers Act as may be necessary to carry out the purposes of this order.",0
12958,95-9941,Attorney General,interpret the order when requested,shall render an interpretation of this order with respect to any question arising in the course of its administration,0
12958,95-9941,Director of the Information Security Oversight Office,serve as Executive Secretary of the Interagency Security Classification Appeals Panel,The Director of the Information Security Oversight Office shall serve as the Executive Secretary,0
12958,95-9941,Director of the Office of Management and Budget,issue directives necessary to implement the order,shall issue such directives as are necessary to implement this order,0
12958,95-9941,Director of the Office of Management and Budget,delegate implementation and monitorship to the Information Security Oversight Office,shall delegate the implementation and monitorship functions of this program to the Director of the Information Security Oversight Office,0
12958,95-9941,Director of the Office of Management and Budget,appoint the Director of the Information Security Oversight Office,"shall appoint the Director of the Information Security Oversight Office, subject to the approval of the President",0
12959,95-11694,Department of the Treasury,implement and enforce the prohibitions,"The Secretary of the Treasury, in consultation with the Secretary of State, is hereby authorized to take such actions, including the promulgation of rules and regulations, the requirement of reports",0
12963,95-14983,Advisory Council,"provides advice on prevention, research, and services","The Advisory Council shall provide advice, information, and recommendations to the Secretary regarding programs and policies intended to (a) promote effective prevention of HIV disease, (b) advance research on HIV and AIDS, and (c) promote quality services to persons living with HIV disease and AIDS.",0
12963,95-14983,All executive departments and agencies,provide information to the Council,"Heads of executive departments and agencies shall, to the extent permitted by law, provide the Advisory Council with such information as it may require for purposes of carrying out its functions.",0
12963,95-14983,Department of Health and Human Services,establishes the Advisory Council,"The Secretary of Health and Human Services (the “Secretary”) shall establish an HIV/AIDS Advisory Council (the “Advisory Council” or the “Council”), to be known as the Presidential Advisory Council on HIV/AIDS.",0
12963,95-14983,Department of Health and Human Services,designates a Chairperson,The Secretary shall designate a Chairperson from among the members of the Advisory Council.,0
12963,95-14983,Department of Health and Human Services,forwards Council reports to the President,The Secretary shall provide the President with copies of all written reports provided to the Secretary by the Advisory Council.,0
12963,95-14983,Department of Health and Human Services,compensates Council members per Federal law,Any members of the Advisory Council that receive compensation shall be compensated in accordance with Federal law.,0
12963,95-14983,Department of Health and Human Services,provides funding and support to the Council,the Department of Health and Human Services shall provide the Advisory Council with such funds and support as may be necessary for the performance of its functions.,0
12963,95-14983,Department of Health and Human Services,performs applicable Federal Advisory Committee Act functions for the Council,"any functions of the President under the Federal Advisory Committee Act that are applicable to the Advisory Council, except that of reporting annually to the Congress, shall be performed by the Department of Health and Human",1
12963,95-14983,Executive Branch (general),states the order’s limited legal effect,"This order is intended only to improve the internal management of the executive branch, and it is not intended to create any right, benefit, or trust responsibility, substantive or procedural, enforceable at law or equity by a party against the United States, its agencies,",1
12964,95-15760,Commission on United States‑Pacific Trade and Investment Policy,establishment,There is established the Commission on United States‑Pacific Trade and Investment Policy (``Commission'').,0
12964,95-15760,Commission on United States‑Pacific Trade and Investment Policy,report,"On or before February 1, 1996, the Commission shall report to the President",0
12964,95-15760,Commission on United States‑Pacific Trade and Investment Policy,termination,The Commission shall terminate 30 days after submitting its final report.,0
12966,95-17828,Department of Defense,provide foreign disaster assistance,the Secretary of Defense is hereby directed to provide disaster assistance outside the United States,0
12966,95-17828,Department of Defense,consult with USAID Administrator,The Secretary of Defense shall consult with the Administrator of the Agency for International Development,0
12967,95-19174,President (establishes board),establishes emergency board,"There is established effective July 31, 1995, a board of three members to be appointed by the President to investigate these disputes.",0
12968,95-19654,All executive agencies,designate employees with regular need for access,"the head of each agency that originates, handles, transmits, or possesses classified information shall designate each employee, by position or category where possible, who has a regular need for access to classified information",0
12969,95-19972,Environmental Protection Agency (Administrator),transmit contract‑termination recommendation to the contracting agency,the Administrator shall transmit that recommendation to the head of the contracting agency,0
12976,95-25256,Government corporations (as defined in the order),publicly disseminate submitted compensation information,Government corporations subject to this order shall make available through public dissemination the information submitted pursuant to section 3 of this order.,0
12976,95-25256,Office of Management and Budget (OMB),issue instructions on information submission,"The Director of OMB shall issue instructions to the corporations subject to this section specifying when information is to be submitted, and the content and form of such information.",0
12976,95-25256,Office of Management and Budget (OMB),review submitted compensation information,"OMB, in consultation with the Department of Labor, will review the information submitted pursuant to section 3, taking into consideration:",0
12978,95-26569,Department of the Treasury,authorizes actions to implement the sanctions,"The Secretary of the Treasury, in consultation with the Attorney General and the Secretary of State, is hereby authorized to take such actions",0
12979,95-26944,Administrator for Federal Procurement Policy,"review agency experience, evaluate performance, and report to the President","review and evaluate agency experience and performance under this order, and report on any findings to the President within 2 years from the date of this order",0
12979,95-26944,"Administrator of General Services, Secretary of Defense, Administrator of NASA (in coordination with the Office of Federal Procurement Policy)",amend the Federal Acquisition Regulation,"shall amend the Federal Acquisition Regulation, 48 C.F.R. 1, within 180 days of the date of this order to further the purposes of this order",0
12979,95-26944,All executive departments and agencies engaged in procurement,prescribe administrative procedures for protest resolution,Heads of executive departments and agencies (``agencies'') engaged in the procurement of supplies and services shall prescribe administrative procedures for the resolution of protests to the award of their procurement contracts,0
12981,95-30106,Advisory Committee on Export Policy (ACEP),establish,An Advisory Committee on Export Policy (``ACEP'') is established,0
12982,95-30451,Secretary of Defense,order to active duty Selected Reserve units and members,"I hereby authorize the Secretary of Defense, and the Secretary of Transportation ... to order to active duty any units, and any individual members ... of the Selected Reserve.",0
12982,95-30451,Secretary of Transportation (Coast Guard),order to active duty Selected Reserve units and members,"I hereby authorize the Secretary of Defense, and the Secretary of Transportation ... to order to active duty any units, and any individual members ... of the Selected Reserve.",0
12983,95-31437,Members of the Council,"serve without compensation, but may be allowed travel expenses, including per diem, as authorized by law","Members of the Council shall serve without compensation for their work on the Council, but may be allowed travel expenses, including per diem in lieu of subsistence, as authorized by",1
12983,95-31437,National Partnership Council,report to the President by October 1996 on the progress and results achieved through labor‑management partnership throughout the executive branch,(6) reporting to the President by October 1996 on the progress of and results achieved through labor-management partnership throughout the executive branch.,0
12984,95-31595,United States Federal Government,adjusts_pay_or_admin,The rates of basic pay or salaries of the statutory pay systems ... are set forth on the schedules attached hereto,0
12988,96-2755,Agencies that adjudicate administrative claims,implement Administrative Conference recommendations,An agency that adjudicates administrative claims shall … implement the recommendations of the Administrative Conference of the United States,0
12988,96-2755,All Federal agencies,develop pro‑bono and volunteer legal service programs,All Federal agencies should develop appropriate programs to encourage and facilitate pro bono legal and other volunteer service by government employees,0
12988,96-2755,Attorney General,"coordinate agency efforts to implement sections 1, 2 and 4","The Attorney General shall coordinate efforts by Federal agencies to implement sections 1, 2 and 4 of this order.",0
12988,96-2755,Attorney General,issue implementation guidelines for sections 1 and 4,The Attorney General is authorized to issue guidelines implementing sections 1 and 4 of this order for the Department of Justice.,0
12988,96-2755,Each Federal agency,"review legislation and regulations to eliminate drafting errors, minimize litigation, and provide clear legal standards",Within current budgetary constraints … each agency promulgating new regulations … shall adhere to the following requirements:,0
12989,96-3646,Administrator of General Services,list debarred contractors on the exclusion list,the Administrator of General Services shall list a debarred contractor or an organizational unit thereof on the List of Parties Excluded from Federal Procurement and Nonprocurement Programs,0
12989,96-3646,All contracting agencies,must not contract with employers that have not complied with the INA employment provisions,contracting agencies should not contract with employers that have not complied with section 274A(a)(1)(A) and 274A(a)(2) of the Immigration and Nationality Act,1
12989,96-3646,All contracting departments and agencies,cooperate with the Attorney General and provide required information,Each contracting department and agency shall cooperate with and provide such information and assistance to the Attorney General as may be required,0
12989,96-3646,All parties,order does not create enforceable private rights,"This order is not intended, and should not be construed, to create any right or benefit, substantive or procedural, enforceable at law",0
12989,96-3646,Attorney General,may investigate contractor compliance with INA employment provisions,the Attorney General: (a) may investigate to determine whether a contractor or an organizational unit thereof is not in compliance with the INA employment provisions,0
12989,96-3646,Attorney General,receive and may investigate employee complaints alleging INA non‑compliance,shall receive and may investigate complaints by employees of any entity covered under section 3(a) of this order where such complaints allege noncompliance with the INA employment provisions,0
12989,96-3646,Attorney General,hold hearings required by 8 U.S.C. 1324a(e) to assess INA compliance,shall hold such hearings as are required under 8 U.S.C. 1324a(e) to determine whether an entity covered under section 3(a) is not in compliance with the INA employment provisions,0
12989,96-3646,Attorney General,administer and enforce the order (excluding debarment),"The Attorney General shall be responsible for the administration and enforcement of this order, except for the debarment procedures",0
12989,96-3646,"Attorney General, Secretary of Defense, Administrator of General Services, Administrator of NASA, heads of contracting departments and agencies",may delegate order‑related functions to agency personnel,may delegate any of their functions or duties under this order to any officer or employee of their respective agencies,0
12989,96-3646,Head of contracting agency,must consider debarment of non‑compliant contractors,the head of the appropriate contracting agency shall consider the contractor or an organizational unit thereof for debarment,0
12989,96-3646,Head of contracting agency,may debar contractors found non‑compliant by the Attorney General,The head of the contracting agency may debar the contractor or an organizational unit thereof based on the determination of the Attorney General that it is not in compliance with the INA employment provisions,0
12989,96-3646,Head of contracting agency,"debar for 1 year, with possible 1‑year extensions",The period of the debarment shall be for 1 year and may be extended for additional periods of 1 year,0
12989,96-3646,"Secretary of Defense, Administrator of General Services, Administrator of NASA",amend the FAR to implement debarment responsibilities,shall amend the Federal Acquisition Regulation to the extent necessary and appropriate to implement the debarment responsibility,0
12993,96-7460,Federal Bureau of Investigation (FBI),maintain records of the Integrity Committee,All records created and received pursuant to this order are records of the Integrity Committee and shall be maintained by the FBI.,0
12994,96-7461,Department of Health and Human Services,"Provide the Committee with necessary staff, administrative services, facilities, and funding","The Department of Health and Human Services shall, to the extent permitted by law, provide the Committee with necessary staff, administrative services, and facilities and funding.",0
12994,96-7461,Federal departments and agencies,Designate liaison officers to the Committee upon request,Federal departments and agencies requested to do so by the Committee shall designate liaison officers to the Committee.,0
12994,96-7461,President,Designate the Chair of the Committee from the citizen members,The President shall designate the Chair of the Committee from the 21 citizen members.,0
12994,96-7461,Secretary of Health and Human Services,Perform other functions for the Committee as required by the Federal Advisory Committee Act,The Secretary of Health and Human Services shall perform such other functions with respect to the Committee as may be required by the provisions of the Federal Advisory Committee Act,0
12996,96-7774,Department of the Interior,recognize compatible wildlife‑dependent recreational activities ... as priority general public uses of the Refuge System,"the Secretary of the Interior, in carrying out his trustee and stewardship responsibilities for the Refuge System, is directed to:",0
12999,96-9866,All executive departments and agencies,delegate_authority_to_prioritize_transfer_of_educationally_useful_federal_equipment,all agencies shall give highest preference to schools and nonprofit organizations,0
13001,96-11966,Emergency Board,investigate the dispute between certain railroads and their employees,"There is established effective May 8, 1996, a Board of three members to be appointed by the President to investigate the dispute.",0
13003,96-12720,Emergency Board,submit a report to the President,The Board shall report to the President with respect to the dispute within 30 days of its creation.,0
13003,96-12720,Emergency Board,maintain status‑quo conditions for 30 days after its report,"from the date of the creation of the Board and for 30 days after the Board has made its report to the President, no change, except by agreement of the parties shall be made by the railroads or the employees",0
13003,96-12720,Emergency Board,terminate after report submission,The Board shall terminate upon the submission of the report provided for in sections 2 and 3 of this order.,0
13003,96-12720,Emergency Board (three‑member board),investigate railroad‑labor disputes,"There is established effective May 15, 1996, a Board of three members to be appointed by the President to investigate any and all of the disputes raised in mediation.",0
13003,96-12720,Office of the President / National Mediation Board,custody of Board records,The records and files of the Board are records of the Office of the President and upon the Board's termination shall be maintained in the physical custody of the National Mediation Board.,0
13005,96-13306,Secretary of Commerce,develop policies and procedures to ensure agencies grant incentives to qualified large and small businesses in areas of general economic distress,"the Secretary of the Department of Commerce shall develop policies and procedures to ensure that agencies, to the extent permitted by law, grant qualified large businesses and qualified small businesses appropriate incentives",0
13005,96-13306,Secretary of Commerce,issue an annual report to the President on the program’s status and effectiveness,"(d) by December 1 of each year, issue a report to the President on the status and effectiveness of the program.",0
13005,96-13306,Secretary of Commerce,"draft all implementing rules, regulations, and guidelines within 90 days of the order","(b) draft all rules, regulations, and guidelines necessary to implement this order within 90 days of the date of this order;",0
13005,96-13306,Secretary of Commerce,monitor implementation and operation of the policies and procedures,(a) monitor the implementation and operation of the policies and procedures developed in accordance with this order;,0
13006,96-13305,All federal agencies,give first consideration to historic properties within historic districts when locating facilities,Federal agencies shall give first consideration to historic properties within historic districts.,0
13007,96-13597,All executive‑branch agencies with statutory or administrative responsibility for the management of Federal lands,accommodate access and avoid adverse impacts on Indian sacred sites,accommodate access to and ceremonial use of Indian sacred sites,1
13007,96-13597,All executive‑branch agencies with statutory or administrative responsibility for the management of Federal lands,maintain confidentiality of sacred sites where appropriate,"Where appropriate, agencies shall maintain the confidentiality of sacred sites.",0
13007,96-13597,All executive‑branch agencies with statutory or administrative responsibility for the management of Federal lands,implement procedures to give notice of actions that could affect sacred sites,"procedures to ensure reasonable notice is provided of proposed actions ... that may restrict future access to or ... adversely affect the physical integrity of, sacred sites",0
13007,96-13597,Heads of each executive‑branch agency with statutory or administrative responsibility for the management of Federal lands,report to the President on order implementation,"Within 1 year of the effective date of this order, the head of each executive branch agency ... shall report to the President ... on the implementation of this order",0
13012,96-18846,Emergency Board,reporting,The Board shall report to the President with respect to the dispute within 30 days of its creation.,0
13012,96-18846,Emergency Board,maintaining status‑quo,"from the date of the creation of the Board and for 120 days thereafter, no change, except by agreement of the parties, shall be made by the carrier or the employees",0
13012,96-18846,Emergency Board,records maintenance,The records and files of the Board are records of the Office of the President and upon the Board's termination shall be maintained in the physical custody of the National Mediation Board.,0
13012,96-18846,Emergency Board,termination,The Board shall terminate upon submission of the report provided for in section 2 of this order.,0
13012,96-18846,Emergency Board (three‑member),establishment,"There is established effective July 19, 1996, a Board of three members to be appointed by the President",0
13014,96-13014,Director of the Office of Personnel Management,exercise functions from sections 11(a) of the Act,There are delegated to the Director of the Office of Personnel Management the functions conferred upon the President,0
13014,96-13014,President of the United States,retain specific functions and determinations,"There are reserved to the President the functions conferred upon the President by section 3, the second sentence of section 9(b), and the determinations specified in section 10(a) of the Act",0
13014,96-13014,Secretary of State,exercise functions conferred by the Taiwan Relations Act,"there are delegated to the Secretary of State (""Secretary"") all functions conferred upon the President by the Act",0
13019,96-25577,Department of Health and Human Services,implement reporting procedures within 120 days,"The Secretary of Health and Human Services shall, within 120 days of the date of this order, implement procedures necessary to report to the Secretary of the Treasury information on past‑due child support claims referred by States",0
13019,96-25577,Department of the Treasury,develop and implement procedures for administrative offsets of child‑support debts,"The Secretary of the Treasury (""the Secretary""), in accordance with the provisions of the Debt Collection Improvement Act of 1996 ... shall promptly develop and implement procedures necessary for the Secretary to collect past‑due child support debts by administrative offset",0
13021,96-27352,All federal agencies (as designated by the Secretary),develop a Five‑Year Plan for tribal‑college support,"Each agency shall, in collaboration with tribal colleges, develop and document a Five-Year Plan of the agency's efforts to fulfill the purpose of this order.",0
13021,96-27352,All federal agencies (as designated by the Secretary),submit an Annual Performance Report,Each agency shall submit to the White House Initiative Office an Annual Performance Report that shall measure each agency's performance against the objectives set forth in its Five-Year Plan.,0
13021,96-27352,Department of Education,establish Board of Advisors on Tribal Colleges and Universities,"There shall be established in the Department of Education a Presidential advisory committee entitled the President's Board of Advisors on Tribal Colleges and Universities (""Board"").",0
13021,96-27352,Department of Education,establish White House Initiative on Tribal Colleges and Universities,"There shall be established in the Department of Education the White House Initiative on Tribal Colleges and Universities (""Initiative"").",0
13021,96-27352,President's Board of Advisors on Tribal Colleges and Universities,hold at least one meeting per year,The Board shall meet at least annually to provide advice and consultation on tribal colleges and relevant Federal and private sector,1
13021,96-27352,President's Board of Advisors on Tribal Colleges and Universities,serve without salary; receive travel expenses per law,"Members of the Board shall serve without compensation, but shall be allowed travel expenses, including per diem in lieu of subsistence, as authorized by law for persons serving intermittently in Government service (5 U.S.C. 5701-5707).",0
13021,96-27352,President's Board of Advisors on Tribal Colleges and Universities,automatic termination after two years unless renewed,The Board shall terminate 2 years after the date of this Executive order unless the Board is renewed by the President prior to the end of that 2-year period.,0
13022,96-28509,Department of the Interior,jurisdiction and control of the Midway Islands,are hereby transferred to the jurisdiction and control of the Department of the Interior.,0
13022,96-28509,Department of the Navy,dissolution of naval defensive sea area and airspace reservation,The Midway Islands Naval Defensive Sea Area and the Midway Islands Naval Airspace Reservation are hereby dissolved.,0
13022,96-28509,Secretary of the Interior (U.S. Fish and Wildlife Service),administration of the Midway Islands as a wildlife refuge,shall administer the Midway Islands as the Midway Atoll National Wildlife Refuge,0
13026,96-29692,Department of Justice,"serve as voting member of the Export Administration Review Board and Advisory Committee on Export Policy, and as full member of the Operating Committee of the ACEP","The Department of Justice shall, with respect to such encryption products, be a voting member of the Export Administration Review Board described in section 5(a)(1) of this order and of the Advisory Committee on Export Policy described in section 5(a)(2) of this order. The Department of Justice shall be a full member of the Operating Committee of the ACEP described in section 5(a)(3) of this order, and of any other committees and consultation groups reviewing export controls with respect to such encryption products.",0
13026,96-29692,"Departments of State, Defense, Energy, Justice and the Arms Control and Disarmament Agency",review any export license application for encryption products,shall have the opportunity to review any export license application submitted to the Department of Commerce.,0
13026,96-29692,President (via the Secretary of Commerce),allow the President to impose additional conditions on encryption‑product regulations,Regulation of encryption products described in this section shall be subject to such further conditions as the President may direct.,0
13026,96-29692,Secretary of Commerce,"may consider foreign availability of comparable encryption products when deciding on licenses, but is not required to issue licenses on that basis","the Secretary of Commerce (``Secretary'') may, in his discretion, consider the foreign availability of comparable encryption products in determining whether to issue a license in a particular case or to remove controls on particular products, but is not required to issue licenses in particular cases or to remove controls on particular products based on such consideration;",0
13026,96-29692,Secretary of Commerce,promulgate rules and regulations to control export of assistance and training related to encryption products,"the Secretary shall take such actions, including the promulgation of rules, regulations, and amendments thereto, as may be necessary to control the export of assistance (including training) to foreign persons in the same manner and to the same extent as the export of such assistance is controlled under the AECA, as amended by section 151 of Public Law 104-164;",0
13026,96-29692,Secretary of Commerce,implement controls that encourage strong encryption and a key‑recovery infrastructure,"may include, but are not limited to, measures that promote the use of strong encryption products and the development of a key recovery management infrastructure;",0
13026,96-29692,Secretary of Commerce (via the Export Administration Regulations),classify encryption software as not ``technology'' for export‑control purposes,"such software shall not be considered or treated as ``technology,'' as that term is defined in section 16 of the EAA (50 U.S.C. App. 2415) and in the EAR (61 Fed. Reg. 12714, March 25, 1996);",0
13027,96-29815,Office of the President,investigate dispute,"There is established effective 12:01 a.m., eastern standard time, on November 16, 1996, a board of three members to be appointed by the President to investigate this dispute.",0
13031,96-32195,Administrator of General Services,Supply potential AFV vendors with planning information to aid production scheduling.,the Administrator of General Services shall provide planning information to potential AFV suppliers to assist in production planning.,0
13031,96-32195,All Federal agencies,Develop and implement plans to acquire alternative‑fueled vehicles meeting the statutory percentages.,"25 percent should be AFVs in fiscal year (FY) 1996, 33 percent in FY 1997, 50 percent in FY 1998, and 75 percent in FY 1999 and thereafter.",0
13031,96-32195,All Federal agencies,Submit a compliance report within 60 days of the order and each year thereafter.,"Sixty (60) days after the date of this Executive order, and annually thereafter ... each agency shall submit a report on its compliance with sections 303 and 304 of the Act.",0
13031,96-32195,All Federal agencies,"Utilize alternative fuels in every vehicle that can operate on them, to the extent practicable.",agencies shall use alternative fuels in all vehicles capable of using them.,0
13031,96-32195,Secretary of Energy,Create a funding‑assistance program for electric‑vehicle purchases starting FY 1997.,The Secretary of Energy shall establish a program beginning in FY 1997 to provide partial funding assistance for agency purchases of electric vehicles.,0
13035,97-3992,Executive Office of the President (President appoints members),establish advisory committee,"There is established the “Advisory Committee on High-Performance Computing and Communications, Information Technology, and the Next Generation Internet” (“Committee”).",0
13036,97-4302,Emergency Board,establishment of a three‑member board appointed by the President to investigate the dispute,"There is established, effective February 15, 1997, a Board of three members to be appointed by the President to investigate this dispute.",0
13036,97-4302,Emergency Board,report to the President,The Board shall report to the President with respect to the dispute within 30 days of its creation.,0
13036,97-4302,Emergency Board,maintain status‑quo for 30 days after report,"for 30 days after the Board has submitted its report to the President, no change in the conditions out of which the dispute arose shall be made by the parties to the controversy, except by agreement of the parties.",0
13036,97-4302,Emergency Board,record‑keeping and custody,The records and files of the Board are records of the Office of the President and upon the Board's termination shall be maintained in the physical custody of the National Mediation Board.,0
13036,97-4302,Emergency Board,termination upon report submission,The Board shall terminate upon the submission of the report provided for in sections 2 and 3 of this order.,0
13037,97-5728,Executive Office of the President,establish commission,There is established the Commission to Study Capital Budgeting (``Commission'').,0
13043,97-10331,All executive‑branch agencies,promulgate rules and take measures to further seat‑belt policies,All agencies of the executive branch are directed to promulgate rules and take other appropriate measures within their existing programs to further the policies of this order.,0
13043,97-10331,Secretary of Transportation,provide leadership and guidance to agency heads on seat‑belt programs,The Secretary of Transportation shall provide leadership and guidance to the heads of executive branch agencies to assist them with the employee seat belt programs established pursuant to this order.,0
13043,97-10331,Secretary of Transportation (in cooperation with agency heads),submit an annual report on seat‑belt use rates and related statistics,shall submit an annual report to the President.,0
13045,97-10695,Executive Order 12606,revokes_or_amends,"Executive Order 12606 of September 2, 1987 is revoked.",0
13045,97-10695,Interagency Forum on Child and Family Statistics,directs_report_or_study,"The Forum shall present the first annual Report to the President, through the Director, by July 31, 1997.",0
13045,97-10695,Task Force on Environmental Health Risks and Safety Risks to Children,establishes_body,There is hereby established the Task Force on Environmental Health Risks and Safety Risks to Children,0
13045,97-10695,Task Force on Environmental Health Risks and Safety Risks to Children,directs_report_or_study,"The Task Force shall prepare a biennial report on research, data, or other information",0
13045,97-10695,Task Force on Environmental Health Risks and Safety Risks to Children,directs_report_or_study,"Within 6 months of the date of this order, the Task Force shall develop or direct to be developed a review of existing and planned data resources",0
13050,97-16080,Attorney General (or designee),perform functions of the President under the Federal Advisory Committee Act,"the Attorney General, or his or her designee, in accordance with guidelines that have been issued by the Administrator of General Services.",0
13054,97-18288,Office of Personnel Management,prescribe regulations to implement the order,The Director of the Office of Personnel Management shall prescribe such regulations as may be necessary to implement this order.,0
13055,97-19341,United States Information Agency,establish_interagency_working_group,There is hereby established within the United States Information Agency a senior-level Interagency Working Group on United States Government‑Sponsored International Exchanges and Training (``the Working Group'').,0
13057,97-20497,Federal agencies and departments with jurisdiction in the Lake Tahoe Region,establish a Federal Interagency Partnership on the Lake Tahoe Ecosystem,The Federal agencies and departments having principal management or jurisdictional authorities in the Lake Tahoe Region are directed to establish a Federal Interagency Partnership on the Lake Tahoe Ecosystem (``Partnership'').,0
13060,97-22703,Board,report to the President within 30 days of its creation,The Board shall report to the President with respect to these disputes within 30 days of its creation.,0
13060,97-22703,Office of the President,maintain records of the Board until transfer to the National Mediation Board,The records and files of the Board are records of the Office of the President and upon the Board's termination shall be maintained in the physical custody of the National Mediation Board.,0
13060,97-22703,President,appoint three members to the Emergency Board,"There is established, effective August 21, 1997, a Board of three members to be appointed by the President to investigate these disputes.",0
13067,97-29464,Department of the Treasury,authorizes actions and rulemaking to implement the sanctions,"The Secretary of the Treasury, in consultation with the Secretary of State and, as appropriate, other agencies, is hereby authorized to take such actions, including the promulgation of rules and regulations, and to employ all powers granted to me by IEEPA, as may be necessary to carry out the purposes of this order.",0
13069,97-33034,Department of the Treasury,delegated_authority,"The Secretary of the Treasury, in consultation with the Secretary of State and, as appropriate, other agencies, is hereby authorized to take such actions, including the specification of places, points of entry, and aircraft registered in Angola for purposes of section 2(a), (c), and (d) of this order",0
13072,98-3135,White House Millennium Council,establish,I hereby announce the formation of the White House Millennium Council.,0
13075,98-4816,Special Oversight Board,establish,There is hereby established the Special Oversight Board for Department of Defense Investigations of Gulf War Chemical and Biological Incidents,0
13076,98-5119,Secretary of Defense,order to active duty Selected Reserve units and members,"I hereby authorize the Secretary of Defense, and the Secretary of Transportation",1
13076,98-5119,Secretary of Transportation (Coast Guard when not operating as a Navy service),order to active duty Selected Reserve units and members,"I hereby authorize the Secretary of Defense, and the Secretary of Transportation",1
13078,98-7139,National Task Force on Employment of Adults with Disabilities,establishment,There is established the ``National Task Force on Employment of Adults with Disabilities'' (``Task Force'').,0
13082,98-12963,Secretary of Defense,"designate members of the Joint Mexican-United States Defense Commission, including a Joint Staff member, a Chair, and alternates",designated by the Secretary of Defense,0
13084,98-13553,All federal agencies,establish a process for tribal input on regulatory policies,Each agency shall have an effective process to permit elected officials and other representatives of Indian tribal governments to provide meaningful and timely input,0
13086,98-14688,United States Department of Defense,amends the Manual for Courts‑Martial (the body of military‑justice rules) originally prescribed by EO 12473,"By the authority vested in me as President … in order to prescribe amendments to the Manual for Courts-Martial, United States, prescribed by Executive Order No. 12473 … it is hereby ordered as follows:",0
13088,98-15888,Secretary of the Treasury,"authorized to take actions, issue rules, and redelegate functions to implement the order","The Secretary of the Treasury, in consultation with the Secretary of State, is hereby authorized to take such actions, including the promulgation of rules and regulations, and to employ all powers granted to me by the International Emergency Economic Powers Act, as may be necessary to carry out the purposes of this order.",0
13089,98-16161,All Federal agencies whose actions may affect U.S. coral reef ecosystems,identify actions that may affect U.S. coral reef ecosystems; utilize programs and authorities to protect and enhance conditions; ensure authorized actions will not degrade ecosystems,All Federal agencies whose actions may affect U.S. coral reef ecosystems shall: (a) identify their actions that may affect U.S. coral reef ecosystems,0
13096,98-21643,Department of Education,provide administrative services and staff support to the Task Force,The Department of Education shall provide appropriate administrative services and staff support to the Task Force.,0
13096,98-21643,Department of the Interior,provide administrative services and staff support to the Task Force,The Department of the Interior shall,1
13100,98-23258,President's Council on Food Safety,establish_body,There is established the President's Council on Food Safety (``Council'').,0
13101,98-25023,Executive Order 13101,"establishes new bodies (Steering Committee, Federal Environmental Executive, Task Force) and Agency Environmental Executive positions within each agency","This order creates a Steering Committee, a Federal Environmental Executive (FEE), and a Task Force",0
13101,98-25023,Executive Order 13101,requires agency heads to appoint Agency Environmental Executives (AEEs) within 90 days,"Within 90 days after the date of this order, the head of each major procuring agency shall designate an AEE",0
13101,98-25023,Executive Order 13101,directs the Federal Environmental Executive to produce a Government‑wide Waste Prevention and Recycling Strategic Plan within 180 days,The Strategic Plan should be initially developed within 180 days of the date of this order,0
13101,98-25023,Executive Order 13101,orders the Environmental Protection Agency to issue guidance on environmentally preferable purchasing within 90 days,The EPA shall develop guidance within 90 days from the date of this order,0
13101,98-25023,Executive Order 13101,requires the USDA to publish a Biobased Products List within 180 days and update it biannually,The Biobased Products List shall be published in the Federal Register by the USDA within 180 days after the date of this order,0
13101,98-25023,Executive Order 13101,sets a compliance deadline for all agencies to meet minimum recycled‑content standards for paper beginning 1 Jan 1999,"Effective January 1, 1999, no executive branch agency shall purchase, sell, or arrange for the purchase of, printing and writing paper that fails to meet the minimum requirements of this section",0
13101,98-25023,Executive Order 13101,requires the EPA to submit an annual inspection‑results report to the FEE by February 1 each year,The EPA shall report annually to the Federal Environmental Executive on the results of inspections ... not later than February 1st for those inspections conducted during the previous fiscal year,0
13101,98-25023,Executive Order 13101,directs agencies to set waste‑prevention/recycling goals for 1 Jan 2000 and submit them to the FEE within 180 days,"Each agency shall establish ... a goal ... to be achieved by January 1, 2000 ... submitted to the FEE within 180 days after the date of this order",0
13101,98-25023,Executive Order 13101,orders the General Services Administration to finish revising relevant specifications within six months,The GSA shall complete the review and revision of such specifications within 6 months after the date of this order,0
13101,98-25023,Executive Order 13101,delegates authority to the Council on Integrity and Efficiency to ask Inspectors General for periodic implementation reviews,The President's Council on Integrity and Efficiency shall request that the Inspectors General periodically review agencies' implementation of this order,0
13103,98-26799,Chief Information Officers Council,issue initial recommendations,The Council shall issue its initial recommendations within 6 months of the date of this order.,0
13105,98-30054,Secretary of State,issue regulations providing for an open enrollment period,"the Secretary of State shall issue regulations providing for an open enrollment period from November 1, 1998, to April 30, 1999",0
13107,98-33348,All executive departments and agencies,maintain awareness of international human‑rights obligations relevant to their functions,All executive departments and agencies ... shall maintain a current awareness of United States international human rights obligations that are relevant to their functions,0
13109,98-34034,All executive departments and agencies of the Federal Government,"closed and employees excused from duty for the last half of the scheduled workday on December 24, 1998","All executive departments and agencies of the Federal Government shall be closed and their employees excused from duty for the last half of the scheduled workday on Christmas Eve, December 24, 1998, except as provided in section 2 below.",0
13109,98-34034,Executive Order 13109 (itself),ties the half‑day closure to EO 11582 and statutes 5 U.S.C. §5546 and §6103(b) for pay‑and‑leave purposes,"Thursday, December 24, 1998, shall be considered as falling within the scope of Executive Order 11582 and of 5 U.S.C. 5546 and 6103(b) and other similar statutes insofar as they relate to the pay and leave of employees of the United States.",0
13109,98-34034,Heads of executive departments and agencies,may keep selected offices open and retain employees for the full workday for national‑security or essential‑public reasons,"The heads of executive departments and agencies may determine that certain offices and installations of their organizations, or parts thereof, must remain open and that certain employees must remain on duty for the full scheduled workday on December 24, 1998, for reasons of national security or defense or for other essential public reasons.",0
13110,99-980,Archivist of the United States,serve as Chair of the Working Group,Archivist of the United States (who shall serve as Chair of the Working Group),0
13110,99-980,Attorney General,serve as a member of the Working Group,Attorney General;,0
13110,99-980,Director of Central Intelligence,serve as a member of the Working Group,Director of Central Intelligence;,0
13110,99-980,Director of the Federal Bureau of Investigation,serve as a member of the Working Group,Director of the Federal Bureau of Investigation;,0
13110,99-980,Director of the United States Holocaust Memorial Museum,serve as a member of the Working Group,Director of the United States Holocaust Memorial Museum;,0
13110,99-980,Historian of the Department of State,serve as a member of the Working Group,Historian of the Department of State;,0
13110,99-980,National Archives and Records Administration,"provide funding, administrative services, facilities, staff, and other support services to the Working Group","National Archives and Records Administration shall provide the Working Group with funding, administrative services, facilities, staff, and other support services necessary for the performance of the functions of the Working Group",0
13110,99-980,President,appoint three additional members to the Working Group,Three other persons appointed by the President,0
13110,99-980,Secretary of Defense,serve as a member of the Working Group,Secretary of Defense;,0
13110,99-980,Senior Director for Records and Access Management of the National Security Council,serve as liaison and attend Working Group meetings,Senior Director for Records and Access Management of the National Security Council will serve as the liaison to and attend the meetings of the Working Group,0
13112,99-3184,Invasive Species Council,establish,An Invasive Species Council (Council) is hereby established,0
13115,99-7999,Chair of the Task Force,"consult with the Secretary of Transportation, Commandant of the Coast Guard, and other department heads","The Chair shall consult with the Secretary of Transportation, Commandant of the Coast Guard, and, as appropriate, other heads of departments and agencies.",0
13115,99-7999,Chair of the Task Force,invite experts to submit information and hold briefings or visits,The Chair may invite experts to submit information to the Task Force and hold field briefings or visits.,0
13115,99-7999,Chair of the Task Force,acquire services or form teams for Task Force functions,The Chair may acquire services or form teams to carry out the functions of the Task Force.,0
13115,99-7999,Heads of executive departments and agencies,provide information to the Task Force as needed,"The heads of executive departments and agencies shall, to the extent permitted by law, provide the Task Force such information ... as it may require to carry out its functions.",0
13115,99-7999,Interagency Task Force,report to the President through the Secretary of Transportation,The Task Force shall report to the President through the Secretary of Transportation,0
13115,99-7999,Interagency Task Force on the Roles and Missions of the United States Coast Guard,established,The Interagency Task Force on the Roles and Missions of the United States Coast Guard is established.,0
13115,99-7999,Secretary of Transportation,select Chair and Vice Chair for the Task Force,The Secretary of Transportation shall select from among,1
13115,99-7999,Secretary of Transportation,appoint a Staff Director for the Task Force,The Secretary of Transportation shall appoint a Staff Director for the Task Force.,0
13115,99-7999,Task Force staff,travel as necessary to carry out functions,The Task Force and/or the Task Force staff may travel as necessary to carry out the Task Force's functions.,0
13115,99-7999,United States Coast Guard,provide administrative and financial support to the Task Force,The Coast Guard shall support the Task Force administratively and financially.,0
13116,99-8433,United States Trade Representative,initiate investigations within 90 days of the report submission,"Within 90 days of the submission of the report required by paragraph (a) of section 1 of this part, the Trade Representative shall initiate ... investigations",0
13120,99-10901,Secretary of Defense,order to active duty Selected Reserve members,"to order to active duty any units, and any individual members not assigned to a unit organized to serve as a unit, of the Selected Reserve",0
13120,99-10901,Secretary of Transportation,order to active duty Selected Reserve members,"to order to active duty any units, and any individual members not assigned to a unit organized to serve as a unit, of the Selected Reserve",0
13122,99-13825,"Secretary of the Treasury, Secretary of Agriculture, Secretary of Labor",co‑chair,"The Secretaries of the Treasury, Agriculture, and Labor shall Co‑Chair the Task Force, rotating annually.",0
13122,99-13825,Task Force,termination_condition,The Task Force shall terminate 30 days after submitting its final report unless a Task Force consensus recommends continuation of activities.,0
13122,99-13825,Vice President (Chair of the PCEB),reports_to,"There is established the ``Interagency Task Force on the Economic Development of the Southwest Border'' (Task Force) that reports to the Vice President, as Chair of the President's Community Empowerment Board (PCEB), and to the Assistant to the President for Economic Policy, as Vice Chair of the PCEB.",0
13123,99-14633,All Federal Agencies,prepare an annual implementation plan,Each agency shall develop an annual implementation plan for fulfilling the requirements of this order,0
13123,99-14633,All Federal Agencies,designate a senior official to oversee order implementation,"Each agency shall designate a senior official, at the Assistant Secretary level or above, to be responsible for meeting the goals and requirements of this order",0
13123,99-14633,All Federal Agencies,form an agency energy team within 90 days,"Within 90 days of the date of this order, each agency shall form a technical support team consisting of appropriate procurement, legal, budget, management, and technical representatives",0
13123,99-14633,Department of Energy (DOE),report on alternative financing options within 9 months,"Within 9 months of the date of this order, DOE shall report back to the President's Management Council on the viability of such alternative financing options",0
13123,99-14633,Department of Energy (DOE) – Federal Energy Management Program,assist agencies in meeting order goals and reporting progress,The DOE's Federal Energy Management Program (FEMP) shall be responsible for working with the agencies to ensure that they meet the goals of this order and report their progress,0
13123,99-14633,Director of OMB,issue guidance to agency budget officers within 120 days,"Within 120 days of this order, the Director of OMB shall:",1
13123,99-14633,Office of Management and Budget (OMB),evaluate agency progress in energy management and submit agency energy scorecards to the President,"The Deputy Director for Management of OMB, in consultation with DOE, shall be responsible for evaluating each agency's progress in improving energy management",0
13123,99-14633,Secretary of Energy,appoint a public/private advisory committee on federal energy management,"The Secretary of Energy will appoint an advisory committee consisting of representatives from Federal agencies, State governments, ...",0
13123,99-14633,Secretary of Energy,issue energy‑measurement guidelines within 180 days,"Within 180 days of this order, the Secretary of Energy, in collaboration with other agency heads, shall:",1
13123,99-14633,Secretary of Energy,provide renewable‑energy project guidance within 1 year,"Within 1 year of this order, the Secretary of Energy, in collaboration with other agency heads, shall:",1
13124,99-14825,Office of Personnel Management,provide that persons with psychiatric disabilities are subject to the same hiring rules as persons with mental retardation or severe physical disabilities,"The Director of the Office of Personnel Management shall, consistent with OPM authority, provide that persons with psychiatric disabilities are subject to the same hiring rules as persons with mental retardation or severe physical disabilities.",0
13124,99-14825,Office of Personnel Management,prescribe regulations necessary to implement the order,The Director of the Office of Personnel Management shall prescribe such regulations as may be necessary to implement this order.,0
13125,99-14901,Department of Health and Human Services,establish commission,There is established in the Department of Health and Human Services the President's Advisory Commission on Asian Americans and Pacific Islanders (Commission).,0
13125,99-14901,Department of Health and Human Services,establish interagency working group,"The Department of Health and Human Services shall establish the White House Initiative on Asian Americans and Pacific Islanders (Initiative), an interagency working group (working group)",0
13126,99-15491,Department of Labor,publish list of products potentially produced by forced or indentured child labor,"the Department of Labor, in consultation and cooperation with the Department of the Treasury and the Department of State, shall publish in the Federal Register a list of products ... forced or indentured child labor.",0
13126,99-15491,Federal Acquisition Regulatory Council,issue procurement regulations for products on the list,the Federal Acquisition Regulatory Council shall issue proposed rules to implement the following:,0
13127,99-15623,Chair of the President's Council on Year 2000 Conversion,direct the ICC to assist in information sharing and coordination for Y2K response,"At the direction of the Chair, the ICC will assist in making preparations for information sharing and coordination within the Federal Government and key components of the public and private sectors",0
13127,99-15623,Chair of the President's Council on Year 2000 Conversion,designate a Director of the ICC,The Chair of the President's Council on Year 2000 Conversion shall designate a Director of the ICC.,0
13127,99-15623,General Services Administration,establish the Information Coordination Center (ICC),there shall be established the Information Coordination Center (ICC) in the General Services Administration.,0
13128,99-16634,Department of State,designated as USNA,The Department of State shall be the United States National Authority (the “USNA”) for purposes of the Act and the Convention.,0
13128,99-16634,"Departments of State, Defense, Commerce, Energy, and other agencies",carry out additional implementation functions,"The Departments of State, Defense, Commerce, and Energy, and other agencies, as appropriate, are authorized to",1
13128,99-16634,USNA (Dept. of State) and interagency group,coordinate implementation,"The USNA shall coordinate the implementation of the provisions of the Act and the Convention with an interagency group consisting of the Secretary of Defense, the Attorney General, the Secretary of Commerce, the Secretary of Energy, and the heads of such other agencies or departments, or their designees, I may consider necessary or advisable.",0
13129,99-17444,Department of the Treasury,"authorize commercial sales of agricultural commodities, medicine, and medical equipment for civilian end use in Taliban‑controlled Afghanistan","the Secretary of the Treasury, in consultation with the Secretary of State, is hereby directed to authorize commercial sales of agricultural commodities and products, medicine, and medical equipment for civilian end use in the territory of Afghanistan controlled by the Taliban",0
13130,99-18476,National Security Council,Executive Director of NIAC,"The National Coordinator for Security, Infrastructure Protection and Counter‑Terrorism at the National Security Council (National Coordinator) will serve as the Executive Director of the NIAC.",0
13132,99-20729,All executive agencies,designate an official with principal responsibility for implementing the order,"Within 90 days after the effective date of this order, the head of each agency shall designate an official",0
13132,99-20729,All executive agencies,render a decision on a complete waiver application,within 120 days of receipt of such application by the agency,0
13132,99-20729,All executive agencies,order becomes effective,This order shall be effective 90 days after the date of this order,0
13132,99-20729,Office of Management and Budget and the Assistant to the President for Intergovernmental Affairs,confer with State and local officials to ensure implementation,"Within 180 days after the effective date of this order, the Director of the Office of Management and Budget and the Assistant to the President for Intergovernmental Affairs shall confer with State and local officials",0
13133,99-20924,Working Group on Unlawful Conduct on the Internet,establish,There is hereby established a working group to address unlawful conduct that involves the use of the Internet,0
13134,99-21392,Advisory Committee on Biobased Products and Bioenergy,establishment,The Secretary of Energy shall establish an ``Advisory Committee on Biobased Products and Bioenergy'' (``Committee''),0
13134,99-21392,Department‑level working groups on biobased products and activities,establishment,shall each establish a working group on biobased products and biobased activities in their respective Departments.,0
13134,99-21392,Interagency Council on Biobased Products and Bioenergy,establishment,There is established the Interagency Council on Biobased Products and Bioenergy (the ``Council'').,0
13134,99-21392,National Biobased Products and Bioenergy Coordination Office,establishment,"Within 120 days of this order, the Secretaries of Agriculture and Energy shall establish a joint National Biobased Products and Bioenergy Coordination Office",0
13139,99-26078,APNSA and APST,prepare joint advisory opinion on waiver and forward it to the President,"The APNSA and APST will prepare a joint advisory opinion as to whether the waiver of informed consent should be granted and will forward it, along with the waiver request and the FDA certification to the President.",0
13139,99-26078,Commissioner of the FDA,review the waiver request and certify compliance to APNSA and APST,The Commissioner shall expeditiously review the waiver request and certify to the Assistant to the President for National Security Affairs (APNSA) and the Assistant to the President for Science and Technology (APST) whether the standards and criteria,1
13139,99-26078,Department of Defense,provide ongoing training and health risk communication on investigational drug use to all military personnel,The DoD shall provide ongoing training and health risk communication on the requirements of using an investigational drug,1
13139,99-26078,DoD offices,conduct ongoing review and monitoring of waiver implementation,the DoD offices responsible for implementing the waiver,1
13139,99-26078,President,approve or deny waiver request and notify the Secretary and the Commissioner,The President will approve or deny the waiver request and will provide written notification of the decision to the Secretary and the Commissioner.,0
13139,99-26078,Secretary of Defense,collect intelligence on potential health threats in an area of operations,The Secretary of Defense (Secretary) shall collect intelligence on potential health threats that might be encountered in an area of operations.,0
13139,99-26078,Secretary of Defense,may not delegate the authority to make a waiver request,The Secretary may not delegate the authority to make this waiver request.,0
13139,99-26078,Secretary of Defense,develop the waiver request in consultation with the FDA,The Secretary shall develop the waiver request in consultation with the FDA.,0
13139,99-26078,Secretary of Defense,submit the waiver request to the President and copy the FDA Commissioner,The Secretary shall submit the waiver request to the President and provide a copy to the Commissioner of the FDA (Commissioner).,0
13139,99-26078,Secretary of Defense,submit training and health risk communication plans with the investigational drug protocol to the FDA and IRB,The Secretary shall submit the training and health risk communication plans as part of the investigational new drug protocol submission to the FDA and the reviewing IRB.,0
13141,99-30346,Federal agencies (upon request),provide analytical and financial resources and support for the order’s provisions,"Federal agencies shall, to the extent permitted by law and subject to the availability of appropriations, provide analytical and financial resources and support",0
13141,99-30346,United States Trade Representative (through the Trade Policy Staff Committee),conduct environmental reviews of trade agreements,"The Trade Representative, through the interagency Trade Policy Staff Committee (TPSC), shall conduct the environmental reviews of the agreements",0
13141,99-30346,United States Trade Representative and the Chair of the Council on Environmental Quality,"oversee implementation of the order, including development of procedures",The United States Trade Representative (Trade Representative) and the Chair of the Council on Environmental Quality shall oversee the implementation of this order,0
13142,99-30687,Archivist of the United States,"appoint the Director of the Information Security Oversight Office, subject to the approval of the President","The Archivist of the United States shall appoint the Director of the Information Security Oversight Office, subject to the approval of the President.",0
13142,99-30687,Archivist of the United States,delegate the implementation and monitorship functions of this program to the Director of the Information Security Oversight Office,The Archivist of the United States shall delegate the implementation and monitorship functions of this program to the Director of the Information Security Oversight Office.,0
13142,99-30687,Director of the Information Security Oversight Office,issue directives to implement this order; directives shall be binding upon agencies,shall issue such directives as are necessary to implement this order. These directives shall be binding upon the agencies.,0
13145,00-3331,Equal Employment Opportunity Commission,coordinate the policy to prohibit discrimination based on protected genetic information in Federal employment,The Equal Employment Opportunity Commission shall be responsible for coordinating the policy of the Government of the United States to prohibit discrimination against employees in Federal employment,0
13145,00-3331,Heads of Executive departments and agencies,extend the nondiscrimination policy to all its employees,The head of each Executive department and agency shall extend the policy set forth in section 1-101 to all its employees,0
13146,00-5209,"President's Council on the Future of Princeville, North Carolina",establish council,"There is established the ``President's Council on the Future of Princeville, North Carolina'' (Council).",0
13147,00-6126,Department of Health and Human Services,establish commission,There is established in the Department of Health and Human Services (Department) the White House Commission on Complementary and Alternative Medicine Policy (Commission).,0
13148,00-10550,Environmental Protection Agency (EPA),convene and chair the Interagency Environmental Leadership Workgroup,EPA shall convene and chair an Interagency Environmental Leadership Workgroup (the Workgroup) with senior-level representatives from all executive agencies,0
13149,00-10551,Department of Energy (DOE),issue guidance to agencies on preparing and submitting compliance strategies and on data collection and reporting,"DOE shall: (1) issue guidance to agencies, within 90 days of the issuance of this order, on preparation and submission of agency strategies for complying with this order and the collection and annual reporting of data to demonstrate compliance with this order;",0
13149,00-10551,General Services Administration (GSA),provide AFV acquisition summaries to manufacturers and develop methods to help fleet managers improve fuel efficiency,"Within 120 days of this order, the Administrator of GSA, in consultation with other agencies, shall: (A) provide a summary of agency AFV acquisition plans to potential AFV manufacturers … (B) develop, in coordination with DOE and EPA, methods that will help Federal fleet managers to select vehicles to improve fleet fuel efficiency and to meet Tier 2 vehicle standards;",0
13149,00-10551,Office of Management and Budget (OMB),designate a senior official to coordinate collection of agency budget and data submissions for the order’s implementation,OMB shall: (1) designate a senior official to assume the responsibility for coordinating the collection of agency budget and data submissions pursuant to this order;,0
13150,00-10552,All federal agencies,implement a transportation fringe benefit program,Federal agencies shall implement a transportation fringe benefit program,0
13153,00-11531,Department of Education,develop and implement a comprehensive technical‑assistance strategy for low‑performing schools,The Secretary of Education (``Secretary'') shall work with State and local educational agencies (``LEAs'') to develop and implement a comprehensive strategy for providing technical assistance,0
13153,00-11531,Department of Education,prepare and publish an annual School Improvement Report,"The Secretary shall prepare an annual School Improvement Report, to be published in September of each year, beginning in 2000.",0
13153,00-11531,Department of Education,strengthen compliance monitoring of ESEA requirements,The Secretary shall strengthen the Department's monitoring of ESEA requirements for identifying and turning around low‑performing schools,0
13153,00-11531,Department of Education,"consult with agencies, officials, educators, and community groups","The Secretary shall, where appropriate, consult with executive agencies, State and local education officials, educators, community‑based groups, and others",0
13157,00-13367,Assistant Administrator for Women's Procurement (SBA),Work with each agency to develop and implement policies to achieve WOSB participation goals,(a) working with each agency to develop and implement policies to achieve the participation goals for WOSBs for the executive branch and individual agencies;,0
13157,00-13367,Assistant Administrator for Women's Procurement (SBA),Prepare and submit a report on WOSB procurement findings to the President,"preparing a report, which shall be submitted by the Administrator of the SBA to the President",0
13157,00-13367,Each Federal agency,Designate a senior acquisition official to coordinate with the SBA on WOSB contracting opportunities,designating a senior acquisition official who will work with the SBA to identify and promote contracting opportunities for WOSBs;,0
13157,00-13367,Each department and agency with procurement authority,Develop a long‑term comprehensive strategy to expand opportunities for women‑owned small businesses,Each department and agency (hereafter referred to collectively as ``agency'') that has procurement authority shall develop a long-term comprehensive strategy to expand opportunities for WOSBs.,0
13157,00-13367,Small Business Administration (SBA),Establish an Assistant Administrator for Women's Procurement,The Small Business Administration (SBA) shall establish an Assistant Administrator for Women's Procurement within the SBA's Office of Government Contracting.,0
13158,00-13830,Department of Commerce,establish Marine Protected Area Federal Advisory Committee,The Committee shall be established by the Department of Commerce.,0
13158,00-13830,Environmental Protection Agency (EPA),propose new science‑based regulations for marine environment protection,"the Environmental Protection Agency (EPA), relying upon existing Clean Water Act authorities, shall expeditiously propose new science‑based regulations",0
13158,00-13830,National Oceanic and Atmospheric Administration (NOAA),establish Marine Protected Area Center,the Department of Commerce's National Oceanic and Atmospheric Administration shall establish a Marine Protected Area Center,0
13159,00-16252,All agencies of the United States Government,take all appropriate measures within their statutory authority to carry out the provisions of this order,All agencies of the United States Government are hereby directed to take all appropriate measures within their statutory authority to carry out the provisions of this order.,0
13160,00-16434,Attorney General,make final determination of coverage,The Attorney General is authorized to make a final determination as to whether a program falls within the scope of education and training programs and activities covered by this order,0
13160,00-16434,Executive departments and agencies,investigate complaints,Each executive department or agency shall conduct an investigation of any complaint by one of its employees alleging a violation of this Executive Order,0
13161,00-17174,Attorney General,submit medal and certificate designs for presidential approval,"The designs of which shall be submitted by the Attorney General for the President's approval no later than December 1, 2000.",0
13161,00-17174,Attorney General,recommend eligible recipients to the President,Eligible recipients generally will be recommended to the President by the Attorney General by April 1 of each year.,0
13162,00-17829,Office of Personnel Management,develop procedures,"The Office of Personnel Management (OPM) shall develop appropriate merit-based procedures for the recruitment, screening, placement, and continuing career development of Career Interns.",0
13163,00-19322,All Federal agencies,prepare a plan to increase employment opportunities for individuals with disabilities,Each Federal agency shall prepare a plan to increase the opportunities for individuals with disabilities to be employed in the agency.,0
13164,00-19323,Each Federal agency,establish effective written procedures for processing requests for reasonable accommodation by employees and applicants with disabilities,Each Federal agency shall establish effective written procedures for processing requests for reasonable accommodation by employees and applicants with disabilities.,0
13164,00-19323,Each agency,submit its reasonable accommodation procedures to the EEOC within 1 year of the order,"Within 1 year from the date of this order, each agency shall submit its procedures to the EEOC.",0
13164,00-19323,Equal Employment Opportunity Commission (EEOC),issue guidance for the implementation of this order within 90 days,The EEOC shall issue guidance for the implementation of this order within 90 days from the date of this order.,0
13165,00-20670,Office of National Drug Control Policy,delegates_authority,This order will authorize the Director to serve as the United States Government's representative on the WADA board.,0
13165,00-20670,Office of National Drug Control Policy,delegates_authority,"the Director, or in his absence his designee, is hereby authorized to take all necessary and proper actions to execute his responsibilities as United States representative to the WADA.",0
13165,00-20670,White House Task Force on Drug Use in Sports,establishes_body,There is established a White House Task Force on Drug Use in Sports (Task Force).,0
13165,00-20670,White House Task Force on Drug Use in Sports,directs_report_or_study,The Task Force shall develop recommendations for the President on further executive and legislative actions that can be undertaken to address the problem of doping and drug use in sports.,0
13166,00-20938,All Federal agencies,prepare a plan,Each Federal agency shall prepare a plan to improve access to its federally conducted programs and activities by eligible LEP persons.,0
13166,00-20938,All Federal agencies providing financial assistance,draft and submit agency‑specific Title VI guidance,Each agency shall submit its specific guidance to the Department of Justice for review and approval.,0
13169,00-26397,"Secretaries of Commerce and Labor, the Administrator of the Small Business Administration, the United States Trade Representative, and the Chairman of the Export‑Import Bank",create task force,establish an interagency task force through the Trade Promotion Coordinating Committee (TPCC).,0
13170,00-26446,All executive departments and agencies with procurement authority,develop and submit a comprehensive implementation plan,(i) develop a long‑term comprehensive plan to implement the requirements of section 2(a) of this order and submit this plan to the Director of the Office of Management and Budget (OMB) within 90 days of the date of this order.,0
13171,00-26716,All executive departments and agencies,establish and maintain a Hispanic recruitment and career‑development program,The head of each executive department and agency (agency) shall establish and maintain a program for the recruitment and career development of Hispanics in Federal employment.,0
13171,00-26716,Office of Personnel Management (OPM),prescribe regulations to implement the order,"within 180 days from the date of this order, prescribe such regulations as may be necessary to carry out the purposes of this order;",0
13171,00-26716,Office of Personnel Management (OPM),establish an Interagency Task Force,"within 60 days from the date of this order, establish an Interagency Task Force, chaired by the Director and composed of agency officials at the Deputy Secretary level, or the equivalent.",0
13171,00-26716,Office of Personnel Management (OPM),issue an annual report on agency progress,The first annual report shall be issued no later than 1 year from the date of this order.,0
13173,00-27893,Agencies represented on the Task Force,report their actions and progress to the Task Force Chair one month before the reports are due to the President,The agencies represented on the Task Force shall work together and report their actions and progress ... to the Task Force Chair one month before the reports are due to the President,0
13173,00-27893,"Task Force members (Secretary of Agriculture, Secretary of Commerce, Secretary of Defense, Attorney General, Secretary of the Interior, Secretary of Education, Secretary of Health and Human Services, Secretary of Housing and Urban Development, Secretary of Energy, Secretary of Labor, Secretary of Transportation, Secretary of the Treasury, Director of the Office of Management and Budget, Director of National Drug Control Policy, Administrator of General Services, Administrator of the Small Business Administration, Administrator of the Environmental Protection Agency)",coordinate and improve existing Federal efforts for the Valley,The purpose of the Task Force is to coordinate and improve existing Federal efforts for the Valley,0
13174,00-28299,Executive Office of the President,issues Executive Order 13174,"By the authority vested in me as President by the Constitution and the laws of the United States of America, including the Federal Advisory Committee Act, as amended (5 U.S.C. App.), it is hereby ordered as follows:",0
13175,00-29003,Director of OMB and the Assistant to the President for Intergovernmental Affairs,Confer with tribal officials within 180 days after the effective date to assess implementation of the order.,Within 180 days after the effective date of this order the Director of OMB and the Assistant to the President for Intergovernmental Affairs shall confer with tribal officials to ensure that this order is being properly and effectively implemented.,0
13175,00-29003,Each agency,Designate an official with principal responsibility for implementing the order within 30 days after the effective date.,"Within 30 days after the effective date of this order, the head of each agency shall designate an official with principal responsibility for the agency's implementation of this order.",0
13175,00-29003,Each agency,Submit a description of the agency's tribal consultation process to OMB within 60 days after the effective date.,"Within 60 days of the effective date of this order, the designated official shall submit to the Office of Management and Budget (OMB) a description of the agency's consultation process.",0
13175,00-29003,Each agency,Include a certification from the designated official when transmitting draft final regulations with tribal implications to OMB.,"In transmitting any draft final regulation that has tribal implications to OMB pursuant to Executive Order 12866..., each agency shall include a certification from the official designated to ensure compliance with this order...",0
13175,00-29003,Each agency,Include a certification from the designated official when transmitting proposed legislation with tribal implications to OMB.,"In transmitting proposed legislation that has tribal implications to OMB, each agency shall include a certification from the official designated to ensure compliance with this order...",0
13175,00-29003,Each agency,Render a decision on a complete tribal waiver application within 120 days of receipt.,"Each agency shall, to the extent practicable and permitted by law, render a decision upon a complete application for a waiver within 120 days of receipt of such application by the agency...",0
13176,00-30690,Presidential Transition Coordinating Council,coordinate assistance to the President‑elect and facilitate the transition between administrations,there is established a Presidential Transition Coordinating Council (Council).,0
13177,00-31252,National Commission on the Use of Offsets in Defense Trade,established as a new advisory body,the ``National Commission on the Use of Offsets in Defense Trade'' (Commission) comprises 11 members appointed by the President,0
13177,00-31252,President's Council on the Use of Offsets in Commercial Trade,established as a new advisory body,the ``President's Council on the Use of Offsets in Commercial Trade'' (Council).,0
13178,00-31313,Secretary of Commerce,manage the Reserve,"The Secretary of Commerce, or his designee, (hereafter ``Secretary'') shall, subject to section 10(b) of this order, manage the Reserve",0
13179,00-31692,Advisory Board on Radiation and Health,established,there is hereby established an Advisory Board on Radiation and Health,0
13179,00-31692,Interagency Working Group,established,There is hereby established an Interagency Working Group to be composed of representatives,0
13180,00-31697,Chief Operating Officer (COO) of the Air Traffic Control System,develop strategic plan,The COO shall develop a 5‑year strategic plan for the air traffic control system,0
13180,00-31697,Chief Operating Officer (COO) of the Air Traffic Control System,enter into framework agreement,The COO shall also enter into a framework agreement with the Administrator that will establish the relationship of the ATO with the other organizations of the FAA.,0
13180,00-31697,Secretary of Transportation,establish ATO,"The Secretary of Transportation (Secretary) shall, consistent with his legal authorities, move to establish within the Federal Aviation Administration (FAA) a performance‑based organization to be known as the “Air Traffic Organization” (ATO).",0
13181,00-33004,"Department of Defense, General Counsel",prepares a report consistent with the DOJ report and forwards it to the DOJ,The General Counsel of the U.S. Department of Defense will ... prepare a report ... and will forward it to the Department of Justice,0
13181,00-33004,Department of Justice,provides an annual report to the President on requests for use of protected health information,"On an annual basis, the Department of Justice, in",1
13181,00-33004,Deputy Attorney General (DOJ),determines whether the balance of relevant factors permits disclosure,"the Deputy Attorney General shall permit disclosure if the public interest and the need for disclosure clearly outweigh the potential for injury to the patient, to the physician‑patient relationship, and to the treatment services",0
13181,00-33004,Deputy Attorney General (DOJ),imposes safeguards on any authorized use,the Deputy Attorney General ... shall impose appropriate safeguards against unauthorized use,0
13181,00-33004,Federal law‑enforcement agencies,prohibited from using protected health information for unrelated investigations,"law enforcement may not use protected health information concerning an individual that is discovered during the course of health oversight activities for unrelated civil, administrative, or criminal investigations of a non‑health oversight matter",0
13182,00-33450,Executive Office of the President,adjusts_pay_or_admin,"as adjusted under 5 U.S.C. 5303(a), are set forth on the schedules attached",0
13185,01-321,Each executive branch department or agency that supports research at universities,review policies and procedures,shall regularly review its existing policies and procedures to ensure that they meet the spirit and intent of the guiding and operating principles,0
13185,01-321,Office of Science and Technology Policy (OSTP),conduct regular review and prepare report,shall conduct a regular review of the Government-University research partnership and prepare a report on the status of the partnership,0
13185,01-321,Office of Science and Technology Policy (OSTP),deliver report to President,The Director of OSTP shall deliver the report to the President,0
13186,01-1387,All Federal agencies,develop and implement MOUs with the Service,"Each Federal agency ... is directed to develop and implement, within 2 years, a Memorandum of Understanding (MOU) with the Fish and Wildlife Service",0
13186,01-1387,Department of the Interior (Secretary),establish Council,The Secretary of Interior shall establish an interagency Council for the Conservation of Migratory Birds (Council),0
13186,01-1387,Fish and Wildlife Service,create schedule for MOUs,the Service shall develop a schedule for completion of the MOUs within 180 days of the date of this order,0
13187,01-1438,President's Disability Employment Partnership Board,creates_body,There is hereby established the President's Disability Employment Partnership Board (Board).,0
13189,01-1813,Federal Interagency Task Force on the District of Columbia,establishment,(a) There is established the ``Federal Interagency Task Force on the District of Columbia'' (Task Force).,0
13190,01-1814,Department of Education,provide administrative support and funding for the President's Commission on Educational Resource Equity,"The Department of Education shall, to the extent permitted by law, provide administrative support and funding for the Commission.",0
13191,01-2014,Committee for the Implementation of Textile Agreements,determine lack of domestic yarn/fabric supply for apparel articles under AGOA,The Committee for the Implementation of Textile Agreements (the ``Committee'') is authorized to exercise the authority vested in the President under section 112(b)(5)(B)(i) of the AGOA ... to determine whether yarns or fabrics cannot be supplied by the domestic industry in commercial quantities,0
13191,01-2014,Committee for the Implementation of Textile Agreements,"identify handloomed, handmade, or folklore apparel articles under AGOA","The Committee, after consultation with the Commissioner, is authorized to exercise the authority vested in the President under section",1
13191,01-2014,Committee for the Implementation of Textile Agreements,impose 5‑year benefit denial for transshipment violations under AGOA,"The Committee, after consultation with the Commissioner, is authorized to exercise the authority vested in the President under section 113(b)(3) of the AGOA ... to determine, based on sufficient evidence, whether an exporter has engaged in transshipment and to deny for a period of 5 years all benefits under section 112 of the AGOA ... to any such exporter, any successor of such exporter, and any other entity owned or operated by the principal of such exporter.",0
13191,01-2014,Committee for the Implementation of Textile Agreements,impose 2‑year benefit denial for transshipment violations under CBTPA,"The Committee, after consultation with the Commissioner, is authorized to exercise the authority vested in the President under section 213(b)(2)(D) of the CBERA ... to determine, based on sufficient evidence, whether an exporter has engaged in transshipment and, if transshipment has occurred, to deny all benefits under the CBTPA to any such exporter, and any successor of such exporter, for a period of 2 years",0
13191,01-2014,Committee for the Implementation of Textile Agreements,take bilateral emergency tariff actions under CBTPA,"The Committee is authorized to exercise the authority vested in the President under section 213(b)(2)(E) of the CBERA ... to take bilateral emergency tariff actions, if the Committee determines that the conditions provided in section 213(b)(2)(E) of the CBERA are satisfied.",0
13193,01-2139,All Executive Departments and Agencies,refrain from promoting tobacco sales or export and from seeking removal of foreign advertising restrictions,"Executive departments and agencies shall not promote the sale or export of tobacco or tobacco products, or seek the reduction or removal of foreign government restrictions on the marketing and advertising of such products",0
13193,01-2139,Department of Health and Human Services (HHS),participate in interagency trade‑policy working groups on tobacco,"The HHS shall be included in all deliberations of interagency working groups, chaired by the United States Trade Representative (USTR), that address issues relating to trade in tobacco and tobacco products.",0
13193,01-2139,Department of Health and Human Services (HHS),create a research and training program on tobacco control,The HHS will develop a research and training program linking institutions in the United States and certain other countries in the field of tobacco control.,0
13193,01-2139,"Department of Health and Human Services (HHS) (with State, Commerce, Agriculture)",conduct a pilot tobacco‑use assessment and deliver it by Dec 31 2001,"The HHS, with the cooperation of the Departments of State, Commerce, and Agriculture, ... shall conduct a pilot assessment of tobacco use in a country other than the United States ... Such assessment shall be prepared and provided to interested agencies and other parties not later than December 31, 2001",0
13193,01-2139,Executive Branch (all agencies),adopt a policy of strong action on global tobacco‑related disease,It shall be the policy of the executive branch to take strong action to address the potential global epidemic of diseases caused by tobacco use.,0
13193,01-2139,United States Trade Representative (USTR),publish a summary of tobacco‑related provisions in trade agreements,"Upon conclusion of a trade agreement that includes provisions specifically addressing tobacco or tobacco products, the USTR shall produce and make publicly available a summary describing those provisions.",0
13194,01-2140,Department of the Treasury,authorizes actions to implement the prohibition,"The Secretary of the Treasury, in consultation with the Secretary of State, is hereby authorized to take such actions, including the promulgation of rules and regulations",0
13195,01-2141,All Federal agencies,"protect, connect, promote, and assist trails of all types throughout the United States","Federal agencies will, to the extent permitted by law and where practicable... protect, connect, promote, and assist trails of all types throughout the United States.",0
13195,01-2141,All Federal agencies,develop a process for resolving interagency trail issues and prepare an operating handbook,Federal agencies shall together develop a process for resolving interagency issues concerning trails.,0
13195,01-2141,Federal Interagency Council on Trails,coordinate information and program decisions among Federal agencies to foster trail development,The Federal Interagency Council on Trails (Council)... is hereby recognized as a long-standing interagency working group.,0
13196,01-2214,Department of Commerce,manage the Reserve,"The Secretary of Commerce will manage the Reserve pursuant to Executive Order 13178, as modified by this order",0
13197,01-2398,Office of Personnel Management (OPM),require agencies to report workforce information,"The Director of the Office of Personnel Management may require all Executive agencies to report information relating to civilian employees, including positions and employees in the competitive, excepted, and Senior Executive services, in a manner and at times prescribed by the Director.",0
13197,01-2398,Office of Personnel Management (OPM),require agencies to establish merit‑system accountability systems,"The Director of the Office of Personnel Management may require an agency to establish and maintain a system of accountability for merit system principles that (1) sets standards for applying the merit system principles, (2) measures the agency's effectiveness in meeting these standards, and (3) corrects any deficiencies in meeting these standards.",0
13198,01-2851,"Attorney General, Secretary of Education, Secretary of Labor, Secretary of Health and Human Services, Secretary of Housing and Urban Development",establish a Center for Faith‑Based and Community Initiatives,shall each establish within their respective departments a Center for Faith-Based and Community Initiatives (Center).,0
13199,01-2852,White House Office of Faith‑Based and Community Initiatives,establish,There is established a White House Office of Faith-Based and Community Initiatives (White House OFBCI) within the Executive Office of the President,0
13201,01-4621,Department of Labor,administer and enforce the order,The Secretary of Labor (Secretary) shall be responsible for the administration and enforcement of this order.,0
13202,01-4622,Federal Acquisition Regulatory Council,amend the Federal Acquisition Regulation,the Federal Acquisition Regulatory Council shall take whatever action is required to amend the Federal Acquisition Regulation,0
13203,01-4623,Office of Personnel Management and heads of executive agencies,"rescind implementing orders, rules, regulations, guidelines, or policies","The Director of the Office of Personnel Management and heads of executive agencies shall promptly move to rescind any orders, rules, regulations, guidelines, or policies implementing or enforcing Executive Order 12871 of October 1, 1993, or the Memorandum, to the extent consistent with law.",0
13204,01-4624,Secretary of Labor,"move to rescind any orders, rules, regulations, guidelines, or policies implementing or enforcing Executive Order 12933","Section 1. Executive Order 12933 of October 20, 1994, which requires, with respect to contracts for public buildings, that successive contractors offer a right of first refusal of employment to employees of the prior contractor, is revoked.",0
13204,01-4624,Secretary of Labor,terminate investigations or compliance actions based on EO 12933,"Sec. 3. The Secretary shall terminate, effective today, any investigations or other compliance actions based on Executive Order 12933 of October 20, 1994.",0
13210,01-11505,Social Security Administration,provide administrative support and funding,"The Social Security Administration shall, to the extent permitted by law, provide administrative support and funding for the Commission.",0
13211,01-13116,Agency responsible for the significant energy action,describe adverse energy effects in the Statement,"any adverse effects on energy supply, distribution, or use (including a shortfall in supply, price increases, and increased use of foreign supplies) should the proposal be implemented, and",0
13211,01-13116,Agency responsible for the significant energy action,describe reasonable alternatives and their expected energy effects in the Statement,"reasonable alternatives to the action with adverse energy effects and the expected effects of such alternatives on energy supply, distribution, and use",0
13211,01-13116,All federal agencies (except independent regulatory agencies),prepare and submit a Statement of Energy Effects for significant energy actions,agencies shall prepare and submit a Statement of Energy Effects to the Administrator of the Office of Information and Regulatory Affairs,0
13211,01-13116,All federal agencies (except independent regulatory agencies),submit Statements of Energy Effects whenever a related submission is made under EO 12866,"Agencies shall submit their Statements of Energy Effects to the Administrator of the Office of Information and Regulatory Affairs, Office of Management and Budget, whenever they present the related submission under Executive Order 12866 of September 30, 1993, or any successor order",0
13211,01-13116,All federal agencies (except independent regulatory agencies),publish the Statements (or summaries) in NPRMs and final rules,"Agencies shall publish their Statements of Energy Effects, or a summary thereof, in each related Notice of Proposed Rulemaking and in any resulting Final Rule",0
13211,01-13116,Office of Information and Regulatory Affairs (OIRA),provide implementation guidance to agencies,The Administrator of the Office of Information and Regulatory Affairs shall provide guidance to the agencies on the implementation of this order,0
13212,01-13117,executive departments and agencies,expedite permit reviews for energy projects,"agencies shall expedite their review of permits or take other actions as necessary to accelerate the completion of such projects, while maintaining safety, public health, and environmental protections.",0
13213,01-13381,Secretary of the Treasury (in consultation with the Secretary of State),authorizes actions and rulemaking to enforce the order,"The Secretary of the Treasury, in consultation with the Secretary of State, is hereby authorized to take such actions, including the promulgation of rules and regulations, and to employ all powers granted to the President by IEEPA and UNPA, as may be necessary to carry out the purposes of this order.",0
13214,01-13869,President's Task Force to Improve Health Care Delivery for Our Nation's Veterans,establish,There is established the President's Task Force to Improve Health Care Delivery for Our Nation's Veterans (Task Force).,0
13217,01-15758,"Attorney General, Secretaries of Health and Human Services, Education, Labor, Housing and Urban Development, Commissioner of the Social Security Administration",evaluate policies and report results,"The Attorney General, the Secretaries of Health and Human Services, Education, Labor, and Housing and Urban Development, and the Commissioner of the Social Security Administration shall evaluate the policies, programs, statutes, and regulations of their respective agencies to determine whether any should be revised or modified to improve the availability of community‑based services for qualified individuals with disabilities. ... Each agency head should report to the President, through the Secretary of Health and Human Services, with the results of their evaluation within 120 days.",0
13218,01-15958,President's Council on the 21st Century Workforce,establishment,There is hereby established the ``President's Council on the 21st Century Workforce'' (Council).,0
13219,01-16668,Secretary of the Treasury,authorizes actions and rulemaking to implement the order,"The Secretary of the Treasury, in consultation with the Secretary of State, is hereby authorized to take such actions, including the promulgation of rules and regulations, and to employ all powers granted to me by IEEPA, as may be necessary to carry out the purposes of this order.",0
13221,01-19562,Department of Energy,compile a preliminary list of products to be subject to the standby‑power requirements,"the Department of Energy, in consultation with the Department of Defense and the General Services Administration, shall compile a preliminary list of products to be subject to these requirements.",0
13223,01-23359,Department of Defense,receive delegated authority to order Ready Reserve members to active duty,"any member of the Ready Reserve not assigned to a unit organized to serve as a unit, in the Ready Reserve to active duty",0
13223,01-23359,Department of Defense,exercise delegated authority under title 10,"The Secretary of Defense is hereby designated and empowered, without the approval, ratification, or other action by the President, to exercise the authority vested in the President",0
13223,01-23359,Department of Transportation,exercise delegated authority over Coast Guard personnel,"The Secretary of Transportation is hereby designated and empowered, without the approval, ratification, or other action by the President, to exercise the authority vested in sections 331, 359, and 367 of title 14",0
13224,01-24205,"Secretary of State, Secretary of the Treasury, other appropriate agencies",cooperate and coordinate with other countries,"the Secretary of State, the Secretary of the Treasury, and other appropriate agencies shall make all relevant efforts to cooperate and coordinate with other countries",0
13225,01-24917,Administrator of General Services,provide guidelines and procedures for heads of departments or agencies to perform functions under the Federal Advisory Committee Act.,in accordance with the guidelines and procedures established by the Administrator of General Services.,0
13225,01-24917,Department of Commerce,"continue the President's Export Council until September 30, 2003.",(Department of Commerce).,0
13225,01-24917,Department of Defense,"continue the President's National Security Telecommunications Advisory Committee until September 30, 2003.",(Department of Defense).,0
13225,01-24917,Department of Education,"continue the President's Advisory Commission on Educational Excellence for Hispanic Americans until September 30, 2003.",(Department of Education).,0
13225,01-24917,Department of Education,"continue the President's Board of Advisors on Historically Black Colleges and Universities until September 30, 2003.",(Department of Education).,0
13225,01-24917,Department of Education,"continue the President's Board of Advisors on Tribal Colleges and Universities until September 30, 2003.",(Department of Education).,0
13225,01-24917,Department of Health and Human Services,"continue the President's Committee on Mental Retardation until September 30, 2003.",(Department of Health and Human Services).,0
13225,01-24917,Department of Health and Human Services,"continue the President's Council on Physical Fitness and Sports until September 30, 2003.",(Department of Health and Human Services).,0
13225,01-24917,Department of Labor,"continue the Federal Advisory Council on Occupational Safety and Health until September 30, 2003.",(Department of Labor).,0
13225,01-24917,Department of Labor,"continue the President's Committee on the International Labor Organization until September 30, 2003.",(Department of Labor).,0
13225,01-24917,Department of the Interior,"continue the Committee for the Preservation of the White House until September 30, 2003.",(Department of the Interior).,0
13225,01-24917,National Endowment for the Arts,"continue the President's Committee on the Arts and the Humanities until September 30, 2003.",(National Endowment for the Arts).,0
13225,01-24917,National Science Foundation,"continue the President's Committee on the National Medal of Science until September 30, 2003.",(National Science Foundation).,0
13225,01-24917,Office of Personnel Management,"continue the President's Commission on White House Fellowships until September 30, 2003.",(Office of Personnel Management).,0
13225,01-24917,Office of the United States Trade Representative,"continue the Trade and Environment Policy Advisory Committee until September 30, 2003.",(Office of the United States Trade Representative).,0
13226,01-24983,President's Council of Advisors on Science and Technology (PCAST),established,There is established the President's Council of Advisors on Science and Technology (PCAST).,0
13226,01-24983,President's Council of Advisors on Science and Technology (PCAST),termination deadline,The PCAST shall terminate 2 years from the date of this order unless extended by the President prior to that date.,0
13227,01-25344,Department of Education,provide administrative support and funding,"The Department of Education shall, to the extent permitted by law, provide administrative support and funding for the Commission.",0
13230,01-26339,Department of Education,provide funding and administrative support for the Commission and the Initiative,the Department of Education shall provide funding and administrative support for the Commission and the Initiative.,0
13230,01-26339,Executive branch departments and agencies,provide any appropriate information requested by the Commission or the staff of the Initiative,"Executive branch departments and agencies, to the extent permitted by law and practicable, shall provide any appropriate information requested by the Commission or the staff of the",1
13230,01-26339,Executive branch departments and agencies,"report to the President through the Initiative by September 30, 2002","shall report to the President through the Initiative by September 30, 2002",0
13230,01-26339,The Commission,prepare and submit an interim and final report to the President,The Commission shall prepare and submit an interim and final report to the President,0
13230,01-26339,The Commission,terminate 30 days after submitting its final report,The Commission shall terminate 30 days after submitting its final report,0
13231,01-26509,Chair of the Board,delegated classification authority,"I hereby delegate to the Chair the authority to classify information originally as Top Secret, in accordance with Executive Order 12958 of April 17, 1995, as amended, or any successor Executive Order.",0
13231,01-26509,National Infrastructure Advisory Council (NIAC),establishment,"There is hereby established the National Infrastructure Advisory Council, which shall provide the President advice on the security of information systems for critical infrastructure supporting other sectors of the economy",0
13231,01-26509,National Infrastructure Advisory Council (NIAC),termination provision,"The Council shall terminate 2 years from the date of this order, unless extended by the President prior to that date.",0
13231,01-26509,President's Critical Infrastructure Protection Board,establishment,I hereby establish the ``President's Critical Infrastructure Protection Board'' (the ``Board'').,0
13231,01-26509,President's Critical Infrastructure Protection Board,directed to propose national plan,"The Board, on a periodic basis, shall propose a National Plan or plans for subjects within its purview.",0
13234,01-28762,Domestic Policy Council,Co‑Chair,"The heads of the Office of Homeland Security and the Domestic Policy Council, or their designated representatives, shall serve as Co‑Chairs of the Task Force.",0
13234,01-28762,Office of Homeland Security,Co‑Chair,"The heads of the Office of Homeland Security and the Domestic Policy Council, or their designated representatives, shall serve as Co‑Chairs of the Task Force.",0
13234,01-28762,Office of the Vice President,Co‑Chair (with Office of Homeland Security) and member,"The Task Force shall be composed of the heads of the following executive branch entities, who may designate representatives from within their respective entities to assist them in their duties in connection with the Task Force: the Office of the Vice President, the Office of Homeland Security, the Domestic Policy Council, the Office of Science and Technology Policy, the Office of Management and Budget, the Department of the Treasury, the Department of Justice, the Department of Labor, the Department of Health and Human Services, the Department of Housing and Urban Development, the Department of Transportation, the Department of Energy, the Department of Veterans Affairs, the Environmental Protection Agency, the Federal Emergency Management Agency, and the Corporation for National and Community Service.",0
13235,01-29219,Department of Defense,receive authority to use emergency construction authority,I hereby order that the emergency construction authority at 10 U.S.C. 2808 is invoked and made available in accordance with its terms to the Secretary of Defense,0
13236,01-29831,Director of Central Intelligence,waive dual‑compensation reduction provisions for temporary employees during an emergency,"The Director of Central Intelligence may waive the application of the dual compensation reduction provisions of sections 271 and 273 of the Central Intelligence Agency Retirement Act (50 U.S.C. 2111 and 2113) for an employee serving on a temporary basis, but only if, and for so long as, the authority is necessary due to an emergency involving a direct threat to life or property or other unusual circumstances.",0
13236,01-29831,Director of Central Intelligence,delegate the waiver authority,This authority may be delegated as appropriate.,0
13237,01-29948,Department of Health and Human Services,provide administrative support and necessary funds for the Council's functions,the Department of Health and Human Services shall provide the Council with administrative support and with such funds as may be necessary for the performance of the Council's functions,0
13237,01-29948,President,designate a Council member to serve as Chairperson,The President shall designate a member of the Council to serve as Chairperson,0
13237,01-29948,President,appoint up to 18 members to the Council,The Council shall be composed of not more than 18 members appointed by the President,0
13237,01-29948,Secretary of Health and Human Services,appoint the Executive Director of the Council,"the Council shall have a staff headed by an Executive Director, who shall be appointed by the Secretary of Health and Human Services in consultation with the Chairperson",0
13237,01-29948,Secretary of Health and Human Services,"perform the President's functions under the Federal Advisory Committee Act, except reporting to Congress","any functions of the President under that Act, except that of reporting to the Congress, shall be performed by the Secretary of Health and Human Services",0
13237,01-29948,heads of executive departments and agencies,provide the Council with information it needs for carrying out its functions,"the heads of executive departments and agencies shall, to the extent permitted by law, provide the Council with information it needs",0
13241,01-31666,Department of Agriculture,order_of_succession,"the officers named in section 2, in the order listed, shall act as and perform the functions and duties of the office of Secretary of Agriculture",0
13245,01-31670,Department of Labor,succession,"the officers named in section 2, in the order listed, shall act as and perform the functions and duties of the office of Secretary of Labor",0
13248,01-31959,Emergency Board (three‑member board),investigate and report on the United Airlines dispute,"There is established, effective December 21, 2001, a Board of three members to be appointed by the President",0
13252,02-919,Executive Order 12171,amends,"Executive Order 12171 of November 19, 1979, as amended, is further amended by adding to the end of section 1-209 the following new subsections:",0
13256,02-3826,Office of the Secretary of Education,establish advisory committee,"There is established, in the Office of the Secretary of Education, a Presidential advisory committee entitled the ``President's Board of Advisors on Historically Black Colleges and Universities'' (Board).",0
13257,02-4071,Department of State,provide funding and administrative support,"The Department of State shall provide funding and administrative support for the Task Force, except as otherwise provided by the Act.",0
13257,02-4071,Executive Order 13228,reference,"by Executive Order 13228 of October 8, 2001, to the consideration of the Homeland Security Council",0
13257,02-4071,President's Interagency Task Force to Monitor and Combat Trafficking in Persons,coordinate the implementation of the Act; measure and evaluate progress; assist in annual reports; expand data‑collection procedures; facilitate international cooperation; examine the international “sex tourism” industry; consult with NGOs; and other matters the President may determine.,The President's Interagency Task Force to Monitor and Combat Trafficking in Persons is hereby established.,0
13257,02-4071,President's Interagency Task Force to Monitor and Combat Trafficking in Persons,chairmanship,The Task Force shall be chaired by the Secretary of State.,0
13257,02-4071,President's Interagency Task Force to Monitor and Combat Trafficking in Persons,no directive authority,The Task Force shall have no directive authority or other substantial independent authority.,0
13257,02-4071,President's Interagency Task Force to Monitor and Combat Trafficking in Persons,report progress and recommendations to the President,"The Task Force shall report to the President, through the Secretary of State, the following: (i) progress on the implementation of the Act; and (ii) recommendations for United States policy to monitor and eliminate trafficking in persons and to protect the victims of trafficking in persons.",0
13257,02-4071,Trafficking Victims Protection Act of 2000,legal authority reference,"by the authority vested in me as President by the Constitution and the laws of the United States of America, including the Trafficking Victims Protection Act of 2000, (22 U.S.C. 7103) (the “Act”),",0
13261,02-7087,Environmental Protection Agency,"establishes order of succession for the Administrator, naming specific Assistant Administrators to act as Administrator during vacancy","the officers named in section 2, in the order listed, shall act as and perform the functions and duties of the office of the Administrator of the Environmental Protection Agency (Administrator)",0
13264,02-14497,Executive Office of the President,amends EO 13180: deletes the phrase “an inherently governmental function” from the first sentence of EO 13180,"The first sentence of that order is amended by deleting ``, an inherently governmental function,''.",0
13264,02-14497,Executive Office of the President,amends EO 13180: revises Section 6 to state the order is only to improve internal management of the executive branch and creates no right to administrative or judicial review,``This order is intended only to improve the internal management of the executive branch,0
13266,02-16040,Various federal departments and the Office of National Drug Policy,"review and evaluate policies, programs, and regulations related to personal fitness; propose modifications or new policies","The Secretaries of Agriculture, Education, Health and Human Services (HHS), Housing and Urban Development, Interior, Labor, Transportation, and Veterans Affairs, and the Director of the Office of National Drug Policy shall review and evaluate the policies, programs, and regulations of their respective departments and offices that in any way relate to the personal fitness of the general public.",0
13267,02-16041,Office of Management and Budget (OMB),establish Transition Planning Office for DHS,"I hereby establish within the Office of Management and Budget (OMB) a Transition Planning Office for the Department of Homeland Security (the “Transition Planning Office”), to be headed by the Director of the Transition Planning Office for the Department of Homeland Security (the “Director for Transition Planning”).",0
13267,02-16041,Transition Planning Office,terminate according to specified deadline,"The Transition Planning Office, and all the authorities of this order, shall terminate within 90 days after the date on which legislation creating the Department of Homeland Security is enacted, or within 1 year of the date of this order, whichever occurs first.",0
13270,02-17274,Department of Education,establish Board of Advisors on Tribal Colleges and Universities,There shall be established in the Department of Education a Presidential advisory committee entitled the President's Board of Advisors on Tribal Colleges and Universities (the ``Board'').,0
13270,02-17274,"Department of Education, Office of the Secretary",establish White House Initiative on Tribal Colleges and Universities (WHITCU),"There shall be established in the Department of Education, Office of the Secretary, the White House Initiative on Tribal Colleges and Universities (WHITCU).",0
13271,02-17640,Department of Justice,establish,The Attorney General shall immediately establish within the Department of Justice a Corporate Fraud Task Force (Task Force).,0
13272,02-21056,Agency Heads,submit procedures and policies to Advocacy within 90 days,"Agency heads shall submit, no later than 90 days from the date of this order, their written procedures and policies to Advocacy for comment",0
13272,02-21056,All Federal Agencies,establish procedures and policies to promote compliance with the Regulatory Flexibility Act,Each agency shall establish procedures and policies to promote compliance with the Regulatory Flexibility Act,0
13272,02-21056,All Federal Agencies,issue written procedures and policies within 180 days,"Within 180 days of the date of this order, issue written procedures and policies, consistent with the Act",0
13272,02-21056,All Federal Agencies,consider comments within 60 days of submission to Advocacy,agencies shall consider any such comments received within 60 days from the date of the submission of the agencies' procedures and policies to Advocacy,0
13272,02-21056,All Federal Agencies,"include response to Advocacy comments in final‑rule explanations, unless certified not in the public interest","Consistent with applicable law and appropriate protection of executive deliberations and legal privileges, an agency shall include, in any explanation or discussion accompanying publication in the Federal Register of a final rule, the agency's response to any written comments submitted by Advocacy",0
13274,02-24252,Transportation Infrastructure Streamlining Task Force,establish,"There is established, within the Department of Transportation for administrative purposes, the interagency ``Transportation Infrastructure Streamlining Task Force'' (Task Force)",0
13274,02-24252,Transportation Infrastructure Streamlining Task Force,submit annual report,"At least once each year, the Task Force shall submit to the President a report",0
13276,02-29580,Attorney General,maintain custody of undocumented aliens intercepted in the Caribbean,"The Attorney General may maintain custody, at any location he deems appropriate, of any undocumented aliens ...",0
13276,02-29580,Secretary of Defense,provide facilities and security for housing undocumented aliens,"The Secretary of Defense shall make available to the Attorney General and the Secretary of State, for the housing and care of any undocumented aliens ... any facilities at Guantanamo Bay Naval Base ...",0
13276,02-29580,Secretary of State,provide care and resettlement for protected persons,"The Secretary of State shall provide for the custody, care, safety, transportation, and other needs of undocumented aliens ...",0
13277,02-29832,United States Trade Representative,delegated authority and assigned functions,"the authorities granted to and functions specifically assigned to the President under Division B of the Act are delegated and assigned, respectively, to the United States Trade Representative (U.S. Trade Representative).",0
13278,02-31624,Department of the Treasury,provide administrative support and funding,"The Department of the Treasury ... shall, to the extent permitted by law, provide administrative support and funding for the Commission.",0
13279,02-31831,Specified agency heads,review and evaluate existing policies,"Specified agency heads shall, in coordination with the White House Office of Faith‑Based and Community Initiatives (White House OFBCI), review and evaluate existing policies that have implications for faith‑based and community organizations",0
13279,02-31831,Specified agency heads,report to the President,"Within 90 days after the date of this order, each specified agency head shall report to the President, through the Director of the White House OFBCI, the actions it proposes to undertake",0
13280,02-31832,Agency for International Development (USAID),establish_center,The Secretary of Agriculture and the Administrator of the Agency for International Development shall each establish within their respective agencies a Center for Faith‑Based and Community Initiatives (Center).,0
13280,02-31832,Department of Agriculture,establish_center,The Secretary of Agriculture and the Administrator of the Agency for International Development shall each establish within their respective agencies a Center for Faith‑Based and Community Initiatives (Center).,0
13287,03-05344,each agency with real‑property management responsibilities,"review regulations, policies and procedures for NHPA compliance and provide the results to the Council and the Secretary","No later than September 30, 2004, each agency with real property management responsibilities shall review its regulations, management policies, and operating procedures for compliance with sections 110 and 111 of the NHPA (16 U.S.C. 470h-2 & 470-3) and make the results of its review available to the Council and the Secretary.",0
13287,03-05344,each agency with real‑property management responsibilities,"prepare a progress report on historic‑property identification, protection and use; submit to the Council and the Secretary; repeat every three years","Each agency with real property management responsibilities shall, by September 30, 2005, and every third year thereafter, prepare a report on its progress in identifying, protecting, and using historic properties in its ownership and make the report available to the Council and the Secretary.",0
13287,03-05344,each covered agency with real‑property management responsibilities,prepare an assessment of its historic‑property inventory and submit a report to the Council and the Secretary of the Interior,"No later than September 30, 2004, each covered agency shall complete a report of the assessment and make it available to the Chairman of the Advisory Council on Historic Preservation (Council) and the Secretary of the Interior (Secretary).",0
13287,03-05344,the head of each agency,appoint a senior policy‑level official (Federal Preservation Officer) for historic‑preservation oversight and notify the Council and the Secretary,"No later than June 30, 2003, the head of each agency shall designate a senior policy level official to have policy oversight responsibility for the agency's historic preservation program and notify the Council and the",1
13288,03-5848,Department of the Treasury,implement the order’s sanctions,"The Secretary of the Treasury, in consultation with the Secretary of State, is hereby authorized to take such actions",0
13290,03-7160,Department of the Treasury,receive confiscated Iraqi funds,"All blocked funds held in the United States in accounts in the name of the Government of Iraq, the Central Bank of Iraq, Rafidain Bank, Rasheed Bank, or the State Organization for Marketing Oil are hereby confiscated and vested in the Department of the Treasury",0
13294,03-8109,Secretary of Commerce,designated_and_empowered_to_exercise_presidential_authority_over_hazardous_duty_incentive_pay_aviation_career_incentive_pay_and_submarine_duty_incentive_pay,"The Secretary of Defense, the Secretary of Commerce, the Secretary of Health and Human Services, and the Secretary of Homeland Security ... are hereby designated and empowered to exercise, without approval, ratification, or other action by the President, the authority vested in the President",0
13294,03-8109,Secretary of Defense,designated_and_empowered_to_exercise_presidential_authority_over_hazardous_duty_incentive_pay_aviation_career_incentive_pay_and_submarine_duty_incentive_pay,"The Secretary of Defense, the Secretary of Commerce, the Secretary of Health and Human Services, and the Secretary of Homeland Security ... are hereby designated and empowered to exercise, without approval, ratification, or other action by the President, the authority vested in the President",0
13294,03-8109,Secretary of Health and Human Services,designated_and_empowered_to_exercise_presidential_authority_over_hazardous_duty_incentive_pay_aviation_career_incentive_pay_and_submarine_duty_incentive_pay,"The Secretary of Defense, the Secretary of Commerce, the Secretary of Health and Human Services, and the Secretary of Homeland Security ... are hereby designated and empowered to exercise, without approval, ratification, or other action by the President, the authority vested in the President",0
13294,03-8109,Secretary of Homeland Security (with respect to the Coast Guard when it is not operating as a service in the Navy),designated_and_empowered_to_exercise_presidential_authority_over_hazardous_duty_incentive_pay_aviation_career_incentive_pay_and_submarine_duty_incentive_pay,"The Secretary of Defense, the Secretary of Commerce, the Secretary of Health and Human Services, and the Secretary of Homeland Security ... are hereby designated and empowered to exercise, without approval, ratification, or other action by the President, the authority vested in the President",0
13297,03-10606,Director of Central Intelligence,issue regulations,The Director of Central Intelligence shall issue regulations to reflect the application of sections 3(a) and 3(b) of Public Law 106-571 to the Central Intelligence Agency Retirement and Disability System.,0
13297,03-10606,Secretary of State,issue regulations,The Secretary of State shall issue regulations that reflect the application of sections 3(a) and 3(b) of Public Law 106-571 to the Foreign Service Retirement and Disability System.,0
13297,03-10606,Secretary of State,issue regulations,The Secretary of State shall issue regulations that reflect the application of sections 3(a) and 3(c) of Public Law 106-571 to the Foreign Service Pension System.,0
13300,03-12071,All Federal departments and agencies,assist in implementing the order,"All Federal departments and agencies shall assist, as requested and permitted by law, in the implementation of this order.",0
13300,03-12071,Counsel to the President,ensure timely judicial nominations,The Counsel to the President shall take all appropriate steps to ensure that the President is in a position to make timely nominations for judicial vacancies consistent with this plan.,0
13302,03-12766,Department of Energy,establish interagency task force,"Sec. 3. Interagency Task Force. (a) There is established, within the Department of Energy for administrative purposes, an interagency task force (Task Force) to perform the following functions:",0
13303,03-13412,Treasury Department (in consultation with State and Defense),"authorised to take actions, including promulgation of rules and regulations, to carry out the purposes of this order","the Development Fund for Iraq, and",1
13313,03-20013,Director of Central Intelligence,submit Report on Foreign Economic Collection and Industrial Espionage,"The Director of Central Intelligence shall submit the following reports: 1. Report on Foreign Economic Collection and Industrial Espionage, consistent with section 809(b) of Public Law 103-359 (50 U.S.C. App. 2170(b));",0
13313,03-20013,Director of National Drug Control Policy,submit Report on Support for Plan Colombia,"The Director of National Drug Control Policy shall submit the Report on Support for Plan Colombia, consistent with section 3204(e) of Public Law 106-246.",0
13313,03-20013,Secretary of Commerce,submit Report on the National Emergency Caused by the Lapse of the Export Administration Act of 1979,"The Secretary of Commerce shall submit the Report on the National Emergency Caused by the Lapse of the Export Administration Act of 1979, Executive Order 13222, consistent with section 401(c) of the National Emergencies Act, 50 U.S.C. 1641(c), and section 204(c) of the International Emergency Economic Powers Act, 50 U.S.C.",1
13313,03-20013,Secretary of Defense,submit Report on Kosovo Benchmarks,"The Secretary of Defense shall submit the following reports: 1. Report on Kosovo Benchmarks, consistent with section 1212(c) of Public Law 106-398;",0
13313,03-20013,Secretary of State,submit Report on Kosovo Peacekeeping,"The Secretary of State shall submit the following reports: 1. Report on Kosovo Peacekeeping, consistent with section 1213 of Public Law 106-398;",0
13313,03-20013,Secretary of State,submit Report on Bosnia and U.S. Forces in NATO‑Led Stabilization Force (SFOR),The Secretary of State shall submit the following reports:,1
13313,03-20013,Secretary of State,submit Report on the Inter‑American Convention Against Corruption,"The Secretary of State shall submit the following reports: 1. Report on the Inter‑American Convention Against Corruption, consistent with the Resolution of Advice and Consent to Ratification of the Inter‑American Convention Against Corruption adopted by the Senate on July 27, 2000;",0
13313,03-20013,Secretary of the Treasury,submit Report on the National Emergency With Respect to Libya,"The Secretary of the Treasury shall submit the following reports: 1. Report on the National Emergency With Respect to Libya, Executive Order 12543, consistent with section 401(c) of the National Emergencies Act, 50 U.S.C. 1641(c), and section 204(c) of the International Emergency Economic Powers Act, 50 U.S.C. 1703(c);",0
13315,03-22543,Department of the Treasury,confiscate blocked property,"the Secretary of the Treasury, in consultation with the Secretary of State, is authorized to confiscate property that is blocked pursuant to section 1 of this order",0
13317,03-24919,All agencies listed in Sec. 2(b),establish Office for Volunteers for Prosperity,each establish within their respective organizations an Office for Volunteers for Prosperity (Office),0
13317,03-24919,All agencies with Offices for Volunteers for Prosperity,start Office operations,begin operations no later than 30 days from the date of this order,0
13317,03-24919,USAID,coordinate the Volunteers for Prosperity initiative,The USAID shall serve as the inter‑agency coordinator for the Volunteers for Prosperity initiative,0
13317,03-24919,USAID (reporting to USA Freedom Corps Office),submit initial progress report,within 180 days after the date of this order,0
13323,03-32332,Secretary of Homeland Security,assigned immigration‑related functions for non‑citizens under INA §215(a),The Secretary of Homeland Security is assigned the functions of the President under section 215(a) of the INA with respect to persons other than citizens of the United States.,0
13323,03-32332,Secretary of Homeland Security,must obtain Secretary of State concurrence before changing rules,"shall not issue, amend, or revoke any rules, regulations, or orders without first obtaining the concurrence of the Secretary of State.",0
13323,03-32332,Secretary of State,assigned immigration‑related functions for citizens under INA §§215(a)(b),"The Secretary of State is assigned the functions of the President under section 215(a) and (b) of the INA with respect to citizens of the United States, including those functions concerning United States passports.",0
13323,03-32332,Secretary of State,must consult Secretary of Homeland Security before changing rules,"shall not issue, amend, or revoke any rules, regulations, or orders without first consulting with the Secretary of Homeland Security.",0
13323,03-32332,Secretary of State,authorized to amend/revoke 22 CFR part 46 concerning non‑citizens,"may amend or revoke part 46 of title 22, Code of Federal Regulations, which concern persons other than citizens of the United States.",0
13326,04-2408,NASA,provide administrative support and funding,"The National Aeronautics and Space Administration (NASA) shall provide, to the extent permitted by law, administrative support and funding for the Commission.",0
13327,04-2773,Executive Office of the President,establishes a new inter‑agency council to develop guidance and oversee agency real‑property asset‑management plans,"A Federal Real Property Council (Council) is established, within the Office of Management and Budget",0
13327,04-2773,Executive Office of the President,requires each department and agency to appoint a Senior Real Property Officer within 30 days,The designation of the Senior Real Property Officer shall be made by agencies within 30 days after the date of this order.,0
13327,04-2773,Executive Office of the President,revokes Executive Order 12512,"Sec. 8. Executive Order 12512 of April 29, 1985, is hereby revoked.",0
13327,04-2773,Executive Office of the President,directs agencies to develop an asset‑management plan and submit it to OMB on a date set by the OMB Director,The initial agency asset management plan will be submitted to the Office of Management and Budget on a date determined by the Director of the Office of Management and Budget.,0
13327,04-2773,Executive Office of the President,requires annual reporting of real‑property information to OMB and GSA,"The Senior Real Property Officer shall, on an annual basis, provide to the Director of the Office of Management and Budget and the Administrator of General Services:",0
13327,04-2773,Executive Office of the President,sets a minimum frequency for Council meetings (at least quarterly each fiscal year),The Council shall hold meetings not less often than once a quarter each fiscal year.,0
13327,04-2773,Executive Office of the President,establishes a 60‑day deadline for the Council’s first meeting,The Council shall be organized and hold its first meeting within 60 days of the date of this order.,0
13328,04-3170,Executive Office of the President,establish commission,"There is established, within the Executive Office of the President for administrative purposes, a Commission on the Intelligence Capabilities of the United States Regarding Weapons of Mass Destruction (Commission).",0
13329,04-4436,All executive branch departments and agencies with SBIR or STTR programs,reporting,submit reports annually to the Administrator of the Small Business Administration and the Director of the Office of Science and Technology Policy,0
13330,04-4451,All Federal Agencies (including DOT),assist the Council and provide funding and administrative support,"Agencies shall assist the Interagency Transportation Coordinating Council and provide information to the Council consistent with applicable law as may be necessary to carry out its functions. To the extent permitted by law, and as permitted by available agency resources, the Department of Transportation shall provide funding and administrative support for the Council.",0
13330,04-4451,Department of Transportation,host the newly created Interagency Transportation Coordinating Council on Access and Mobility,"There is hereby established, within the Department of Transportation for administrative purposes, the “Interagency Transportation Coordinating Council on Access and",1
13330,04-4451,Interagency Transportation Coordinating Council,submit a report to the President within one calendar year,present to me a report not later than 1 calendar year from the date of this order.,0
13331,04-4884,Corporation for National and Community Service,review and evaluate existing policies,"The Chief Executive Officer of the Corporation for National and Community Service (Chief Executive Officer) shall, in coordination with the USA Freedom Corps Council, review and evaluate existing policies governing national and community service programs",0
13331,04-4884,Corporation for National and Community Service,amend existing policies for consistency with the order’s principles,amend all such existing policies to ensure that they are consistent with the fundamental principles and policymaking criteria articulated in section 2 of this order,0
13331,04-4884,Corporation for National and Community Service,implement new policies where appropriate,"where appropriate, implement new policies that are consistent with and necessary to further the fundamental principles and policymaking criteria set forth in section 2 of this order",0
13331,04-4884,Corporation for National and Community Service,implement internal management reforms,The Corporation should implement internal management reforms to strengthen its oversight of national and community service programs,0
13331,04-4884,Corporation for National and Community Service,submit a report to the President within 180 days,"Within 180 days after the date of this order, the Chief Executive Officer shall report to the President, through the Assistant to the President and Director of the USA Freedom Corps Office, the actions the Corporation proposes to undertake to accomplish the objectives set forth in this order",0
13332,04-5322,Office of Personnel Management,Implement locality-based comparability payments and publish notice of such payments in the Federal Register,The Director of the Office of Personnel Management shall take such actions as may be necessary to implement these payments and to publish appropriate notice of such payments in the Federal Register.,0
13334,04-8616,Emergency Board (the “Board”),investigate and report on the dispute,"There is established, effective April 12, 2004, a Board of three members to be appointed by the President",0
13335,04-10024,Department of Health and Human Services,establish a new position – National Health Information Technology Coordinator,The Secretary of Health and Human Services (Secretary) shall establish within the Office of the Secretary the position of National Health Information Technology Coordinator.,0
13335,04-10024,Department of Health and Human Services,begin operations of the new coordinator position,The Secretary shall ensure that the National Coordinator begins operations within 90 days of the date of this order.,0
13335,04-10024,Department of Health and Human Services,report to the President on incentive options,the Secretary of Health and Human Services shall report to the President within 90 days of this order on options to provide incentives in HHS programs that will promote the adoption of interoperable health information technology.,0
13335,04-10024,Department of Veterans Affairs and Department of Defense,jointly report to the President on private‑sector health‑information system options,"Within 90 days, the Secretary of Veterans Affairs and the Secretary of Defense shall jointly report on the approaches the Departments could take to work more actively with the private sector to make their health information systems available as an affordable option for providers in rural and medically underserved communities.",0
13335,04-10024,Office of Personnel Management,report to the President on incentive options for Federal Employee Health Benefit Program,The Director of the Office of Personnel Management shall report within 90 days of this order on options to provide incentives in the Federal Employee Health Benefit Program that will promote the adoption of interoperable health information technology;,0
13336,04-10377,Interagency Working Group on American Indian and Alaska Native Education,oversee implementation of the order,There is established an Interagency Working Group on American Indian and Alaska Native Education (Working Group) to oversee the implementation of this order.,0
13337,04-10378,Department of State,receive applications for Presidential permits,the Secretary of State is hereby designated and empowered to receive all applications for Presidential permits,0
13338,04-11058,Secretary of Commerce,block export/reexport of items on the Commerce Control List to Syria,the Secretary of Commerce shall not permit the exportation or reexportation to Syria of any item on the Commerce Control List (15 C.F.R. part 774);,0
13338,04-11058,Secretary of State,block export/reexport of items on the United States Munitions List to Syria,The Secretary of State shall not permit the exportation or reexportation to Syria of any item on the United States Munitions List (22 C.F.R. part 121).,0
13338,04-11058,Secretary of Transportation,prohibit Syrian‑owned air carriers from providing foreign air transportation,"The Secretary of Transportation shall not permit any air carrier owned or controlled by Syria to provide foreign air transportation as defined in 49 U.S.C. 40102(a)(23),",0
13339,04-11271,President's Advisory Commission on Asian Americans and Pacific Islanders,established,There is established in the Department of Commerce the President's Advisory Commission on Asian Americans and Pacific Islanders (Commission).,0
13339,04-11271,White House Initiative on Asian Americans and Pacific Islanders,established,The Secretary shall establish within the Department of Commerce an office known as the White House Initiative on Asian Americans and Pacific Islanders (Office).,0
13339,04-11271,interagency working group,created,The Secretary shall also create an interagency working group (Working Group) whose activities shall be coordinated by the Department of Commerce.,0
13340,04-11592,Environmental Protection Agency,establishes the Great Lakes Interagency Task Force,"there is established, within the Environmental Protection Agency for administrative purposes, the “Great Lakes Interagency Task Force” (Task Force)",0
13340,04-11592,Great Lakes Interagency Task Force,establishes the Great Lakes Regional Working Group,The Task Force shall establish a “Great Lakes Regional Working Group” (Working Group) composed of the appropriate regional administrator,0
13340,04-11592,Great Lakes Interagency Task Force,requires a report to the President,"Submit a report to the President by May 31, 2005, and thereafter as appropriate",0
13342,04-12745,Department of Commerce,establish Center for Faith‑Based and Community Initiatives,(a) The Secretaries of Commerce and Veterans Affairs and the Administrator of the Small Business Administration shall each establish within their respective agencies a Center for Faith‑Based and Community Initiatives (Center).,0
13342,04-12745,Department of Veterans Affairs,establish Center for Faith‑Based and Community Initiatives,(a) The Secretaries of Commerce and Veterans Affairs and the Administrator of the Small Business Administration shall each establish within their respective agencies a Center for Faith‑Based and Community Initiatives (Center).,0
13342,04-12745,Small Business Administration,establish Center for Faith‑Based and Community Initiatives,(a) The Secretaries of Commerce and Veterans Affairs and the Administrator of the Small Business Administration shall each establish within their respective agencies a Center for Faith‑Based and Community Initiatives (Center).,0
13345,04-15933,Administrator of USAID,provide recommendations to the President on matters covered by the Foreign Assistance Act,The Administrator of USAID shall make recommendations with respect to 803(5)(B) of the Foreign Assistance Act,0
13345,04-15933,Secretary of State,perform foreign‑affairs functions under the ATDA Act and the Foreign Assistance Act,The Secretary of State is hereby designated to perform the functions of the President under sections 607 and 614 of the ATDA Act,0
13345,04-15933,Secretary of the Treasury,perform foreign‑affairs functions under the ATDA Act and the Foreign Assistance Act,The Secretary of the Treasury is hereby designated to perform the functions of the President under the following provisions of law:,0
13346,04-15934,Secretary of Commerce,make a certification consistent with section 2(9) of the Resolution,The Secretary of Commerce is authorized to make a certification consistent with section 2(9) of the Resolution,0
13346,04-15934,Secretary of State,"make waivers, determinations, certifications, recommendations, and undertake related reporting","The functions of the President in making certain waivers, determinations, certifications, recommendations, and reports to the Congress are assigned as follows:",0
13346,04-15934,United States Trade Representative,submit the report relating to sub‑Saharan Africa,The United States Trade Representative shall submit the report relating to sub‑Saharan Africa under section 106 of the African Growth and Opportunity Act,0
13347,04-17150,Department of Homeland Security,establish council,"There is hereby established, within the Department of Homeland Security for administrative purposes, the Interagency Coordinating Council on Emergency Preparedness and Individuals with Disabilities (the ``Council'').",0
13347,04-17150,Interagency Coordinating Council on Emergency Preparedness and Individuals with Disabilities,submit annual report,"The Council shall submit to the President each year beginning 1 year after the date of this order, through the Assistant to the President for Homeland Security, a report that describes:",0
13351,04-18575,Emergency Board,submit report to the President,"Within 30 days after the submission of final offers for settlement of the dispute, the Board shall submit a report to the President setting forth its selection of the most reasonable offer.",0
13351,04-18575,Emergency Board,terminate after submitting its report,The Board shall terminate upon the submission of the report provided for in section 2 of this order.,0
13351,04-18575,National Mediation Board,maintain Board records after termination,upon the Board's termination shall be maintained in the physical custody of the National Mediation Board.,0
13351,04-18575,Parties to the dispute,submit final settlement offers,"Within 30 days after the creation of the Board, the parties to the dispute shall submit to the Board final offers for settlement of the dispute.",0
13351,04-18575,Parties to the dispute,maintain status quo for 60 days after the Board’s report,"as provided by section 9A(h) of the Act, from the time a request to establish a second emergency board is made until 60 days after the Board submits its report to the President, the parties to the controversy shall make no change in the conditions out of which the dispute arose except by agreement of the parties.",0
13351,04-18575,President (appointing authority),appoint members of the Emergency Board,"There is established, effective August 10, 2004, a Board of three members to be appointed by the President to investigate and report on this dispute.",0
13352,04-19909,"Interior, Agriculture, Commerce, Defense, Environmental Protection Agency",implement laws relating to the environment and natural resources in a manner that facilitates cooperative conservation,"the Secretaries of the Interior, Agriculture, Commerce, and Defense and the Administrator of the Environmental Protection Agency shall, to the extent permitted by law and subject to the availability of appropriations and in coordination with each other as appropriate:",0
13353,04-20049,Department of Justice,administrative host for the Board,the Board shall be part of the Department of Justice for administrative purposes.,0
13358,04-22212,Secretary of Defense,"perform the President’s functions under the listed provisions of title 10, United States Code","The Secretary of Defense shall perform, except with respect to the Coast Guard during any period in which it is not operating as a service in the Navy, the functions of the President",0
13358,04-22212,Secretary of Homeland Security,"perform the President’s functions under the listed provisions of title 10 and title 14, United States Code","The Secretary of Homeland Security shall perform, with respect to the Coast Guard during any period in which it is not operating as a service in the Navy, the functions assigned to the President",0
13360,04-24098,All executive agencies,Develop a strategy to implement the order’s policy for service‑disabled veteran businesses in federal contracting and subcontracting.,develop a strategy to implement the policy set forth in section 1;,0
13360,04-24098,All executive agencies,Publish the agency’s strategy and submit an annual report to the SBA Administrator.,make the agency's strategy publicly available and report annually to the Administrator of the Small Business Administration,0
13360,04-24098,All executive agencies,Appoint a senior‑level official to oversee the development and implementation of the agency’s strategy.,designate a senior-level official who shall be responsible for developing and implementing the agency's strategy;,0
13360,04-24098,All executive agencies,Integrate the strategy and its outcomes into performance plans of key senior officials.,"include development and implementation of the agency's strategy and achievements in furtherance of the strategy as significant elements in any performance plans of the agency's designated agency senior-level official, chief acquisition officer, and director of small and disadvantaged business utilization;",0
13360,04-24098,All executive agencies,Reserve agency contracts exclusively for service‑disabled veteran businesses.,include in the agency's strategy plans for: (i) reserving agency contracts exclusively for service-disabled veteran businesses;,0
13360,04-24098,All executive agencies,Encourage and facilitate participation of service‑disabled veteran businesses in contract competitions.,(ii) encouraging and facilitating participation by service-disabled veteran businesses in competitions for award of agency contracts;,0
13360,04-24098,All executive agencies,Promote subcontracting to service‑disabled veteran businesses and monitor contractor compliance.,(iii) encouraging agency contractors to subcontract with service-disabled veteran businesses and actively monitoring and evaluating agency contractors' efforts to do so;,0
13360,04-24098,All executive agencies,Provide training to agency personnel on laws and policies affecting service‑disabled veteran business participation.,(iv) training agency personnel on applicable law and policies relating to participation of service-disabled veteran businesses in Federal contracting;,0
13360,04-24098,All executive agencies,Disseminate information to help service‑disabled veteran businesses compete for agency contracts.,(v) disseminating information to service-disabled veteran businesses that would assist these businesses in participating in awards of agency contracts.,0
13360,04-24098,All executive agencies,"Implement the duties assigned in sections 3‑7, consistent with law and appropriations.","Heads of agencies shall carry out duties assigned by sections 3, 4, 5, 6, and 7 of this order to the extent consistent with applicable law and subject to the availability of appropriations.",0
13360,04-24098,All executive agencies,Disclose personally identifying information on service‑disabled veterans to other agencies when legally permitted.,"To the extent permitted by law, an agency shall disclose personally identifying information on service-disabled veterans to other agencies who require such information in order to discharge their responsibilities under this order.",0
13360,04-24098,General Services Administration (Administrator),Create a government‑wide acquisition contract reserved for service‑disabled veteran businesses.,establish a Government-wide Acquisition Contract reserved for participation by service-disabled veteran businesses;,0
13360,04-24098,General Services Administration (Administrator),Help service‑disabled veteran businesses gain inclusion on Federal Supply Schedules.,assist service-disabled veteran businesses to be included in Federal Supply Schedules.,0
13360,04-24098,Secretary of Defense,Order the DAU to develop and make available training on contracting with service‑disabled veteran businesses.,direct the Defense Acquisition University (DAU) to develop training on contracting with service-disabled veteran businesses,0
13360,04-24098,Secretary of Labor and Secretary of Veterans Affairs,Instruct transition assistance programs to educate separating service members about benefits and entrepreneurial opportunities for service‑disabled veteran businesses.,direct the Transition Assistance Program and the Disability Transition Assistance Program to educate separating service members as to the benefits available to service-disabled veteran businesses,0
13360,04-24098,Secretary of Veterans Affairs,Provide CVE services to agencies and help verify contractor registration data for service‑disabled veteran businesses.,assist agencies by making available services of the CVE and assist in verifying the accuracy of contractor registration databases with regard to service-disabled veteran businesses.,0
13360,04-24098,Small Business Administration (Administrator),"Designate an SBA entity, in coordination with the VA’s CVE, to provide information and assistance to service‑disabled veteran businesses.","designate an appropriate entity within the Small Business Administration that shall, in coordination with the Veterans Affairs' Center for Veterans Enterprise (CVE), provide to service-disabled veteran businesses information and assistance",0
13360,04-24098,Small Business Administration (Administrator),Advise and assist agency heads in implementing the order’s duties.,advise and assist heads of agencies in their implementation of section 2 of this order;,0
13360,04-24098,Small Business Administration (Administrator),"Provide training on federal contracting law, procedures, and practices to service‑disabled veteran businesses.","make available to service-disabled veteran businesses training in Federal contracting law, procedures, and practices that would assist such businesses in participating in Federal contracting.",0
13362,04-26684,Department of Homeland Security (via designated FEMA directors),authorized to perform the duties of Secretary when vacancy occurs,"shall perform the functions and duties of the office of Secretary, if they are eligible to act as Secretary under the provisions of the Federal Vacancies Reform Act of 1998",0
13362,04-26684,Federal Emergency Management Agency,designated as additional officers in the DHS order of succession,"Director, Region V, Federal Emergency Management Agency; Director, Region VI, Federal Emergency Management Agency; Director, Region VII, Federal Emergency Management Agency;",0
13364,04-26686,Department of the Treasury,delegated_authority,"The Secretary of the Treasury, in consultation with the Secretary of State, is hereby authorized to take such actions, including the promulgation of rules and regulations, and to employ all powers granted to the President by IEEPA and the UNPA as may be necessary to carry out the purposes of this order.",0
13365,04-27076,Department of Defense Joint Service Committee (JSC) on Military Justice,reviews the Manual for Courts-Martial and proposes amendments to the Department of Defense on an annual basis,"""The Department of Defense Joint Service Committee (JSC) on Military Justice reviews the Manual for Courts-Martial and proposes amendments to the Department of Defense for",1
13369,05-771,Department of the Treasury,provide administrative support and funding,"The Department of the Treasury shall provide, to the extent permitted by law, administrative support and funding for the Advisory Panel.",0
13370,05-1170,Office of Management and Budget,perform the functions and duties of the office of Director,"the following officers of the Office of Management and Budget, in the order listed, shall perform the functions and duties of the office of Director",0
13381,05-13098,Office of Management and Budget,assign processes for eligibility determinations,"(a) may, to ensure the effective implementation of the policy set forth in section 1 of this order, assign, in whole or in part, to the head of any agency (solely or jointly) any process relating to determinations of eligibility for access to classified national security information, with the agency's exercise of such assigned process to be subject to the Director's supervision and to such terms and conditions (including approval by the Office of Management and Budget) as the Director determines appropriate;",0
13382,05-13214,Secretary of the Treasury,authorizes actions and rulemaking to implement the order,"the Secretary of the Treasury, in consultation with the Secretary of State, is hereby authorized to take such actions, including the promulgation of rules and regulations, and to employ all powers granted to the President by IEEPA as may be necessary to carry out the purposes of this order",0
13384,05-15160,Secretary of Defense,"perform the functions of the President under title 10, United States Code",The Secretary of Defense shall perform the functions of the President,0
13388,05-21571,Information Sharing Council,establish,there is hereby established an Information Sharing Council (Council),0
13389,05-22132,Executive Office of the President,establish,"There is established, within the Executive Office of the President, the Gulf Coast Recovery and Rebuilding Council (the ``Council'').",0
13391,05-23412,Department of the Treasury,authorizes actions and rulemaking to implement the sanctions,"The Secretary of the Treasury, in consultation with the Secretary of State, is hereby authorized to take such actions, including the promulgation of rules and regulations, and to employ all powers granted to the President by IEEPA, as may be necessary to carry out the purposes of this order.",0
13392,05-24255,All federal agencies,designate a senior official as Chief FOIA Officer within 30 days of the order’s date,"designate within 30 days of the date of this order a senior official of such agency (at the Assistant Secretary or equivalent level), to serve as the Chief FOIA Officer",0
13392,05-24255,All federal agencies,establish FOIA Requester Service Centers,"Each agency shall establish one or more FOIA Requester Service Centers (Center), as appropriate",0
13396,06-1316,All executive agencies,implement the sanctions,All executive agencies of the United States Government are hereby directed to take all appropriate measures within their authority to carry out the provisions of this order,0
13397,06-2362,Center for Faith-Based and Community Initiatives,begin operations within 45 days of the order’s issuance,The Center shall begin operations no later than 45 days from the date of this order.,0
13397,06-2362,Center for Faith-Based and Community Initiatives,prepare and submit a report to the WHOFBCI Director within 180 days and each year thereafter,"Not later than 180 days from the date of this order and annually thereafter, the Center shall prepare and submit a report to the WHOFBCI Director.",0
13397,06-2362,Center for Faith-Based and Community Initiatives,be supervised by a Director who is appointed by the Secretary,The Center shall be supervised by a Director appointed by Secretary.,0
13397,06-2362,Department of Homeland Security,establish a new Center for Faith‑Based and Community Initiatives within DHS,shall establish within the Department of Homeland Security (Department) a Center for Faith-Based and Community Initiatives (Center).,0
13397,06-2362,Secretary of Homeland Security,consult with the WHOFBCI Director before appointing the Center’s Director,The Secretary shall consult with the Director of the White House Office of Faith-,1
13397,06-2362,Secretary of Homeland Security,designate a departmental employee as liaison to the WHOFBCI Director,designate an employee within the department to serve as the liaison and point of contact with the WHOFBCI Director;,0
13397,06-2362,Secretary of Homeland Security,"cooperate with the WHOFBCI Director and provide requested information, support, and assistance","cooperate with the WHOFBCI Director and provide such information, support, and assistance to the WHOFBCI Director as requested",0
13398,06-3865,Department of Education,establishes a new advisory panel on mathematics education,There is hereby established within the Department of Education (Department) the National Mathematics Advisory Panel (Panel).,0
13399,06-4085,Department of the Treasury,implement and enforce the sanctions,"The Secretary of the Treasury, after consultation with the Secretary of State, is hereby authorized to take such actions",0
13401,06-4132,All executive agencies,designate a Liaison for volunteer community service,"The head of each agency shall, within 20 days after the date of this order, designate an officer or employee of such agency compensated at a level at or above the minimum level of pay of a member of the Senior Executive Service to serve … as the agency liaison for volunteer community service (Liaison).",0
13402,06-4552,Identity Theft Task Force,established,There is hereby established the Identity Theft Task Force.,0
13404,06-5351,Department of Homeland Security,provide funding and administrative support for the Task Force,"To the extent permitted by law, the Department shall provide the funding and administrative support the Task Force needs to implement this order, as determined by the Secretary.",0
13404,06-5351,Secretary of Homeland Security,establish a Task Force on New Americans within DHS,The Secretary of Homeland Security (Secretary) shall immediately establish within the Department of Homeland Security (Department) a Task Force on New Americans (Task Force).,0
13404,06-5351,Secretary of Homeland Security,"convene and preside meetings, direct work, and establish subgroups of the Task Force","The Secretary shall convene and preside at meetings of the Task Force, direct its work, and as appropriate, establish and direct subgroups of the Task Force",0
13406,06-5828,Attorney General,issue instructions to heads of departments and agencies to implement the policy; monitor takings for compliance,The Attorney General shall: (i) issue instructions to the heads of departments and agencies … and (ii) monitor takings by departments and agencies …,0
13410,06-7220,All Federal agencies that administer or sponsor a Federal health care program,implement quality‑measurement programs for health‑care services,Each agency shall implement programs measuring the quality of services supplied by health care providers to the beneficiaries or enrollees of a Federal health care program.,0
13410,06-7220,All Federal agencies that administer or sponsor a Federal health care program,publish pricing information for procedures covered by the program,Each agency shall make available (or provide for the availability) to the beneficiaries or enrollees,1
13410,06-7220,All Federal agencies that administer or sponsor a Federal health care program,"create approaches (e.g., pay‑for‑performance) to promote high‑quality, efficient care","Each agency shall develop and identify, for beneficiaries, enrollees, and providers, approaches that encourage and facilitate the provision and receipt of high‑quality and efficient health care.",0
13410,06-7220,All Federal agencies that administer or sponsor a Federal health care program,meet all directives by the specified deadline,"Agencies shall comply with the requirements of this order by January 1, 2007.",0
13410,06-7220,"All Federal agencies that implement, acquire, or upgrade health information technology systems",use health‑IT that meets recognized interoperability standards,"As each agency implements, acquires, or upgrades health information technology systems … it shall utilize, where available, health information technology systems and products that meet recognized interoperability standards.",0
13411,06-7492,Task Force on Disaster Assistance Coordination,establish,there is established the interagency ``Task Force on Disaster Assistance Coordination'' (Task Force).,0
13413,06-9020,Department of the Treasury,authorizes actions and rulemaking to implement the order,"The Secretary of the Treasury, after consultation with the Secretary of State, is hereby authorized to take such actions, including the promulgation of rules and regulations",0
13414,06-9148,Identity Theft Task Force,"prepare and submit in writing to the President a coordinated strategic plan by February 9, 2007, or as soon as practicable thereafter","prepare and submit in writing to the President by February 9, 2007, or as soon as practicable thereafter",0
13416,06-9619,All Federal agencies,provide assistance and information to the Secretary as requested,"Heads of agencies, as appropriate, shall provide such assistance and information as the Secretary may request",0
13416,06-9619,Department of Homeland Security,principal official for surface‑transportation infrastructure protection,The Secretary is the principal Federal official responsible for infrastructure protection activities for surface transportation.,0
13416,06-9619,Department of Homeland Security,develop a comprehensive sector‑specific transportation security plan,"not later than December 31, 2006, develop a comprehensive transportation systems sector specific plan",0
13416,06-9619,Department of Homeland Security,develop an annex to the sector‑specific plan,"not later than 90 days after the comprehensive transportation systems sector specific plan is completed, develop an annex to such plan",0
13416,06-9619,Department of Homeland Security,identify high‑risk surface‑transportation modes and draft security guidelines or requirements,"identify surface transportation modes, or components thereof, that are subject to high risk of terrorist attack",0
13416,06-9619,Department of Homeland Security,transmit draft security requirements to OMB for review per EO 12866,draft security requirements are transmitted to the Office of Management and Budget for review in accordance with Executive Order 12866,0
13416,06-9619,Department of Homeland Security,publish lists of technologies and products for surface‑transportation protection,establishing and making available ... lists of available technologies and products relating to the protection of surface transportation,0
13417,06-9632,President (appointing authority),establish Emergency Board,"There is established, effective 12:01 a.m. eastern standard time on December 7, 2006, a Board of three members to be appointed by the President to investigate and report on these disputes.",0
13419,06-9895,Office of Science and Technology Policy,receive the President’s functions under the NASA Authorization Act of 2005 (except designation),The functions of the President ... are assigned to the Director of the Office of Science and Technology Policy.,0
13419,06-9895,Office of Science and Technology Policy,review federal aeronautics R&D funding and activities and recommend actions to senior officials,review the funding and activities of the Federal Government relating to aeronautics R&D;,1
13419,06-9895,Office of Science and Technology Policy,prepare a national aeronautics R&D plan within 1 year and update it at least biennially,"develop and, not later than 1 year after the date of this order, submit for approval by the President a plan for national aeronautics R&D and for related infrastructure, (the “plan”), and thereafter submit, not less often than biennially, to the President for approval any changes to the plan;",0
13419,06-9895,Office of Science and Technology Policy,monitor and report on implementation of the aeronautics R&D plan,monitor and report to the President as appropriate on the implementation of the approved plan,0
13423,07-374,Chairman of the Council on Environmental Quality,create a presidential leadership award program,"shall administer a presidential leadership award program to recognize exceptional and outstanding environmental, energy, or transportation management performance",0
13423,07-374,Council on Environmental Quality (Chairman),"establish a Steering Committee on Strengthening Federal Environmental, Energy, and Transportation Management","shall establish a Steering Committee on Strengthening Federal Environmental, Energy, and Transportation Management to advise the Director of the Office of Management and Budget",0
13423,07-374,Each Federal agency head,designate a senior civilian officer to implement the order,within 30 days after the date of this order,1
13423,07-374,Federal Environmental Executive,provide a biennial report on agency implementation,"submit a report to the President, through the Chairman of the Council, not less often than once every 2 years",0
13423,07-374,President (via appointment),establish the Office of the Federal Environmental Executive within EPA,"shall head the Office of the Federal Environmental Executive, which shall be maintained in the Environmental Protection Agency",0
13423,07-374,Secretary of Defense,submit an annual report on Department of Defense energy‑efficiency progress,"not later than January 1 of each year through and including 2010, the Secretary of Defense shall submit",1
13426,07-1137,Interagency Task Force on Returning Global War on Terror Heroes,establishes a new task force to coordinate federal services for returning service members,The Secretary of Veterans Affairs (Secretary) shall establish within the Department of Veterans Affairs for administrative purposes only an Interagency Task Force on Returning Global War on Terror Heroes (Task Force).,0
13426,07-1137,President's Commission on Care for America's Returning Wounded Warriors,establishes a new commission to review care for returning wounded service members,There is established the President's Commission on Care for America's Returning Wounded Warriors (Commission).,0
13429,07-1816,National Mediation Board,maintain Board records after termination,shall be maintained in the physical custody of the National Mediation Board,0
13429,07-1816,President (appointing authority),appoint members of the Emergency Board,"There is established, effective April 6, 2007, a Board of three members to be appointed by the President",0
13431,07-2367,Department of State,establishes the Iraq Transition Assistance Office (ITAO) as a temporary organization,"There is established within the Department of State, in accordance with section 3161 of title 5, United States Code, a temporary organization to be known as the Iraq Transition Assistance Office (ITAO).",0
13432,07-2462,"Department of Transportation, Department of Energy, Environmental Protection Agency",coordinate regulatory actions on greenhouse‑gas emissions with the other agencies,the head of an agency undertaking a regulatory action ... shall: (a) undertake such a regulatory action ... jointly with the other agencies;,0
13432,07-2462,Director of the Office of Management and Budget,monitor agency implementation and report to the President at least twice a year,"shall monitor the implementation of this order by the heads of the agencies and shall report thereon to the President ... not less often than semiannually,",0
13432,07-2462,Director of the Office of Management and Budget,require agency heads to submit reports and coordinate with OMB,"may require the heads of the agencies to submit reports to, and coordinate with, such Office on matters related to this order.",0
13432,07-2462,Each agency head,obtain concurrence from other agency heads before publishing a regulatory action,"obtain, to the extent permitted by law, concurrence or other views from the heads of the other agencies ... in no event later than 30 days prior to publication of such action.",0
13432,07-2462,Each agency head,"appoint staff to implement the order, keep other agencies and OMB informed, and coordinate actions","designate appropriate personnel within the agency to (i) direct the agency's implementation of this order, (ii) ensure that the agency keeps the other agencies and the Office of Management and Budget informed of the agency regulatory actions to which section 3 refers, and (iii) coordinate such actions with the agencies;",0
13433,07-2518,Executive Office of the President,"implement the policy that legal and expert‑witness services must be compensated in reasonable, non‑contingent amounts","Heads of agencies shall implement within their respective agencies the policy set forth in section 1, consistent with such instructions as the Attorney General may prescribe.",0
13434,07-2570,Assistant to the President for Homeland Security and Counterterrorism (APHS/CT) (in coordination with the Assistant to the President for National Security Affairs (APNSA)),submit a National Strategy for the Development of Security Professionals,"Not later than 60 days after the date of this order, the Assistant to the President for Homeland Security and Counterterrorism (APHS/CT) ... shall submit to the President for approval a National Strategy for the Development of Security Professionals (National Strategy).",0
13434,07-2570,Director of the Office of Personnel Management (OPM),lead the establishment of a national‑security professional‑development program and issue related rules and guidance,"the Director of the Office of Personnel Management, after consultation with the Steering Committee, shall ... lead the establishment of a national security professional development program",0
13434,07-2570,Executive Steering Committee (inter‑agency),creation of a new body to facilitate implementation of the National Strategy,There is established the Security Professional Development Executive Steering Committee (Steering Committee),0
13434,07-2570,Security Professional Development Executive Steering Committee,submit an implementation plan for the National Strategy,"Not later than 120 days after the approval of the National Strategy by the President, the Steering Committee shall submit to the APHS/CT and the APNSA an implementation plan (plan) for the National Strategy",0
13434,07-2570,Security Professional Development Executive Steering Committee,submit an annual status report on implementation of the plan,and annually thereafter shall submit to the APHS/CT and the APNSA a status report on the implementation of the plan,0
13435,07-3112,Department of Health and Human Services,conduct_and_support_research,"The Secretary of Health and Human Services (Secretary) shall conduct and support research on the isolation, derivation, production, and testing of stem cells … but are derived without creating a human embryo for research purposes or destroying, discarding, or subjecting to harm a human embryo or fetus.",0
13439,07-3593,Department of Health and Human Services,establish Interagency Working Group on Import Safety,The Secretary of Health and Human Services shall establish within the Department of Health and Human Services for administrative purposes only an Interagency Working Group on Import Safety (Working Group).,0
13440,07-3656,Director of National Intelligence,Assume the President's function under the Military Commissions Act with respect to the program,the function of the President under section 6(c)(3) of the Military Commissions Act of 2006 is assigned to the Director of National Intelligence,0
13440,07-3656,Director of the Central Intelligence Agency,"Issue written policies governing the CIA detention and interrogation program, including guidelines and requirements to ensure compliance",The Director of the Central Intelligence Agency shall issue written policies to govern the program,0
13441,07-3835,Department of the Treasury,enforce the order,"The Secretary of the Treasury, in consultation with the Secretary of State, is hereby authorized to take such actions, including the promulgation of rules and regulations",0
13441,07-3835,Department of the Treasury,report to Congress,"The Secretary of the Treasury, after consultation with the Secretary of State, is hereby authorized to submit the recurring and final reports to the Congress",0
13443,07-4115,All Federal agencies,evaluate hunting‑participation trends and implement actions to expand hunting opportunities,"Evaluate the effect of agency actions on trends in hunting participation and, where appropriate to address declining trends, implement actions that expand and enhance hunting opportunities for the public;",0
13443,07-4115,All Federal agencies,consider economic and recreational hunting values,"Consider the economic and recreational values of hunting in agency actions, as appropriate;",0
13443,07-4115,All Federal agencies,manage wildlife and habitats to expand hunting opportunities,"Manage wildlife and wildlife habitats on public lands in a manner that expands and enhances hunting opportunities, including through the use of hunting in wildlife management planning;",0
13443,07-4115,All Federal agencies,collaborate with states on game‑species management respecting property rights,Work collaboratively with State governments to manage and conserve game species and their habitats in a manner that respects private property rights and State management authority over wildlife resources;,0
13443,07-4115,All Federal agencies,set short‑ and long‑term goals for healthy game populations and hunting opportunities,"Establish short and long term goals, in cooperation with State and tribal governments,",1
13443,07-4115,All Federal agencies,incorporate existing comprehensive wildlife‑management plans,"Ensure that agency plans and actions consider programs and recommendations of comprehensive planning efforts such as State Wildlife Action Plans, the North American Waterfowl Management Plan, and other range‑wide management plans for big game and upland game birds;",0
13443,07-4115,All Federal agencies,"consult State, tribal, and Sporting Conservation Council on hunting‑related activities","Seek the advice of State and tribal fish and wildlife agencies, and, as appropriate, consult with the Sporting Conservation Council and other organizations, with respect to the foregoing Federal activities.",0
13445,07-4890,Department of Education,provide funding and administrative support to the Interagency Adult Education Working Group,the Department of Education shall provide the funding and administrative support the Working Group needs,0
13448,07-5270,All U.S. Government agencies,implement the order's provisions and take appropriate measures,All agencies of the United States Government are hereby directed to take all appropriate measures within their authority to carry out the provisions of this order,0
13448,07-5270,Secretary of the Treasury,"take actions, including promulgating rules and regulations, to carry out the purposes of the order","The Secretary of the Treasury, after consultation with the Secretary of State, is hereby authorized to take such actions, including the promulgation of rules and regulations",0
13448,07-5270,Secretary of the Treasury,determine delistings of persons from the annex and lift property blocking,"The Secretary of the Treasury, after consultation with the Secretary of State, is authorized to determine ... that circumstances no longer warrant inclusion of a person in the Annex to this order",0
13449,07-5299,Secretary of Commerce,"encourage management under Federal, State, territorial, tribal, and local laws that supports the policy of conserving striped bass and red drum","encourage, as appropriate, management under Federal, State, territorial, tribal, and local laws that supports the policy of conserving striped bass and red drum",0
13449,07-5299,Secretary of Commerce,revise regulations to prohibit the sale of striped bass and red drum caught within the Exclusive Economic Zone of the United States,"revise current regulations, as appropriate, to include prohibiting the sale of striped bass and red drum caught within the Exclusive Economic Zone of the United States",0
13449,07-5299,Secretary of Commerce,periodically review the status of the striped bass and red drum populations within waters subject to the jurisdiction of the United States,periodically review the status of the striped bass and red drum populations within waters subject to the jurisdiction of the United States,0
13449,07-5299,Secretary of Commerce,take such actions within the authority of the Secretary of Commerce as may be appropriate to carry out the policy set forth in section 1 of this order,take such actions within the authority of the Secretary of Commerce as may be appropriate to carry out the policy set forth in section 1 of this order,0
13449,07-5299,Secretary of Commerce,recommend to the President such actions as the Secretary may deem appropriate to advance the policy set forth in section 1 that are not within the authority of the Secretary,recommend to the President such actions as the Secretary may deem appropriate to advance the policy set forth in section 1 that are not within the authority of the Secretary,0
13449,07-5299,Secretary of the Interior,"implement subsections 2(a)(i) and (iii) relating to Atlantic striped bass jointly with the Secretary of Commerce, as appropriate","The Secretary of Commerce shall implement subsections 2(a)(i) and (iii), insofar as they relate to Atlantic striped bass, jointly with the Secretary of the Interior, as appropriate.",0
13450,07-5726,Office of Management and Budget,establish Performance Improvement Council,"The Director shall establish, within the Office of Management and Budget for administrative purposes only, a Performance Improvement Council (Council), consistent with this order.",0
13452,07-5919,President (appointing a Board of five members),establish Emergency Board,"There is established, effective 12:01 a.m. eastern standard time on December 1, 2007, a Board of five members to be appointed by the President",0
13455,08-325,President's Advisory Council on Financial Literacy,establish,There is established within the Department of the Treasury the President's Advisory Council on Financial Literacy (Council).,0
13457,08-483,All agencies,recognize the order creates no enforceable private rights,"This order is not intended to, and does not, create any right or benefit, substantive or procedural, enforceable at law",0
13457,08-483,All agency heads,ensure earmark decisions are based on statutory text,"agency decisions to commit, obligate, or expend funds for any earmark are based on the text of laws",0
13457,08-483,All executive agencies,avoid using earmarks from non‑statutory sources,"executive agencies should not commit, obligate, or expend funds on the basis of earmarks included in any non‑statutory source",0
13457,08-483,Each agency head,provide OMB with earmark and compliance information upon request,The head of each agency shall upon request provide to the Director of the Office of Management and Budget information about earmarks and compliance with this order,0
13457,08-483,Receiving agency,publish written congressional earmark requests online within 30 days,"shall be made publicly available on the Internet by the receiving agency, not later than 30 days after receipt of such communication",0
13458,08-568,"Secretaries of State, Defense, Commerce, Energy, the Attorney General, the Nuclear Regulatory Commission, and heads of such other agencies as appropriate","issue, amend, revise, and enforce regulations, orders, directives, instructions, or procedures needed to implement the Act and the Additional Protocol","each shall issue, amend, or revise, and enforce such regulations, orders, directives, instructions, or procedures as are necessary to implement the Act and United States obligations under the Additional Protocol.",0
13458,08-568,"Secretaries of State, Defense, Commerce, Energy, the Attorney General, the Nuclear Regulatory Commission, and heads of such other departments and agencies as appropriate",carry out additional functions needed to implement the Act and the Additional Protocol,"are authorized to carry out, consistent with the Act and in accordance with subsequent directives, appropriate functions that are not otherwise assigned in the Act and are necessary to implement the Act and United States obligations under the Additional Protocol.",0
13458,08-568,Secretary of Commerce (with assistance of the Attorney General),obtain and execute warrants under section 223 of the Act to gain complementary access,is authorized to obtain and to execute warrants pursuant to section 223 of the Act for the purpose of gaining complementary access to locations subject to regulations issued by the Department of Commerce pursuant to section 1 of this order.,0
13458,08-568,Secretary of State,provide notifications or information to Congress as required by the Act,The Secretary of State shall perform the function of providing notifications or information to the Congress when required by the Act.,0
13459,08-658,Department of Health and Human Services,establish Interagency Working Group on Youth Programs,The Secretary of Health and Human Services ... shall establish ... an Interagency Working Group on Youth Programs (Working Group),0
13460,08-761,Department of the Treasury,implement and enforce the property blocking measures,"The Secretary of the Treasury, after consultation with the Secretary of State, is hereby authorized to take such actions, including the promulgation of rules and regulations, and to employ all powers granted to the President by IEEPA as may be necessary to carry out the purposes of this order.",0
13462,08-970,Intelligence Oversight Board (IOB),established,There is hereby established a committee of the PIAB to be known as the Intelligence Oversight Board.,0
13462,08-970,President's Intelligence Advisory Board (PIAB),established,"There is hereby established, within the Executive Office of the President ... the President's Intelligence Advisory Board (PIAB).",0
13465,08-1348,Administrator of General Services,amend the Federal Acquisition Regulation to implement debarment and employment eligibility verification responsibilities under this order,"shall amend the Federal Acquisition Regulation to the extent necessary and appropriate to implement the debarment responsibility, the employment eligibility verification responsibility, and other related responsibilities assigned to heads of departments and agencies under this order.",0
13465,08-1348,Administrator of the National Aeronautics and Space Administration,amend the Federal Acquisition Regulation to implement debarment and employment eligibility verification responsibilities under this order,"shall amend the Federal Acquisition Regulation to the extent necessary and appropriate to implement the debarment responsibility, the employment eligibility verification responsibility, and other related responsibilities assigned to heads of departments and agencies under this order.",0
13465,08-1348,Executive departments and agencies,require contractors to use the electronic employment eligibility verification system designated by the Secretary of Homeland Security,"shall require, as a condition of each contract, that the contractor agree to use an electronic employment eligibility verification system designated by the Secretary of Homeland Security to verify the employment eligibility of",0
13465,08-1348,Secretary of Defense,amend the Federal Acquisition Regulation to implement debarment and employment eligibility verification responsibilities under this order,"shall amend the Federal Acquisition Regulation to the extent necessary and appropriate to implement the debarment responsibility, the employment eligibility verification responsibility, and other related responsibilities assigned to heads of departments and agencies under this order.",0
13465,08-1348,Secretary of Homeland Security,"administer, maintain, modify, and establish terms and procedures for the electronic employment eligibility verification system","shall administer, maintain, and modify as necessary and appropriate the electronic employment eligibility verification system designated by the Secretary under subsection (a) of this section;",0
13465,08-1348,Secretary of Homeland Security and the Attorney General,"administer and enforce this order and may issue rules, regulations, or orders to implement it",shall administer and enforce this order; and,1
13469,08-1480,Department of the Treasury,authorizes actions and rulemaking to implement the order,"The Secretary of the Treasury, after consultation with the Secretary of State, is hereby authorized to take such actions, including the promulgation of rules and regulations, and to employ all powers granted to the President by IEEPA as may be necessary to carry out the purposes of this order.",0
13472,E8-21651,each agency,"establish, maintain, and revise its order of succession, or propose presidential action to establish or revise an order of succession","each agency shall take all appropriate actions to establish, maintain, and, as necessary, revise an order of succession",0
13472,E8-21651,each agency,submit the proposed order of succession to the Office of Management and Budget,"the agency shall submit the proposed order to the Office of Management and Budget in accordance with Executive Order 11030, as amended",0
13472,E8-21651,each agency described in subsection 3(a),send proposed updates or revisions of its order of succession to the Counsel to the President for review and comment,shall send any proposed updates or revisions to the agency's order of succession to the Counsel to the President for review and comment,0
13472,E8-21651,each agency described in subsection 4(a),"provide a copy of its order of succession to the Counsel to the President, the Assistant to the President for Homeland Security and Counterterrorism, and the Director of the Office of Management and Budget within the specified timeframes","provide a copy of its order of succession to the Counsel to the President, the Assistant to the President for Homeland Security and Counterterrorism, and the Director of",1
13472,E8-21651,each agency described in subsection 4(b),update and revise its order of succession as necessary and send proposed revisions to the Counsel to the President for review and comment,shall send the proposed revisions to the Counsel to the President for review and comment,0
13472,E8-21651,each agency for which presidential action is not required,establish and maintain an order of succession in accordance with applicable law and guidance,establish and maintain such order in accordance with applicable law and any applicable guidance,0
13472,E8-21651,each agency for which presidential action is required to establish an order of succession,"draft a proposed order of succession (if none exists) and, within 30 days, send the draft to the Counsel to the President for review and comment","not later than 30 days from the date of this order, send such proposed draft order to the Counsel to the President for review and comment",0
13476,E8-24465,Presidential Transition Coordinating Council,coordinate transition activities,there is established a Presidential Transition Coordinating Council (Council).,0
13479,E8-27777,Department of Transportation,create support staff,establish within the Department of Transportation a support staff (Staff),0
13479,E8-27777,Department of Transportation,create advisory committee,establish an advisory committee,0
13484,E9-811,Department of Agriculture,amends,"Executive Order 13241 of December 18, 2001, as amended, is further amended as follows:",0
13485,E9-814,Department of Transportation,establishes an order of succession for the Secretary of Transportation position within the Department of Transportation,"the following officials of the Department of Transportation, in the order listed, shall act as and perform the functions and duties of the office of the Secretary of Transportation",0
13485,E9-814,Department of Transportation,"supersedes the President's Memorandum of March 19, 2002","This order supersedes the President's Memorandum of March 19, 2002 (Designation of Officers of the Department of Transportation).",0
13486,E9-818,All Executive Departments and Agencies,cover labor and travel costs for Working Group representatives and supply needed information,"The heads of departments and agencies shall provide for the labor and travel costs of their representatives and, to the extent permitted by law, provide the Working Group such information and assistance as it needs to implement this order.",0
13486,E9-818,Department of Defense,host the Working Group,"There is hereby established, within the Department of Defense for administrative purposes only, the Working Group on Strengthening the Biosecurity of the United States (Working Group).",0
13486,E9-818,Various Cabinet Departments and Agencies,provide members of the Working Group,The Working Group shall consist exclusively of the following members:,1
13487,E9-1538,Department of State,establishes a temporary organization (Afghanistan Support Office) to support U.S. efforts in Afghanistan,"There is established within the Department of State, in accordance with section 3161 of title 5, United States Code, a temporary organization to be known as the Afghanistan Support Office (ASO).",0
13488,E9-1574,Office of Personnel Management,implement the order and issue regulations and guidance related to suitability and fitness,"The Director of the Office of Personnel Management is delegated authority to implement this order, including the authority to issue regulations and guidance",0
13489,E9-1712,Archivist,withhold disclosure of privileged records unless directed,the Archivist shall not disclose the privileged records unless directed to do so by an incumbent President or by a final court order.,0
13489,E9-1712,Attorney General,determine whether executive privilege is justified,"the Attorney General and the Counsel to the President, in the exercise of their discretion ... may jointly determine that invocation of executive privilege is not justified.",0
13489,E9-1712,Counsel to the President,determine whether executive privilege is justified,"the Attorney General and the Counsel to the President, in the exercise of their discretion ... may jointly determine that invocation of executive privilege is not justified.",0
13490,E9-1719,Heads of executive agencies,"establish rules or procedures, in consultation with the Director of the Office of Government Ethics, to ensure every appointee signs the pledge","shall, in consultation with the Director of the Office of Government Ethics, establish such rules or procedures",0
13490,E9-1719,Office of Government Ethics,ensure that the pledge and a copy of this order are made available for use by agencies,ensure that the pledge and a copy of this order are made available for use by agencies,0
13490,E9-1719,Office of Management and Budget,may grant a written waiver of any restrictions contained in the pledge,a written waiver of any restrictions contained in the pledge,0
13491,E9-1885,Executive Office of the President,Create a Special Interagency Task Force on Interrogation and Transfer Policies,There shall be established a Special Task Force on Interrogation and Transfer Policies (Special Task Force) to review interrogation and transfer policies.,0
13492,E9-1893,Attorney General,coordinate the Review,"the Attorney General, who shall coordinate the Review",0
13493,E9-1895,Special Interagency Task Force on Detainee Disposition,establish,There shall be established a Special Task Force on Detainee Disposition (Special Task Force) to identify lawful options,0
13493,E9-1895,Special Interagency Task Force on Detainee Disposition,report,"shall provide a report to the President, through the Assistant to the President for National Security Affairs and the Counsel to the President, on the matters set forth in subsection (d) within 180 days of the date of this order",0
13494,E9-2483,All contracting departments and agencies,treat the identified costs as unallowable,certain costs that are not directly related to the contractors' provision of goods and services to the Government shall be unallowable for payment,0
13494,E9-2483,All contracting departments and agencies,treat the identified costs as unallowable,"shall treat as unallowable the costs of any activities undertaken to persuade employees--whether employees of the recipient of the Federal disbursements or of any other entity--to exercise or not to exercise, or concerning the manner of exercising, the right to organize and bargain collectively",0
13496,E9-2485,Secretary of Labor,administration_and_enforcement,The Secretary of Labor (Secretary) shall be responsible for the administration and enforcement of this order.,0
13497,E9-2486,Office of Management and Budget,"rescind implementing or enforcing orders, rules, regulations, guidelines, or policies","The Director of the Office of Management and Budget and the heads of executive departments and agencies shall promptly rescind any orders, rules, regulations, guidelines, or policies implementing or enforcing Executive Order 13258 or Executive Order 13422, to the extent consistent with law.",0
13498,E9-2893,Executive Office of the President,creates_body,There is established within the Executive Office of the President the President's Advisory Council on Faith-Based and Neighborhood Partnerships (Council).,0
13501,E9-3112,Department of the Treasury,establish PERAB,There is hereby established within the Department of the Treasury the President's Economic Recovery Advisory Board (PERAB).,0
13502,E9-3113,Director of OMB,provide the President with recommendations on broader use of project labor agreements within 180 days,"shall provide the President within 180 days of this order, recommendations about whether broader use of project labor agreements",1
13502,E9-3113,Federal Acquisition Regulatory Council (FAR Council),amend the Federal Acquisition Regulation to implement the order,"Within 120 days of the date of this order, the Federal Acquisition Regulatory Council (FAR Council)",1
13502,E9-3113,executive agencies,may require contractors to use a project labor agreement where criteria are met,"executive agencies may, on a project-by-project basis, require the use of a project labor agreement by a contractor",0
13502,E9-3113,heads of executive agencies,"revoke any orders, rules, or regulations implementing EO 13202 and EO 13208","The heads of executive agencies shall, to the extent permitted by law, revoke expeditiously any orders, rules, or regulations implementing Executive Orders 13202 and 13208",0
13504,E9-4103,Executive Office of the President,revokes_or_amends,"is further amended by striking ``February 28, 2009'' and inserting in lieu thereof ``September 30, 2009''.",0
13505,E9-5441,Department of Health and Human Services (Secretary) through the National Institutes of Health (Director),"support and conduct responsible, scientifically worthy human stem cell research","The Secretary of Health and Human Services (Secretary), through the Director of NIH, may support and conduct responsible, scientifically worthy human stem cell research, including human embryonic stem cell research, to the extent permitted by law.",0
13506,E9-5802,Executive Office of the President,establish council,There is established within the Executive Office of the President a White House Council on Women and Girls (Council).,0
13507,E9-8572,All executive departments and agencies,"cooperate with the Health Reform Office and provide information, support, and assistance","All executive departments and agencies shall cooperate with the Health Reform Office and provide such information, support, and assistance",0
13507,E9-8572,Each executive department and agency,designate a liaison to work with the Health Reform Office,each executive department and agency shall designate a liaison to work with the Health Reform Office,0
13507,E9-8572,Secretary of Health and Human Services,establish within the Department of Health and Human Services (HHS) an Office of Health Reform,"The Secretary of Health and Human Services, to the extent permitted by law, shall establish within the Department of Health and Human Services (HHS) an Office of Health Reform",0
13508,E9-11547,Committee,publish draft strategy for public review,the draft strategy shall be published for public review and comment within 180 days of the date of this order,0
13508,E9-11547,Committee,publish final strategy,a final strategy shall be published within 1 year.,0
13508,E9-11547,Committee,publish an annual Action Plan (and accompanying Annual Progress Report),"Beginning in 2010, the Committee shall publish an annual Chesapeake Bay Action Plan (Action Plan)",0
13508,E9-11547,EPA Administrator,publish guidance for Federal land management,"The Administrator of the EPA shall, within 1 year of the date of this order ... publish guidance for Federal land management in the Chesapeake Bay watershed",0
13508,E9-11547,Federal Leadership Committee,establishes a new inter‑agency committee to oversee Chesapeake Bay protection and restoration,a Federal Leadership Committee (Committee) for the Chesapeake Bay is established to oversee the development and coordination of programs and activities,0
13508,E9-11547,Heads of agencies,authorize limited exceptions to the order,"The heads of agencies may authorize exceptions to this order, in the following circumstances",0
13508,E9-11547,Lead agencies,provide final reports to the Committee,The lead agencies shall provide final reports to the Committee within 180 days of the date of this order.,0
13508,E9-11547,"Lead agencies (EPA, USDA, DOD, DOI, DOC, etc.)",prepare and submit draft reports to the Committee,"Within 120 days from the date of this order, the agencies identified in this section as the lead agencies shall prepare and submit draft reports to the Committee",0
13513,E9-24203,All executive‑branch agencies,"implement the prohibition, adopt compliance measures, and report to the Secretary of Transportation","Within 90 days of the date of this order, each agency is directed, consistent with all applicable laws and regulations: (i) to take appropriate measures to implement this order, (ii) to adopt measures to ensure compliance with section 2 of this order, including through appropriate disciplinary actions, and (iii) to notify the Secretary of Transportation of the measures it undertakes hereunder.",0
13513,E9-24203,All federal agencies (by implication),prohibit text‑messaging while driving by federal employees and by employees using government‑supplied equipment,"Federal employees shall not engage in text messaging (a) when driving GOV, or when driving POV while on official Government business, or (b) when using electronic equipment supplied by the Government while driving.",0
13513,E9-24203,Secretary of Transportation (with GAO and OPM),provide leadership and guidance to agency heads for order implementation,"The Secretary of Transportation, in consultation with the Administrator of General Services and the Director of the Office of Personnel Management, shall provide leadership and guidance to the heads of executive branch agencies to assist them with any action pursuant to this order.",0
13514,E9-24518,Office of Management and Budget (OMB) and Council on Environmental Quality (CEQ),establish a new inter‑agency Steering Committee on Federal Sustainability,The OMB Director and the CEQ Chair shall: (a) establish an interagency Steering Committee (Steering Committee) on Federal Sustainability,0
13515,E9-25268,Executive Office of the President,establishes a President's Advisory Commission on Asian Americans and Pacific Islanders,There is established in the Department of Education the President's Advisory Commission on Asian Americans and Pacific Islanders (Commission).,0
13515,E9-25268,Executive Office of the President,sets the size and appointment method for the Commission,The Commission shall consist of not more than 20 members appointed by the President.,0
13515,E9-25268,Executive Office of the President,establishes a two‑year termination date for the Commission,"The Commission shall terminate 2 years from the date of this order, unless renewed by the President.",0
13515,E9-25268,Executive Office of the President,establishes a White House Initiative on Asian Americans and Pacific Islanders,"There is established the White House Initiative on Asian Americans and Pacific Islanders (Initiative), a Federal interagency working group whose members shall be selected by their respective agencies.",0
13515,E9-25268,Executive Office of the President,assigns the Secretary of Education (with the Secretary of Commerce) to designate an Executive Director for the Commission,"The Secretary of Education, in consultation with the Secretary of Commerce, shall designate an Executive Director for the Commission.",0
13515,E9-25268,Executive Office of the President,requires agencies to submit their plans to the Co‑Chairs by a date set by the Co‑Chairs,Each agency plan shall be submitted to the Co‑Chairs by a date to be established by the Co‑Chairs.,0
13515,E9-25268,Executive Office of the President,requires agencies to assess performance after the first year of their plan,"after the first year, shall provide for the assessment of that agency's performance on the goals set in the previous year's plan.",0
13515,E9-25268,Executive Office of the President,specifies that Commission members serve without compensation but may receive travel expenses,"Members of the Commission shall serve without compensation, but shall be allowed travel expenses, including per diem in lieu of subsistence, as authorized by",1
13516,E9-26408,Executive Order 13462,revoked_or_amended,"Section 1. Executive Order 13462 of February 29, 2008, is amended as follows:",0
13516,E9-26408,PIAB leadership designation,amended,"(c) The President shall designate a Chair or Co‑Chairs from among the members of the PIAB, who shall convene and preside at meetings of the PIAB, determine its agenda, and direct its work.",0
13516,E9-26408,PIAB membership limit,amended,(b) The PIAB shall consist of not more than 16 members appointed by the President from among individuals who are not full-time employees of the Federal Government.,0
13516,E9-26408,Reference to EO 12333,substituted,"by substituting ``section 1.6(c) of Executive Order 12333, as amended'' for ``section 1.7(d) of Executive Order 12333'' each time it appears in the order.",0
13516,E9-26408,Section 11 access‑agreement requirement,amended,"(b) Any person who is a member of the PIAB or the IOB, or who is granted access to classified national security information in relation to the activities of the PIAB or the IOB, as a condition of access to such information, shall sign and comply with appropriate agreements to protect such information from unauthorized disclosure.",0
13516,E9-26408,Section 6 reporting requirement,added,(c) forward to the Attorney General information concerning intelligence activities that involve possible violations of Federal criminal laws or otherwise implicate the authority of the Attorney,1
13516,E9-26408,Section 8 information‑assistance provision,amended,"To the extent permitted by law, the DNI and the heads of departments concerned shall provide such information and assistance as the PIAB and the IOB determine is needed to perform their functions under this order.",0
13516,E9-26408,definition of “intelligence activities”,amended,"(b) ''intelligence activities'' has the meaning specified in section 3.5 of Executive Order 12333 of December 4, 1981, as amended; and",0
13519,E9-28022,Attorney General (Department of Justice),chair the Task Force and select senior‑level officials from listed departments,"The Task Force shall be chaired by the Attorney General and consist of senior-level officials from the following departments, agencies, and offices",0
13519,E9-28022,Department of Justice,lead the newly created Financial Fraud Enforcement Task Force,There is hereby established an interagency Financial Fraud Enforcement Task Force (Task Force) led by the Department of Justice.,0
13520,E9-28493,Chief Financial Officers Council (CFOC),make recommendations to the Director of OMB and the Secretary of the Treasury on actions agencies should take to improve payment methodologies,"Within 180 days of the date of this order, the Chief Financial Officers Council (CFOC) ... shall make recommendations to the Director of OMB and the Secretary of the Treasury",0
13520,E9-28493,Designated agency officials,"provide the agency's Inspector General a report containing methodology, plans, and analysis for reducing improper payments","Within 180 days of the date of this order, each agency official ... shall provide the agency's Inspector General a report containing",0
13520,E9-28493,Director of OMB,"establish a working group of Federal, State, and local officials to improve single audit effectiveness","Within 30 days of the date of this order, the Director of OMB shall establish a working group consisting of Federal and elected State and local officials to make recommendations to the Director of OMB designed to improve the effectiveness of single audits",0
13520,E9-28493,Director of OMB,"establish a working group of Federal, State, and local officials to improve incentives and accountability of entities receiving Federal funds","Within 30 days of the date of this order, the Director of OMB shall establish a working group (which may be separate from the group established under subsection (b) of this section) consisting of Federal and elected State and local officials to make recommendations to the Director of OMB for administrative actions designed to improve the incentives and accountability",0
13520,E9-28493,Director of OMB,"develop policy recommendations, including potential legislative proposals, to reduce improper payments","The Director of OMB, in consultation with the appropriate agencies and the CIGIE, shall develop policy recommendations, including potential legislative proposals",0
13520,E9-28493,Federal Acquisition Regulatory Council,recommend to the President actions designed to enhance contractor accountability for improper payments,"Within 180 days of the date of this order, the Federal Acquisition Regulatory Council ... shall recommend to the President actions designed to enhance contractor accountability",0
13520,E9-28493,Head of each agency,designate an accountable official (and possibly a second official) for high‑priority programs,"Within 120 days of the date of this order, the head of each agency responsible for operating a high‑priority program shall designate an official",0
13520,E9-28493,Head of each agency,submit quarterly reports on high‑dollar improper payments after an initial 180‑day period,"at least once every quarter thereafter, the head of each agency shall submit ... a report on any high‑dollar improper payments identified by the agency",0
13520,E9-28493,Office of Management and Budget (OMB),"identify high‑priority programs, establish targets, issue guidance, and establish a working group to improve measurement of access to Federal programs","Within 90 days of the date of this order, the Director of the Office of Management and Budget (OMB) shall:",0
13520,E9-28493,Secretary of the Treasury,publish on the Internet information about improper payments under high‑priority programs,"Within 180 days of the date of this order, the Secretary of the Treasury in coordination with the Attorney General and the Director of OMB, shall publish on the Internet information about improper payments",0
13520,E9-28493,Secretary of the Treasury,"establish a central Internet‑based method to collect public information concerning suspected waste, fraud, and abuse","Within 180 days of the date of this order, the Secretary of the Treasury ... shall establish a central Internet‑based method to collect from the public information concerning suspected incidents of waste, fraud, and abuse",0
13523,E9-30020,All executive branch departments and agencies of the Federal Government,"closed for the last half of the scheduled workday on Thursday, December 24, 2009","shall be closed and their employees excused from duty for the last half of the scheduled workday on Thursday, December 24, 2009",0
13526,E9-31418,Information Security Oversight Office,establishes a new office,There is established within the National Archives an Information Security Oversight Office.,0
13526,E9-31418,Interagency Security Classification Appeals Panel,establishes a new panel,There is established an Interagency Security Classification Appeals Panel.,0
13526,E9-31418,National Archives – National Declassification Center,establishes a new center,"There is established within the National Archives a National Declassification Center to streamline declassification processes, facilitate quality‑assurance measures, and implement standardized training regarding the declassification of records determined to have permanent historical value.",0
13527,2010-38,Secretaries of Health and Human Services and Homeland Security,develop a plan for providing medical countermeasures to sustain mission‑essential functions of executive‑branch agencies after a biological attack.,"The Secretaries of Health and Human Services and Homeland Security, within 180 days of the date of this order, shall develop a plan for the provision of medical countermeasures to ensure that mission‑essential functions of executive branch departments and agencies continue to be performed following a large‑scale biological attack.",0
13527,2010-38,Secretaries of Health and Human Services and Homeland Security (with the U.S. Postal Service),"establish a national U.S. Postal Service medical countermeasures dispensing model for U.S. cities to respond to a large‑scale biological attack, with anthrax as the primary threat consideration.","The Secretaries of Health and Human Services and Homeland Security, in coordination with the U.S. Postal Service, within 180 days of the date of this order, shall establish a national U.S. Postal Service medical countermeasures dispensing model for U.S. cities to respond to a large‑scale biological attack, with anthrax as the primary threat consideration.",0
13527,2010-38,Secretaries of Homeland Security and Health and Human Services (with the Secretary of Defense),develop a concept of operations and establish requirements for a Federal rapid response to dispense medical countermeasures.,"The Secretaries of Homeland Security and Health and Human Services, in coordination with the Secretary of Defense, within 90 days of the date of this order, shall develop a concept of operations and establish requirements for a Federal rapid response to dispense medical countermeasures to an affected population following a large‑scale biological attack.",0
13527,2010-38,"Secretaries of Homeland Security, Health and Human Services, Defense, and the Attorney General (with the U.S. Postal Service)",develop a plan to supplement local law‑enforcement personnel to escort U.S. Postal workers delivering medical countermeasures.,"The Secretaries of Homeland Security, Health and Human Services, and Defense, and the Attorney General, in coordination with the U.S. Postal Service, and in consultation with State and local public health, emergency management, and law enforcement officials, within 180 days of the date of this order, shall develop an accompanying plan for supplementing local law enforcement personnel, as necessary and appropriate, with local Federal law enforcement, as well as other appropriate personnel, to escort U.S. Postal workers delivering medical countermeasures.",0
13528,2010-705,Council of Governors,establishes_body,There is established a Council of Governors (Council).,0
13529,2010-1229,Secretary of Defense,order to active duty,"to order to active duty any units, and any individual members not assigned to a unit organized to serve as a unit, of the Selected Reserve, or any member in the Individual Ready Reserve mobilization category",0
13529,2010-1229,Secretary of Homeland Security (with respect to the Coast Guard),order to active duty,"to order to active duty any units, and any individual members not assigned to a unit organized to serve as a unit, of the Selected Reserve, or any member in the Individual Ready Reserve mobilization category",0
13530,2010-2419,Department of the Treasury,establish_council,There is established within the Department of the Treasury the President's Advisory Council on Financial Capability (Council).,0
13531,2010-3725,National Commission on Fiscal Responsibility and Reform,establishment,There is established within the Executive Office of the President the National Commission on Fiscal Responsibility and Reform (Commission).,0
13531,2010-3725,National Commission on Fiscal Responsibility and Reform,membership composition,The Commission shall be composed of 18 members who shall be selected as follows:,0
13531,2010-3725,National Commission on Fiscal Responsibility and Reform,mission,The Commission is charged with identifying policies to improve the fiscal situation in the medium term and to achieve fiscal sustainability over the long run.,0
13531,2010-3725,National Commission on Fiscal Responsibility and Reform,budget‑balance recommendation,"Specifically, the Commission shall propose recommendations designed to balance the budget, excluding interest payments on the debt, by 2015.",0
13531,2010-3725,National Commission on Fiscal Responsibility and Reform,final report submission,"No later than December 1, 2010, the Commission shall vote on the approval of a final report containing a set of recommendations to achieve the mission set forth in section 4 of this order.",0
13531,2010-3725,National Commission on Fiscal Responsibility and Reform,compensation,"Members of the Commission shall serve without any additional compensation, but shall be allowed travel expenses, including per diem in lieu of subsistence, as authorized by law for persons serving intermittently in Government service (5 U.S.C. 5701-5707), consistent with the availability of funds.",0
13531,2010-3725,National Commission on Fiscal Responsibility and Reform,termination,The Commission shall terminate 30 days after submitting its final report.,0
13534,2010-5837,Export Promotion Cabinet,establishes a new inter‑agency body to develop and coordinate the National Export Initiative,There is established an Export Promotion Cabinet to develop and coordinate the implementation of the NEI.,0
13534,2010-5837,Export Promotion Cabinet,directs the Cabinet to submit a comprehensive plan to the President within 180 days,"Not later than 180 days after the date of this order, the Export Promotion Cabinet, through the TPCC, shall provide the President a comprehensive plan to carry out the goals of the NEI.",0
13534,2010-5837,Export Promotion Cabinet,assigns the Cabinet the authority to coordinate with the TPCC,"The Export Promotion Cabinet shall coordinate with the Trade Promotion Coordinating Committee (TPCC), established by Executive Order 12870 of September 30, 1993.",0
13535,2010-7154,Office of Management and Budget (OMB) and Department of Health and Human Services (HHS),develop model segregation guidelines for health‑insurance exchanges,"I hereby direct the Director of the OMB and the Secretary of HHS to develop, within 180 days of the date of this order, a model set of segregation guidelines for State health insurance commissioners",0
13536,2010-8878,Secretary of the Treasury,"take actions, promulgate rules and regulations, employ IEEPA and UNPA powers","The Secretary of the Treasury, in consultation with the Secretary of State, is hereby authorized to take such actions, including the promulgation of rules and regulations, and to employ all powers granted to the President by IEEPA and the UNPA, as may be necessary to carry out the purposes of this order.",0
13536,2010-8878,Secretary of the Treasury,submit recurring and final reports to Congress,"The Secretary of the Treasury, in consultation with the Secretary of State, is hereby authorized to submit the recurring and final reports to the Congress on the national emergency declared in this order, consistent with section 401(c) of the NEA (50 U.S.C. 1641(c)) and section 204(c) of IEEPA (50 U.S.C. 1703(c)).",0
13536,2010-8878,Secretary of the Treasury,determine and lift blocking of property,"The Secretary of the Treasury, in consultation with the Secretary of State, is hereby authorized to determine that circumstances no longer warrant the blocking of the property and interests in property of a person listed in the Annex to this order, and to take necessary action to give effect to that determination.",0
13537,2010-9078,Department of the Interior,establishes IGIA,"There is established, within the Department of the Interior for administrative purposes, the Interagency Group on Insular Areas (IGIA)",0
13538,2010-9451,General Services Administration,establish PMAB,There is established within the General Services Administration (GSA) the President's Management Advisory Board (PMAB).,0
13539,2010-9796,Heads of executive departments and agencies,provide the PCAST with information concerning scientific and technological matters when requested,"the heads of executive departments and agencies shall, to the extent permitted by law, provide the PCAST with information concerning scientific and technological matters when requested",0
13539,2010-9796,Office of Science and Technology Policy (OSTP),provide funding and administrative and technical support as the PCAST may require,The Office of Science and Technology Policy (OSTP) shall provide such funding and administrative and technical support as the PCAST may require,0
13539,2010-9796,Science Advisor,request security clearance and access determinations for PCAST members lacking clearance,the Science Advisor may request that members ... receive security clearance and access determinations pursuant to Executive Order 12968,0
13540,2010-10172,Small Business Administration,establishes the Interagency Task Force on Veterans Small Business Development,The Administrator of the Small Business Administration (Administrator) shall establish within the Small Business Administration an Interagency Task Force on Veterans Small Business Development (Task Force).,0
13541,2010-11557,Department of State,establishes a temporary organization (ISPO) to support the U.S.–Iraq strategic partnership,"There is established within the Department of State, ... a temporary organization to be known as the Iraq Strategic Partnership Office (ISPO).",0
13542,2010-12070,Department of Agriculture,act as and perform the functions and duties of the Secretary of Agriculture,"the following officials of the Department of Agriculture, in the order listed, shall act as and perform the functions and duties of the office of Secretary of Agriculture (Secretary) during any period in which both the Secretary and the Deputy Secretary of Agriculture (Deputy Secretary) have died, resigned, or are otherwise unable to perform the functions and duties of the office of Secretary",0
13544,2010-14613,Department of Health and Human Services,establish Council,"There is established within the Department of Health and Human Services, the National Prevention, Health Promotion, and Public Health Council (Council).",0
13546,2010-16864,Federal Experts Security Advisory Panel,"provide consensus recommendations on Tier 1 designation, list reduction, personnel reliability, physical and cyber security, and other emerging policy issues","no later than 4 months from the date of this order, provide consensus recommendations concerning the SAP on:",0
13546,2010-16864,Heads of executive departments and agencies identified in section 7(a)(ii),develop and implement a coordination plan for BSAT security oversight,"no later than 6 months from the date of this order, develop and implement a plan for the coordination of BSAT security oversight",0
13546,2010-16864,National Security Staff,review the implementation and effectiveness of the order every two years,"shall, on a biennial basis, review the implementation and effectiveness of this order",0
13546,2010-16864,Secretary of Health and Human Services and Secretary of Agriculture,designate a subset of the Select Agent List (Tier 1) that presents the greatest risk of deliberate misuse,no later than 18 months from the date of this order:,0
13546,2010-16864,Secretary of Health and Human Services and Secretary of Agriculture,propose amendments that would establish security standards specific to Tier 1 agents and toxins,"no later than 15 months from the date of this order, propose amendments to their respective parts of the SAR",0
13546,2010-16864,Secretary of Health and Human Services and Secretary of Agriculture,"promulgate final rules and guidance that clearly articulate security actions for registrants who possess, use, or transfer Tier 1 agents and toxins","no later than 27 months from the date of this order, promulgate final rules and guidance",0
13546,2010-16864,"Secretary of Health and Human Services, Secretary of Agriculture, and the Attorney General",develop a process and criteria for sharing Select Agent Program information with other departments and agencies,"no later than 6 months from the date of this order, develop a process and the criteria for making SAP information available",0
13548,2010-18988,All federal agencies,develop agency‑specific employment plans with performance targets,Each agency shall develop an agency‑specific plan for promoting employment opportunities for individuals with disabilities,0
13548,2010-18988,All federal agencies,designate senior‑level official to oversee disability employment initiatives,Each agency shall designate a senior‑level agency official to be accountable for enhancing employment opportunities for individuals with disabilities,0
13548,2010-18988,Office of Personnel Management,design model recruitment and hiring strategies and develop mandatory training programs,"the Director of the Office of Personnel Management, in consultation with the Secretary of Labor, the Chair of the Equal Employment Opportunity Commission, and the Director of the Office of Management and Budget, shall design model recruitment and hiring strategies",0
13548,2010-18988,Office of Personnel Management,identify and assist agencies with retention strategies,"The Director of the Office of Personnel Management, in consultation with the Secretary of Labor and the Chair of the Equal Employment Opportunity Commission, shall identify and assist agencies in implementing strategies for retaining Federal workers with disabilities",0
13549,2010-21016,Federal Government,establishes program,"There is established a Classified National Security Information Program (Program) designed to safeguard and govern access to classified national security information shared by the Federal Government with State, local, tribal, and private sector (SLTPS) entities.",0
13549,2010-21016,Information Security Oversight Office,designated as chair of committee,The Director of the Information Security Oversight Office shall serve as Chair of the Committee,0
13549,2010-21016,Secretary of Homeland Security,establishes advisory committee,There is established an SLTPS Policy Advisory Committee (Committee) to discuss Program-related policy issues,0
13549,2010-21016,Secretary of Homeland Security,designated as executive agent,the Secretary of Homeland Security shall serve as the Executive Agent for the Program,0
13550,2010-21020,Department of State,establishes a temporary organization (PASO),There is established within the Department of State ... a temporary organization to be known as the Pakistan and Afghanistan Support Office (PASO).,0
13551,2010-22002,All U.S. Federal Agencies,carry_out_the_provisions_of_this_order,All agencies of the United States Government are hereby directed to take all appropriate measures within their authority to carry out the provisions of this order,0
13551,2010-22002,Department of the Treasury,implement_and_enforce_the_blocking_measures,"The Secretary of the Treasury, in consultation with the Secretary of State, is hereby authorized to take such actions, including the promulgation of rules and regulations",0
13553,2010-24839,All U.S. federal agencies,take appropriate measures to implement the order's provisions,All agencies of the United States Government are hereby directed to take all appropriate measures within their authority to carry out the provisions of this order,0
13553,2010-24839,Secretary of State,submit initial and updated visa sanctions lists to Congress,"The Secretary of State, in consultation with the Secretary of the Treasury, is hereby authorized to submit the initial and updated lists of persons who are subject to visa sanctions",0
13553,2010-24839,Secretary of the Treasury,"take actions, including promulgating rules and regulations and employing presidential powers under IEEPA to implement the order","The Secretary of the Treasury, in consultation with the Secretary of State, is hereby authorized to take such actions, including the promulgation of rules and regulations, and to employ all powers granted to the President by IEEPA",0
13553,2010-24839,Secretary of the Treasury,"take actions, promulgate rules and regulations, and use presidential powers under IEEPA to carry out section 104 of CISADA","The Secretary of the Treasury, in consultation with the Secretary of State, is hereby authorized to take such actions, including the promulgation of rules and regulations, and to employ all powers granted to the President by IEEPA",0
13553,2010-24839,Secretary of the Treasury,determine delisting of persons and take necessary action to lift property blocks,"The Secretary of the Treasury, in consultation with the Secretary of State, is hereby authorized to determine that circumstances no longer warrant the blocking of the property",0
13554,2010-25578,Executive Order 13554,establishes the Gulf Coast Ecosystem Restoration Task Force as a new intergovernmental body to coordinate ecosystem restoration efforts on the Gulf Coast.,This order establishes a Gulf Coast Ecosystem Restoration Task Force,0
13555,2010-27004,Federal Interagency Working Group on Educational Excellence for Hispanics,creates_body,"There is established the Federal Interagency Working Group on Educational Excellence for Hispanics (Working Group), which shall be convened and chaired by the Initiative's Executive Director.",0
13555,2010-27004,President's Advisory Commission on Educational Excellence for Hispanics,creates_body,There is established the President's Advisory Commission on Educational Excellence for Hispanics (Commission) in the Department.,0
13555,2010-27004,White House Initiative on Educational Excellence for Hispanics,creates_body,"There is established the White House Initiative on Educational Excellence for Hispanics (Initiative), to be housed in the Department of Education (Department).",0
13556,2010-28360,National Archives and Records Administration,implement the order and oversee agency compliance,The National Archives and Records Administration shall serve as the Executive Agent to implement this order,0
13558,2010-28854,Department of Homeland Security,establish_center,"The Secretary of Homeland Security shall establish, within the Department of Homeland Security for administrative purposes, an interagency Federal Export Enforcement Coordination Center (Center).",0
13559,2010-29579,Department of Health and Human Services,provide funding and administrative support for the Working Group,The Department of Health and Human Services shall provide funding and administrative support for the Working Group to the extent permitted by law and within existing appropriations.,0
13559,2010-29579,Interagency Working Group on Faith‑Based and Other Neighborhood Partnerships,creation of a new interagency body,there is established an Interagency Working Group on Faith-Based and Other Neighborhood Partnerships (Working Group).,0
13559,2010-29579,Interagency Working Group on Faith‑Based and Other Neighborhood Partnerships,submit a report to the President,"Within 120 days of the date of this order, the Working Group shall submit a report to the President",0
13559,2010-29579,Office of Faith‑Based and Neighborhood Partnerships / OMB,serve as Co‑Chairs of the Working Group,The Director of the Office of Faith-Based and Neighborhood Partnerships and a senior official from the OMB designated by the Director of the OMB shall serve as the Co‑Chairs of the Working Group.,0
13559,2010-29579,Office of Management and Budget (OMB),issue guidance to agencies on implementation of the order,"The Director of the Office of Management and Budget (OMB), following receipt of a copy of the report of the Working Group, and in coordination with the Department of Justice, shall issue guidance to agencies on the implementation of this order",0
13560,2010-31878,Chief Executive Officer of the CNCS,perform presidential functions under the Federal Advisory Committee Act,"any functions of the President under the Act, except that of reporting to the Congress, shall be performed by the Chief Executive Officer of the CNCS",0
13560,2010-31878,Corporation for National and Community Service (CNCS),provide funding and administrative support for the Council,The CNCS shall provide funding and administrative support for the Council to the extent permitted by law and within existing appropriations.,0
13560,2010-31878,Heads of executive departments and agencies,assist and provide information to the Council,"The heads of executive departments and agencies shall assist and provide information to the Council, consistent with applicable law and subject to the availability of appropriations, as may be necessary to carry out the functions of the Council.",0
13560,2010-31878,President,designate a member of the Council to serve as Chair,The President shall designate one of the members of the Council to serve as Chair.,0
13562,2010-33169,Office of Personnel Management (OPM),issue regulations implementing the Pathways Programs consistent with this order,I therefore direct the Director of the Office of Personnel Management (OPM) to issue regulations implementing the Pathways Programs consistent with this order,0
13562,2010-33169,Office of Personnel Management (OPM),provide oversight of the Pathways Programs,provide oversight of the Pathways Programs;,0
13562,2010-33169,agencies,designate a Pathways Programs Officer within 45 days to administer Pathways Programs,"within 45 days of the date of this order, designate a Pathways Programs Officer (at the agency level, or at bureaus or components within the agency) to administer Pathways Programs",0
13563,2011-1385,All federal agencies,Develop and submit a preliminary plan for periodic review of existing significant regulations,each agency shall develop and submit to the Office of Information and Regulatory Affairs a preliminary plan,0
13564,2011-2577,Department of the Treasury,establishes the President's Council on Jobs and Competitiveness,There is hereby established within the Department of the Treasury the President's Council on Jobs and Competitiveness (PCJC).,0
13565,2011-3257,Intellectual Property Enforcement Advisory Committee,establishment,There is established an interagency Intellectual Property Enforcement Advisory Committee (Enforcement Advisory Committee),0
13565,2011-3257,Senior Intellectual Property Enforcement Advisory Committee,establishment,There is established an interagency Senior Intellectual Property Enforcement Advisory Committee (Senior Advisory Committee),0
13567,2011-5728,Department of Defense,establish secretariat,The Secretary of Defense shall establish a secretariat to administer the PRB review and hearing process.,0
13570,2011-9739,All federal agencies,take all appropriate measures within their authority to implement the order's provisions,All agencies of the United States Government are hereby directed to take all appropriate measures within their authority,0
13570,2011-9739,Secretary of the Treasury,"take actions, including promulgating rules and regulations, to carry out the purposes of this order","The Secretary of the Treasury, in consultation with the Secretary of State, is hereby authorized to take such actions",0
13571,2011-10732,All executive departments and agencies,improve service quality,improve the quality of service to the public by the Federal Government,0
13573,2011-12645,Executive Order 13573,"Block property and interests of senior Syrian officials and entities, prohibiting any transfer, payment, export, withdrawal, or other dealing.","All property and interests in property ... of the following persons are blocked and may not be transferred, paid, exported, withdrawn, or otherwise dealt in",0
13574,2011-13173,Secretary of the Treasury,implement sanctions,"the Secretary of the Treasury, in consultation with the Secretary of State, shall take the following actions with respect to the sanctions imposed",0
13575,2011-14919,Department of Agriculture,chair,The Secretary of Agriculture shall serve as the Chair of the Council,0
13577,2011-15443,Federal Interagency Investment Working Group,establishes_body,"There is established the Federal Interagency Investment Working Group (Working Group), which will be convened and chaired by the Initiative's Executive Director",0
13577,2011-15443,SelectUSA Initiative,establishes_body,"There is established the SelectUSA Initiative (Initiative), a Government-wide initiative to attract and retain investment in the American economy.",0
13578,2011-17447,Department of Labor,coordinate policies and programs for automotive communities and workers,"The Secretary of Labor shall: (i) work to coordinate the development of policies and programs among executive departments and agencies with the goal of coordinating a Federal response to factors that have a distinct impact on automotive communities and workers, including through the coordination of economic adjustment assistance activities;",0
13578,2011-17447,Department of Labor,delegate coordination responsibilities,The Secretary of Labor may delegate these responsibilities to the Executive Director of the Department of Labor Office of Recovery for Auto Communities and Workers.,0
13579,2011-17953,independent regulatory agencies,develop and release a plan for periodic review of existing significant regulations,each independent regulatory agency should develop and release to the public a plan,0
13579,2011-17953,independent regulatory agencies,develop and release a plan,"Within 120 days of the date of this order, each independent regulatory agency should develop and release to the public a plan",0
13580,2011-18065,Department of the Interior,lead the Working Group,"There is established an Interagency Working Group on Coordination of Domestic Energy Development and Permitting in Alaska (Working Group), led by the Department of the Interior.",0
13581,2011-19156,President (Barack Obama),prohibit donations that would impair the ability to deal with the national emergency,I hereby prohibit such donations as provided by subsection (a) of this section.,0
13581,2011-19156,President (Barack Obama),prohibit transactions that evade or avoid the order’s prohibitions,Any transaction by a United States person ... that evades or avoids ... is prohibited.,0
13581,2011-19156,Secretary of the Treasury,"take actions, including promulgating rules and regulations, to carry out the order","The Secretary of the Treasury, in consultation with the Attorney General and the Secretary of State, is hereby authorized to take such actions, including the promulgation of rules and regulations,",0
13581,2011-19156,Secretary of the Treasury,submit recurring and final reports to Congress on the national emergency,"The Secretary of the Treasury, in consultation ... is hereby authorized to submit the recurring and final reports to the Congress",0
13581,2011-19156,Secretary of the Treasury,determine when blocking is no longer warranted and take necessary action,"The Secretary of the Treasury, in consultation ... is hereby authorized to determine that circumstances no longer warrant the blocking of the property",0
13581,2011-19156,Secretary of the Treasury (in consultation with the Attorney General and the Secretary of State),block property and interests in property of listed persons and any person determined to be a significant transnational criminal organization,"All property and interests in property ... are blocked and may not be transferred, paid, exported, withdrawn, or otherwise dealt in:",0
13582,2011-21505,Department of the Treasury,authorizes the Treasury Secretary to implement the sanctions,"The Secretary of the Treasury, in consultation with the Secretary of State, is hereby authorized to take such actions",0
13583,2011-21704,All executive departments and agencies,establish the initiative,establish a coordinated Government-wide initiative to promote diversity and inclusion in the Federal workforce,0
13584,2011-23891,Center for Strategic Counterterrorism Communications,"coordinate, orient, and inform Government‑wide public communications activities directed at audiences abroad","the Center for Strategic Counterterrorism Communications ... shall coordinate, orient, and inform Government‑wide public communications activities directed at audiences abroad",0
13584,2011-23891,Counterterrorism Communications Support Office (CCSO),support agencies in Government‑wide public communications activities targeting violent extremism and terrorist organizations,There is established within the Department of State ... a temporary organization to be known as the Counterterrorism Communications Support Office (CCSO),0
13586,2011-26574,President (appointing the Board),establish Board,"There is established, effective 12:01 a.m. eastern daylight time on October 7, 2011, a Board composed of a chair and four other members",0
13588,2011-28728,Food and Drug Administration (FDA),require manufacturers to give advance notice of potential discontinuances that could cause shortages,to require drug manufacturers to provide adequate advance notice of manufacturing discontinuances,0
13588,2011-28728,Food and Drug Administration (FDA),"expand expedited regulatory review of new drug suppliers, manufacturing sites, and changes",the FDA shall take steps to expand its current efforts to expedite its regulatory reviews,0
13588,2011-28728,Food and Drug Administration (FDA),report to DOJ any evidence of stockpiling or price gouging related to shortages,The FDA shall communicate to the Department of Justice (DOJ) any findings that shortages have led market participants to stockpile the affected drugs,0
13589,2011-29683,Agencies,assess IT device inventories and establish controls to avoid paying for unused or underutilized equipment,"Agencies should assess current device inventories and usage, and establish controls, to ensure that they are not paying for unused or underutilized information technology (IT) equipment",0
13589,2011-29683,Agencies,limit printing of hard‑copy documents and provide information electronically when practicable,"Agencies are encouraged to limit the publication and printing of hard copy documents and to presume that information should be provided in an electronic form, whenever practicable",0
13589,2011-29683,Agencies,limit executive transportation,agencies should limit executive transportation.,0
13589,2011-29683,Agencies,limit purchase of promotional items that are not cost‑effective,"Agencies should limit the purchase of promotional items (e.g., plaques, clothing, and commemorative items), in particular where they are not cost-effective.",0
13589,2011-29683,Each agency,establish a cost‑reduction plan and submit it to OMB within 45 days,Agency plans for meeting this target shall be submitted to the Office of Management and Budget (OMB) within 45 days of the date of this order.,0
13589,2011-29683,"Each agency, agency component, and office of inspector general",designate a senior‑level official to develop and implement policies and controls for efficient travel and conference spending,"Each agency, agency component, and office of inspector general should designate a senior-level official to be responsible for developing and implementing policies and controls to ensure efficient spending on travel and conference-related activities",0
13590,2011-30463,"Secretary of State (in consultation with Treasury, Commerce, USTR, Export‑Import Bank, Federal Reserve, etc.)",impose sanctions on persons meeting the criteria in section 1,is hereby authorized to impose on a person any of the sanctions described in section 2 or 3 of this order,0
13590,2011-30463,Secretary of the Treasury,"implement and enforce the sanctions, including issuing regulations","The Secretary of the Treasury, in consultation with the Secretary of State, is hereby authorized to take such actions, including the promulgation of rules and regulations",0
13592,2011-31624,All designated agencies,requires submission of agency plans by a co‑chair‑set deadline,Each agency shall submit its plan to the Initiative by a deadline established by the co‑chairs.,0
13592,2011-31624,All designated agencies,requires annual performance reports,Each agency shall submit to the Initiative an Annual Performance Report that measures the agency's performance against the objectives set forth in its plan.,0
13592,2011-31624,Executive Director (Education) and BIE Director (Interior),requires a Memorandum of Understanding within 120 days,The MOU shall be completed within 120 days of the date of this order.,0
13592,2011-31624,Executive Director of the Initiative,delegates authority to appoint and oversee the Initiative,The Secretary of Education shall appoint an Executive Director who shall be responsible for overseeing implementation of the Initiative.,0
13592,2011-31624,Interagency Working Group on AI/AN education and TCUs,establishes a new body,"There is established the Interagency Working Group on AI/AN education and TCUs, which shall be convened by the Initiative's Executive Director.",0
13592,2011-31624,National Advisory Council on Indian Education (NACIE),assigns advisory‑committee role,NACIE shall serve as the Initiative's advisory committee.,0
13592,2011-31624,White House Initiative on American Indian and Alaska Native Education,establishes a new body,There is hereby established the White House Initiative on American Indian and Alaska Native Education (Initiative).,0
13595,2011-33089,Assistant to the President and National Security Advisor,establish an interagency process to coordinate implementation of the National Action Plan,"The Assistant to the President and National Security Advisor shall, ... establish an interagency process for coordinating the implementation of this order",0
13595,2011-33089,"Secretary of State, Secretary of Defense, and Administrator of USAID",designate officers to coordinate and implement the National Action Plan,"(i) designate one or more officers, as appropriate, as responsible for coordinating and implementing the National Action Plan;",0
13595,2011-33089,"Secretary of State, Secretary of Defense, and Administrator of USAID",develop and submit agency‑specific implementation plans within 150 days of the plan’s release,"(ii) within 150 days of the date of the release of the National Action Plan, develop and submit to the Assistant to the President and National Security Advisor an agency-specific implementation plan that will identify the actions each agency plans to take to implement the National Action Plan;",0
13595,2011-33089,"Secretary of State, Secretary of Defense, and Administrator of USAID","execute, monitor, and report on agency‑specific implementation plans","(iii) execute their agency-specific implementation plans, and monitor and report to the Assistant to the President and National Security Advisor on such execution.",0
13597,2012-1568,Assistant to the President for Homeland Security and Counterterrorism,maintain an interagency process for coordinating regulatory improvements and legislative proposals related to visa and foreign‑visitor processing,"The Assistant to the President for Homeland Security and Counterterrorism shall, consistent with Presidential Policy Directive 1 or any successor documents and in coordination with the Assistant to the President and Cabinet Secretary, maintain an interagency process for coordinating the implementation of regulatory improvements and the evaluation of legislative proposals …",0
13597,2012-1568,Secretaries of State and Homeland Security,develop an implementation plan for visa‑processing improvements,"The Secretaries of State and Homeland Security, in consultation with the Assistant to the President for Homeland Security and Counterterrorism, the Director of the Office of Management and Budget, and the heads of such agencies as appropriate, shall develop an implementation plan, within 60 days of the date of this order, describing actions to be undertaken …",0
13597,2012-1568,Secretaries of State and Homeland Security,submit a progress report to the President,"Within 180 days of the date of this order, and periodically thereafter, the Secretaries of State and Homeland Security shall jointly submit … a report to the President describing the progress on achieving the goals set forth in this section …",0
13597,2012-1568,Secretary of Commerce,create and maintain a public website with travel‑industry metrics,The Secretary of Commerce shall establish and maintain a publicly available website that provides updated metrics from across the Federal Government …,0
13597,2012-1568,Task Force on Travel and Competitiveness,produce and deliver a National Travel and Tourism Strategy,The Task Force shall develop a National Travel and Tourism Strategy … The Task Force shall deliver the National Travel and Tourism Strategy to the President within 90 days of the date of this order.,0
13597,2012-1568,Task Force on Travel and Competitiveness (Co‑Chairs: Secretaries of Commerce and the Interior),develop the National Travel and Tourism Strategy,A Task Force on Travel and Competitiveness (Task Force) is hereby established … The Secretaries of Commerce and the Interior shall serve as Co‑Chairs of the Task Force.,0
13598,2012-2557,Secretary of Defense,"perform the functions of the President under specified sections of title 10, United States Code",The Secretary of Defense shall perform the functions of the President,0
13600,2012-3616,USAID,administrative host,The Council shall be established for administrative purposes within the United States Agency for International Development (USAID) subject to the foreign policy and budgetary guidance of the Secretary of State.,0
13601,2012-5366,Interagency Trade Enforcement Center,established,There is established within the Office of the United States Trade Representative (USTR) an Interagency Trade Enforcement Center (Center).,0
13602,2012-6797,Department of Housing and Urban Development,establish_council,"There is established a White House Council on Strong Cities, Strong Communities (Council) within the Department of Housing and Urban Development",0
13603,2012-7019,Defense Production Act Committee,establishes,The Defense Production Act Committee (Committee) shall be composed of the following members,0
13604,2012-7636,Steering Committee on Federal Infrastructure Permitting and Review Process Improvement,establish,"There is established a Steering Committee on Federal Infrastructure Permitting and Review Process Improvement (Steering Committee), to be chaired by the Chief Performance Officer (CPO)",0
13605,2012-9473,Interagency Working Group,"coordinate agency policy activities, share scientific and technical information, engage in long‑term planning, promote communication with stakeholders, and consult with other agencies",There is established an Interagency Working Group to Support Safe and Responsible Development of Unconventional Domestic Natural Gas Resources (Working Group),0
13606,2012-10034,All U.S. Government agencies,directed to take appropriate measures to implement the order,All agencies of the United States Government are hereby directed to take all appropriate measures within their authority to carry out the provisions of this order,0
13606,2012-10034,Secretary of the Treasury,"authorizes to take actions, promulgate rules and regulations, and employ IEEPA powers","The Secretary of the Treasury, in consultation with the Secretary of State, is hereby authorized to take such actions, including the promulgation of rules and regulations",0
13606,2012-10034,Secretary of the Treasury,may redelegate functions to other officers and agencies,The Secretary of the Treasury may redelegate any of these functions to other officers and agencies of the United States Government,0
13606,2012-10034,Secretary of the Treasury,authorizes to determine when blocking is no longer warranted and to take action,"The Secretary of the Treasury, in consultation with the Secretary of State, is hereby authorized to determine that circumstances no longer warrant the blocking of the property",0
13606,2012-10034,Secretary of the Treasury (with State),determines persons whose property is to be blocked,"any person determined by the Secretary of the Treasury, in consultation with or at the recommendation of the Secretary of State",0
13607,2012-10715,Departments of Defense and Veterans Affairs,reflect the Principles in new agreements with educational institutions,The Departments of Defense and Veterans Affairs shall reflect the Principles described in section 2 of this order in new agreements with educational institutions,0
13607,2012-10715,"Departments of Defense, Veterans Affairs, and Education",establish Principles of Excellence for educational institutions receiving federal military and veterans educational benefits,"The Departments of Defense, Veterans Affairs, and Education shall establish Principles of Excellence (Principles) to apply to educational institutions receiving funding from Federal military and veterans educational benefits programs",0
13607,2012-10715,"Secretaries of Defense, Veterans Affairs, and Education",take immediate action to implement the order and report progress to the President within 90 days,"shall take immediate action to implement this order, and, within 90 days from the date of this order, report to the President their progress on implementation",0
13607,2012-10715,"Secretaries of Defense, Veterans Affairs, and Education",develop a comprehensive strategy for service member and veteran student outcome measures,"The Secretaries of Defense, Veterans Affairs, and Education shall develop a comprehensive strategy for developing service member and veteran student outcome measures",0
13608,2012-10884,All U.S. Government agencies,directed to implement the order’s provisions,All agencies of the United States Government are hereby directed to take all appropriate measures within their authority to carry out the provisions of this order,0
13608,2012-10884,President (executive authority),suspends entry of designated foreign persons as immigrants or non‑immigrants,"I hereby suspend the entry into the United States, as immigrants or nonimmigrants, of such persons",0
13608,2012-10884,President (executive authority),prohibits donations of specified articles to persons subject to the measures,I hereby prohibit such donations as provided by section 1 of this order,0
13608,2012-10884,President (executive authority),prohibits any U.S. person transaction that evades the order’s prohibitions,"Any transaction by a United States person or within the United States that evades or avoids, has the purpose of evading or avoiding, causes a violation of, or attempts to violate any of the prohibitions set forth in this order is prohibited",0
13608,2012-10884,Secretary of the Treasury,prohibits all transactions or dealings with designated foreign persons,"the Secretary of the Treasury may prohibit all transactions or dealings, whether direct or indirect, involving such person, including any exporting, reexporting, importing, selling, purchasing, transporting, swapping, brokering, approving, financing, facilitating, or guaranteeing",0
13608,2012-10884,Secretary of the Treasury,may redelegate its sanction‑related functions to other officers or agencies,The Secretary of the Treasury may redelegate any of these functions to other officers and agencies of the United States Government,0
13608,2012-10884,Secretary of the Treasury (in consultation with the Secretary of State),authorizes to impose sanctions on foreign persons meeting the criteria,"The Secretary of the Treasury, in consultation with the Secretary of State, is hereby authorized to impose on a foreign person the measures described in subsection (b) of this section",0
13609,2012-10968,All federal agencies,add a summary of international regulatory‑cooperation activities to any Regulatory Plan required under EO 12866,"if required to submit a Regulatory Plan pursuant to Executive Order 12866, include in that plan a summary of its international regulatory cooperation activities",0
13609,2012-10968,All federal agencies,"label internationally impactful significant regulations in the Unified Agenda, RegInfo.gov, and Regulations.gov","ensure that significant regulations that the agency identifies as having significant international impacts are designated as such in the Unified Agenda of Federal Regulatory and Deregulatory Actions, on RegInfo.gov, and on Regulations.gov",0
13609,2012-10968,Office of Information and Regulatory Affairs (OIRA),convene the Regulatory Working Group as needed to discuss international regulatory cooperation issues,the Administrator of the Office of Information and Regulatory Affairs (OIRA) ... shall convene the Working Group,0
13609,2012-10968,Regulatory Working Group,draft and publish guidelines covering sections 2‑4 of EO 13609,The Working Group shall develop and issue guidelines on the applicability and implementation of sections 2 through 4 of this order,0
13609,2012-10968,Regulatory Working Group,make decisions only when all members agree,The Working Group shall operate by consensus,0
13610,2012-11798,All entities referred to as “agency” in the order,definition of “agency” for the order’s application,"For purposes of this order, ``agency'' means any authority of the United States that is an ``agency'' under 44 U.S.C. 3502(1), other than those considered to be independent regulatory agencies, as defined in 44 U.S.C. 3502(5)",0
13610,2012-11798,All federal agencies,invite public suggestions about regulations in need of retrospective review on a regular basis,"agencies shall invite, on a regular basis (to be determined by the agency head in consultation with the Office of Information and Regulatory Affairs (OIRA)), public suggestions about regulations in need of retrospective review",0
13610,2012-11798,All federal agencies,publish retrospective analyses and supporting data online wherever practicable,"retrospective analyses of regulations, including supporting data, shall be released to the public online wherever practicable",0
13610,2012-11798,All federal agencies,"prioritize initiatives that yield measurable cost or paperwork savings while protecting health, safety, and the environment","agencies shall give priority, consistent with law, to those initiatives that will produce significant quantifiable monetary savings or significant quantifiable reductions in paperwork burdens while protecting public health, welfare, safety, and our environment",0
13610,2012-11798,All federal agencies,submit draft retrospective‑review reports to OIRA on the specified dates,"Agencies shall submit draft reports to OIRA on September 10, 2012, and on the second Monday of January and July for each year thereafter",0
13610,2012-11798,All federal agencies,publish final reports within three weeks of submitting drafts to OIRA,Agencies shall make final reports available to the public within a reasonable period (not to exceed three weeks from the date of submission of draft reports to OIRA),0
13610,2012-11798,All federal agencies,preserve existing statutory authority and OMB director functions,"Nothing in this order shall be construed to impair or otherwise affect: (i) the authority granted by law to a department or agency, or the head thereof; or (ii) the functions of the Director of the Office of Management and Budget relating to budgetary, administrative, or legislative proposals",0
13615,2012-12889,Office of Management and Budget,act as Director under the succession order,"the following officers of the Office of Management and Budget, in the order listed, shall act as and perform the functions and duties of the office of Director",0
13616,2012-15183,General Services Administration (as Co‑Chair) and Department of Homeland Security (as Co‑Chair),establish and co‑chair the Working Group,there is established a Broadband Deployment on Federal Property Working Group (Working Group),0
13617,2012-15954,Secretary of the Treasury,"authorizes to take actions, promulgate rules, and employ IEEPA powers to implement the order","The Secretary of the Treasury, in consultation with the Secretary of State, the Secretary of Energy, and, as appropriate, other agencies, is hereby authorized to take such actions, including the promulgation of rules and regulations, and to employ all powers granted to the President by IEEPA, as may be necessary to carry out the purposes of this order.",0
13618,2012-17022,Executive Committee Joint Program Office,established,"The Secretary of Homeland Security shall establish an Executive Committee Joint Program Office (JPO) to provide full‑time, expert, and administrative support for the Executive Committee's performance of its",1
13618,2012-17022,NS/EP Communications Executive Committee,established,There is established an NS/EP Communications Executive Committee (Executive Committee) to serve as a forum to address NS/EP communications matters.,0
13620,2012-18237,All agencies of the United States Government,take all appropriate measures within their authority to carry out the provisions of this order,All agencies of the United States Government are hereby directed to take all appropriate measures within their authority to carry out the provisions of this order,0
13620,2012-18237,Secretary of the Treasury,"take actions, including promulgating rules and regulations, to carry out the purposes of this order","The Secretary of the Treasury, in consultation with the Secretary of State, is hereby authorized to take such actions, including the promulgation of rules and regulations",0
13621,2012-18868,Department of Education,house the Initiative,"There is hereby established the White House Initiative on Educational Excellence for African Americans (Initiative), to be housed in the Department of Education (Department).",0
13621,2012-18868,Department of Education,house the Commission,There is established in the Department the President's Advisory Commission on Educational Excellence for African Americans (Commission).,0
13622,2012-19055,All United States Government agencies,take appropriate measures to implement the order's provisions,All agencies of the United States Government are hereby directed to take all appropriate measures within their authority to carry out the provisions of this order,0
13622,2012-19055,Board of Directors of the Export-Import Bank,"deny approval of guarantees, insurance, or credit extensions to sanctioned persons","the Board of Directors of the Export-Import Bank shall deny approval of the issuance of any guarantee, insurance, extension of credit, or participation in an extension of credit",0
13622,2012-19055,Chairman of the Board of Governors of the Federal Reserve System and President of the Federal Reserve Bank of New York,take actions such as denying designation of sanctioned financial institutions as primary dealers,"the Chairman of the Board of Governors of the Federal Reserve System and the President of the Federal Reserve Bank of New York shall take such actions as they deem appropriate, including denying designation",0
13622,2012-19055,Secretary of State,impose sanctions on persons meeting criteria for transactions with Iran,"The Secretary of State, in consultation with the Secretary of",1
13622,2012-19055,Secretary of the Treasury,impose sanctions on foreign financial institutions that conduct significant transactions with Iran,"The Secretary of the Treasury, in consultation with the Secretary of State, is hereby authorized to impose on a foreign financial institution the sanctions described",0
13622,2012-19055,Secretary of the Treasury,prohibit U.S. financial institutions from making loans or credits over $10 million to sanctioned persons,"the Secretary of the Treasury, in consultation with the Secretary of State, shall take the following actions ... prohibit any United States financial institution from making loans or providing credits to the sanctioned person totaling more than $10,000,000",0
13622,2012-19055,Secretary of the Treasury,"impose measures on persons who materially assist NIOC, NICO, or the Central Bank of Iran","The Secretary of the Treasury, in consultation with the Secretary of State, is hereby authorized to impose on a person the measures described in subsection (b) of this section",0
13622,2012-19055,Secretary of the Treasury,take actions and promulgate rules and regulations to implement the order,"The Secretary of the Treasury, in consultation with the Secretary of State, is hereby authorized to take such actions, including the promulgation of rules and regulations",0
13623,2012-20259,Administrator of USAID,co‑chair,The Working Group shall be co‑chaired by the Secretary of State and the Administrator of the United States Agency for International Development (Co‑Chairs).,0
13623,2012-20259,Interagency Working Group,coordinate implementation of the Strategy,There is established an Interagency Working Group (Working Group) to address gender‑based violence,0
13623,2012-20259,Secretary of State,co‑chair,The Working Group shall be co‑chaired by the Secretary of State and the Administrator of the United States Agency for International Development (Co‑Chairs).,0
13624,2012-22030,"Departments of Energy, Commerce, Agriculture, and the Environmental Protection Agency",coordinate policies to encourage investment in industrial efficiency,"The Departments of Energy, Commerce, and Agriculture, and the Environmental Protection Agency,",1
13625,2012-22062,"Defense, VA, HHS, Education, OSTP",establish_research_action_plan,"the Departments of Defense, Veterans Affairs, Health and Human Services, and Education … shall establish a National Research Action Plan within 8 months of the date of this order",0
13625,2012-22062,Department of Defense,realign_program_resources,"By the end of Fiscal Year 2014, existing program resources shall be realigned to ensure that highly ranked programs are implemented",0
13625,2012-22062,Department of Veterans Affairs,expand_crisis_line,"By December 31, 2012, the Department of Veterans Affairs … shall expand the capacity of the Veterans Crisis Line by 50 percent",0
13625,2012-22062,Department of Veterans Affairs,ensure_24‑hour_connection,the Department of Veterans Affairs shall ensure that any veteran … connects with a mental health professional … within 24 hours,0
13625,2012-22062,Interagency Task Force on Military and Veterans Mental Health,establishes_body,There is established an Interagency Task Force on Military and Veterans Mental Health (Task Force),0
13625,2012-22062,Task Force,submit_recommendations,"Not later than 180 days after the date of this order, the Task Force shall submit recommendations to the President",0
13625,2012-22062,Veterans Affairs,hire_peer_counselors,"The Secretary of Veterans Affairs shall, by December 31, 2013, hire and train 800 peer‑to‑peer counselors",0
13625,2012-22062,Veterans Affairs,recruit_mental_health_professionals,"the Secretary shall … recruiting, hiring, and placing 1,600 mental health professionals by June 30, 2013",0
13625,2012-22062,Veterans Affairs & Defense,launch_suicide_prevention_campaign,The Departments of Veterans Affairs and Defense shall jointly develop and implement a national suicide prevention campaign,1
13625,2012-22062,Veterans Affairs & HHS,establish_pilot_projects,Within 180 days of the date of this order … the Departments of Veterans Affairs and Health and Human Services shall establish pilot projects … No fewer than 15 pilot projects shall be established,0
13626,2012-22807,Environmental Protection Agency (Administrator),directive to amend regulation,The Administrator of EPA is hereby directed to revise Subpart G of the National Oil and Hazardous Substances Pollution Contingency Plan to reflect the designations for the Deepwater Horizon Oil Spill discussed in this section.,0
13626,2012-22807,Environmental Protection Agency (Administrator) and U.S. Department of Agriculture (Secretary),designation of additional trustees,I hereby designate the Administrator of EPA and the Secretary of Agriculture as additional trustees for Natural Resource Damage Assessment and restoration,0
13626,2012-22807,Executive Order 13554,revocation of prior order,"Executive Order 13554 of October 5, 2010, is hereby revoked concurrent with the termination of the Task Force",0
13626,2012-22807,Gulf Coast Ecosystem Restoration Council,establishes new body,"The RESTORE Act established the Gulf Restoration Council, an independent entity charged with developing a comprehensive plan for ecosystem restoration in the Gulf Coast",0
13626,2012-22807,Gulf Coast Ecosystem Restoration Task Force,termination of existing body,The Task Force shall terminate no later than 60 days after the Gulf Restoration Council commences its work.,0
13627,2012-24374,Administrator for Federal Procurement Policy,provide guidance to agencies on internal procedures and controls to prevent trafficking in federal contracts,"The Administrator for Federal Procurement Policy shall: (1) in consultation with appropriate management councils,",1
13627,2012-24374,Federal Acquisition Regulatory (FAR) Council,"amend the Federal Acquisition Regulation to strengthen anti‑trafficking provisions in solicitations, contracts and subcontracts","Within 180 days of the date of this order, the Federal Acquisition Regulatory (FAR) Council ... shall take steps necessary to amend the Federal Acquisition Regulation",0
13627,2012-24374,President's Interagency Task Force to Monitor and Combat Trafficking in Persons (PITF),establish a process to evaluate and identify sectors with trafficking‑related risks in U.S. contracts,"Not later than 1 year after the date of this order, the member agencies of the President's Interagency Task Force to Monitor and Combat Trafficking in Persons (PITF)",1
13629,2012-27002,White House (Office of the President),establishes the Council,There is established a White House Homeland Security Partnership Council (Council),0
13630,2012-30060,Interagency Task Force on Commercial Advocacy,coordinate commercial advocacy efforts and support U.S. exporters,There is hereby established an Interagency Task Force on Commercial Advocacy (Task Force).,0
13633,2012-31225,Office of Personnel Management,implement the order,The Director of the Office of Personnel Management shall take such actions as may be necessary to implement this order.,0
13636,2013-03915,"Attorney General, Secretary of Homeland Security, Director of National Intelligence",issue instructions to ensure timely production of unclassified cyber‑threat reports,"the Attorney General, the Secretary of Homeland Security (the ``Secretary''), and the Director of National Intelligence shall each issue instructions consistent with their authorities",0
13636,2013-03915,DHS Chief Privacy Officer / Officer for Civil Rights and Civil Liberties,produce a privacy‑and‑civil‑liberties risk report,"The Chief Privacy Officer and the Officer for Civil Rights and Civil Liberties of the Department of Homeland Security (DHS) shall assess the privacy and civil liberties risks ... and shall recommend to the Secretary ways to minimize or mitigate such risks, in a publicly available report, to be released within 1 year of the date of this order",0
13636,2013-03915,NIST Director,publish preliminary Cybersecurity Framework,"Within 240 days of the date of this order, the Director shall publish a preliminary version of the Cybersecurity Framework",0
13636,2013-03915,NIST Director,publish final Cybersecurity Framework,"Within 1 year of the date of this order, ... the Director shall publish a final version of the Cybersecurity Framework",0
13636,2013-03915,Regulating agencies,report on authority to use the Framework (preliminary),"Within 90 days of the publication of the preliminary Framework, these agencies shall submit a report to the President ... that states whether or not the agency has clear authority to establish requirements based upon the Cybersecurity Framework",0
13636,2013-03915,Regulating agencies,propose actions after final Framework,"within 90 days of publication of the final Framework, agencies",1
13636,2013-03915,Regulating agencies,report to OMB on burdensome requirements,"Within 2 years after publication of the final Framework, ... agencies ... shall, in consultation with owners and operators of critical infrastructure, report to OMB on any critical infrastructure subject to ineffective, conflicting, or excessively burdensome cybersecurity requirements",0
13636,2013-03915,Secretary of Commerce / NIST,develop the Cybersecurity Framework,The Secretary of Commerce shall direct the Director of the National Institute of Standards and Technology (the ``Director'') to lead the development of a framework to reduce cyber risks to critical infrastructure,0
13636,2013-03915,Secretary of Homeland Security,expand the Enhanced Cybersecurity Services program,"The Secretary, consistent with 6 U.S.C. 143 and in collaboration with the Secretary of Defense, shall, within 120 days of the date of this order, establish procedures to expand the Enhanced Cybersecurity Services program",0
13636,2013-03915,Secretary of Homeland Security,identify critical infrastructure at greatest risk,"Within 150 days of the date of this order, the Secretary shall use a risk‑based approach to identify critical infrastructure where a cybersecurity incident could reasonably result in catastrophic regional or national effects",0
13637,2013-05967,Secretary of Defense,"receive delegated export‑control functions under sections 21, 22(a), 29, 30, 30A, 23, 24, 27, 25, 34, 35(a), 36(a), 36(b)(1), 36(c), 36(d), 36(f)(1‑3), 38, 39(b), 40A, 42(c,f), 52(b), 61‑62(a), 2(b)(6)","Those under section 3 of the Act (22 U.S.C. 2753), ... to the Secretary of State.",0
13637,2013-05967,Secretary of State,receive delegated export‑control functions under section 3 of the Arms Export Control Act,"Those under section 3 of the Act (22 U.S.C. 2753), ... to the Secretary of State.",0
13642,2013-11533,Office of Management and Budget (OMB),issue an Open Data Policy,shall issue an Open Data Policy to advance the management of Government information as an asset,0
13645,2013-13523,Department of State,impose sanctions,"The Secretary of State, in consultation with the Secretary of the Treasury, the Secretary of Commerce, the Secretary of Homeland Security, and the United States Trade Representative, ... is hereby authorized to impose on a person any of the sanctions described in section 6 or 7 of this order",0
13645,2013-13523,Department of the Treasury,impose sanctions,"The Secretary of the Treasury, in consultation with the Secretary of State, is hereby authorized to impose on a foreign financial institution the sanctions described in subsection (b) of this section",0
13646,2013-15782,Department of the Treasury,host the newly created advisory council,There is established within the Department of the Treasury the President's Advisory Council on Financial Capability for Young Americans (Council).,0
13647,2013-15942,White House Council on Native American Affairs,establish,There is established the White House Council on Native American Affairs (Council).,0
13648,2013-16387,Advisory Council on Wildlife Trafficking,establishes a new advisory council,"the Secretary of the Interior (Secretary), in consultation with the other Co‑Chairs of the Task Force, shall establish an Advisory Council on Wildlife Trafficking (Advisory Council)",0
13648,2013-16387,Presidential Task Force on Wildlife Trafficking,establishes a new inter‑agency task force,There is established a Presidential Task Force on Wildlife Trafficking (Task Force),0
13650,2013-19220,Executive Departments and Agencies with regulatory authority,establish working group,There is established a Chemical Facility Safety and Security Working Group (Working Group),0
13651,2013-19520,Department of the Treasury,authorizes actions and rulemaking to implement the order,"The Secretary of the Treasury, in consultation with the Secretary of State, is hereby authorized to take such actions, including the promulgation of rules and regulations, and to employ all powers granted to the President by IEEPA as may be necessary to carry out the purposes of this order.",0
13653,2013-26785,Council on Climate Preparedness and Resilience,establishes_body,There is established an interagency Council on Climate Preparedness and Resilience (Council).,0
13653,2013-26785,"State, Local, and Tribal Leaders Task Force on Climate Preparedness and Resilience",establishes_body,"there is established a State, Local, and Tribal Leaders Task Force on Climate Preparedness and Resilience (Task Force).",0
13656,2014-01523,Department of State,creates_body,There is established within the Department of State ... a temporary organization to be known as the Afghanistan and Pakistan Strategic Partnership Office (APSPO).,0
13658,2014-03805,All executive departments and agencies,include a minimum‑wage clause in new contracts and solicitations,"Executive departments and agencies (agencies) shall, to the extent permitted by law, ensure that new contracts ... include a clause ... specifying ... that the minimum wage ... shall be at least:",0
13660,2014-05323,All U.S. Government agencies,take appropriate measures to implement the order,All agencies of the United States Government are hereby directed to take all appropriate measures within their authority to carry out the provisions of this order,0
13660,2014-05323,Secretary of the Treasury (in consultation with the Secretary of State),"take actions, promulgate rules and regulations, and redelegate functions as necessary to carry out the order","The Secretary of the Treasury, in consultation with the Secretary of State, is hereby authorized to take such actions, including the promulgation of rules and regulations",0
13661,2014-06141,Secretary of the Treasury (in consultation with the Secretary of State),block property and related transactions,"All property and interests in property ... are blocked and may not be transferred, paid, exported, withdrawn, or otherwise dealt in",0
13662,2014-06612,Department of the Treasury,implement and enforce the prohibitions,"The Secretary of the Treasury, in consultation with the Secretary of State, is hereby authorized to take such actions, including the promulgation of rules and regulations",0
13663,2014-06768,Emergency Board,submit a report to the President within 30 days after receiving final offers,the Board shall submit a report to the President setting forth its selection of the most reasonable offer,0
13663,2014-06768,National Mediation Board,maintain the Board's records and files after termination,shall be maintained in the physical custody of the National Mediation Board,0
13663,2014-06768,Parties to the disputes,submit final settlement offers to the Board within 30 days of the Board's creation,the parties to the disputes shall submit to the Board final offers for settlement of the disputes,0
13663,2014-06768,President,appoint three members to the Emergency Board,a Board of three members to be appointed by the President,0
13665,2014-08426,U.S. Department of Labor,propose regulations,"Within 160 days of the date of this order, the Secretary of Labor shall propose regulations to implement the requirements of this order.",0
13667,2014-11442,Secretary of the Treasury,authorizes actions and rulemaking to implement the sanctions,"The Secretary of the Treasury, in consultation with the Secretary of State, is hereby authorized to take such actions, including the promulgation of rules and regulations, and to employ all powers granted to the President by IEEPA and the UNPA, as may be necessary to carry out the purposes of this order.",0
13668,2014-12651,Department of the Treasury,delegates_authority,"The Secretary of the Treasury, in consultation with the Secretary of State, is hereby authorized to take such actions, including the promulgation of rules and regulations, and to employ all powers granted to the President by IEEPA and the UNPA as may be necessary to carry out the purposes of this order.",0
13670,2014-14432,Emergency Board (Board),established,"There is established, effective 12:01 a.m. eastern daylight time on June 15, 2014, a Board of three members to be appointed by the President to investigate and report on these disputes.",0
13670,2014-14432,Emergency Board (Board),report to the President,The Board shall report to the President with respect to the disputes within 30 days of its creation.,0
13670,2014-14432,Emergency Board (Board),maintain status quo for 120 days,"for 120 days from the date of the creation of the Board, no change in the conditions out of which the disputes arose shall be made by the parties to the controversy, except by agreement of the parties.",0
13670,2014-14432,Emergency Board (Board),terminate after report submission,The Board shall terminate upon the submission of the report provided for in section 2 of this order.,0
13670,2014-14432,National Mediation Board,custody of Board records after termination,The records and files of the Board are records of the Office of the President and upon the Board's termination shall be maintained in the physical custody of the National Mediation Board.,0
13672,2014-17522,Secretary of Labor,prepare regulations to implement the requirements of section 2 of this order,"Within 90 days of the date of this order, the Secretary of Labor shall prepare regulations to implement the requirements of section 2 of this order.",0
13673,2014-18561,All federal agencies,designate Labor Compliance Advisor,Each agency shall designate a senior agency official to be a Labor Compliance Advisor,0
13673,2014-18561,Contracting officers,review subcontractor disclosures within 30 days,information may be reviewed within 30 days of subcontract award,0
13673,2014-18561,FAR Council,propose FAR amendment,"the FAR Council shall, in consultation with the Department of Labor, the Office of Management and Budget, relevant enforcement agencies, and contracting agencies, propose to amend the Federal Acquisition Regulation",0
13673,2014-18561,GSA Administrator,develop reporting website,the Administrator of General Services ... shall develop a single Web site for Federal contractors to use for all Federal contract reporting requirements related to this order,0
13673,2014-18561,Labor Compliance Advisors,quarterly meetings with senior officials,"meet quarterly with the Deputy Secretary, Deputy Administrator, or equivalent agency official",0
13673,2014-18561,Labor Compliance Advisors,annual public report,"publicly report, on an annual basis, a summary of agency actions taken to promote greater labor compliance",0
13673,2014-18561,OMB Director,coordinate data inclusion with GSA,the Director of the Office of Management and Budget shall,1
13675,2014-18998,Department of Commerce,establish the Advisory Council,the Secretary of Commerce shall establish the President's Advisory Council on Doing Business in Africa,0
13676,2014-22805,Presidential Advisory Council on Combating Antibiotic‑Resistant Bacteria,establish_body,shall establish the Presidential Advisory Council on Combating Antibiotic-Resistant Bacteria (Advisory Council),0
13676,2014-22805,Task Force for Combating Antibiotic‑Resistant Bacteria,establish_body,There is hereby established the Task Force for Combating Antibiotic-Resistant Bacteria (Task Force),0
13678,2014-24218,"Bureau of Alcohol, Tobacco, Firearms, and Explosives (ATF)",conversion of Schedule B criminal investigators to career appointments,"Criminal Investigators of the ATF, who have been appointed under Schedule B, and who have completed 3 years of fully satisfactory service, may be converted non‑competitively to career appointments if they meet qualifications and other requirements established by the Director of the Office of Personnel Management.",0
13678,2014-24218,Office of Personnel Management (OPM),prescribe regulations to implement the conversion authority,The Director of the Office of Personnel Management shall prescribe such regulations as may be necessary to implement this order.,0
13679,2014-24851,Board,receive final settlement offers,"Within 30 days after the creation of the Board, the parties to the dispute shall submit to the Board final offers for settlement of the dispute.",0
13679,2014-24851,Board,submit report to President,"Within 30 days after the submission of final offers for settlement of the dispute, the Board shall submit a report to the President setting forth its selection of the most reasonable offer.",0
13679,2014-24851,Board,terminate after report submission,The Board shall terminate upon the submission of the report provided for in section 2 of this order.,0
13679,2014-24851,National Mediation Board,maintain board records after termination,The records and files of the Board are records of the Office of the President and upon the Board's termination shall be maintained in the physical custody of the National Mediation Board.,0
13679,2014-24851,Parties to the dispute,maintain status‑quo for 60 days after board report,"from the time a request to establish a second emergency board is made until 60 days after the Board submits its report to the President, no change in the conditions out of which the dispute arose shall be made by the parties to the controversy, except by agreement of the parties.",0
13679,2014-24851,President (Office of the President),establish emergency board,"There is established, effective 12:01 a.m. eastern daylight time on October 13, 2014, a Board of three members to be appointed by the President to investigate and report on this dispute.",0
13680,2014-25292,Department of Defense,order to active duty selected reserve and individual ready reserve members,"I hereby authorize the Secretary of Defense, and the Secretary of Homeland Security ... to order to active duty any units, and any individual members",0
13681,2014-25439,Administrator of General Services Administration (GSA),"Replace GSA‑contracted credit, debit and other payment cards that lack enhanced security features","shall begin replacing credit, debit, and other payment cards without enhanced security features no later than January 1, 2015",0
13681,2014-25439,All other agencies with card programs,Submit to OMB plans for ensuring their cards have enhanced security features,"By January 1, 2015, other agencies with credit, debit, and other payment card programs shall provide to the Office of Management and Budget (OMB) plans for ensuring that their credit, debit, and other payment cards have enhanced security features",0
13681,2014-25439,All relevant agencies,Complete implementation steps required by the authentication and identity‑proofing plan,"Within 18 months of the date of this order, relevant agencies shall complete any required implementation steps set forth in the plan prepared pursuant to this section",0
13681,2014-25439,Attorney General (with DHS),Issue guidance on regular submissions of compromised credentials to the NCFTA Internet Fraud Alert System,"by February 15, 2015, the Attorney General, in coordination with the Secretary of Homeland Security, shall issue guidance to promote regular submissions, as appropriate and permitted by law, by Federal law enforcement agencies of compromised credentials to the National Cyber-Forensics and Training Alliance's Internet Fraud Alert System",0
13681,2014-25439,"Department of Justice, Department of Commerce, Social Security Administration",Provide FTC with information on publicly available agency resources for identity‑theft victims,"shall provide to the Federal Trade Commission (FTC) information about such resources no later than March 15, 2015",0
13681,2014-25439,"National Security Council staff, Office of Science and Technology Policy, OMB",Present to the President a plan for multi‑factor authentication and identity proofing for agency digital applications,"within 90 days of the date of this order, the National Security Council staff, the Office of Science and Technology Policy, and OMB shall present to the President a plan, consistent with the guidance set forth in the 2011 National Strategy for Trusted Identities in Cyberspace, to ensure that all agencies making personal data accessible to citizens through digital applications require the use of multiple factors of authentication and an effective identity proofing process, as appropriate",0
13681,2014-25439,Office of Management and Budget (OMB) and General Services Administration (GSA),Assist FTC in enhancing IdentityTheft.gov and make the enhanced site publicly available,"making the enhanced site available to the public by May 15, 2015",0
13681,2014-25439,Secretary of the Treasury,Ensure new payment‑processing terminals acquired by agencies have hardware for enhanced security features,"No later than January 1, 2015, all new payment processing terminals acquired in these ways shall include hardware necessary to support such enhanced security features",0
13681,2014-25439,Secretary of the Treasury,Develop a plan for agencies to install software that enables the enhanced security features,"By January 1, 2015, the Department of the Treasury shall develop a plan for agencies to install enabling software that supports enhanced security features",0
13681,2014-25439,Secretary of the Treasury,Develop a plan to replace Direct Express prepaid debit cards that lack enhanced security features,"by January 1, 2015, the Department of the Treasury shall develop a plan for the replacement of Direct Express prepaid debit cards without enhanced security features",0
13682,2014-29121,All executive branch departments and agencies,close and excuse employees from duty on the specified date,"All executive branch departments and agencies of the Federal Government shall be closed and their employees excused from duty on Friday, December 26, 2014",0
13682,2014-29121,Heads of executive branch departments and agencies,determine limited exceptions to the closure for national‑security or public‑need reasons,"The heads of executive branch departments and agencies may determine that certain offices and installations of their organizations, or parts thereof, must remain open and that certain employees must report for duty on December 26, 2014, for reasons of national security, defense, or other public need",0
13686,2014-30363,Office of Personnel Management,implement locality‑based comparability payments,The Director of the Office of Personnel Management shall take such actions as may be necessary to implement these payments,0
13688,2015-01255,Law Enforcement Equipment Working Group,establish,There is established an interagency Law Enforcement Equipment Working Group (Working Group),0
13689,2015-01522,Executive Office of the President (overall coordination),establish the Arctic Executive Steering Committee,"There is established an Arctic Executive Steering Committee (Steering Committee), which shall provide guidance to executive departments and agencies",0
13691,2015-03714,Secretary of Homeland Security,establish a standards organization for ISAOs,"shall, through an open and competitive process, enter into an agreement with a nongovernmental organization to serve as the ISAO Standards Organization (SO)",0
13692,2015-05677,President (delegated to the Secretary of State),suspend entry of listed persons,"I hereby suspend entry into the United States, as immigrants or nonimmigrants, of such persons",0
13692,2015-05677,Secretary of the Treasury (in consultation with the Secretary of State),block property and interests of listed persons,"All property and interests in property ... are blocked and may not be transferred, paid, exported, withdrawn, or otherwise dealt in:",0
13693,2015-07016,Executive Office of the President (through CEQ),reestablish the Federal Chief Sustainability Officer and supporting office,the Federal Environmental Executive is reestablished as the Federal Chief Sustainability Officer and the Office of the Federal Environmental Executive is reestablished as the Office of the Chief Sustainability Officer,0
13697,2015-15828,the Commission,may choose other Presidential Scholars not exceeding twenty in any one year,the Commission may choose other Presidential Scholars not exceeding twenty in any one year,0
13698,2015-16122,Hostage Recovery Fusion Cell (HRFC),establishes a new inter‑agency coordination cell,shall establish within the FBI for administrative purposes an interagency Hostage Recovery Fusion Cell (HRFC).,0
13698,2015-16122,Hostage Response Group (HRG),establishes a new inter‑agency response group,There shall be a Hostage Response Group (HRG) chaired by the Special Assistant to the President and Senior Director for Counterterrorism,0
13698,2015-16122,Special Presidential Envoy for Hostage Affairs,establishes a new diplomatic envoy position,"There shall be a Special Presidential Envoy for Hostage Affairs (Special Envoy), appointed by the President, who shall report to the Secretary of State.",0
13699,2015-16334,Department of Labor,establishes Advisory Board on Toxic Substances and Worker Health,There is established within the Department of Labor the Advisory Board on Toxic Substances and Worker Health (Advisory Board).,0
13699,2015-16334,Department of Labor,appoints up to 15 members to the Advisory Board,The Advisory Board shall consist of no more than 15 members to be appointed by the Secretary of Labor in consultation with organizations with expertise on worker health issues.,0
13699,2015-16334,Department of Labor,provides unpaid status and reimbursable travel/meal expenses for board members,"Members shall serve without compensation as Special Government Employees, but shall be allowed travel and meal expenses, including per diem in lieu of subsistence, to the extent permitted by law for persons serving intermittently in the Government service (5 U.S.C. 5701-5707).",0
13699,2015-16334,Department of Labor,"provides advisory functions to the Secretary of Labor on exposure matrices, medical guidance, evidentiary requirements, and industrial hygiene",The Advisory Board shall advise the Secretary of Labor with respect to: (i) the site exposure matrices of the Department of Labor; (ii) medical guidance for claims examiners for claims under subtitle E of the Energy Employees Occupational Illness Compensation Program Act of 2000 (EEOICPA) …,0
13699,2015-16334,Department of Labor,coordinates data exchanges with the Advisory Board on Radiation and Worker Health,"To the extent necessary, the Advisory Board also shall coordinate exchanges of data and findings with the Advisory Board on Radiation and Worker Health, which was authorized by EEOICPA and established by Executive Order 13179 of December 7, 2000.",0
13699,2015-16334,Department of Labor,"provides funding, staff, and possible detail of Federal employees for the Advisory Board","The Secretary of Labor shall provide the Advisory Board with funding and administrative support, including the appointment of staff and, as the Secretary determines appropriate, authorization for the detail of Federal employees from within the Department of Labor and employment of outside contractors and specialists, to the extent permitted by law and within existing appropriations.",0
13699,2015-16334,Department of Labor,sets termination date for the Advisory Board,The Advisory Board shall terminate on the date that is 5 years after the enactment of the National Defense Authorization Act for Fiscal Year 2015.,0
13700,2015-17926,President of the United States,appoint members to an emergency board,a Board of three members to be appointed by the President to investigate and report on these disputes,0
13701,2015-18292,Director of the Office of Management and Budget,prepare plans for implementing and enforcing agreements submitted to Congress under section 105(e)(2) of the Act.,"The functions of the President under section 105(e)(2)(A) through (C) and (E) of the Act ... are assigned to the Director of the Office of Management and Budget, who shall carry out these functions with the advice and assistance of the Secretaries of State, the Treasury, Agriculture, Commerce, and Homeland Security and the U.S. Trade Representative and other executive departments and agencies as necessary.",0
13701,2015-18292,President (retained authority),"retain authority over the listed sections (102(c)(1), 102(c)(3), 103(a)(1)(A), 103(a)(1)(B), 103(a)(5), 103(a)(7), 103(b)(1), 103(c)(2), 105(a)(5), 106(a)(1)(A) and (E)).","The exercise of the following authorities of, and functions specifically assigned to, the President under, title I of the Act are not delegated or assigned under this order:",0
13701,2015-18292,Secretary of Labor,conduct employment‑impact review and prepare the related report under section 105(d)(2) of the Act.,"The functions of the President under section 105(d)(2)(A) of the Act are assigned to the Secretary of Labor, who, in coordination with the U.S. Trade Representative, shall conduct the employment impact review ... through the interagency Trade Policy Staff Committee, and shall prepare the report under section 105(d)(2) of the Act.",0
13701,2015-18292,Secretary of State,establish consultative mechanisms under section 102(c)(2) of the Act.,"The functions of the President under section 102(c)(2) of the Act with respect to establishing consultative mechanisms are assigned to the Secretary of State in consultation with the U.S. Trade Representative, with the advice and assistance of the Secretary of the Interior, the Secretary of Health and Human Services, the Administrator of the Environmental Protection Agency, the Secretary of Commerce and, as the Secretary of State determines appropriate, the heads of other executive departments and agencies.",0
13701,2015-18292,U.S. Trade Representative,"receive delegated authorities and assigned functions under title I of the Act, except those listed in subsections (b) and (c).","the authorities granted to and functions specifically assigned to the President under title I of the Act are delegated and assigned, respectively, to the United States Trade Representative (U.S. Trade Representative).",0
13701,2015-18292,U.S. Trade Representative,conduct environmental reviews and reporting under section 105(d)(1) of the Act.,"The functions of the President under section 105(d)(1) of the Act are assigned to the U.S. Trade Representative, who shall conduct the environmental reviews under section 105(d)(1)(A) of the Act through the interagency Trade Policy Staff Committee, and shall perform the reporting function under section 105(d)(1)(B) of the Act.",0
13701,2015-18292,U.S. Trade Representative,perform the reporting function under section 102(c)(4) of the Act.,"The U.S. Trade Representative, with the advice and assistance of executive departments and agencies participating in capacity building activities undertaken in accordance with section 102(c)(1) and (2) of the Act, shall perform the reporting function under section 102(c)(4) of the Act.",0
13702,2015-19183,NSCI Executive Council,established,there is established an NSCI Executive Council to be co‑chaired by the Director of the Office of Science and Technology Policy (OSTP) and the Director of the Office of Management and Budget (OMB).,0
13702,2015-19183,National Strategic Computing Initiative (NSCI),established,this order establishes the National Strategic Computing Initiative (NSCI).,0
13703,2015-19209,Department of State,submit recommendations to ONAP and OMB,"Within 100 days of the date of this order, the Secretary of State shall submit to ONAP and OMB recommendations for improving the Government-wide response to the domestic HIV/AIDS",1
13703,2015-19209,"Each lead agency (Dept. of Defense, Justice, Interior, Labor, HHS, HUD, Education, VA, DHS, SSA)",submit action‑plan report to ONAP and OMB,"Within 100 days of the date of this order, the head of each lead agency shall submit a report to ONAP and OMB on the agency's action plan for implementing the Updated Strategy.",0
13703,2015-19209,Equal Employment Opportunity Commission,submit employment‑opportunity recommendations to ONAP and OMB,"Within 100 days of the date of this order, the Chair of the Commission shall submit to ONAP and OMB recommendations for increasing employment opportunities for people living with",1
13703,2015-19209,National HIV/AIDS Strategy Federal Interagency Working Group,established to support implementation of the Updated Strategy,There is established the National HIV/ AIDS Strategy Federal Interagency Working Group (Federal Interagency Working Group) to support the implementation of the Updated Strategy.,0
13703,2015-19209,National HIV/AIDS Strategy Federal Interagency Working Group,provide recommendations to the President,"Within 100 days of the date of this order, the Federal Interagency Working Group shall provide recommendations to the President on actions that agencies should take to implement the Updated Strategy through 2020.",0
13703,2015-19209,Office of National AIDS Policy (ONAP),annual report to the President,The Director of ONAP shall annually report to the President on the implementation of the Updated,1
13703,2015-19209,Office of National AIDS Policy (ONAP),monitor implementation of the Updated Strategy,"The Director of ONAP, in consultation with the Director of the Office of Management and Budget (OMB), shall be responsible for monitoring the implementation of the Updated Strategy.",0
13704,2015-20801,General Services Administration,establishes the Presidential Innovation Fellows Program and an Advisory Board,"this order establishes a program to encourage successful entrepreneurs, executives, and innovators to join the Federal Government",0
13706,2015-22998,All executive departments and agencies,require paid‑sick‑leave clause in new contracts,"Executive departments and agencies (agencies) shall, to the extent permitted by law, ensure that new contracts, contract‑like instruments, and solicitations (collectively referred to as “contracts”), as described in section 6 of this order, include a clause, which the contractor and any subcontractors shall incorporate into lower‑tier subcontracts, specifying, as a condition of payment, that all employees, in the performance of the contract or any subcontract thereunder, shall earn not less than 1 hour of paid sick leave for every 30 hours worked.",0
13706,2015-22998,All executive departments and agencies,ensure compliance with the new paid‑sick‑leave requirements within 60 days of the regulations,"Within 60 days of the Secretary issuing regulations pursuant to subsection (a) of this section, agencies shall take steps, to the extent permitted by law, to exercise any applicable authority to ensure that contracts ... entered into after January 1, 2017, consistent with the effective date of such agency action, comply with the requirements set forth in section 2 of this order.",0
13706,2015-22998,All federal contracting entities,apply paid‑sick‑leave requirements to contracts issued or awarded on or after 1 January 2017,"This order is effective immediately and shall apply to covered contracts where the solicitation for such contract has been issued, or the contract has been awarded ... on or after: (i) January 1, 2017, consistent with the effective date for the action taken by the Federal Acquisition Regulatory Council pursuant to section 3(a) of this order; or (ii) January 1, 2017, for contracts where an agency action is taken pursuant to section 3(b) of this order, consistent with the effective date for such action.",0
13706,2015-22998,Federal contractors,prohibit limits on paid‑sick‑leave accrual below 56 hours,"A contractor may not set a limit on the total accrual of paid sick leave per year, or at any point in time, at less than 56 hours.",0
13706,2015-22998,Federal contractors,define permissible uses of paid‑sick‑leave,"Paid sick leave earned under this order may be used by an employee for an absence resulting from: (i) physical or mental illness, injury, or medical condition; (ii) obtaining diagnosis, care, or preventive care from a health care provider; (iii) caring for a child, a parent, a spouse, a domestic partner, or any other individual related by blood or affinity whose close association with the employee is the equivalent of a family relationship",1
13706,2015-22998,Secretary of Labor,issue implementing regulations,"The Secretary of Labor (Secretary) shall issue such regulations by September 30, 2016, as are deemed necessary and appropriate to carry out this order, to the extent permitted by law and consistent with the requirements of 40 U.S.C. 121, including providing exclusions from the requirements set forth in this order where appropriate; defining terms used in this order; and requiring contractors to make, keep, and preserve such employee records as the Secretary deems necessary and appropriate for the enforcement of the provisions of this order or the regulations thereunder.",0
13707,2015-23630,Executive departments and agencies (agencies),"identify policies, programs, and operations where applying behavioral science insights may yield substantial improvements in welfare, program outcomes, and program cost effectiveness","Executive departments and agencies (agencies) are encouraged to: (i) identify policies, programs, and operations where applying behavioral science insights may yield substantial improvements in",1
13711,2015-29498,Office of the President,records_maintenance,The records and files of the Board are records of the Office of the President and upon the Board's termination shall be maintained in the physical custody of the National Mediation Board.,0
13712,2015-30191,Department of the Treasury,"authorizes to take actions, issue rules and regulations, and redelegate functions","The Secretary of the Treasury, in consultation with the Secretary of State, is hereby authorized to take such actions, including the promulgation of rules and regulations",0
13716,2016-01325,All agencies of the United States Government,directed to take all appropriate measures within their authority to implement the order,All agencies of the United States Government are hereby directed to take all appropriate measures within their authority to carry out the provisions of this order,0
13716,2016-01325,Secretary of the Treasury,authorized to impose measures on persons determined to support Iran‑related activities,"The Secretary of the Treasury, in consultation with the Secretary of State, is hereby authorized to impose on a person the measures described in subsection (a)(ii) of this section",0
13716,2016-01325,Secretary of the Treasury,"authorized to take actions, including promulgating rules and regulations, to carry out the order","The Secretary of the Treasury, in consultation with the Secretary of State, is hereby authorized to take such actions, including the promulgation of rules and regulations",0
13717,2016-02475,Interagency Committee on Seismic Safety in Construction (ICSSC),established,"The ICSSC shall be composed of representatives of all Federal agencies engaged in construction, financing of construction, or related activities.",0
13718,2016-03038,Commission on Enhancing National Cybersecurity,submit a final report to the President,"The Commission shall be advisory in nature and shall submit a final report to the President by December 1, 2016.",0
13718,2016-03038,Commission on Enhancing National Cybersecurity,terminate the Commission,"The Commission shall terminate within 15 days after it presents its final report to the President, unless extended by the President.",0
13718,2016-03038,Department of Commerce,establishes the Commission on Enhancing National Cybersecurity,There is established within the Department of Commerce the Commission on Enhancing National Cybersecurity (Commission).,0
13719,R1-2016-03141,All executive departments and agencies,designate or re‑designate a Senior Agency Official for Privacy,"The head of each agency, consistent with guidance to be issued by the Director as required in section 2 of this order, shall designate or re-designate a Senior Agency Official for Privacy with the experience and skills necessary to manage an agency‑wide privacy program.",0
13719,R1-2016-03141,Federal Privacy Council,establishment of a new interagency council on privacy,There is hereby established the Federal Privacy Council (Privacy Council) as the principal interagency forum to improve the Government privacy practices of agencies and entities acting on their behalf.,0
13719,R1-2016-03141,Office of Management and Budget,issue a revised privacy‑officials policy,"Within 120 days of the date of this order, the Director of the Office of Management and Budget (Director) shall issue a revised policy on the role and designation of the Senior Agency Officials for Privacy.",0
13720,2016-04770,Administrator of the United States Agency for International Development,perform assigned functions,"The functions of the President ... are assigned to the Administrator of the United States Agency for International Development, in collaboration with the Secretary of Agriculture.",0
13720,2016-04770,United States Trade Representative,receive delegated authorities and assigned functions,"the authorities granted to and functions specifically assigned to the President under title I of the Act are delegated and assigned, respectively, to the United States Trade Representative (U.S. Trade Representative).",0
13720,2016-04770,United States Trade Representative,perform assigned functions (consulting the Secretary of State),"The functions of the President under section 110(a) of the Act are assigned to the U.S. Trade Representative, in consultation with the Secretary of State.",0
13720,2016-04770,United States Trade Representative,perform reporting function under section 701,The U.S. Trade Representative ... shall perform the reporting function under section 701 of the Act.,0
13725,2016-09346,All executive departments and agencies,identify specific actions to address undue competition burdens,Agencies shall also identify specific actions that they can take in their areas of responsibility to address undue burdens on competition.,0
13725,2016-09346,All executive departments and agencies,submit initial list of potential competition‑enhancing actions to the NEC Director,"Not later than 30 days from the date of this order, agencies shall submit to the Director of the National Economic Council an initial list of",1
13725,2016-09346,All executive departments and agencies,report recommendations on competition‑enhancing actions to the President via the NEC Director,"Not later than 60 days from the date of this order, agencies shall report to the President, through the Director of the National Economic Council, recommendations on agency-specific",1
13725,2016-09346,All executive departments and agencies,clarify that the order creates no enforceable private rights,"This order is not intended to, and does not, create any right or benefit, substantive or procedural, enforceable at law",1
13727,2016-11300,Agency Transition Directors Council,establishes a new council to coordinate transition activities across agencies,there is established an Agency Transition Directors Council.,0
13727,2016-11300,White House Transition Coordinating Council,establishes a new coordinating council to facilitate presidential transitions,there is established a White House Transition Coordinating Council.,0
13728,2016-12155,All executive departments and agencies,ensure new federal buildings meet IWUIC standards,"each agency shall ensure that every new Federal building above 5,000 gross square feet on Federal land within the wildland‑urban interface at moderate or greater wildfire risk ... is in compliance with the 2015 edition of the International Wildland‑Urban Interface Code (IWUIC)",0
13728,2016-12155,Heads of all agencies that own qualifying federal buildings,submit biennial progress reports to the MitFLG,"The heads of agencies whose activities are covered by sections 2(a) and 2(b) of this order shall submit a report once every 2 years to the Chair of the MitFLG on their progress in implementing the order, commencing 2 years from the date of this order.",0
13728,2016-12155,Mitigation Framework Leadership Group (MitFLG),established to create implementing guidelines and provide assistance to agencies,The Mitigation Framework Leadership Group (MitFLG) shall:,0
13728,2016-12155,Mitigation Framework Leadership Group (MitFLG),draft and issue compliance guidelines,create implementing guidelines to advise and assist agency compliance with the code requirements within 240 days of the date of this order,0
13729,2016-12307,All Executive Departments and Agencies,"integrate atrocity‑prevention staffing, training, funding, and activities into strategic planning and budgeting","Agencies, in coordination with the Board, shall ensure that mass atrocity prevention and response staffing, training, funding, and activities are addressed in their strategic planning and budget processes",0
13729,2016-12307,Atrocities Prevention Board,continue existing inter‑agency board established in 2012,This order continues in place the Board established in 2012 as I directed in PSD‑10,0
13729,2016-12307,Atrocities Prevention Board,assign chairmanship to a senior NSC staff member designated by the President,"The Board shall function as an interagency policy committee, or body of equivalent standing, chaired by a member of the National Security Council staff at the Senior Director level or higher who shall be designated by the President (Chair).",0
13729,2016-12307,Chair of the Atrocities Prevention Board,submit an annual report to the President by April 30,"The Chair shall report, through the National Security Advisor, to the President by April 30 each year on the work of the U.S. Government in mass atrocity prevention and response, including the work of the Board.",0
13731,2016-15542,Department of Commerce,administer PAGE Program,The Secretary of Commerce (Secretary) shall administer the Presidential Ambassadors for Global Entrepreneurship Program (PAGE Program),0
13731,2016-15542,Department of Commerce (Secretary),create PAGE Advisory Board,"The Secretary shall establish an Advisory Board to advise the Secretary by recommending such priorities, standards, and partnerships",0
13731,2016-15542,Department of State (Chair),create Global Connect International Connectivity Steering Group,"there is hereby established a Global Connect International Connectivity Steering Group (Steering Group), chaired by State",0
13732,2016-16295,Director of National Intelligence (or designee),collect strike data and publish an unclassified summary,"shall obtain from relevant agencies information about the number of strikes undertaken by the U.S. Government against terrorist targets outside areas of active hostilities ... and publicly release an unclassified summary of such information no later than May 1, 2017",0
13732,2016-16295,relevant agencies,train personnel on civilian‑protection obligations,"train personnel, commensurate with their responsibilities, on compliance with legal obligations and policy guidance that address the protection of civilians",0
13733,2016-17945,Administrator of the United States Agency for International Development (USAID),receive functions of the President under section 915(d) of the Act,"The functions of the President under section 915(d) of the Act are assigned to the Administrator of the United States Agency for International Development, in consultation with the Secretary of State and the United States Trade",1
13733,2016-17945,Assistant to the President for Economic Policy,make a recommendation to the President on actions under sections 701(c)(1)(A)‑(D) of the Act,"the Assistant to the President for Economic Policy, in consultation with the Secretary of the Treasury, the U.S. Trade Representative, the Secretary of State, and the Secretary of Commerce, shall make a recommendation to the President regarding which of the actions set forth in sections 701(c)(1)(A) through (D) of the Act the President should take, or whether the President should waive, pursuant to section 701(c)(2) of the Act, the requirement to take remedial action.",0
13733,2016-17945,Secretary of Commerce,"receive functions of the President under section 2313A(b) of the Export Enhancement Act of 1988, as added by section 504 of the Act","The functions of the President under section 2313A(b) of the Export Enhancement Act of 1988, as added by section 504 of the Act, are assigned to the Secretary of Commerce.",0
13733,2016-17945,Secretary of State,receive functions of the President under section 909(d) of the Act,"The functions of the President under section 909(d) of the Act are assigned to the Secretary of State, in consultation with other relevant Federal agencies.",0
13733,2016-17945,Secretary of the Treasury,seek the views of the U.S. Trade Representative before undertaking an enhanced analysis of a country,"Prior to undertaking an enhanced analysis of a country pursuant to section 701(a)(2)(A)(ii) of the Act, the Secretary of the Treasury shall seek the views of the U.S. Trade Representative on changes in trade restrictions in that country.",0
13733,2016-17945,Secretary of the Treasury,consult with the Secretary of State when exercising functions under section 701(b)(2)(A) of the Act,"In exercising the functions under section 701(b)(2)(A) of the Act, the Secretary of the Treasury shall consult with the Secretary of State in making any determination that commencing enhanced bilateral engagement with a country would cause serious harm to the national security of the United States.",0
13733,2016-17945,U.S. Trade Representative,receive functions of the President under section 915(e) of the Act,"The functions of the President under section 915(e) of the Act are assigned to the U.S. Trade Representative, in consultation with the Secretary of State.",0
13736,2016-19724,Department of Veterans Affairs,establishes order of succession for the Secretary of Veterans Affairs,"the following officials of the Department of Veterans Affairs, in the order listed, shall act as Secretary of Veterans Affairs (Secretary)",0
13744,2016-25290,Office of Science and Technology Policy (OSTP),coordinate development and implementation of federal space‑weather activities,"the Director of the Office of Science and Technology Policy (OSTP), in consultation with the Assistant to the President for Homeland Security and Counterterrorism and the Director of the Office of Management and Budget (OMB), shall coordinate the development and implementation of Federal Government activities to prepare the Nation for space weather events",0
13745,2016-26753,Office of Personnel Management,exercise delegated authority to establish an emergency leave transfer program,The Director of the Office of Personnel Management (OPM) is hereby authorized to exercise the function vested in the President,0
13746,2016-27156,Power Africa Working Group,establish,"There is hereby established the Power Africa Working Group (Working Group), co‑chaired by the Coordinator for Power Africa within USAID",0
13747,2016-27171,National Security Council staff,convene the GHSA Interagency Review Council,to convene a GHSA Interagency Review Council (Council) to perform the responsibilities described in this order.,0
13750,2016-29169,All executive‑branch agencies (heads),appoint eligible alumni to the competitive service,"The head of any agency in the executive branch may appoint in the competitive service any person who is certified by the Secretary of State or designee as having participated successfully in the Fulbright, Gilman, or CLS international exchange programs, and who passes such examination as the Office of Personnel Management (OPM) may prescribe.",0
13752,2016-30101,Central Authority (HHS),designate State IV‑D child‑support agencies to act on behalf of the United States under the Convention,"The Central Authority may designate the State agencies responsible for implementing an approved State Plan under title IV‑D of the Social Security Act, 42 U.S.C. 651 et seq., as public bodies authorized to perform specific functions in relation to applications under the Convention.",0
13752,2016-30101,Department of Health and Human Services,serve as the Central Authority for the Hague Convention on the International Recovery of Child Support and Other Forms of Family Maintenance,The Department of Health and Human Services is hereby designated as the Central Authority of the United States for purposes of the Convention.,0
13752,2016-30101,Secretary of Health and Human Services,exercise authority to carry out the functions of the Central Authority,"The Secretary of Health and Human Services is hereby authorized and empowered, in accordance with such regulations as the Secretary may prescribe, to perform all lawful acts that may be necessary and proper in order to execute the functions of the Central Authority in a timely and efficient manner.",0
13755,2016-31792,Department of Labor,order_of_succession,"the following officials of the Department of Labor, in the order listed, shall act as and perform the functions and duties of the office of Secretary of Labor",0
13760,2017-01169,Executive Order 13760,determine primary function and exclude from labor‑management coverage,"The agencies and subdivisions of the Department of Defense set forth in section 2 of this order are hereby determined to have as a primary function intelligence, counterintelligence, investigative, or national security work.",0
13761,2017-01197,Secretary of State,provide_report_on_sudan_positive_actions,"On or before July 12, 2017, the Secretary of State ... shall provide to the President a report on whether the Government of Sudan has sustained the positive actions",0
13761,2017-01197,Secretary of State,provide_annual_updated_report,shall provide to the President an updated version of the report required in section 10 of this order annually thereafter,0
13761,2017-01197,Secretary of State,publish_federal_register_notice,shall publish a notice in the Federal Register stating whether the Government of Sudan has sustained the positive actions that gave rise to this order,0
13762,2017-01487,Department of Justice,establishes an order of succession for the office of Attorney General,"the following officers, in the order listed, shall act as and perform the functions and duties of the office of Attorney General",0
13764,2017-01623,"Deputy Director for Management, Office of Management and Budget","serve as Chair of the Security, Suitability, and Credentialing Performance Accountability Council","The Deputy Director for Management, Office of Management and Budget, shall serve as Chair of the Council",0
13764,2017-01623,Director of National Intelligence,serve as the Security Executive Agent,The Director of National Intelligence shall serve as the Security Executive Agent,0
13764,2017-01623,Director of the Office of Personnel Management,serve as the Suitability and Credentialing Executive Agent,The Director of the Office of Personnel Management shall serve as the Suitability and Credentialing Executive Agent,0
13764,2017-01623,Office of Personnel Management,"responsible for open competitive examinations, standards of citizenship, age, education, fitness and suitability",(a) OPM shall be responsible for:,0
13764,2017-01623,Secretary of Defense,"design, develop, deploy, operate, secure, defend, and continuously update vetting information technology systems","The Secretary of Defense shall design, develop, deploy, operate, secure, defend, and continuously update and modernize, as necessary, vetting information technology systems",0
13765,2017-01799,Secretary of Health and Human Services and heads of all other executive departments and agencies,"exercise authority and discretion to waive, defer, grant exemptions from, or delay implementation of ACA provisions","shall exercise all authority and discretion available to them to waive, defer, grant exemptions from, or delay the implementation of any provision or requirement of the Act",0
13766,2017-02029,White House Council on Environmental Quality (CEQ),determine high‑priority status of infrastructure projects,"the Chairman of the White House Council on Environmental Quality (CEQ) shall, within 30 days after a request is made, decide whether an infrastructure project qualifies as a ``high priority'' infrastructure project.",0
13767,2017-02095,Secretary of Homeland Security,"plan, design, and construct a physical wall along the southern border","take all appropriate steps to immediately plan, design, and construct a physical wall along the southern border",0
13767,2017-02095,Secretary of Homeland Security,"allocate Federal funds for planning, designing, and constructing the wall","allocate all sources of Federal funds for the planning, designing, and constructing of a physical wall along the southern border",0
13767,2017-02095,Secretary of Homeland Security,produce a comprehensive study of southern border security,"Produce a comprehensive study of the security of the southern border, to be completed within 180 days of this order",0
13767,2017-02095,Secretary of Homeland Security,build and operate detention facilities at the southern border,"construct, operate, control, or establish contracts to construct, operate, or control facilities to detain aliens at or near the land border with Mexico",0
13767,2017-02095,Secretary of Homeland Security,"hire 5,000 additional Border Patrol agents","shall take all appropriate action to hire 5,000 additional Border Patrol agents",0
13767,2017-02095,Secretary of Homeland Security,submit a progress report to the President within 90 days,"the Secretary, within 90 days of the date of this order,",1
13769,2017-02281,Department of Homeland Security,conduct review of information needed for visa adjudications,"The Secretary of Homeland Security, in consultation with the Secretary of State and the Director of National Intelligence, shall immediately conduct a review to determine the information needed from any country to adjudicate any visa, admission, or other benefit under the INA (adjudications)",0
13769,2017-02281,Department of Homeland Security,expedite biometric entry‑exit tracking system,The Secretary of Homeland Security shall expedite the completion and implementation of a biometric entry‑exit tracking system for all travelers to the United States,0
13769,2017-02281,Department of Homeland Security,collect and publish data on terrorism‑related offenses and other security information,"The Secretary of Homeland Security, in consultation with the Attorney General, shall, consistent with applicable law and national security, collect and make publicly available within 180 days, and every 180 days thereafter",0
13769,2017-02281,Department of State,suspend refugee admissions program for 120 days,The Secretary of State shall suspend the U.S. Refugee Admissions Program (USRAP) for 120 days,0
13769,2017-02281,Department of State,suspend Visa Interview Waiver Program,"The Secretary of State shall immediately suspend the Visa Interview Waiver Program and ensure compliance with section 222 of the INA, 8 U.S.C. 1202",0
13769,2017-02281,President (executive authority),suspend entry of nationals from designated countries for 90 days,"I hereby suspend entry into the United States, as immigrants and nonimmigrants, of such persons for 90 days from the date of this order",0
13770,2017-02450,All executive agencies,establish rules or procedures to ensure appointees sign the pledge and comply,the head of every executive agency shall establish for that agency such rules or procedures ... as are necessary or appropriate,0
13770,2017-02450,Office of Government Ethics,adopt rules to implement pledge provisions,The Director of the Office of Government Ethics shall: ... adopt such rules or procedures ... to apply the lobbyist gift ban set forth in paragraph 5 of the pledge,0
13772,2017-02762,Secretary of the Treasury,consultation with Financial Stability Oversight Council members,shall consult with the heads of the member agencies of the Financial Stability Oversight Council,0
13772,2017-02762,Secretary of the Treasury,report to the President,shall report to the President within 120 days of the date of this order,0
13773,2017-03113,"Secretary of State, Attorney General, Secretary of Homeland Security, Director of National Intelligence (or their designees)",co‑chair and direct the Threat Mitigation Working Group,shall co‑chair and direct the existing interagency Threat Mitigation Working Group (TMWG),0
13774,2017-03115,Attorney General,overall responsibility for implementing the order,the Attorney General shall:,0
13776,2017-03118,Attorney General,establish a task force,"I hereby direct the Attorney General to establish, and to appoint or designate an individual or individuals to chair, a Task Force on Crime Reduction and Public Safety",0
13778,2017-04353,Environmental Protection Agency,review and propose rescission or revision of the Clean Water Rule,"and publish for notice and comment a proposed rule rescinding or revising the rule,",0
13778,2017-04353,U.S. Army Corps of Engineers (Assistant Secretary for Civil Works),review and propose rescission or revision of the Clean Water Rule,"and publish for notice and comment a proposed rule rescinding or revising the rule,",0
13780,2017-04837,President,revocation,I am revoking Executive Order 13769 and replacing it with this order,0
13780,2017-04837,President,temporary suspension of entry,I therefore direct that the entry into the United States of nationals of those six countries be suspended for 90 days from the effective date of this order,0
13780,2017-04837,Secretary of Homeland Security,report on worldwide review,shall submit to the President a report ... within 20 days of the effective date of this order,0
13780,2017-04837,Secretary of Homeland Security,report on biometric entry‑exit tracking system,"initial report shall be submitted within 100 days of the effective date of this order, a second report shall be submitted within 200 days ..., and a third report shall be submitted within 365 days ... further reports every 180 days thereafter",0
13780,2017-04837,Secretary of Homeland Security,transparency and data‑collection reporting,shall release the initial report ... within 180 days of the effective date of this order ... Subsequent reports shall be issued every 180 days thereafter,0
13780,2017-04837,"Secretary of Homeland Security, Secretary of State, Attorney General, Director of National Intelligence",report on uniform screening and vetting program,"shall submit to the President an initial report ... within 60 days of the effective date of this order, a second report within 100 days ..., and a third report within 200 days",0
13780,2017-04837,Secretary of State,suspension of visa interview waiver,shall immediately suspend the Visa Interview Waiver Program,0
13780,2017-04837,Secretary of State and Secretary of Homeland Security,temporary suspension of refugee admissions,shall suspend travel of refugees into the United States under the USRAP ... for 120 days after the effective date of this order,0
13780,2017-04837,Secretary of State and Secretary of Homeland Security,periodic progress reports,"shall submit to the President a joint report ... within 60 days of the effective date of this order, a second report within 90 days ..., a third report within 120 days ..., and a fourth report within 150 days",0
13781,2017-05399,Each federal agency (head),submit a proposed reorganization plan to the Director,"Within 180 days of the date of this order, the head of each agency shall submit to the Director a proposed plan",0
13781,2017-05399,Office of Management and Budget (Director),propose a plan to reorganize governmental functions and eliminate unnecessary agencies,"This order is intended to improve the efficiency, effectiveness, and accountability of the executive branch",0
13781,2017-05399,Office of Management and Budget (Director),submit the consolidated proposed plan to the President,"Within 180 days after the closing date for the submission of suggestions pursuant to subsection (b) of this section, the Director shall submit to the President a proposed plan",0
13783,2017-06576,All federal agencies,review existing regulations that burden domestic energy development,"The heads of agencies shall review all existing regulations, orders, guidance documents, policies, and any other similar agency actions (collectively, agency actions) that potentially burden the development or use of domestically produced energy resources",0
13784,2017-06716,Office of National Drug Control Policy (ONDCP),provide administrative support for the Commission,"The Office of National Drug Control Policy (ONDCP) shall, to the extent permitted by law, provide administrative support for the Commission.",0
13784,2017-06716,Office of National Drug Control Policy (ONDCP),make appropriated funds available to pay the Commission's activity costs,make funds appropriated to the ONDCP available to pay the costs of the activities of the Commission.,0
13785,2017-06967,Department of Homeland Security (Secretary),develop a plan that would require covered importers to provide security for antidumping and countervailing duty liability through bonds and other legal measures,"Within 90 days of the date of this order, the Secretary of Homeland Security shall, in consultation with the Secretary of the Treasury, the Secretary of Commerce, and the United States Trade Representative, develop a plan",0
13785,2017-06967,Department of Homeland Security (Secretary) via CBP Commissioner,develop and implement a strategy and plan for combating violations of United States trade and customs laws,"Within 90 days of the date of this order, the Secretary of Homeland Security, through the Commissioner of CBP, shall develop and implement a strategy and plan for combating violations of United States trade and customs laws",0
13785,2017-06967,Department of Justice (Attorney General),develop recommended prosecution practices and allocate resources to prioritize significant trade‑law offenses,"The Attorney General, in consultation with the Secretary of Homeland Security, shall develop recommended prosecution practices",0
13786,2017-06968,Secretary of Commerce and the United States Trade Representative (USTR),prepare and submit the Omnibus Report on Significant Trade Deficits,shall prepare and submit to the President an Omnibus Report on Significant Trade Deficits,0
13788,2017-08311,All agencies,"assess monitoring, enforcement, implementation, and compliance with Buy American Laws","Within 150 days of the date of this order, the heads of all agencies shall:",1
13789,2017-08586,Department of the Treasury,review and identify tax regulations for an interim report,"the Secretary of the Treasury (Secretary) shall immediately review all significant tax regulations issued by the Department of the Treasury on or after January 1, 2016, and, in consultation with the Administrator of the Office of Information and Regulatory Affairs, Office of Management and Budget, identify in an interim report to the President all such regulations that:",0
13790,2017-08818,Interagency Task Force on Agriculture and Rural Prosperity,establish,There is hereby established the Interagency Task Force on Agriculture and Rural Prosperity (Task Force).,0
13791,2017-08905,Department of Education,review regulations and guidance documents,"The Secretary of Education (Secretary) shall review all Department of Education (Department) regulations and guidance documents relating to DEOA, GEPA, and ESEA, as amended by ESSA.",0
13792,2017-08908,Department of the Interior,conduct a review of national monument designations made since January 1 1996,"The Secretary of the Interior (Secretary) shall conduct a review of all Presidential designations ... since January 1, 1996",0
13792,2017-08908,Department of the Interior,consult and coordinate with other cabinet secretaries as appropriate,"The Secretary shall consult and coordinate with, as appropriate, the Secretary of Defense, the Secretary of Agriculture, the Secretary of Commerce",0
13792,2017-08908,Department of the Interior,consult and coordinate with affected state governors,"The Secretary shall, as appropriate, consult and coordinate with the Governors of States affected by monument designations",0
13793,2017-08990,Department of Veterans Affairs,establish Office of Accountability and Whistleblower Protection,"Within 45 days of the date of this order,",1
13794,2017-09083,Executive Office of the President,appoint a Director for the American Technology Council,"The ATC shall have a Director, who shall be an employee of the Executive Office of the President designated by the President.",0
13795,2017-09087,President (executive authority),revokes EO 13754,"Executive Order 13754 of December 9, 2016 (Northern Bering Sea Climate Resilience), is hereby revoked.",0
13795,2017-09087,Secretary of Commerce,"report review results to OMB, CEQ, and the Assistant to the President for Economic Policy","Within 180 days of the date of this order, the Secretary of Commerce, in consultation with the Secretary of Defense and the Secretary of the Interior, shall report the results of the review",0
13795,2017-09087,Secretary of the Interior,consider revising lease‑sale schedule,"give full consideration to revising the schedule of proposed oil and gas lease sales, as described in that section",0
13795,2017-09087,Secretary of the Interior,direct BOEM to review Notice to Lessees,The Secretary of the Interior shall direct the Director of BOEM to take all necessary steps ... to review BOEM's Notice to Lessees No. 2016‑N01,0
13795,2017-09087,Secretary of the Interior,review BSEE final rule and propose revisions,shall review the Final Rule ... and shall publish for notice and comment a proposed rule revising that rule,0
13795,2017-09087,Secretary of the Interior,amends the withdrawal language for Outer Continental Shelf areas,"The body text ... is modified to read, in its entirety, as follows:",0
13796,2017-09156,Secretary of Commerce and USTR,"conduct comprehensive performance reviews of all trade agreements and investment agreements, and WTO‑governed trade relations with significant U.S. trade deficits.",The Secretary of Commerce and the United States Trade Representative (USTR),1
13796,2017-09156,Secretary of Commerce and USTR,submit performance‑review reports to the President within 180 days of the order’s date.,Each performance review shall be submitted to the President ... within 180 days of the date of this order,0
13796,2017-09156,"Secretary of Commerce, USTR, and other heads of executive departments and agencies","take appropriate and lawful actions to remedy trade‑law violations, abuses, or unfair treatment.","shall take every appropriate and lawful action to address violations of trade law, abuses of trade law, or instances of unfair treatment.",0
13797,2017-09161,Office of Trade and Manufacturing Policy,establishment,The Office of Trade and Manufacturing Policy (OTMP) is hereby established within the White House Office.,0
13798,2017-09574,Attorney General,issue guidance interpreting religious liberty protections,"The Attorney General shall, as appropriate, issue guidance interpreting religious liberty protections in Federal law.",0
13798,2017-09574,"Secretary of the Treasury, Secretary of Labor, Secretary of Health and Human Services",consider issuing amended regulations addressing conscience‑based objections to the preventive‑care mandate,"The Secretary of the Treasury, the Secretary of Labor, and the Secretary of Health and Human Services shall consider issuing amended regulations",1
13799,2017-10003,Presidential Advisory Commission on Election Integrity,established,The Presidential Advisory Commission on Election Integrity (Commission) is hereby established.,0
13800,2017-10004,All Agency Heads,submit risk‑management report to DHS and OMB,Each agency head shall provide a risk management report to the Secretary of Homeland Security and the Director of the Office of Management and Budget (OMB) within 90 days of the date of this order.,0
13800,2017-10004,All Executive Departments and Agencies,accountability for managing cybersecurity risk,The President will hold heads of executive departments and agencies (agency heads) accountable for managing cybersecurity risk to their enterprises.,0
13800,2017-10004,Director of National Intelligence (with other agency heads),report on foreign cybersecurity workforce development practices,"within 60 days of the date of this order, provide a report to the President through the Assistant to the President for Homeland Security and Counterterrorism on the findings of the review carried out pursuant to subsection (d)(ii)(A) of this section.",0
13800,2017-10004,"Director of OMB (with DHS, Commerce, GSA support)",submit determination and plan to the President,"within 60 days of receipt of the agency risk management reports outlined in subsection (c)(ii) of this section, shall submit to the President",1
13800,2017-10004,Secretary of Commerce and Secretary of Homeland Security,publish preliminary report on botnet and automated‑threat resilience,"Within 240 days of the date of this order, the Secretary of Commerce and the Secretary of Homeland Security shall make publicly available a preliminary report on this effort.",0
13800,2017-10004,Secretary of Commerce and Secretary of Homeland Security,submit final report on botnet and automated‑threat resilience,"Within 1 year of the date of this order, the Secretaries shall submit a final version of this report to the President.",0
13800,2017-10004,Secretary of Commerce and Secretary of Homeland Security,report on market‑transparency of cybersecurity risk‑management practices,"shall provide a report to the President, through the Assistant to the President for Homeland Security and Counterterrorism, that examines the sufficiency of existing Federal policies and practices to promote appropriate market transparency of cybersecurity risk management practices by critical infrastructure entities ... within 90 days of the date of this order.",0
13800,2017-10004,Secretary of Commerce and Secretary of Homeland Security,report on cybersecurity workforce development,"within 120 days of the date of this order, provide a report to the President, through the Assistant to the President for Homeland Security and Counterterrorism, with findings and recommendations regarding how to support the growth and sustainment of the Nation's cybersecurity workforce ...",0
13800,2017-10004,"Secretary of Defense (with Commerce, Homeland Security, DNI coordination)",report on U.S. national‑security‑related cyber capabilities,"within 150 days of the date of this order, provide a report to the President, through the Assistant to the President for Homeland Security and Counterterrorism, with findings and recommendations on the assessment carried out pursuant to subsection (d)(iii)(A) of this section.",0
13800,2017-10004,"Secretary of Defense, Secretary of Homeland Security, Director of FBI (with DNI coordination)",report on defense‑industrial‑base cybersecurity risks,"shall provide a report to the President, through the Assistant to the President for National Security Affairs and the Assistant to the President for Homeland Security and Counterterrorism, on cybersecurity risks facing the defense industrial base",1
13800,2017-10004,Secretary of Energy and Secretary of Homeland Security,provide assessment of electricity‑disruption incident‑response capabilities,"The assessment shall be provided to the President, ... within 90 days of the date of this order, and may be classified in full or in part, as appropriate.",0
13800,2017-10004,"Secretary of Homeland Security (with DHS, DOJ, DNI, sector‑specific agency heads)",report on supporting critical‑infrastructure entities at greatest risk,provide a report to the President,1
13800,2017-10004,Secretary of State,provide international‑cooperation engagement‑strategy report,"shall provide a report to the President, through the Assistant to the President for Homeland Security and Counterterrorism, documenting an engagement strategy for international cooperation in cybersecurity",1
13800,2017-10004,"Secretary of State, Treasury, Defense, Attorney General, Commerce, Homeland Security, U.S. Trade Representative",report on national strategic options for cyber deterrence and protection,"shall jointly submit a report to the President, through the Assistant to the President for National Security Affairs and the Assistant to the President for Homeland Security and Counterterrorism, on the Nation's strategic options for deterring adversaries and better protecting the American people from cyber threats",1
13800,2017-10004,"Secretary of State, Treasury, Defense, Commerce, Homeland Security (with AG and FBI coordination)",submit international‑cybersecurity‑priority reports,shall submit reports to the President,1
13801,2017-13012,Department of Labor,establish Task Force on Apprenticeship Expansion,The Secretary shall establish in the Department of Labor a Task Force on Apprenticeship Expansion.,0
13802,2017-13458,Department of Homeland Security,revise implementation plan,"The Secretaries of State and Homeland Security, in consultation with the heads of such executive departments and agencies as appropriate, shall revise the implementation plan described in section 2(b) of Executive Order 13597",0
13802,2017-13458,Department of State,revise implementation plan,"The Secretaries of State and Homeland Security, in consultation with the heads of such executive departments and agencies as appropriate, shall revise the implementation plan described in section 2(b) of Executive Order 13597",0
13805,2017-15680,Department of Commerce,establish_council,There is established in the Department of Commerce the Presidential Advisory Council on Infrastructure (Council).,0
13806,2017-15860,"Secretary of Defense (coordinating with Commerce, Labor, Energy, Homeland Security, etc.)",prepare and deliver an unclassified report (with a classified annex as needed) to the President,"the Secretary of Defense, in coordination with the Secretaries of Commerce, Labor, Energy, and Homeland Security, ... shall provide to the President an unclassified report",0
13807,2017-18134,All Federal agencies with environmental review responsibilities,submit information to OMB on assessment areas for the performance accountability system,"agencies will submit information to OMB, consistent with existing reporting mechanisms to the maximum extent possible, on the assessment areas described",0
13807,2017-18134,Council on Environmental Quality (CEQ),develop an initial list of actions to enhance and modernize the federal environmental review and authorization process,"Within 30 days of the date of this order, the CEQ shall develop an initial list of actions it will take to enhance and modernize the Federal environmental review and authorization process",0
13807,2017-18134,Lead Federal agency (for Dashboard tracking),update milestone dates on the Dashboard monthly,The dates for milestones of all projects tracked on the Dashboard shall be updated monthly,0
13807,2017-18134,Lead Federal agency for each major infrastructure project,navigate the project through the federal environmental review and authorization process,"Each major infrastructure project shall have a lead Federal agency, which shall be responsible for navigating the project through the Federal environmental review and authorization process",0
13807,2017-18134,Lead Federal agency for each major infrastructure project,"develop and follow a permitting timetable, reviewed and updated at least quarterly","develop and follow a permitting timetable, which shall be reviewed and updated at least quarterly by the lead Federal agency",0
13807,2017-18134,Office of Management and Budget (OMB),establish a CAP Goal on Infrastructure Permitting Modernization,"Within 180 days of the date of this order, the Director of the Office of Management and Budget (OMB), in consultation with the FPISC, shall establish a CAP Goal on Infrastructure Permitting Modernization",0
13807,2017-18134,Office of Management and Budget (OMB),issue guidance for establishing a performance accountability system,"Within 180 days of the establishment of the CAP Goal on Infrastructure Permitting Modernization, ... OMB, in consultation with the FPISC, shall issue guidance for establishing a performance accountability system",0
13808,2017-18468,Secretary of the Treasury,authorizes actions to implement the order,"The Secretary of the Treasury, in consultation with the Secretary of State, is hereby authorized to take such actions",0
13813,2017-22677,"Secretaries of the Treasury, Labor, and Health and Human Services",consider proposing regulations or revising guidance,"Within 60 days of the date of this order, the Secretaries of the Treasury, Labor, and Health and Human Services shall consider proposing regulations or revising guidance",0
13813,2017-22677,"Secretaries of the Treasury, Labor, and Health and Human Services",consider proposing regulations or revising guidance,"Within 120 days of the date of this order, the Secretaries of the Treasury, Labor, and Health and Human Services shall consider proposing regulations or revising guidance",0
13813,2017-22677,Secretary of Health and Human Services,provide a report to the President,"Within 180 days of the date of this order, and every 2 years thereafter, the Secretary of Health and Human Services ... shall provide a report to the President",0
13813,2017-22677,Secretary of Labor,consider proposing regulations or revising guidance,"Within 60 days of the date of this order, the Secretary of Labor shall consider proposing regulations or revising guidance",0
13815,2017-23630,All agencies (implicit revocation),revokes suspension of USRAP established by EO 13780 §6(a),the suspension of the USRAP and other processes specified in section 6(a) of Executive Order 13780 are no longer in effect,0
13815,2017-23630,Department of Homeland Security,resume adjudication of refugee applications,"the Secretary of State may resume travel of qualified and appropriately vetted refugees into the United States, and the Secretary of Homeland Security may resume adjudicating applications for refugee resettlement",0
13815,2017-23630,Department of Homeland Security,assess and address refugee‑related risks,the Secretary of State and the Secretary of Homeland Security shall,1
13815,2017-23630,Department of Homeland Security,determine within 90 days (and annually) whether risk‑mitigation actions should be modified or terminated,"Within 90 days of the date of this order and annually thereafter, the Secretary of Homeland Security, in consultation with the Secretary of State and the Director of National Intelligence, shall determine, as appropriate ... whether any actions taken to address the risks ... should be modified or terminated",0
13815,2017-23630,Department of Justice (Attorney General),provide a report to the President within 180 days on refugee‑resettlement effects,"Within 180 days of the date of this order, the Attorney General shall, in consultation with the Secretary of State and the Secretary of Homeland Security, ... provide a report to the President on the effect of refugee resettlement in the United States",0
13815,2017-23630,Department of State,resume travel of qualified refugees,"the Secretary of State may resume travel of qualified and appropriately vetted refugees into the United States, and the Secretary of Homeland Security may resume adjudicating applications for refugee resettlement",0
13815,2017-23630,Department of State,assess and address refugee‑related risks,the Secretary of State and the Secretary of Homeland Security shall,1
13817,2017-27899,Secretary of Commerce,"submit a report to the President that includes a strategy, assessments, and recommendations on critical minerals",shall submit a report to the President,0
13817,2017-27899,Secretary of the Interior,publish a list of critical minerals in the Federal Register and disseminate it to the appropriate agencies,shall publish a list of critical minerals in the Federal Register not later than 60 days after the date of this order,0
13818,2017-27925,Secretary of the Treasury,block property,"are blocked and may not be transferred, paid, exported, withdrawn, or otherwise dealt in",0
13821,2018-00553,All applicants and Federal property managing agencies,use the GSA Common Form Application for broadband facility siting,all applicants and Federal property managing agencies shall use the GSA Common Form Application for wireless service antenna structure siting,0
13821,2018-00553,Federal property managing agencies,"expeditiously review and approve broadband siting requests, unless it harms agency mission",Federal property managing agencies shall expeditiously review and approve such requests unless an approval would negatively affect performance of the agency's mission,0
13821,2018-00553,Federal property managing agencies,report quarterly to GSA on use of the Common Form Application,"Within 180 days of the date of this order, and on a quarterly basis thereafter, all Federal property managing agencies shall report to the GSA regarding their required use of the Common Form Application",0
13821,2018-00553,General Services Administration (Administrator),evaluate the effectiveness of the GSA Common Form Application,shall evaluate the effectiveness of the GSA Common Form Application,0
13821,2018-00553,General Services Administration (Administrator),determine and begin implementation of revisions to the GSA Common Form Application,"shall determine whether any revisions to the GSA Common Form Application are appropriate and, to the extent consistent with law, shall begin implementation of any such revisions",0
13821,2018-00553,General Services Administration (Administrator),prepare and provide quarterly aggregated summary reports to OMB,"Ninety days after the date of this order, and on a quarterly basis thereafter, the Administrator shall prepare and provide to the Director of the Office of Management and Budget",1
13821,2018-00553,General Services Administration (Administrator),recommend improvements to the Common Form Application within one year,"Not later than 1 year from the date of this order, the Administrator shall recommend to the Director improvements to the Common Form Application needed to further the purposes of this order",0
13822,2018-00630,Secretary of Defense,submit Joint Action Plan,"Within 60 days of the date of this order, the Secretary of Defense, the Secretary of Veterans Affairs, and the Secretary of Homeland Security shall submit to the President, through the Assistant to the President for Domestic Policy, a Joint Action Plan",0
13822,2018-00630,Secretary of Veterans Affairs,submit status report,"Within 180 days of the date of this order, the Secretary of Defense, the Secretary of Veterans Affairs, and the Secretary of Homeland Security shall submit to the President, through the Assistant to the President for Domestic Policy, a status report on the implementation of the Joint Action Plan",0
13824,2018-04414,"President's Council on Sports, Fitness, and Nutrition",establish,"There is hereby established the President's Council on Sports, Fitness, and Nutrition (Council).",0
13825,2018-04860,Department of Defense,issue nonbinding guidance on factors for commanders and judge advocates,"the Secretary of Defense, in consultation with the Secretary of Homeland Security, will issue nonbinding guidance",0
13826,2018-05113,Executive Order 13826 and the Council it establishes,terminate,This order (with the exceptions of sections 5 and 7) and the Council it establishes shall terminate 3 years after the date of this order.,0
13826,2018-05113,Federal Interagency Council on Crime Prevention and Improving Reentry,establish,There is hereby established the Federal Interagency Council on Crime Prevention and Improving Reentry (Council),0
13826,2018-05113,Federal Interagency Council on Crime Prevention and Improving Reentry,report,"The Council shall develop and present to the President, through the Assistant to the President for Domestic Policy: (i) an initial report, submitted within 90 days of the date of this order, ... (ii) a full report ... submitted within 1 year of the date of this order",0
13826,2018-05113,"Presidential Memorandum of April 29, 2016",revoke,"The Presidential Memorandum of April 29, 2016 (Promoting Rehabilitation and Reintegration of Formerly Incarcerated Individuals), is hereby revoked.",0
13828,2018-07874,"Secretary of Treasury, Agriculture, Commerce, Labor, HHS, HUD, Transportation, Education",review regulations and submit recommendations and reports,"The Secretaries of the Treasury, Agriculture, Commerce, Labor, Health and Human Services, Housing and Urban Development, Transportation, and Education (Secretaries) shall:",0
13829,2018-08272,Attorney General,engage on issues relating to government monopolies operating in the commercial marketplace,"the Attorney General, on issues relating to government monopolies operating in the commercial marketplace;",0
13829,2018-08272,Chairman of the Postal Regulatory Commission,be consulted by the Task Force,The Task Force shall consult with the Postmaster General and the Chairman of the Postal Regulatory Commission.,0
13829,2018-08272,Director of the Office of Management and Budget,serve as a member of the Task Force,the Director of the Office of Management and Budget;,0
13829,2018-08272,Director of the Office of Personnel Management,serve as a member of the Task Force,the Director of the Office of Personnel Management;,0
13829,2018-08272,Directors of the Domestic Policy and National Economic Councils,coordinate with the Task Force on the report,in coordination with the Directors of the Domestic Policy and National Economic Councils,0
13829,2018-08272,Federal Financing Bank,provide administrative support and funding for the Task Force,The Federal Financing Bank shall provide administrative support and funding for the Task Force.,0
13829,2018-08272,Postmaster General,be consulted by the Task Force,The Task Force shall consult with the Postmaster General and the Chairman of the Postal Regulatory Commission.,0
13829,2018-08272,Secretary of Labor,engage on issues related to workers compensation programs,"the Secretary of Labor, on issues related to workers compensation programs;",0
13829,2018-08272,Secretary of the Treasury,chair the Task Force on the United States Postal Service,"to be chaired by the Secretary of the Treasury, as Secretary and as Chairman of the Federal Financing Bank, or his designee",0
13829,2018-08272,"State, local, and tribal officials",participate as determined by the Chair of the Task Force,"State, local, and tribal officials as determined by the Chair of the Task Force with input from the Task Force members.",0
13829,2018-08272,Task Force on the United States Postal Service,submit a report to the President within 120 days,"shall submit a report to the President, in coordination with the Directors of the Domestic Policy and National Economic Councils, not later than 120 days after the date of this order.",0
13830,2018-08883,Secretary of the military department concerned (or Secretary of Homeland Security for the Coast Guard),award specified military decorations,"may award the Distinguished Service Cross, Navy Cross, Air Force Cross, and Coast Guard Cross in the name of the President",0
13831,2018-09895,Executive Office of the President,establish the Initiative,There is established within the Executive Office of the President the White House Faith and Opportunity Initiative (Initiative).,0
13832,2018-10403,All federal agencies,include hiring‑authority language in job announcements,"agencies shall, when filling vacant positions in the competitive service, indicate in job opportunity announcements (JOAs) that they will consider candidates under the military spouse hiring authority",0
13832,2018-10403,All federal agencies,annual reporting of hiring statistics,"Beginning in Fiscal Year 2019, agencies shall report annually (by December 31 of each year) to OPM and the Department of Labor the number of positions made available under the military spouse hiring authority",0
13832,2018-10403,Office of Personnel Management (OPM),post informational webpage and circulate notice,"Within 180 days of the date of this order, OPM shall post to its website, and circulate to each agency's Chief Human Capital Officer or the agency's equivalent officer, information about the military spouse hiring authority.",0
13832,2018-10403,Office of Personnel Management (OPM),provide education to agencies,"Within 180 days of the date of this order, OPM shall educate agencies concerning the military spouse hiring authority",0
13832,2018-10403,Office of Personnel Management (OPM),administer order and submit annual report to the President,"The Director of OPM shall administer this order and shall, in coordination with the Secretary of Labor, ... provide an annual report to the President regarding the implementation of this order",0
13832,2018-10403,none,"definition of ""military spouse""",the husband or wife of a totally disabled retired or separated member of the Armed Forces,0
13832,2018-10403,none,policy statement,It shall be the policy of the United States to enhance employment support for military spouses.,0
13833,2018-10855,Each covered agency (heads),ensure CIO reports directly to agency head,"the CIO of the covered agency reports directly to the agency head, such that the CIO has direct access to the agency head regarding all programs that include IT",0
13833,2018-10855,Office of Management and Budget,amend or replace guidance to reflect the order,"The Director of the Office of Management and Budget shall amend or replace relevant guidance, as appropriate, to agencies to reflect the requirements of this order",0
13833,2018-10855,Office of Personnel Management,publish a proposed rule delegating hiring authority to agency heads,The Director of OPM (Director) shall publish a proposed rule delegating to the head of each covered agency authority to determine whether there is a severe shortage of candidates,0
13833,2018-10855,Office of Personnel Management,grant direct hiring authority for IT positions,"the Director shall, within 30 days, grant that agency direct hiring authority for IT positions",0
13833,2018-10855,Office of Personnel Management,submit the proposed rule for publication,The Director shall submit the proposed rule for publication within 30 days of the date of this order,0
13834,2018-11101,Office of Federal Sustainability (within CEQ),establishes a new body,"A Federal Chief Sustainability Officer, designated by the President, shall head an Office of Federal Sustainability",0
13835,2018-11335,Department of the Treasury,authorizes,"The Secretary of the Treasury, in consultation with the Secretary of State, is hereby authorized to take such actions, including promulgating rules and regulations",0
13838,2018-11936,All executive departments and agencies,"exempt contracts for seasonal recreational services and equipment rental from EO 13658, while preserving the wage rule for lodging and food services","This order shall not apply to contracts or contract‑like instruments entered into with the Federal Government in connection with seasonal recreational services or seasonal recreational equipment rental for the general public on Federal lands, but this exemption shall not apply to lodging and food services associated with seasonal recreational services.",0
13838,2018-11936,All executive departments and agencies,identify the categories of services that are covered by the exemption,"Seasonal recreational services include river running, hunting, fishing, horseback riding, camping, mountaineering activities, recreational ski services, and youth camps.",0
13838,2018-11936,All executive departments and agencies,remove EO 13658 compliance language from affected contracts promptly,Agencies shall modify existing authorizations and solicitations for contracts or contract‑like instruments,1
13838,2018-11936,All executive departments and agencies,reassure that the order does not limit agency authority or OMB functions,Nothing in this order shall be construed to impair or otherwise affect,1
13838,2018-11936,All executive departments and agencies,clarify that the exemption creates no enforceable private right,"This order is not intended to, and does not, create any right or benefit, substantive or procedural, enforceable at law or in equity by any",1
13839,2018-11939,Agency heads,provide an explanation to the President when a collective bargaining agreement fails to meet the order’s goal,"Within 30 days after the adoption of any collective bargaining agreement that fails to achieve this goal, the agency head shall provide an explanation",0
13839,2018-11939,Agency heads,revise discipline and performance policies to align with the order,"within 45 days of this order, revise its discipline and unacceptable performance policies to conform to the principles and requirements of this order",0
13839,2018-11939,Office of Personnel Management (OPM) Director,issue guidance regarding implementation of the order,"Within 60 days of the date of this order, the OPM Director shall issue guidance regarding the implementation of this section",0
13839,2018-11939,Office of Personnel Management (OPM) Director,examine existing regulations for compliance with the order’s principles,"Within 45 days of the date of this order, the OPM Director shall examine whether existing regulations effectuate the principles set forth",0
13839,2018-11939,Office of Personnel Management (OPM) Director,submit a report evaluating the effect of final rules,Within 15 months of the adoption of any final,1
13840,2018-13640,Federal agencies,cooperate with the Committee and provide requested information,"agencies shall cooperate with the Committee and provide it such information as it, through the Co‑Chairs, may request.",0
13840,2018-13640,Federal agencies,"review regulations, guidance, and policies for consistency within 90 days","Within 90 days of the date of this order, agencies shall review their regulations, guidance, and policies for consistency with this order",0
13841,2018-13696,Department of Homeland Security,maintain custody of alien families,"The Secretary of Homeland Security (Secretary), shall, to the extent permitted by law and subject to the availability of appropriations, maintain custody of alien families during the pendency of any criminal improper entry or immigration proceedings involving their members.",0
13842,2018-15195,Office of Personnel Management,prescribe regulations to implement the order,The Director shall prescribe such regulations as may be necessary to implement this order.,0
13843,2018-15202,Office of Personnel Management,amend civil‑service rule,Sec. 3. Implementation. (a) Civil Service Rule VI is amended as follows:,0
13843,2018-15202,Office of Personnel Management,add Schedule E for ALJs,(i) 5 CFR 6.2 is amended to read:,0
13843,2018-15202,Office of Personnel Management,set licensing requirements for ALJ appointments,(ii) 5 CFR 6.3(b) is amended to read:,0
13843,2018-15202,Office of Personnel Management,limit civil‑service removal rules for excepted positions,(iii) 5 CFR 6.4 is amended to read:,0
13843,2018-15202,Office of Personnel Management,make the Schedule E listing effective July 10 2018,(iv) 5 CFR 6.8 is amended to add after subsection (c):,0
13844,2018-15299,Department of Justice,establish Task Force on Market Integrity and Consumer Fraud,The Attorney General shall establish within the Department of Justice a Task Force on Market Integrity and Consumer Fraud (Task Force).,0
13845,2018-15955,American Workforce Policy Advisory Board,establishes a new advisory board to advise the Council on workforce education and training,There is hereby established the American Workforce Policy Advisory Board.,0
13845,2018-15955,President's National Council for the American Worker,establishes a new council to develop recommendations on workforce policy and strategy,There is hereby established the President's National Council for the American Worker (Council),0
13846,2018-17068,Department of the Treasury,impose sanctions,"The Secretary of the Treasury, in consultation with the Secretary of State, is hereby authorized to impose on a person the measures described in subsection (b) of this section",0
13847,2018-19514,Secretary of Labor,"examine policies that would clarify and expand the circumstances under which United States employers, especially small and mid‑sized businesses, may sponsor or adopt a Multiple Employer Plan as a workplace retirement option for their employees, and increase retirement security for part‑time workers, sole proprietors, working owners, and other entrepreneurial workers with non‑traditional employer‑employee relationships",The Secretary of Labor shall examine policies that would:,0
13847,2018-19514,Secretary of Labor,"consider issuing a notice of proposed rulemaking, other guidance, or both regarding the definition of “employer” for Multiple Employer Plans","Within 180 days of the date of this order, the Secretary of Labor shall consider, consistent with applicable law and the policy set forth in section 1 of this order, whether to issue a notice of proposed rulemaking, other guidance, or both, that would clarify when a group or association of employers or other appropriate business or organization could be an ""employer"" within the meaning of section 3(5) of the Employee Retirement Income Security Act of 1974 (ERISA), 29 U.S.C. 1002(5).",0
13847,2018-19514,Secretary of Labor,complete a review of possible regulatory or guidance actions to improve retirement‑plan disclosures and reduce associated costs and burdens,"Within 1 year of the date of this order, the Secretary of Labor shall, in consultation with the Secretary of the Treasury, complete a review of actions that could be taken through regulation or guidance, or both, to make retirement plan disclosures required under ERISA and the Internal Revenue Code of 1986 more understandable and useful for participants and beneficiaries, while also reducing the costs and burdens they impose on employers and other plan fiduciaries responsible for their production and distribution.",0
13847,2018-19514,Secretary of the Treasury,consider proposing amendments to regulations or guidance on tax qualification requirements for Multiple Employer Plans,"Within 180 days of the date of this order, the Secretary of the Treasury shall consider proposing amendments to regulations or other guidance, consistent with applicable law and the policy set forth in section 1 of this order, regarding the circumstances under which a MEP may satisfy the tax qualification requirements set forth in the Internal Revenue Code of 1986, including the consequences if one or more employers that sponsored or adopted the plan fails to take one or more actions necessary to meet those requirements.",0
13847,2018-19514,Secretary of the Treasury,examine the life‑expectancy and distribution‑period tables used for required minimum distributions and determine whether they should be updated,"Within 180 days of the date of this order, the Secretary of the Treasury shall, consistent with applicable law and the policy set forth in section 1 of this order, examine the life expectancy and distribution period tables in the regulations on required minimum distributions from retirement plans (67 Fed. Reg. 18988) and determine whether they should be updated to reflect current mortality data and whether such updates should be made annually or on another periodic basis.",0
13848,2018-20203,Attorney General / Secretary of Homeland Security,deliver report evaluating foreign interference,the Attorney General and the Secretary of Homeland Security … shall deliver … a report evaluating …,0
13848,2018-20203,Director of National Intelligence,conduct assessment of foreign interference,"the Director of National Intelligence, in consultation with the heads of any other appropriate executive departments and agencies (agencies), shall conduct an assessment …",0
13849,2018-20816,Executive Office of the President,imposes_sanctions,block all property and interests in property of the sanctioned person that are in the United States,0
13850,2018-24254,Secretary of State,suspend entry of aliens,"All property and interests in property ... are blocked and may not be transferred, paid, exported, withdrawn, or otherwise dealt in",0
13850,2018-24254,Secretary of the Treasury,block property,"All property and interests in property ... are blocked and may not be transferred, paid, exported, withdrawn, or otherwise dealt in",0
13851,2018-26156,Department of the Treasury,implement sanctions,"The Secretary of the Treasury, in consultation with the Secretary of State, is hereby authorized to take such actions, including promulgating rules and regulations, and to employ all powers granted to the President by IEEPA as may be necessary to implement this order.",0
13853,2018-27515,White House Opportunity and Revitalization Council,establish,There is established a White House Opportunity and Revitalization Council (Council).,0
13854,2018-27945,Office of Personnel Management,implement order,The Director of the Office of Personnel Management shall take such actions as may be necessary to implement this order.,0
13855,2019-00014,Secretary of the Interior and Secretary of Agriculture,develop a joint wildfire strategy,"the Secretaries shall jointly develop, by December 31, 2020, a strategy",0
13855,2019-00014,Secretary of the Interior and Secretary of Agriculture,identify salvage and log recovery options for 2017‑2018 fire‑damaged lands,"by no later than March 31, 2019, the Secretaries shall identify salvage and log recovery options",0
13858,2019-01426,All agencies administering a covered program,identify and report tools/techniques to maximize Buy‑American use,"Within 120 days of the date of this order, the head of each agency administering a covered program shall identify in a report to the President",1
13858,2019-01426,All executive departments and agencies administering a covered program,encourage use of domestically‑produced goods in contracts charged to Federal financial assistance awards,"Within 90 days of the date of this order, the head of each executive department and agency (agency) administering a covered program shall",1
13859,2019-02544,AI R&D agencies (heads),allocate budget for AI research and development,Heads of AI R&D agencies shall budget an amount for AI R&D that is appropriate for this prioritization,0
13859,2019-02544,American AI Initiative,establishes the initiative and its guiding principles,"the American AI Initiative (Initiative), guided by five principles:",0
13859,2019-02544,Assistant to the President for National Security Affairs (in coordination with OSTP),deliver the AI protection action plan to the President,The action plan shall be provided to the President within 120 days of the date of this order,0
13859,2019-02544,NSTC Select Committee on Artificial Intelligence,coordinate the American AI Initiative,The Initiative shall be coordinated through the National Science and Technology Council (NSTC) Select Committee on Artificial Intelligence (Select Committee),0
13859,2019-02544,Office of Management and Budget (OMB),publish a notice inviting public input on data and model access,"Within 90 days of the date of this order, the OMB Director shall publish a notice in the Federal Register",0
13859,2019-02544,Select Committee on Artificial Intelligence,submit a report on cloud‑computing resources for AI R&D,"Within 180 days of the date of this order, the Select Committee, in coordination with the General Services Administration (GSA), shall submit a report to the President",0
13859,2019-02544,Senior Agency Officials for Privacy,participate in identifying barriers to data access,"in coordination with the Senior Agency Officials for Privacy established pursuant to Executive Order 13719 of February 9, 2016",0
13860,2019-04298,Secretary of Defense and Secretary of Homeland Security (in coordination with the United States Committee on the Marine Transportation System),identify qualifying military training and submit it to the Coast Guard National Maritime Center for credentialing determination,"Within 1 year from the date of this order, identify all military training and experience within the applicable service that may qualify for merchant mariner credentialing, and submit a list of all identified military training and experience to the United States Coast Guard National Maritime Center for a determination of whether such training and experience counts for credentialing purposes;",0
13860,2019-04298,Secretary of Defense and Secretary of Homeland Security (in coordination with the United States Committee on the Marine Transportation System),waive credentialing fees for active‑duty service members where authorized,"take all necessary and appropriate actions to provide for the waiver of fees for active duty service members, if a waiver is authorized and appropriate",0
13860,2019-04298,Secretary of Defense and Secretary of Homeland Security (in coordination with the United States Committee on the Marine Transportation System),pay credentialing fees for active‑duty service members where a waiver is not granted,take all necessary and appropriate actions to provide for the payment of fees for active duty service members by the applicable service to the fullest extent permitted by law,0
13860,2019-04298,Secretary of Defense and Secretary of Homeland Security (in coordination with the United States Committee on the Marine Transportation System),pay for Transportation Worker Identification Credential (TWIC) cards for qualifying service members,Direct the applicable services to take all necessary and appropriate actions to pay for Transportation Worker Identification Credential cards for active duty service members pursuing or possessing a mariner credential,0
13860,2019-04298,Secretary of Defense and Secretary of Homeland Security (in coordination with the United States Committee on the Marine Transportation System),provide sea‑service certification/verification within one month of discharge or release,Ensure that members of the applicable services who are to be discharged or released from active duty and who request certification or verification of sea service be provided such certification or verification no later than 1 month after discharge or release;,0
13860,2019-04298,Secretary of Defense and Secretary of Homeland Security (in coordination with the United States Committee on the Marine Transportation System),maintain the Credentialing Opportunities On‑Line (COOL) website for separating service members,"Ensure the applicable services have developed, or continue to operate, as appropriate, the online resource known as Credentialing Opportunities On-Line to support separating service members seeking information and assistance on merchant mariner credentialing.",0
13860,2019-04298,United States Committee on the Marine Transportation System,submit an annual status report to the President,shall provide a yearly status report on its efforts under the provisions of this order to the President through the White House Office of Trade and Manufacturing Policy.,0
13861,2019-04437,"Veteran Wellness, Empowerment, and Suicide Prevention Task Force",establishment,"There is hereby established the Veteran Wellness, Empowerment, and Suicide Prevention Task Force (Task Force)",0
13861,2019-04437,"Veteran Wellness, Empowerment, and Suicide Prevention Task Force",develop and submit the President’s Roadmap to Empower Veterans and End a National Tragedy of Suicide,"Within 365 days of the date of this order, the Task Force shall develop and submit to the President the roadmap",0
13861,2019-04437,"Veteran Wellness, Empowerment, and Suicide Prevention Task Force",submit a legislative proposal establishing a grant program for local communities,"Within 365 days of the date of this order, the Task Force shall submit a legislative proposal to the President",0
13861,2019-04437,"Veteran Wellness, Empowerment, and Suicide Prevention Task Force",develop a national research strategy on veteran suicide,"Within 365 days of the date of this order, the Task Force shall, in coordination with the Director of the Office of Science and Technology Policy, develop a national research strategy",0
13861,2019-04437,"Veteran Wellness, Empowerment, and Suicide Prevention Task Force",termination,The Task Force shall terminate 2 years following the submission to the President of the roadmap,0
13864,2019-05934,Secretary of Education,create a secure website and mobile app for Federal student loan borrowers,"make available, by January 1, 2020, through the Office of Federal Student Aid, a secure and confidential website and mobile application that informs Federal student loan borrowers of how much they owe, how much their monthly payment will be when they enter repayment, available repayment options, how long each repayment option will take, and how to enroll in the repayment option that best serves their needs",0
13864,2019-05934,Secretary of Education,add program‑level earnings and debt data to the College Scorecard each year,expand and update annually the College Scorecard,1
13864,2019-05934,Secretary of Education,add institution‑level default and repayment data to the College Scorecard each year,expand and update annually the College Scorecard,1
13864,2019-05934,Secretary of Education,give annual progress updates to the National Council for the American Worker,"Beginning July 1, 2019, the Secretary shall provide an annual update on the Secretary's progress ... to the National Council for the American Worker",0
13864,2019-05934,Secretary of Education,compile information on successful state and institutional completion efforts,"Within 1 year of the date of this order, the Secretary shall compile information about successful State and institutional efforts to promote students' timely and affordable completion of a postsecondary program of study",0
13864,2019-05934,Secretary of Education,publish a research compilation on strategies to improve student success,"Based on that information, the Secretary shall publish a compilation of research results that addresses: (i) how some States and institutions have better facilitated successful transfer of credits and degree completion by transfer students; (ii) how States and institutions can increase access to dual enrollment programs;",1
13864,2019-05934,Secretary of Education (in consultation with Treasury),provide policy recommendations to reform loan collections,"By January 1, 2020, the Secretary ... shall submit ... policy recommendations for reforming the collections process for Federal student loans in default",0
13864,2019-05934,"Secretary of Education (in consultation with Treasury, OMB, and CEAC)",report on policy options for sharing Federal student loan risk,"By January 1, 2020, the Secretary ... shall submit to the President ... a report identifying and analyzing policy options for sharing the risk associated with Federal student loan debt among the Federal Government, institutions, and other entities",0
13864,2019-05934,Secretary of the Treasury,provide statistical studies on program‑level earnings for the College Scorecard,"the Secretary of the Treasury shall, upon the request of the Secretary, provide ... appropriate statistical studies and compilations regarding program-level earnings",0
13864,2019-05934,"covered agencies (Defense, Interior, Agriculture, Commerce, Labor, HHS, Transportation, Energy, Education, EPA, NSF, NASA)",ensure institutions receiving federal research or education grants promote free inquiry,"the heads of covered agencies shall, in coordination with the Director of the Office of Management and Budget, take appropriate steps ... to ensure institutions that receive Federal research or education grants promote free inquiry",0
13865,2019-06325,Secretary of Defense,develop EMP warning and characterization capabilities,"The Secretary of Defense shall: (i) in cooperation with the heads of relevant agencies and with United States allies, international partners, and private‑sector entities as appropriate, improve and develop the ability to rapidly characterize, attribute, and provide warning of EMPs,",0
13865,2019-06325,Secretary of Homeland Security,produce quadrennial EMP risk assessments,The Secretary of Homeland Security shall:,1
13865,2019-06325,Secretary of State,lead diplomatic coordination on EMP resilience,The Secretary of State shall: (i) lead the coordination of diplomatic efforts with United States allies and international partners regarding enhancing resilience to the effects of EMPs; and,0
13867,2019-07645,Secretary of State,receive all applications for the issuance or amendment of Presidential permits,The Secretary of State is hereby designated to receive all applications,0
13868,2019-07656,401 Implementing Agencies,initiate rulemaking to align agency regulations with EPA rulemaking,"Within 90 days of completion of the processes described in subsection (c) of this section, ... the heads of each 401 Implementing Agency shall initiate a rulemaking to ensure their respective agencies' regulations are consistent",0
13868,2019-07656,"401 Implementing Agencies (e.g., agencies that issue permits subject to Section 401)",update agency guidance for consistency with EPA guidance and rulemaking,"Within 90 days of completion of the processes described in subsection (b) of this section, the heads of the 401 Implementing Agencies shall update their respective agencies' guidance",0
13868,2019-07656,Department of Energy (with Transportation),report on export‑related limitations on domestic energy resources,"Within 180 days of the date of this order, the Secretary of Energy, in consultation with the Secretary of Transportation, shall submit a report to the President ... regarding the economic and other effects caused by limitations on the export of coal, oil, natural gas, and other domestic energy resources through the west coast of the United States",0
13868,2019-07656,Department of Energy (with other agencies),report on economic growth opportunities for the Appalachian region,"Within 180 days of the date of this order, the Secretary of Energy, in consultation with the heads of other agencies, as appropriate, shall submit a report to the President ... describing opportunities ... to promote economic growth of the Appalachian region",0
13868,2019-07656,Department of Labor,review ERISA retirement‑plan investments in the energy sector and review fiduciary‑proxy‑voting guidance,"the Secretary of Labor shall, within 180 days of the date of this order, complete a review of available data filed with the Department of Labor by retirement plans subject to the Employee Retirement Income Security Act of 1974 (ERISA) ... The Secretary of Labor shall also, within 180 days of the date of this order, complete a review of existing Department of Labor guidance on the fiduciary responsibilities for proxy voting",0
13868,2019-07656,Department of Transportation,update 49 CFR part 193 (LNG safety regulations) and finalize the rulemaking,the Secretary of Transportation shall initiate a rulemaking to update Part 193 and shall finalize such rulemaking no later than 13 months after the date of this order,0
13868,2019-07656,Department of Transportation,propose and finalize a rule permitting LNG transport in approved rail tank cars,"the Secretary of Transportation shall propose for notice and comment a rule, no later than 100 days after the date of this order, that would treat LNG the same as other cryogenic liquids ... The Secretary shall finalize such rulemaking no later than 13 months after the date of this order",0
13868,2019-07656,Department of Transportation (with Energy),report on barriers to a national energy market,"Within 180 days of the date of this order, the Secretary of Transportation, in consultation with the Secretary of Energy, shall submit a report to the President ... regarding the economic and other effects caused by the inability to transport sufficient quantities of natural gas and other domestic energy resources",0
13868,2019-07656,"Departments of the Interior, Agriculture, and Commerce",develop a master agreement and begin renewal/re‑authorization of expired energy rights‑of‑way,"the Secretaries of the Interior, Agriculture, and Commerce shall ... within 1 year of the date of this order, initiate renewal or reauthorization processes for all expired energy rights‑of‑way grants, leases, permits, and agreements",0
13868,2019-07656,Environmental Protection Agency (EPA),"consult with States, tribes, and agencies to review Section 401 of the Clean Water Act and related EPA guidance","The Administrator of the Environmental Protection Agency (EPA) shall consult with States, tribes, and relevant executive departments and agencies (agencies) in reviewing section 401 of the Clean Water Act",0
13868,2019-07656,Environmental Protection Agency (EPA),issue new guidance superseding the existing Section 401 Interim Guidance,"but no later than 60 days after the date of this order, the Administrator of the EPA shall ... issue new guidance to States and authorized tribes to supersede the Section 401 Interim Guidance",0
13868,2019-07656,Environmental Protection Agency (EPA),review and revise regulations implementing Section 401 of the Clean Water Act; publish proposed rules and finalize them,"but no later than 120 days after the date of this order, the Administrator of the EPA shall review EPA's regulations implementing section 401 of the Clean Water Act ... and shall publish for notice and comment proposed rules ... The Administrator of the EPA shall finalize such rules no later than 13 months after the date of this order",0
13868,2019-07656,Heads of agencies (all executive agencies),report on intergovernmental assistance authorities,"within 30 days of the date of this order, report to the Director of the Office of Management and Budget and the Assistant to the President for Economic Policy on how those authorities can be most efficiently and effectively used",0
13869,2019-08797,Defense Counterintelligence and Security Agency (DCSA),primary entity for background investigations,the DCSA shall serve as the primary Federal entity for conducting background investigations for the Federal Government,0
13869,2019-08797,Department of Defense,create new office,establish the Personnel Vetting Transformation Office within the Department of Defense,0
13870,2019-09750,Administrator of General Services (in consultation with OMB and the Secretary of Commerce),submit a report on incorporation of the NICE Framework into federal contracts,"Provide a report to the President, within 1 year of the date of this order, that describes how the NICE Framework has been incorporated into contracts for information technology and cybersecurity services",0
13870,2019-09750,All federal agencies,recognize cybersecurity performance through existing and new awards and decorations,"Agencies shall ensure that existing awards and decorations for the uniformed services and civilian personnel recognize performance and achievements in the areas of cybersecurity ... Where necessary and appropriate, agencies shall establish new awards and decorations to recognize performance and achievements in the areas of cybersecurity and cyber‑operations",0
13870,2019-09750,Director of OMB (in consultation with appropriate agencies),annually supply a list of agencies/subdivisions with primary cybersecurity intelligence functions,"shall provide this list to the President, through the Deputy Assistant to the President for Homeland Security and Counterterrorism (DAPHSCT), every year starting September 1, 2019",0
13870,2019-09750,Director of OPM (in consultation with other secretaries),identify and list cybersecurity aptitude assessments for agency use,"Within 180 days of the date of this order, the Director of OPM, in consultation with the Secretary of Commerce, the Secretary of Homeland Security, and the heads of other agencies as appropriate, shall identify a list of cybersecurity aptitude assessments",0
13870,2019-09750,Secretary of Education (in consultation with DAPHSCT and NSF),establish an annual Presidential Cybersecurity Education Award,"Within 1 year of the date of this order, the Secretary of Education, in consultation with the DAPHSCT and the National Science Foundation, shall develop and implement, ... an annual Presidential Cybersecurity Education Award",0
13870,2019-09750,Secretary of Homeland Security (in consultation with OMB and OPM),create a cybersecurity rotational assignment program,"shall establish a cybersecurity rotational assignment program, which will serve as a mechanism for knowledge transfer",0
13870,2019-09750,Secretary of Homeland Security (in consultation with OMB and OPM),submit a report describing the proposed rotational assignment program,"Within 90 days of the date of this order, the Secretary of Homeland Security, in consultation with the Directors of OMB and OPM, shall provide a report to the President that describes the proposed program",0
13870,2019-09750,"Secretary of Homeland Security (in consultation with the Secretary of Defense, OSTP, OMB, and other agencies)",create a plan for the President’s Cup Cybersecurity Competition and hold the first competition by Dec 31 2019,"shall develop a plan for an annual cybersecurity competition (President's Cup Cybersecurity Competition) ... shall be submitted to the President within 90 days of the date of this order. The first competition shall be held no later than December 31, 2019, and annually thereafter",0
13871,2019-09877,Department of the Treasury,impose sanctions on foreign financial institutions that facilitate prohibited transactions,"The Secretary of the Treasury, in consultation with the Secretary of State, is hereby authorized to impose on a foreign financial institution the sanctions described",0
13873,2019-10538,Director of National Intelligence,produce initial and annual threat assessments,The Director of National Intelligence shall continue to assess threats ... An initial assessment shall be completed within 40 days of the date of this order,0
13873,2019-10538,Secretary of Commerce,publish implementing rules or regulations,"The Secretary, in consultation with the Secretary of the Treasury, ... shall publish rules or regulations implementing the authorities delegated to the Secretary by this order.",0
13873,2019-10538,Secretary of Commerce (in consultation with other heads),assess and report on adequacy of actions taken,"Within 1 year of the date of this order, and annually thereafter, the Secretary ... shall assess and report to the President",0
13873,2019-10538,Secretary of Homeland Security,produce written assessment of ICT vulnerabilities,The Secretary of Homeland Security shall,1
13874,2019-12802,All three agencies,report progress on implementing Section 6,"Every 90 days after the date of this order, for a period of 2 years, each of the agencies shall provide an update regarding its progress",0
13874,2019-12802,All three agencies,review existing regulations and guidance for genome‑edited specialty crops,"Each of the agencies shall, as appropriate, conduct a review of its regulations and guidance that may apply to genome‑edited‑specialty‑crop‑plant products",0
13874,2019-12802,"Department of Agriculture, EPA, FDA",design a plan for a unified biotechnology web‑based platform,"within 180 days of the date of this order, work together to design a plan to establish a web‑based platform",0
13874,2019-12802,"Secretary of Agriculture (with EPA, FDA, etc.)",create a domestic engagement strategy,"Within 180 days of the date of this order, the Secretary ... shall develop an action plan to facilitate engagement with consumers",0
13874,2019-12802,"Secretary of Agriculture and Secretary of State (with USTR, EPA, FDA)",draft an international outreach strategy,"Within 120 days of the date of this order, the Secretary and the Secretary of State ... shall develop an international communications and outreach strategy",0
13874,2019-12802,"Secretary of Agriculture, Administrator of EPA, Commissioner of FDA",identify regulations and guidance that can be streamlined,"within 180 days of the date of this order, identify relevant regulations and guidance documents",0
13874,2019-12802,USTR (with Secretaries and Trade Policy Staff Committee),formulate an international trade strategy for biotech products,"Within 120 days of the date of this order, the United States Trade Representative ... shall develop an international strategy to remove unjustified trade barriers",0
13875,2019-13175,Administrator of General Services,submit to the Director justifications and recommendations for independent Presidential advisory committees,The Administrator of General Services (Administrator) shall submit to the Director such justifications and recommendations required by subsection (a) of this section,0
13875,2019-13175,Director of the Office of Management and Budget,"issue instructions regarding the implementation of this order, including how to calculate the number of eligible committees to eliminate","The Director, in coordination with the Administrator, shall issue instructions regarding the implementation of this order",0
13875,2019-13175,Director of the Office of Management and Budget,grant an agency a waiver of the requirements of section 2 of this order if necessary,"The Director may, with the concurrence of the Administrator, grant an agency a waiver of the requirements of section 2 of this order",0
13875,2019-13175,Director of the Office of Management and Budget,"make appropriate recommendations to the President about terminating committees by September 1, 2019","By September 1, 2019, the Director shall make appropriate recommendations to the President about terminating committees",0
13875,2019-13175,executive department and agency,evaluate the need for each of its current advisory committees established under section 9(a)(2) of FACA,Each executive department and agency (agency) shall evaluate the need for each of its current advisory committees established under section 9(a)(2) of FACA,0
13875,2019-13175,executive department and agency,"terminate at least one-third of its current committees established under section 9(a)(2) of FACA by September 30, 2019","Each agency shall, by September 30, 2019, terminate at least one-third of its current committees established under section 9(a)(2) of FACA",0
13875,2019-13175,executive department and agency,may request a waiver of the termination requirement from the Director of the Office of Management and Budget,Each agency may request a waiver of the requirement in subsection (b) of this section from the Director of the Office of Management and Budget,0
13875,2019-13175,head of each agency,"submit to the Director on or before August 1, 2019 a recommendation and a detailed plan for each advisory committee","The head of each agency shall submit to the Director on or before August 1, 2019:",1
13876,2019-13793,Department of the Treasury,impose sanctions on foreign financial institutions,"The Secretary of the Treasury, in consultation with the Secretary of State, is hereby authorized to impose on a foreign financial institution the sanctions described in subsection (b) of this section",0
13877,2019-13945,Department of Health and Human Services,propose a regulation requiring hospitals to publicly post standard charge information,the Secretary of Health and Human Services shall propose a regulation,0
13877,2019-13945,Department of the Treasury,issue guidance on high‑deductible health plans and health savings accounts,"the Secretary of the Treasury, to the extent consistent with law, shall issue guidance to expand the ability of patients to select high‑deductible health plans",0
13877,2019-13945,Department of the Treasury,propose regulations treating certain health‑care arrangements as eligible medical expenses,"the Secretary of the Treasury, to the extent consistent with law, shall propose regulations to treat expenses related to certain types of arrangements … as eligible medical expenses",0
13877,2019-13945,Department of the Treasury,issue guidance on flexible spending account carry‑over limits,"the Secretary of the Treasury, to the extent consistent with law, shall issue guidance to increase the amount of funds that can carry over without penalty at the end of the year for flexible spending arrangements",0
13877,2019-13945,HHS,submit a report on steps to address surprise medical billing,the Secretary of Health and Human Services shall submit a report to the President on additional steps my Administration may take to implement the principles on surprise medical billing,0
13877,2019-13945,"HHS (consulting AG, FTC)",issue a report describing impediments to price‑and‑quality transparency,"the Secretary of Health and Human Services, in consultation with the Attorney General and the Federal Trade Commission, shall issue a report",0
13877,2019-13945,"HHS (consulting Treasury, Defense, Labor, VA, OPM)",increase access to de‑identified claims data for researchers and innovators,"the Secretary of Health and Human Services, in consultation with the Secretaries of the Treasury, Defense, Labor, and Veterans Affairs, and the Director of the Office of Personnel Management, shall increase access to de‑identified claims data",0
13877,2019-13945,"HHS, Defense, Veterans Affairs",develop a Health Quality Roadmap,"the Secretaries of Health and Human Services, Defense, and Veterans Affairs shall develop a Health Quality Roadmap",0
13877,2019-13945,"HHS, Treasury, Labor",issue an advance notice of proposed rulemaking on out‑of‑pocket cost information,"the Secretaries of Health and Human Services, the Treasury, and Labor shall issue an advance notice of proposed rulemaking",0
13878,2019-14016,White House Council on Eliminating Regulatory Barriers to Affordable Housing,establishment,There is hereby established a White House Council on Eliminating Regulatory Barriers to Affordable Housing (Council).,0
13878,2019-14016,White House Council on Eliminating Regulatory Barriers to Affordable Housing,submit a report to the President within 12 months,"The Vice Chairs, on behalf of the Council, and with the oversight of and in consultation with the Chair, shall: (a) within 12 months of the date of this order, submit to the President a report on the Council's implementation of section 4 of this order;",0
13878,2019-14016,White House Council on Eliminating Regulatory Barriers to Affordable Housing,termination,"The Council shall terminate on January 21, 2021, unless extended by the President.",0
13879,2019-15159,Department of Health and Human Services,launch an awareness initiative on kidney and related diseases,the Secretary of Health and Human Services (Secretary) shall launch an awareness initiative at the Department of Health and Human Services (Department),0
13879,2019-15159,Department of Health and Human Services,select a payment model to identify and treat at‑risk populations earlier,the Secretary shall select a payment model to test innovations in compensation for providers of kidney care services,0
13879,2019-15159,Department of Health and Human Services,select a payment model to increase home dialysis and kidney transplants,the Secretary shall select a payment model to evaluate the effects of creating payment incentives for greater use of home dialysis and kidney transplants for Medicare beneficiaries on dialysis,0
13879,2019-15159,Department of Health and Human Services,announce consideration of pre‑market approval for artificial kidneys,the Secretary shall: (a) announce that the Department will consider requests for premarket approval of wearable or implantable artificial kidneys,0
13879,2019-15159,Department of Health and Human Services,propose a regulation to increase utilization of available organs,the Secretary shall propose a regulation to enhance the procurement and utilization of organs available through deceased donation by revising Organ Procurement Organization (OPO) rules and evaluation metrics,0
13879,2019-15159,Department of Health and Human Services,streamline and expedite kidney matching and delivery,the Secretary shall streamline and expedite the process of kidney matching and delivery to reduce the discard rate,0
13879,2019-15159,Department of Health and Human Services,propose a regulation to remove financial barriers for living donors,the Secretary shall propose a regulation to remove financial barriers to living organ donation,0
13881,2019-15449,Federal Acquisition Regulatory Council (FAR Council),consider measures to better effectuate the Buy American policy,I therefore direct the members of the FAR Council to consider measures,0
13882,2019-16383,All Federal Agencies,requires_implementation,All agencies of the United States Government shall take all appropriate measures within their authority to carry out the provisions of this order,0
13882,2019-16383,Department of the Treasury,authorizes_action,"The Secretary of the Treasury, in consultation with the Secretary of State, is hereby authorized to take such actions, including promulgating rules and regulations",0
13882,2019-16383,Department of the Treasury,authorizes_reporting,"The Secretary of the Treasury, in consultation with the Secretary of State, is hereby authorized to submit the recurring and final reports to the Congress on the national emergency declared in this order",0
13886,2019-19895,Department of the Treasury,authorize blocking of correspondent accounts,"The Secretary of the Treasury is hereby authorized to prohibit the opening, and prohibit or impose strict conditions on the maintaining, in the United States, of a correspondent account or payable‑through account of any foreign financial institution …",0
13887,2019-20804,National Influenza Vaccine Task Force,identify actions to achieve the objectives in section 2 and monitor and report on implementation,There is hereby established a National Influenza Vaccine Task Force (Task Force).,0
13888,2019-21505,Secretary of Health and Human Services,develop and implement consent‑determination process,"the Secretary of State and the Secretary of Health and Human Services shall develop and implement a process to determine whether the State and locality both consent, in writing, to the resettlement of refugees",0
13888,2019-21505,Secretary of State,develop and implement consent‑determination process,"the Secretary of State and the Secretary of Health and Human Services shall develop and implement a process to determine whether the State and locality both consent, in writing, to the resettlement of refugees",0
13888,2019-21505,Secretary of State,publicly release written consents,The Secretary of State shall publicly release any written consents of States and localities to resettlement of refugees.,0
13888,2019-21505,Secretary of State,determine whether to place refugees without consent after inter‑agency consultation,"if either a State or locality has not provided consent to receive refugees ... then refugees should not be resettled within that State or locality unless the Secretary of State concludes, following consultation with the Secretary of Health and Human Services and the Secretary of Homeland Security",0
13890,2019-22073,Secretary of Health and Human Services,propose regulations and administrative actions,the Secretary shall propose a regulation and implement other administrative actions to enable the Medicare program to provide beneficiaries with more diverse and affordable plan choices,0
13890,2019-22073,Secretary of Health and Human Services,submit a report,"The Secretary, in consultation with the Chairman of the Council of Economic Advisers, shall submit to the President ... a report within 180 days from the date of this order",0
13890,2019-22073,Secretary of Health and Human Services,propose a regulation,"Within 1 year of the date of this order, the Secretary shall propose a regulation to provide beneficiaries with improved access to providers and plans",0
13890,2019-22073,Secretary of Health and Human Services,propose reforms,"Within 1 year of the date of this order, the Secretary shall propose reforms to the Medicare program to enable providers to spend more time with patients",0
13890,2019-22073,Secretary of Health and Human Services,propose regulatory changes,"Within 1 year of the date of this order, the Secretary shall propose regulatory and sub‑regulatory changes to the Medicare program to encourage innovation for patients",0
13890,2019-22073,Secretary of Health and Human Services,propose a regulation,"Within 1 year of the date of this order, the Secretary shall propose a regulation that would provide seniors with better quality care and cost data",0
13890,2019-22073,Secretary of Health and Human Services,propose regulatory changes,"The Secretary shall propose regulatory or sub‑regulatory changes to the Medicare program, to take effect by January 1, 2021, and shall propose such changes annually thereafter",0
13890,2019-22073,Secretary of Health and Human Services,revise rules or policies,"Within 180 days of the date of this order, the Secretary, in coordination with the Commissioner of Social Security, shall revise current rules or policies to preserve the Social Security retirement insurance benefits of seniors",0
13891,2019-22623,All executive‑branch agencies,treat guidance documents as non‑binding,"require that agencies treat guidance documents as non‑binding both in law and in practice, except as incorporated into a contract",0
13891,2019-22623,All executive‑branch agencies,"establish a searchable, indexed database of guidance documents","Within 120 days of the date on which the Office of Management and Budget (OMB) issues an implementing memorandum ... each agency ... shall establish or maintain on its website a single, searchable, indexed database that contains or links to all guidance documents in effect",0
13891,2019-22623,All executive‑branch agencies,review and rescind outdated guidance documents,"Within 120 days of the date on which OMB issues an implementing memorandum ... each agency shall review its guidance documents and, consistent with applicable law, rescind those guidance documents that it determines should no longer be in effect",0
13891,2019-22623,All executive‑branch agencies,reinstate rescinded guidance documents and add them to the database,Within 240 days of the date on which OMB issues an implementing memorandum ... an agency may reinstate a guidance document rescinded under this subsection ... and shall include the guidance document in the relevant database,0
13891,2019-22623,All executive‑branch agencies,submit a report explaining why certain guidance documents are retained,Within 240 days of the date on which OMB issues an implementing memorandum ... an agency head shall submit a report to the Director with the reasons for maintaining in effect any guidance documents identified by the Director,0
13891,2019-22623,All executive‑branch agencies,finalize or amend regulations establishing procedures for issuing guidance documents,"Within 300 days of the date on which OMB issues an implementing memorandum ... each agency shall, consistent with applicable law, finalize regulations, or amend existing regulations as necessary, to set forth processes and procedures for issuing guidance documents",0
13891,2019-22623,All executive‑branch agencies,"apply EO 12866, 13563, and 13609 requirements to guidance documents","The requirements and procedures of Executive Orders 12866, 13563, and 13609 shall apply to guidance documents, consistent with section 4 of this order",0
13891,2019-22623,Office of Information and Regulatory Affairs (OIRA) Administrator,issue memoranda on exceptions and presumptions for significant guidance documents,"The Administrator shall issue memoranda establishing exceptions from this order for categories of guidance documents, and categorical presumptions regarding whether guidance documents are significant",0
13891,2019-22623,Office of Management and Budget,waive compliance or extend deadlines for guidance‑document requirements,"The Director of OMB (Director), or the Director's designee, may waive compliance with subsections (a) and (b) of this section for particular guidance documents or categories of guidance documents, or extend the deadlines set forth in those subsections",0
13891,2019-22623,Office of Management and Budget Director,issue memoranda and regulations to implement the order,"The Director shall issue memoranda and, as appropriate, regulations pursuant to sections 3504(d)(1) and 3516 of title 44, United States Code, and other appropriate authority, to provide guidance regarding or otherwise implement this order",0
13892,2019-22624,All federal agencies,"Submit a report to the President describing existing procedures, resource needs, or other basis","shall, within 270 days of the date of this order, submit a report to the President describing, as appropriate, its existing procedures, its need for more resources, or any other basis for its conclusion.",0
13892,2019-22624,All federal agencies,Submit a report to the President demonstrating SBREFA compliance,"Within 180 days of the date of this order, each agency shall submit a report to the President demonstrating that its civil administrative enforcement activities, investigations, and other actions comply with SBREFA...",0
13892,2019-22624,All federal agencies,Afford a person an opportunity to be heard before taking an action with legal consequence,"the agency must afford that person an opportunity to be heard, in person or in writing, regarding the agency's proposed legal and factual determinations.",0
13892,2019-22624,All federal agencies conducting civil administrative inspections,Publish a rule of agency procedure governing civil administrative inspections,"Within 120 days of the date of this order, each agency that conducts civil administrative inspections shall publish a rule of agency procedure governing such inspections, if such a rule does not already exist.",0
13892,2019-22624,"All federal agencies, as appropriate","Propose procedures to encourage voluntary self‑reporting, information sharing, and pre‑enforcement rulings","Within 270 days of the date of this order, each agency, as appropriate, shall, to the extent practicable and permitted by law, propose procedures:",0
13893,2019-22749,All executive agencies,submit_proposals,the head of the agency shall submit the proposed discretionary administrative action to the Director for review,0
13893,2019-22749,Office of Management and Budget,revoke_prior_guidance,the Director shall revoke OMB Memorandum M-05-13.,0
13893,2019-22749,Office of Management and Budget,issue_guidance,the Director shall issue instructions regarding the implementation of this order,0
13893,2019-22749,Office of Management and Budget,grant_waivers,The Director may waive the requirements of section 5 of this order,0
13894,2019-22849,Secretary of State,impose sanctions,"The Secretary of State, in consultation with the Secretary of the Treasury and other officials of the U.S. Government as appropriate, is hereby authorized to impose on a foreign person any of the sanctions described in subsections (b) and (c) of this section",0
13894,2019-22849,Secretary of the Treasury,implement sanctions,"The Secretary of the Treasury, in consultation with the Secretary of State, shall take the following actions where necessary to implement the sanctions selected by the Secretary of State",0
13895,2019-23525,Department of Energy,provide funding and administrative and technical support to PCAST as required,The Department of Energy shall provide such funding and administrative and technical support as the PCAST may require.,0
13895,2019-23525,Director of the Office of Science and Technology Policy,may request security clearances for PCAST members pursuant to Executive Order 12968,"The Director may request that members of the PCAST ... receive security clearance and access determinations pursuant to Executive Order 12968 of August 2, 1995 (Access to Classified Information), as amended, or any successor order.",0
13895,2019-23525,Heads of executive departments and agencies,provide PCAST with scientific and technological information when requested by the PCAST Chair,"The heads of executive departments and agencies shall, to the extent permitted by law, provide the PCAST with information concerning scientific and technological matters when requested by the PCAST Chair.",0
13895,2019-23525,Secretary of Energy,perform functions under the Federal Advisory Committee Act except reporting to Congress,"any functions of the President under the FACA, except that of reporting to the Congress, shall be performed by the Secretary of Energy",0
13896,2019-24040,Attorney General (Dept. of Justice),submit report to President,"the Attorney General, following consultation with the Director of the Office of Management and Budget, shall submit a report and recommendations to the President no later than 60 days thereafter.",0
13896,2019-24040,Commission on Law Enforcement and the Administration of Justice,study law‑enforcement issues and make recommendations,"The Commission shall study issues related to law enforcement and the administration of justice and make recommendations to the Attorney General, who shall submit a report and recommendations to the President on actions that can be taken to prevent, reduce, and control crime, increase respect for the law, and assist victims.",0
13896,2019-24040,Commission on Law Enforcement and the Administration of Justice,submit report to Attorney General,The Commission shall submit a report and recommendations to the Attorney General no later than 1 year from the date of this order.,0
13896,2019-24040,Commission on Law Enforcement and the Administration of Justice,terminate commission,"The Commission shall terminate no later than 90 days after submitting its report and recommendations to the Attorney General, unless extended by the President.",0
13896,2019-24040,Department of Justice – Attorney General,establish commission,"The Attorney General shall establish a Commission on Law Enforcement and the Administration of Justice (Commission), and designate an individual to chair the Commission.",0
13897,2019-24288,"Secretary of Labor, Federal Acquisition Regulatory Council, heads of executive departments and agencies","rescind any orders, rules, regulations, guidelines, programs, or policies implementing or enforcing Executive Order 13495","The Secretary of Labor (Secretary), the Federal Acquisition Regulatory Council, and heads of executive departments and agencies shall, consistent with law, promptly move to rescind any orders, rules, regulations, guidelines, programs, or policies implementing or enforcing Executive Order 13495.",0
13898,2019-26178,Task Force on Missing and Murdered American Indians and Alaska Natives,establishment,There is hereby established the Task Force on Missing and Murdered American Indians and Alaska Natives (Task Force),0
13898,2019-26178,Task Force on Missing and Murdered American Indians and Alaska Natives,co‑chair designation,co‑chaired by the Attorney General and the Secretary of the Interior (Secretary) or their designees.,0
13899,2019-27217,executive departments and agencies charged with enforcing Title VI,consider the IHRA definition of anti‑Semitism and contemporary examples when enforcing Title VI,all executive departments and agencies (agencies) charged with enforcing Title VI shall consider the following,0
13899,2019-27217,head of each agency charged with enforcing Title VI,submit a report to the President identifying additional nondiscrimination authorities related to anti‑Semitism,"Within 120 days of the date of this order, the head of each agency charged with enforcing Title VI shall submit a report to the President",0
13900,2019-27678,Director of the Office of Personnel Management,take such actions as may be necessary to implement this order,The Director of the Office of Personnel Management shall take such actions as may be necessary to implement this order.,0
13900,2019-27678,Executive departments and agencies,"close and excuse employees from duty on December 24, 2019","All executive departments and agencies of the Federal Government shall be closed and their employees excused from duty on Tuesday, December 24, 2019, the day before Christmas Day.",0
13900,2019-27678,Heads of executive departments and agencies,"determine which offices must remain open and which employees must report for duty on December 24, 2019, for national security, defense, or other public need","may determine that certain offices and installations of their organizations, or parts thereof, must remain open and that certain employees must report for duty on December 24, 2019, for reasons of national security, defense, or other public need.",0
13902,2020-00534,President (delegated to the Secretary of the Treasury),prohibit donations to persons whose property is blocked,I hereby prohibit such donations as provided by section 1 of this order,0
13902,2020-00534,Secretary of State (consulting the Secretary of Homeland Security),suspend entry of persons whose property is blocked under the order,"the entry of such persons into the United States, as immigrants or nonimmigrants, is hereby suspended",0
13902,2020-00534,Secretary of the Treasury (in consultation with the Secretary of State),block property of persons operating in designated Iranian sectors,"All property and interests in property ... are blocked and may not be transferred, paid, exported, withdrawn, or otherwise dealt in",0
13902,2020-00534,Secretary of the Treasury (in consultation with the Secretary of State),impose sanctions on foreign financial institutions that facilitate prohibited Iranian transactions,"The Secretary of the Treasury, in consultation with the Secretary of State, is hereby authorized to impose on a foreign financial institution the sanctions described",0
13904,2020-02439,Department of Homeland Security,issue notice of proposed rulemaking establishing importer‑of‑record criteria,The Secretary of Homeland Security shall issue a notice of proposed rulemaking to establish criteria importers must meet in order to obtain an importer of record number.,0
13904,2020-02439,Department of Homeland Security,consider measures to stop facilitation of prohibited imports,"The Secretary of Homeland Security, through the Commissioner of CBP, shall consider appropriate measures, consistent with applicable law, to ensure that express consignment operators, carriers, hub facilities, and licensed customs brokers cease to facilitate business activity that requires an importer of record",1
13904,2020-02439,Department of Homeland Security,submit a report to the President on measures to prevent illicit international‑postal shipments,"Within 90 days from the date of this order, the Secretary of Homeland Security, through the Commissioner of CBP, and in consultation with USPS, shall submit to the President a report on any appropriate measures the Federal Government could take, including negotiating with international posts, to prevent the importation or attempted importation into the United States through the international postal network of shipments containing goods...",0
13904,2020-02439,Department of Homeland Security,develop and maintain an International Mail Non‑Compliance metric,"The Secretary of Homeland Security, through the Commissioner of CBP, and in consultation with the United States Trade Representative, shall develop an International Mail Non‑Compliance metric, based on relevant factors, to formulate an overall compliance score for each international post.",0
13904,2020-02439,Department of Homeland Security,require additional information for shipments from long‑term non‑compliant international posts,"Consistent with applicable law, the Secretary of Homeland Security, through the Commissioner of CBP, in consultation with USPS, may require additional information for any shipment from any international post that for six or more consecutive quarters is deemed a non‑compliant international post.",0
13904,2020-02439,Department of Homeland Security,take protective measures against shipments from extremely non‑compliant international posts,"The Secretary of Homeland Security, through the Commissioner of CBP, and in consultation with USPS, shall, to the maximum extent permitted by applicable law, take measures to protect the United States from shipments from any international post that for eight or more consecutive quarters is deemed a non‑compliant international post.",0
13904,2020-02439,Department of Homeland Security,publish and regularly update guidance on CBP implementation,"Within 90 days of the date of this order, the Secretary of Homeland Security, through the Commissioner of CBP, shall publish and regularly update appropriate guidance related to CBP's implementation of this section...",0
13904,2020-02439,Department of Homeland Security,submit a report analyzing CBP fee sufficiency and recommend adjustments,"Within 210 days of the date of this order, the Secretary of Homeland Security, in coordination with the heads of other executive departments and agencies, as appropriate, shall submit a report to the President... analyzing whether the fees collected by CBP are currently set at a sufficient level...",0
13904,2020-02439,Department of Homeland Security and ICE,periodically publish information about seizures in international mail and express consignment,"On a periodic basis, and consistent with Federal law and executive branch policy reflecting non‑disclosure of sensitive information, the Secretary of Homeland Security, through the Commissioner of CBP and the Director of United States Immigration and Customs Enforcement, shall publish information about seizures arising in the international mail and express consignment environments...",0
13904,2020-02439,Department of Justice,assign resources to prioritize prosecution of import‑related offenses,"Within 60 days of the date of this order, the Attorney General shall assign appropriate resources to ensure that Federal prosecutors accord a high priority to prosecuting offenses related to import violations as described in this order...",0
13905,2020-03337,Director of the Office of Science and Technology Policy (OSTP),coordinate development of a national R&D and pilot‑testing plan for GNSS‑independent PNT services,"Within 1 year of the date of this order, the Director of OSTP shall coordinate the development of a national plan, which shall be informed by existing initiatives, for the R&D and pilot testing of additional, robust, and secure PNT services that are not dependent on global navigation satellite systems (GNSS).",0
13905,2020-03337,Heads of SSAs and other agencies (via Secretary of Homeland Security),submit periodic reports on adoption of PNT profiles,"Within 1 year of the PNT profiles being made available, and biennially thereafter, the heads of SSAs and the heads of other agencies, as appropriate, through the Secretary of Homeland Security, shall submit a report to the Assistant to the President for National Security Affairs and the Director of the Office of Science and Technology Policy (OSTP) on the extent to which the PNT profiles have been adopted in their respective agencies' acquisitions and, to the extent possible, the extent to which PNT profiles have been adopted by owners and operators of critical infrastructure.",0
13905,2020-03337,"Secretaries of Transportation, Energy, and Homeland Security",develop engagement plans with critical‑infrastructure owners/operators,"Within 180 days of the date of this order, the Secretary of Transportation, Secretary of Energy, and Secretary of Homeland Security shall each develop plans to engage with critical infrastructure owners or operators to evaluate the responsible use of PNT services.",0
13905,2020-03337,Secretary of Commerce,develop and make available PNT profiles for agencies and private‑sector users,"Within 1 year of the date of this order, the Secretary of Commerce, in coordination with the heads of SSAs and in consultation, as appropriate, with the private sector, shall develop and make available, to at least the appropriate agencies and private sector users, PNT profiles.",0
13905,2020-03337,Secretary of Commerce,make available a GNSS‑independent source of Coordinated Universal Time (UTC),"Within 180 days of the date of this order, the Secretary of Commerce shall make available a GNSS‑independent source of Coordinated Universal Time, to support the needs of critical infrastructure owners and operators, for the public and private sectors to access.",0
13905,2020-03337,Secretary of Homeland Security,develop a plan to test critical‑infrastructure vulnerabilities to PNT disruption,"Within 1 year of the date of this order, the Secretary of Homeland Security, in coordination with the heads of SSAs, shall develop a plan to test the vulnerabilities of critical infrastructure systems, networks, and assets in the event of disruption and manipulation of PNT services.",0
13907,2020-04730,Interagency Environment Committee for Monitoring and Enforcement,established,The Interagency Environment Committee for Monitoring and Enforcement (Committee) is hereby established to coordinate United States efforts to monitor and enforce environmental obligations consistent with title VIII of the Act,0
13908,2020-04755,Executive Office of the President,issue_executive_order,"By the authority vested in me as President by the Constitution and the laws of the United States of America, including section 301 of title 3, United States Code, and section 202A of the United States‑Mexico‑Canada Agreement Implementation Act (Act) (Public Law 116‑113), it is hereby ordered as follows:",0
13909,2020-06161,Department of Health and Human Services,determine nationwide priorities and allocate health and medical resources,the Secretary of Health and Human Services,1
13910,2020-06478,Secretary of Health and Human Services,prevent hoarding of health and medical resources,the authority of the President conferred by section 102 of the Act to prevent hoarding of health and medical resources,0
13911,2020-06969,Department of Health and Human Services,receive delegated authority under Title III of the Defense Production Act,"the Secretary of Health and Human Services and the Secretary of Homeland Security are each delegated, with respect to responding to the spread of COVID-19 within the United States, the authority of the President conferred by sections 301, 302, and 303 of the Act (50 U.S.C. 4531, 4532, and 4533)",0
13911,2020-06969,Department of Health and Human Services,adopt and revise implementing regulations,the Secretary of Health and Human Services and the Secretary of Homeland Security shall each adopt and revise appropriate rules and regulations as may be necessary to implement this order,0
13911,2020-06969,Department of Homeland Security,receive delegated authority under Title III of the Defense Production Act,"the Secretary of Health and Human Services and the Secretary of Homeland Security are each delegated, with respect to responding to the spread of COVID-19 within the United States, the authority of the President conferred by section 107 of the Act (50 U.S.C. 4517)",0
13911,2020-06969,Department of Homeland Security,adopt and revise implementing regulations,the Secretary of Health and Human Services and the Secretary of Homeland Security shall each adopt and revise appropriate rules and regulations as may be necessary to implement this order,0
13911,2020-06969,White House – Office of the Assistant to the President for Trade and Manufacturing Policy,coordinate Defense Production Act policy,The Assistant to the President for Trade and Manufacturing Policy shall serve as National Defense Production Act Policy Coordinator,0
13912,2020-06985,Secretary of Defense and Secretary of Homeland Security,order selected reserve and certain Individual Ready Reserve members to active duty,are authorized to order to active duty not to exceed 24 consecutive months,0
13912,2020-06985,Secretary of Defense and Secretary of Homeland Security,use statutory authorities to activate reserve forces,"the authorities under section 12302 of title 10, United States Code, and sections 2127, 2308, 2314, and 3735 of title 14, United States Code, are invoked and made available",0
13913,2020-07530,Committee for the Assessment of Foreign Participation in the United States Telecommunications Services Sector,establishment,There is hereby established the Committee for the Assessment of Foreign Participation in the United States Telecommunications Services Sector (Committee),0
13914,2020-07800,Secretary of State,object to any attempt by other states or international organizations to treat the Moon Agreement as reflecting customary international law,the Secretary of State shall object to any attempt by any other state or international organization to treat the Moon Agreement as reflecting or otherwise expressing customary international law,0
13914,2020-07800,Secretary of State,take all appropriate actions to encourage international support for the public and private recovery and use of space resources,shall take all appropriate actions to encourage international support for the public and private recovery and use of resources in outer space,0
13914,2020-07800,Secretary of State,report to the President on efforts to encourage international support for space resource recovery and use within 180 days,"No later than 180 days after the date of this order, the Secretary of State shall report to the President",0
13916,2020-08846,Department of the Treasury,consider taking appropriate action to temporarily extend deadlines for importers’ estimated payments,"The Secretary shall consider taking appropriate action under section 1318(a) of title 19, United States Code, to temporarily extend deadlines, for importers suffering significant financial hardship because of COVID-19",0
13917,2020-09536,Secretary of Agriculture,receive delegated authority under the Defense Production Act,"is delegated to the Secretary of Agriculture with respect to food supply chain resources, including meat and poultry",0
13918,2020-09537,All executive departments and agencies,preserve existing statutory authority,"Nothing in this order shall be construed to impair or otherwise affect: (i) the authority granted by law to an executive department or agency, or the head thereof;",0
13918,2020-09537,All participating executive departments and agencies,bear own expenses for Committee functions,Each executive department and agency participating in the Committee shall bear its own expenses incurred in connection with the Committee's functions described in sections 711 through 719 of the Act,0
13918,2020-09537,Committee members,decision‑making by consensus,"The Committee shall endeavor to make any decision ... by consensus, which shall be deemed to exist where no member objects to the proposed action or determination",0
13918,2020-09537,Department of Agriculture,member of the Committee,"shall include representatives of the Department of State, the Department of the Treasury, the Department of Agriculture, the Department of Commerce, the Department of Homeland Security, and the United States Agency for International Development",0
13918,2020-09537,Department of Commerce,member of the Committee,"shall include representatives of the Department of State, the Department of the Treasury, the Department of Agriculture, the Department of Commerce, the Department of Homeland Security, and the United States Agency for International Development",0
13918,2020-09537,Department of Homeland Security,member of the Committee,"shall include representatives of the Department of State, the Department of the Treasury, the Department of Agriculture, the Department of Commerce, the Department of Homeland Security, and the United States Agency for International Development",0
13918,2020-09537,Department of Labor,fund the required hotline,The Department of Labor will provide funding for the hotline required under section 717 of the Act,0
13918,2020-09537,Department of State,member of the Committee,"shall include representatives of the Department of State, the Department of the Treasury, the Department of Agriculture, the Department of Commerce, the Department of Homeland Security, and the United States Agency for International Development",0
13918,2020-09537,Department of the Treasury,member of the Committee,"shall include representatives of the Department of State, the Department of the Treasury, the Department of Agriculture, the Department of Commerce, the Department of Homeland Security, and the United States Agency for International Development",0
13918,2020-09537,General public / private parties,no enforceable rights created,"This order is not intended to, and does not, create any right or benefit, substantive or procedural, enforceable at law or in equity by any party",0
13918,2020-09537,Interagency Labor Committee for Monitoring and Enforcement,establishment of a new interagency committee,The Interagency Labor Committee for Monitoring and Enforcement (Committee) is hereby established,0
13918,2020-09537,Other executive departments or agencies,potential members or observers of the Committee,"The Co‑Chairs may invite representatives from other executive departments or agencies, as appropriate, to participate as members or observers",0
13918,2020-09537,Secretary of Labor,co‑chair of the Committee,The Committee shall be co‑chaired by the United States Trade Representative and the Secretary of Labor,0
13918,2020-09537,United States Agency for International Development,member of the Committee,"shall include representatives of the Department of State, the Department of the Treasury, the Department of Agriculture, the Department of Commerce, the Department of Homeland Security, and the United States Agency for International Development",0
13918,2020-09537,United States Trade Representative,co‑chair of the Committee,The Committee shall be co‑chaired by the United States Trade Representative and the Secretary of Labor,0
13919,2020-09645,Department of Defense,activate Selected Reservists,"The Secretary of Defense is directed to order to active duty for not more than 365 consecutive days, ... not to exceed 200 Selected Reservists at any one time",0
13920,2020-09695,Task Force on Federal Energy Infrastructure Procurement Policies Related to National Security,establish,There is hereby established a Task Force on Federal Energy Infrastructure Procurement Policies Related to National Security,0
13921,2020-10315,All agencies involved in aquaculture permitting,complete environmental reviews and authorizations for multi‑agency aquaculture projects within 2 years of the notice of intent to prepare an EIS.,"agencies shall undertake to complete all environmental reviews and authorization decisions within 2 years, measured from the date of the publication of a notice of intent to prepare an EIS to the date of issuance of the Record of Decision",0
13921,2020-10315,Department of Commerce,request Regional Fishery Management Councils to submit prioritized lists of recommended actions to reduce burdens on domestic fishing and increase sustainable production within 180 days of the order’s date.,"the Secretary of Commerce shall request each Regional Fishery Management Council to submit, within 180 days of the date of this order, a prioritized list",0
13921,2020-10315,Department of Commerce,"prepare and submit a report evaluating the recommended actions, to be updated annually for the next two years; the initial report is due within 1 year of the order’s date.",the Secretary of Commerce shall submit ... a report evaluating the recommendations described in subsection (a) of this section ... within 1 year of the date of this order,0
13921,2020-10315,Department of Commerce,"create the Interagency Seafood Trade Task Force, co‑chaired by the Secretary of Commerce and the USTR, within 30 days of the order’s date.","Within 30 days of the date of this order, the Secretary of Commerce shall establish an Interagency Seafood Trade Task Force",0
13921,2020-10315,Department of Commerce (in consultation with multiple secretaries),identify at least two suitable commercial aquaculture areas within 1 year of the order’s date.,"within 1 year of the date of this order, identify at least two geographic areas containing locations suitable for commercial aquaculture",0
13921,2020-10315,Department of Commerce / NOAA,"issue a notice of proposed rulemaking to implement the UN Port State Measures Agreement, to be done within 90 days of the order’s date.","Within 90 days of the date of this order, the Secretary of Commerce, acting through the Administrator of",1
13921,2020-10315,Department of Commerce / NOAA,publish a single guidance document on aquaculture permitting and related grant programs on the NOAA website within 240 days of the order’s date.,"Within 240 days of the date of this order, the Secretary of Commerce ... shall prepare and place ... a single guidance document",0
13921,2020-10315,Department of the Army,draft and propose a nationwide permit for finfish aquaculture (and related permits) within 90 days of the order’s date.,"Within 90 days of the date of this order, the Secretary of the Army",1
13921,2020-10315,"Departments of the Interior, Agriculture, and Commerce",assess the need to revise the National Aquaculture Development Plan within 180 days of the order’s date.,"Within 180 days of the date of this order, the Secretary of the Interior, the Secretary of Agriculture, and the Secretary of Commerce ... shall assess whether to revise the National Aquaculture Development Plan",0
13921,2020-10315,Interagency Seafood Trade Task Force,deliver recommendations for a comprehensive inter‑agency seafood trade strategy within 90 days of the order’s date.,"Within 90 days of the date of this order, the Seafood Trade Task Force shall provide recommendations to the Office of the United States Trade Representative",0
13922,2020-10953,United States International Development Finance Corporation (DFC),receive delegated DPA authority,the Chief Executive Officer of the United States International Development Finance Corporation (DFC) is delegated the authority of the President,0
13922,2020-10953,United States International Development Finance Corporation (DFC),make limited loans for domestic industrial‑base capabilities,"The loan authority delegated by this order is limited to loans that create, maintain, protect, expand, or restore domestic industrial base capabilities",0
13923,2020-10993,Forced Labor Enforcement Task Force,monitor enforcement of forced‑labor prohibition,The Forced Labor Enforcement Task Force (Task Force) is hereby established to monitor United States enforcement of the prohibition under section 307 of the Tariff Act of,1
13924,2020-11301,All federal agencies (heads of agencies),"identify regulatory standards that may inhibit economic recovery and take appropriate action to rescind, modify, waive, or exempt those requirements","to temporarily or permanently rescind, modify, waive, or exempt persons or entities from those requirements",0
13925,2020-12030,Attorney General,establish a working group,The Attorney General shall establish a working group regarding the potential enforcement of State statutes,0
13926,2020-12430,All agencies that assign overseas personnel,submit training‑implementation plans within 90 days,"the heads of all agencies that assign personnel to positions overseas shall submit plans to the President, through the Assistant to the President for National Security Affairs, detailing how their agencies will incorporate the type of training described in subsection (a) of this section",0
13926,2020-12430,Department of State,develop a plan to prioritize international religious freedom,"the Secretary of State (Secretary) shall, in consultation with the Administrator of the United States Agency for International Development (USAID), develop a plan",0
13926,2020-12430,Department of State,budget at least $50 million per fiscal year for religious‑freedom programs,"The Secretary shall, in consultation with the Administrator of USAID, budget at least $50 million per fiscal year for programs that advance international religious freedom",0
13926,2020-12430,Department of State,require religious‑freedom training for civil‑service employees,The Secretary shall require all Department of State civil service employees in the Foreign Affairs Series to undertake training modeled on the international religious freedom training described in section 708(a) of the Foreign Service Act of 1980,0
13926,2020-12430,Department of State and Department of the Treasury,develop economic‑tool recommendations,"The Secretary and the Secretary of the Treasury shall, in consultation with the Assistant to the President for National Security Affairs,",1
13927,2020-12584,All agency heads,identify actions that may receive emergency Army Corps permitting,"the heads of all agencies, including the Secretary of the Army, acting through the Assistant Secretary of the Army for Civil",1
13927,2020-12584,"Secretaries of Defense, Interior, and Agriculture",use emergency authorities to expedite projects on Federal lands,"the Secretary of Defense, the Secretary of the Interior, and the Secretary of Agriculture shall use all relevant emergency and other authorities to expedite work on, and completion of, all authorized and appropriated infrastructure, energy, environmental, and natural resources projects on Federal lands",0
13927,2020-12584,Secretary of Transportation,use emergency authorities to expedite infrastructure projects,"the Secretary of Transportation shall use all relevant emergency and other authorities to expedite work on, and completion of, all authorized and appropriated highway and other infrastructure projects",0
13927,2020-12584,Secretary of the Army (Assistant Secretary for Civil Works),use emergency authorities to expedite civil‑works projects,"the Secretary of the Army, acting through the Assistant Secretary of the Army for Civil Works, shall use all relevant emergency and other authorities to expedite work on, and completion of, all authorized and appropriated civil works projects",0
13928,2020-12953,All departments and agencies of the United States,take all appropriate measures within their authority to implement the order,All departments and agencies of the United States shall take all appropriate measures within their authority to implement this order,0
13928,2020-12953,Secretary of State,determine foreign persons to be blocked in consultation with the Treasury and Attorney General,"any foreign person determined by the Secretary of State, in consultation with the Secretary of the Treasury and the Attorney General",0
13928,2020-12953,Secretary of the Treasury,"take actions to implement the order, including adopting rules and regulations","The Secretary of the Treasury, in consultation with the Secretary of State, is hereby authorized to take such actions, including adopting rules and regulations",0
13928,2020-12953,Secretary of the Treasury,submit recurring and final reports to Congress on the national emergency,"The Secretary of the Treasury, in consultation with the Secretary of State, is hereby authorized to submit recurring and final reports to the Congress",0
13929,2020-13449,Attorney General,allocate discretionary grant funding to agencies that seek credentialing,"The Attorney General shall, as appropriate and consistent with applicable law, allocate Department of Justice discretionary grant funding only to those State and local law enforcement agencies that have sought or are in the process of seeking appropriate credentials from a reputable independent credentialing body certified by the Attorney General.",0
13929,2020-13449,Attorney General,create a use‑of‑force information‑sharing database,"The Attorney General shall create a database to coordinate the sharing of information between and among Federal, State, local, tribal, and territorial law enforcement agencies concerning instances of excessive use of force related to law enforcement matters, accounting for applicable privacy and due process rights.",0
13929,2020-13449,Secretary of Health and Human Services,survey community‑support models and report findings within 90 days,"Within 90 days of the date of this order, the Secretary of Health and Human Services shall summarize the results of this survey in a report to the President, through the Assistant to the President for Domestic Policy and the Director of the Office of Management and",1
13930,2020-14077,Secretary of Health and Human Services,submit annual report on foster‑care entry patterns and adoption waiting counts,"Within 1 year of the date of this order and each year thereafter, the Secretary shall submit to the President, through the Assistant to the President for Domestic Policy, a report that provides information about typical patterns of entry, recent available counts of children in foster care, and counts of children waiting for adoption.",0
13930,2020-14077,Secretary of Health and Human Services,collect sibling‑placement data,"Within 2 years of the date of this order, the Secretary shall collect information from appropriate State and local agencies on the number of children in foster care who have siblings in foster care and who are not currently placed with their siblings.",0
13930,2020-14077,Secretary of Health and Human Services,develop sibling‑group data‑analysis methods,"Within 3 years of the date of this order,",1
13930,2020-14077,Secretary of Health and Human Services,create systematic State‑data‑collection approach for Child and Family Services Review,"Within 2 years of the date of this order, the Secretary shall develop a more rigorous and systematic approach to collecting State administrative data as part of the Child and Family Services Review required by section 1123A of the Social Security",1
13930,2020-14077,Secretary of Health and Human Services,"issue partnership guidance for public, private, faith‑based, and community organizations","Within 1 year of the date of this order, the Secretary shall issue guidance to Federal, State, and local agencies on partnering with nongovernmental organizations.",0
13930,2020-14077,Secretary of Health and Human Services,initiate study of Multiethnic Placement Act implementation,"within 6 months of the date of this order, initiate a study regarding the implementation of these requirements nationwide",0
13930,2020-14077,Secretary of Health and Human Services,update Multiethnic Placement Act guidance,"within 1 year of the date of this order, update guidance, as necessary, regarding implementation of the Multiethnic Placement Act",0
13930,2020-14077,Secretary of Health and Human Services,publish rights‑guidance for parents and children with disabilities,"within 1 year of the date of this order, publish guidance regarding the rights of parents, prospective parents, and children with disabilities",0
13930,2020-14077,Secretary of Health and Human Services,require Title IV‑E and Child‑Family Services Reviews to assess effort‑and‑timeliness standards,"Within 2 years of the date of this order, the Secretary shall require that both the title IV‑E reviews conducted pursuant to 45 CFR 1356.71 and the Child and Family Services Reviews conducted pursuant to 45 CFR 1355.31‑1355.36 specifically and adequately assess the following requirements:",0
13930,2020-14077,Secretary of Health and Human Services,develop state‑level permanency‑outcome metrics,"Within 2 years of the date of this order, the Secretary shall develop metrics to track permanency outcomes in each State and measure State performance over time.",0
13930,2020-14077,Secretary of Health and Human Services,provide guidance on flexible use of federal funds for legal representation,"Within 6 months of the date of this order, the Secretary shall provide guidance to States regarding flexibility in the use of Federal funds to support and encourage high‑quality legal representation for parents and",1
13930,2020-14077,Secretary of Health and Human Services,collect state risk‑and‑safety‑assessment standards,"Within 18 months of the date of this order, the Secretary shall collect States' individual standards for conducting risk and safety assessments required under section 106(b)(2)(B)(iv) of the Child Abuse Prevention and Treatment",1
13930,2020-14077,Secretary of Health and Human Services,outline best‑practice standards for risk and safety assessments,"Within 2 years of the date of this order, the Secretary shall outline reasonable best practice standards for risk and safety assessments, including how to address domestic violence and substance abuse.",0
13932,2020-14337,All federal agencies,assess candidates without relying solely on educational attainment,"within 180 days of the date of this order, ... agencies assess candidates in a manner that does not rely solely on educational attainment",0
13932,2020-14337,All federal agencies,avoid reliance on self‑evaluations when assessing candidates,"In assessing candidates, agencies shall not rely solely on candidates' self-evaluations of their stated abilities",0
13932,2020-14337,All federal agencies,base job postings on required skills and competencies,Position descriptions and job postings ... should be based on the specific skills and competencies required to perform those jobs,0
13932,2020-14337,Office of Personnel Management (OPM),review and revise job classification and qualification standards,shall review and revise all job classification and qualification standards for positions within the competitive service,0
13932,2020-14337,Office of Personnel Management (OPM),publish revised classification and qualification standards,shall be made available to the public within 120 days of the date of this order,0
13932,2020-14337,Office of Personnel Management (OPM),implement revised classification and qualification standards,and go into effect within 180 days of the date of this order,0
13933,2020-14509,Attorney General / Department of Justice,prioritize investigations and prosecutions,"The Attorney General shall prioritize within the Department of Justice the investigation and prosecution of matters described in subsections 2(a), (b), and (c) of this order.",0
13934,2020-14872,Interagency Task Force for Building and Rebuilding Monuments to American Heroes,establish,There is hereby established the Interagency Task Force for Building and Rebuilding Monuments to American Heroes (Task Force).,0
13935,2020-15338,Department of Education,house the Initiative,"There is established the White House Hispanic Prosperity Initiative (Initiative), housed in the Department of Education (Department).",0
13935,2020-15338,Department of Education,provide administrative support for the Working Group,There is established an Interagency Working Group (Working Group) to collaborate regarding resources and opportunities available across the Federal Government to increase educational and economic opportunities for Hispanic Americans.,0
13935,2020-15338,Department of Education,establish the Commission,There is established in the Department the President's Advisory Commission on Hispanic Prosperity (Commission).,0
13936,2020-15646,All U.S. agencies (property blocking),block property and interests of designated foreign persons,"All property and interests in property ... of the following persons are blocked and may not be transferred, paid, exported, withdrawn, or otherwise dealt in:",0
13936,2020-15646,Department of State (immigration enforcement),suspend entry of designated persons and their immediate family members,"the entry of such persons into the United States, as immigrants and nonimmigrants, is hereby suspended.",0
13937,2020-16623,Department of Health and Human Services,condition future 330(e) grants on FQHCs establishing discounted‑price practices for insulin and injectable epinephrine,the Secretary of Health and Human Services shall take action to ensure future grants ... are conditioned upon FQHCs' having established practices to make insulin and injectable epinephrine available at the discounted price,0
13938,2020-16624,Department of Health and Human Services,facilitate grants to individuals of waivers of the prohibition of importation of prescription drugs,"The Secretary of Health and Human Services shall, as appropriate and consistent with applicable law, take action to expand safe access to lower-cost imported prescription drugs",0
13938,2020-16624,Department of Health and Human Services,authorize re‑importation of insulin for emergency medical care,authorizing the re-importation of insulin products upon a finding by the Secretary that it is required for emergency medical care,0
13938,2020-16624,Department of Health and Human Services,complete rulemaking to permit importation of certain drugs from Canada,"completing the rulemaking process regarding the proposed rule to implement section 804(b) through (h) of the FDCA, 21 U.S.C. 384(b) through (h), to allow importation of certain prescription drugs from Canada",0
13939,2020-16625,Department of Health and Human Services,complete rulemaking to modify safe‑harbor protections under the anti‑kickback statute,The Secretary of Health and Human Services shall complete the rulemaking process he commenced seeking to:,0
13940,2020-17363,All executive departments and agencies,review contracting performance for FY 2018‑2019,"The head of each executive department and agency (agency) that enters into contracts shall review, to the extent practicable, performance of contracts (including subcontracts) awarded by the agency in fiscal years 2018 and 2019 to assess:",0
13940,2020-17363,All executive departments and agencies,submit a report to OMB within 120 days,"Within 120 days of the date of this order, the head of each agency shall submit a report to the Director of the Office of Management and Budget summarizing the results of the reviews required by subsections (a) through (c) of this section",0
13940,2020-17363,Secretary of Labor; Secretary of Homeland Security,take protective actions within 45 days,"Within 45 days of the date of this order, the Secretaries of Labor and Homeland Security shall take action, as appropriate and consistent with applicable law, to protect United States workers from any adverse effects on wages and working conditions caused by the employment of H‑1B visa holders",0
13941,2020-17364,Department of Health and Human Services,announce a new payment model to test innovative payment mechanisms for rural providers,"Within 30 days of the date of this order, the Secretary of HHS (Secretary) will announce a new model",0
13941,2020-17364,Department of Health and Human Services,submit a report on existing and upcoming policy initiatives to increase rural health access,"Within 30 days of the date of this order, the Secretary shall submit a report to the President",0
13941,2020-17364,Department of Health and Human Services,review PHE telehealth flexibilities and propose a regulation to extend them beyond the emergency,"Within 60 days of the date of this order, the Secretary shall review the following temporary measures ... and shall propose a regulation",0
13941,2020-17364,Department of Health and Human Services; Department of Agriculture,develop and implement a strategy to improve rural health by improving physical and communications infrastructure,"Within 30 days of the date of this order, the Secretary and the Secretary of Agriculture shall ... develop and implement a strategy",0
13942,2020-17699,Department of Commerce,prohibit,"any transaction by any person, or with respect to any property, subject to the jurisdiction of the United States, with ByteDance Ltd.",0
13942,2020-17699,Secretary of Commerce,identify prohibited transactions,"45 days after the date of this order, the Secretary shall identify the transactions subject to subsection (a) of this section.",0
13943,2020-17700,All departments and agencies of the United States,take all appropriate measures within their authority to implement this order,All departments and agencies of the United States shall take all appropriate measures within their authority to implement this order.,0
13943,2020-17700,Secretary of Commerce,identify the transactions subject to subsection (a) of Section 1 within 45 days after the date of this order,"45 days after the date of this order, the Secretary shall identify the transactions subject to subsection (a) of this section.",0
13943,2020-17700,Secretary of Commerce,"take actions, including adopting rules and regulations, to implement this order and may redelegate functions within the Department of Commerce","The Secretary is hereby authorized to take such actions, including adopting rules and regulations, and to employ all powers granted to me by IEEPA as may be necessary to implement this order.",0
13944,2020-18012,All executive departments and agencies involved in procurement,increase domestic procurement and identify supply‑chain vulnerabilities,"Ensuring Essential Medicines, Medical Countermeasures, and Critical Inputs Are Made in the United States",0
13945,2020-18015,Secretary of Health and Human Services and Director of CDC,consider temporary eviction‑halting measures,shall consider whether any measures temporarily halting residential evictions of any tenants for failure to pay rent are reasonably necessary to prevent the further spread of COVID-19,0
13945,2020-18015,Secretary of Housing and Urban Development,take action to prevent evictions and foreclosures,"shall take action, as appropriate and consistent with applicable law, to promote the ability of renters and homeowners to avoid eviction or foreclosure",0
13945,2020-18015,Secretary of the Treasury and Secretary of Housing and Urban Development,identify federal funds for temporary assistance,shall identify any and all available Federal funds to provide temporary financial assistance to renters and homeowners,0
13947,2020-20887,Secretary of Health and Human Services,take appropriate steps to implement a rulemaking plan to test a payment model that limits Medicare Part B payments to the most‑favored‑nation price,the Secretary of Health and Human Services shall immediately take appropriate steps to implement his rulemaking plan to test a payment model,0
13948,2020-21129,Department of Health and Human Services,implement a rulemaking plan to test a payment model that limits Medicare Part B payments to the most‑favored‑nation price,The Secretary of Health and Human Services shall immediately take appropriate steps to implement his rulemaking plan,0
13948,2020-21129,Department of Health and Human Services,develop and implement a rulemaking plan to test a payment model that limits Medicare Part D payments to the most‑favored‑nation price,The Secretary shall take appropriate steps to develop and implement a rulemaking plan … a payment model pursuant to which Medicare would pay … no more than the most‑favored‑nation price,0
13949,2020-21160,Secretary of State and Secretary of the Treasury (jointly),determine and block property of persons engaged in Iran’s conventional arms activities,"All property and interests in property ... are blocked and may not be transferred, paid, exported, withdrawn, or otherwise dealt in:",0
13950,2020-21534,All federal agencies,prevent agency‑wide training that promotes the listed divisive concepts,"The head of each agency shall use his or her authority under 5 U.S.C. 301, 302, and 4103 to ensure",1
13950,2020-21534,Department of Labor,establish a hotline and investigate complaints,"The Department of Labor is directed, through the Office of Federal Contract Compliance Programs (OFCCP), to establish a hotline and investigate complaints received under both this order as well as Executive Order 11246",0
13950,2020-21534,Office of Personnel Management (OPM),propose regulations and enforce adverse‑action steps,The Director of OPM shall propose regulations providing that agency officials with supervisory authority … shall take appropriate steps to pursue a performance‑based adverse action proceeding,0
13951,2020-21914,Secretary of Health and Human Services,maintain and build upon existing actions to expand access to affordable medicines.,shall maintain and build upon existing actions to expand access to affordable,1
13951,2020-21914,Secretary of Health and Human Services,maintain and build upon existing actions to ensure consumers have access to meaningful price and quality information prior to the delivery of care.,shall maintain and build upon existing actions to ensure consumers have access to meaningful price and quality information prior to the delivery of care.,0
13951,2020-21914,Secretary of Health and Human Services,maintain and build upon existing actions to improve quality in the delivery of care for veterans.,shall maintain and build upon existing actions to improve quality in the delivery of care for veterans.,0
13951,2020-21914,Secretary of Health and Human Services,"continue to promote medical innovations to find novel and improved treatments for COVID-19, Alzheimer's disease, sickle cell disease, pediatric cancer.","shall continue to promote medical innovations to find novel and improved treatments for COVID-19, Alzheimer's disease, sickle cell disease, pediatric cancer",0
13951,2020-21914,Secretary of Health and Human Services,"work with the Congress to reach a legislative solution by December 31, 2020.","shall work with the Congress to reach a legislative solution by December 31, 2020.",0
13951,2020-21914,Secretary of Health and Human Services,take administrative action to prevent a patient from receiving a bill for out-of-pocket expenses that the patient could not have reasonably foreseen.,shall take administrative action to prevent a patient from receiving a bill for out-of-pocket expenses that the patient could not have reasonably foreseen.,0
13951,2020-21914,Secretary of Health and Human Services,update the Medicare.gov Hospital Compare website to inform beneficiaries of hospital billing quality.,shall update the Medicare.gov Hospital Compare website to inform beneficiaries of hospital billing quality,0
13951,2020-21914,Secretary of Health and Human Services,"maintain and build upon existing actions to reduce waste, fraud, and abuse in the healthcare system.","shall maintain and build upon existing actions to reduce waste, fraud, and abuse in the healthcare system.",0
13951,2020-21914,Secretary of Labor,maintain and build upon existing actions to expand access to and options for affordable healthcare.,shall maintain and build upon existing actions to expand access to and options for affordable healthcare.,0
13951,2020-21914,Secretary of Veterans Affairs,maintain and build upon existing actions to improve quality in the delivery of care for veterans.,shall maintain and build upon existing actions to improve quality in the delivery of care for veterans.,0
13951,2020-21914,Secretary of the Treasury,maintain and build upon existing actions to expand access to and options for affordable healthcare.,shall maintain and build upon existing actions to expand access to and options for affordable healthcare.,0
13952,2020-21960,Department of Health and Human Services,"ensure awareness of obligations under EMTALA, the Rehabilitation Act, and the Born‑Alive Infants Protection Act",The Secretary of Health and Human Services (Secretary) shall ensure that individuals responsible for all programs and activities under his jurisdiction that receive Federal funding are aware of their obligations toward infants,0
13952,2020-21960,Department of Health and Human Services,investigate complaints of violations of federal law concerning newborns and infants,"The Secretary shall, as appropriate and to the fullest extent permitted by law, investigate complaints of violations of applicable Federal laws with respect to infants born alive",0
13952,2020-21960,Department of Health and Human Services,"enforce compliance, including possible termination of federal funding",The Secretary shall take all appropriate enforcement action against individuals and organizations ... up to and including terminating Federal funding for non‑compliant programs and activities,0
13952,2020-21960,Department of Health and Human Services,prioritize grant and NIH research funding for infant‑survival research,"The Secretary shall, as appropriate and consistent with applicable law, prioritize the allocation of Department of Health and Human Services discretionary grant funding and National Institutes of Health research dollars for programs and activities conducting research to develop treatments that may improve survival",0
13952,2020-21960,Department of Health and Human Services,prioritize grant funding for training programs on life‑saving infant care,"The Secretary shall ... prioritize the allocation of ... discretionary grant funding to programs and activities, including hospitals, that provide training to medical personnel regarding the provision of life‑saving medical treatment to all infants born alive",0
13952,2020-21960,Department of Health and Human Services,issue regulations or guidance to implement the order,"The Secretary shall, as necessary and consistent with applicable law, issue such regulations or guidance as may be necessary to implement this order",0
13953,2020-22064,All relevant agency heads,identify legal authorities and appropriations,"Within 30 days of the date of this order, the heads of all relevant agencies shall each submit a report to the President ... that identifies all legal authorities and appropriations that the agency can use",0
13953,2020-22064,All relevant agency heads,describe agency strategy,"Within 60 days of the date of this order, the heads of all relevant agencies shall each submit a report ... that details the agency's strategy for using the legal authorities and appropriations identified",0
13953,2020-22064,Director of the Office of Science and Technology Policy,report on R&D related to minerals,"Within 60 days of the date of this order, the Director of the Office of Science and Technology Policy shall submit a report ... that describes the current state of research and development activities ...",0
13953,2020-22064,Secretary of Energy,publish guidance on loan guarantees,"Within 30 days of the date of this order, the Secretary of Energy shall develop and publish guidance ... clarifying the extent to which projects that support domestic supply chains for minerals are eligible for loan guarantees",0
13953,2020-22064,Secretary of Energy,review DOE regulations,"Within 30 days of the date of this order, the Secretary of Energy shall review the Department of Energy's regulations ... and shall identify all such regulations that may warrant revision or reconsideration",0
13953,2020-22064,Secretary of Energy,propose rule revisions,"Within 90 days of the date of this order, the Secretary shall propose for notice and comment a rule or rules to revise or reconsider any such regulations for this purpose",0
13953,2020-22064,Secretary of State,report on diplomatic and trade policy options,"Within 45 days of the date of this order, the Secretary of State, in consultation with the United States Trade Representative, shall submit a report ... that details existing and planned efforts and policy options to:",0
13953,2020-22064,Secretary of the Interior,submit initial report to the President,Secretary of the Interior shall submit a report to the President ... within 60 days of the date of this order,0
13953,2020-22064,Secretary of the Interior,provide periodic threat updates,"By January 1, 2021, and every 180 days thereafter, the Secretary of the Interior ... shall inform the President of the state of the threat",0
13953,2020-22064,Secretary of the Interior (with other agencies),investigate reliance on critical minerals,"Secretary of the Interior, in consultation with the Secretary of the Treasury, the Secretary of Defense, the Secretary of Commerce, and the heads of other agencies, as appropriate, shall investigate our Nation's undue reliance on critical minerals",0
13954,2020-22510,Coronavirus Mental Health Working Group,develop and submit to the President a report outlining a plan for improved service coordination within 45 days,"Within 45 days of the date of this order, the Working Group shall develop and submit to the President a report that outlines a plan for improved service coordination",0
13954,2020-22510,"Heads of agencies, in consultation with the Director of OMB",examine existing grant programs and encourage grantees to adopt policies that improve mental health and reduce suicide risk,"(a) Examine their existing grant programs that fund mental-health, medical, or related services and, consistent with applicable law, take steps to encourage grantees to consider adopting policies, where appropriate, that have been shown to improve mental health and reduce suicide risk",0
13954,2020-22510,"Heads of agencies, in consultation with the Director of OMB",maximize use of existing agency authorities to award contracts or grants to community organizations to enhance mental-health and suicide-prevention services,(b) Maximize use of existing agency authorities to award contracts or grants to community organizations or other local entities to enhance mental-health and suicide-prevention services,0
13955,2020-23115,United States One Trillion Trees Interagency Council,establish,There is hereby established a United States One Trillion Trees Interagency Council (Council).,0
13956,2020-23116,Water Subcabinet,establishes a new interagency body to coordinate water‑related matters,an interagency Water Policy Committee (to be known as the Water Subcabinet) is hereby established,0
13956,2020-23116,Water Subcabinet,designates co‑chairs for the new body,The Water Subcabinet shall be co‑chaired by the Secretary of the Interior and the Administrator of the Environmental Protection Agency,0
13956,2020-23116,Water Subcabinet,identify existing interagency water‑related working groups and recommend consolidation,"Within 90 days of the date of this order, the Water Subcabinet shall, to the extent practicable, identify all such Federal interagency working groups and provide recommendations",0
13956,2020-23116,Water Subcabinet,"submit a comprehensive report with recommendations on water storage, quality, systems, data, etc.","Within 120 days of the date of this order, the Water Subcabinet shall submit ... a report that recommends actions to address the issues described below",0
13956,2020-23116,Water Subcabinet,provide annual status updates on the actions recommended in the Section 5 report,"Within 1 year of submitting the report required by section 5 of this order, and annually thereafter, the Water Subcabinet shall update the Chairman of CEQ, the Director of OMB, and the Director of OSTP on the status of the actions identified in the report",0
13956,2020-23116,Water Subcabinet,recommend integrated water‑infrastructure planning actions,"Within 150 days of the date of this order, the Water Subcabinet shall identify and recommend actions and priorities ... to support integrated planning and coordination among agencies to maintain and modernize our Nation's water infrastructure",0
13956,2020-23116,Water Subcabinet,recommend workforce development actions for the water sector,"Within 150 days of the date of this order, the Water Subcabinet, in consultation with the Secretary of Labor, the Secretary of Health and Human Services, the Secretary of Education, the Secretary of Veterans Affairs, and the heads of other agencies,",1
13957,2020-23780,All executive agencies,preliminary review of positions within 90 days,"Each head of an executive agency ... shall conduct, within 90 days of the date of this order, a preliminary review of agency positions",0
13957,2020-23780,All executive agencies,complete review of positions within 210 days,shall conduct a complete review of such positions within 210 days of the date of this order,0
13957,2020-23780,All executive agencies,prohibit prohibited personnel practices for Schedule F employees,Agencies shall establish rules to prohibit the same personnel practices prohibited by section 2302(b) ... with respect to any employee or applicant ... in Schedule F,0
13957,2020-23780,Office of Personnel Management,adopt regulations to implement the order,The Director of the Office of Personnel Management (Director) shall: (i) adopt such regulations as the Director determines may be necessary to implement this order,0
13957,2020-23780,Office of Personnel Management,annual report on petitions,"Not later than December 31 of each year, the Director shall report to the President ... concerning the number of petitions granted and denied",0
13958,2020-24793,1776 Commission,deliver a publicly disseminated report to the President within one year,"produce a report for the President, within 1 year of the date of this order, which shall be publicly disseminated",0
13958,2020-24793,1776 Commission,expire two years after the order unless extended,"The 1776 Commission shall terminate 2 years from the date of this order, unless extended by the President",0
13958,2020-24793,Administration (President’s),reject the Common Core curriculum and any national curriculum or standards,my Administration rejects the Common Core curriculum and all efforts to have the Federal Government impose a national curriculum or national standards in education,0
13958,2020-24793,All relevant agencies,prioritize federal resources to promote patriotic education,"The following agencies shall prioritize Federal resources, consistent with applicable law, to promote patriotic education",0
13958,2020-24793,Department of Education,establish the President's Advisory 1776 Commission,"Within 120 days of the date of this order, the Secretary of Education shall establish in the Department of Education the President's Advisory 1776 Commission",0
13958,2020-24793,Department of Education,appoint up to 20 members to the Commission for 2‑year terms,"The 1776 Commission shall be composed of not more than 20 members, who shall be appointed by the President. Members shall serve for a term of 2 years",0
13958,2020-24793,Federal Government (general),protect and preserve state and local control over school curricula,The role of the Federal Government is to protect and preserve State and local control over the curriculum,0
13960,2020-27065,CIO Council,publish a list of recommended interagency bodies and forums,"Within 45 days of this order, the CIO Council shall publish a list of recommended interagency bodies and forums in which agencies may elect to participate, as appropriate and consistent with their respective authorities and missions.",0
13960,2020-27065,Each Federal Agency,develop compliance or retirement plans for AI applications,"Within 120 days of completing their respective inventories, agencies shall develop plans either to achieve consistency with this order for each AI application or to retire AI applications found to be developed or used in a manner that is not consistent with this order.",0
13960,2020-27065,Each Federal Agency,implement approved AI compliance/retirement plans,"In coordination with the Agency Data Governance Body and relevant officials from agencies not represented within that body, agencies shall strive to implement the approved plans within 180 days of plan approval, subject to existing resource levels.",0
13960,2020-27065,Each Federal Agency,designate responsible officials for AI Principles implementation,"Within 30 days of the date of this order, each agency shall specify the responsible official(s) at that agency who will coordinate implementation of the Principles set forth in section 3 of this order with the Agency Data Governance Body and other relevant officials and will collaborate with the interagency coordination bodies identified pursuant to section 6 of this order.",0
13960,2020-27065,Federal Chief Information Officers Council (CIO Council),establish criteria and make publicly available for agency AI inventories,"Within 60 days of the date of this order, the Federal Chief Information Officers Council (CIO Council), in coordination with other interagency bodies as it deems appropriate, shall identify, provide guidance on, and make publicly available the criteria, format, and mechanisms for agency inventories of non‑classified and non‑sensitive use cases of AI by agencies.",0
13960,2020-27065,Federal Chief Information Officers Council (CIO Council),prepare agency AI inventories,"Within 180 days of the CIO Council's completion of the directive in section 5(a) of this order, and annually thereafter, each agency shall prepare an inventory of its non‑classified and non‑sensitive use cases of AI, within the scope defined by section 9 of this order, including current and planned uses, consistent with the agency's mission.",0
13960,2020-27065,Office of Management and Budget (OMB),post a public roadmap for AI policy guidance,"Within 180 days of the date of this order, the Director of OMB (Director), in coordination with key stakeholders identified by the Director, shall publicly post a roadmap for the policy guidance that OMB intends to create or revise to better support the use of AI, consistent with this order.",0
13960,2020-27065,Office of Personnel Management (OPM),create an inventory of rotational programs for AI expertise,"Within 45 days of the date of this order, the Office of Personnel Management (OPM), in coordination with GSA and relevant agencies, shall create an inventory of Federal Government rotational programs and determine how these programs can be used to expand the number of employees with AI expertise at the agencies.",0
13960,2020-27065,Office of Personnel Management (OPM),issue a report with recommendations on using rotational programs for AI expertise,"Within 180 days of the creation of the inventory of Government rotational programs described in section 7(b) of this order, OPM shall issue a report with recommendations for how the programs in the inventory can be best used to expand the number of employees with AI expertise at the agencies.",0
13960,2020-27065,Presidential Innovation Fellows (PIF) program,establish an AI track within the PIF program,"Within 90 days of the date of this order, the Presidential Innovation Fellows (PIF) program, administered by the General Services Administration (GSA) in collaboration with other agencies, shall identify priority areas of expertise and establish an AI track to attract experts from industry and academia to undertake a period of work at an agency.",0
13961,2020-27353,Federal Mission Resilience Executive Committee,establish_body,The Federal Mission Resilience Executive Committee (Executive Committee) is hereby established.,0
13962,2020-27455,Assistant to the President for National Security Affairs,coordinate development of an interagency strategy for international vaccine access,"Within 30 days of the date of this order, the Assistant to the President for National Security Affairs shall coordinate development of an interagency strategy for the implementation of section 4 of this order.",0
13962,2020-27455,Secretary of Health and Human Services,ensure priority domestic access to U.S. government COVID‑19 vaccines and first access for the most vulnerable populations,"shall ensure that Americans have priority access to United States Government COVID‑19 Vaccines, and shall ensure that the most vulnerable United States populations have first access to such vaccines.",0
13962,2020-27455,Secretary of Health and Human Services and Secretary of State,facilitate international access to U.S. government COVID‑19 vaccines after domestic supply is sufficient,"the Secretary of Health and Human Services and the Secretary of State, in coordination with the Administrator of the United States Agency for International Development, the Chief Executive Officer of the United States International Development Finance Corporation, the Chairman and President of the Export‑Import Bank of the United States, and the heads of other agencies, shall facilitate international access to United States Government COVID‑19 Vaccines for allies, partners, and others, as appropriate and consistent with applicable law.",0
13963,2020-27739,Department of Defense,establishes an order of succession for the Secretary of Defense,"the following officials of the Department of Defense, in the order listed, shall act as and perform the functions and duties of the office of the Secretary of Defense",0
13963,2020-27739,Department of Defense,revokes Executive Order 13533,"Executive Order 13533 of March 1, 2010 (Providing an Order of Succession Within the Department of Defense), is hereby revoked.",0
13964,2020-27740,All agencies not already governed by branding regulations,"identify assistance goods, materials and packaging with the single logo","Within 120 days of the date of this order, agencies that are not otherwise subject to existing regulations ... shall identify ... United States foreign assistance goods, materials, and packaging solely with the single logo,",0
13964,2020-27740,All agencies receiving foreign‑assistance funds,display the single logo on all assistance‑related materials,"The single logo shall be prominently displayed on all materials related to United States foreign assistance programs, projects, and activities;",0
13964,2020-27740,President,select a single logo for U.S. foreign assistance,"Within 30 days of the date of this order, the President will select a logo that embodies the values and generosity of the American people (``single logo'');",0
13964,2020-27740,Secretary of State,"delegate waiver authority for logo use, limited to Under Secretary level or higher","The Secretary may delegate this waiver authority, but such waiver authority shall not be delegated below the Under Secretary level within the Department of State.",0
13964,2020-27740,Secretary of State (with USAID Administrator and other agency heads),submit an implementation report within 180 days and annually thereafter,"Within 180 days of the date of this order, and annually thereafter, the Secretary, in coordination with the Administrator and the heads of other relevant agencies, ... shall submit to the President ... a report on the implementation of this order.",0
13964,2020-27740,"Secretary of State, USAID Administrator, heads of other executive departments and agencies",initiate notice‑and‑comment rulemaking to brand and mark all U.S. foreign assistance as “American aid”,"Within 120 days of the date of this order, the Secretary of State (Secretary), in coordination with the Administrator of the United States Agency for International Development (Administrator) and the heads of other executive departments and agencies (agencies), as appropriate, shall initiate notice-and-comment rulemaking to brand and mark all United States foreign assistance ... appropriately as ``American aid,''",0
13965,2020-27807,All executive departments and agencies,close and excuse employees from duty,"All executive departments and agencies of the Federal Government shall be closed and their employees excused from duty on Thursday, December 24, 2020, the day before Christmas Day.",0
13965,2020-27807,Office of Personnel Management,implement the order’s closure of executive departments and agencies,The Director of the Office of Personnel Management shall take such actions as may be necessary to implement this order.,0
13966,2020-27948,All executive departments and agencies,"review the agency's authorities, regulations, guidance, and policies and submit a report identifying all necessary changes to align with the order’s principles",the head of each executive department and agency,1
13967,2020-28605,President's Council on Improving Federal Civic Architecture,establish,There is hereby established the President's Council on Improving Federal Civic Architecture (Council).,0
13968,2020-28606,Department of the Treasury,digitize and make electronically searchable records of matured unredeemed savings bonds and incorporate data into Treasury Hunt,The Department shall work to digitize and make electronically searchable sufficient information to identify the registered owner of any matured unredeemed savings bond,0
13968,2020-28606,Secretary of the Treasury,publish a report on actions and initiatives undertaken by the Department to implement this order,the Secretary of the Treasury shall publish a report on actions and initiatives undertaken by the Department to implement this order,0
13969,2020-29235,Department of Health and Human Services,allow Community Services Block Grant funds to be used for emergency learning scholarships,"The Secretary of Health and Human Services shall take steps, consistent with law,",0
13971,2021-00305,Secretary of Commerce,evaluate Chinese connected software applications and take appropriate action,"The Secretary is directed to continue to evaluate Chinese connected software applications that may pose an unacceptable risk to the national security, foreign policy, or economy of the United States, and to take appropriate action in accordance with Executive Order 13873.",0
13971,2021-00305,Secretary of Commerce,provide a report with recommendations,"Not later than 45 days after the date of this order, the Secretary, in consultation with the Attorney General and the Director of National Intelligence, shall provide a report to the Assistant to the President for National Security Affairs with recommendations to prevent the sale or transfer of United States user data to, or access of such data by, foreign adversaries, including through the establishment of regulations and policies to identify, control, and license the export of such data.",0
13971,2021-00305,Secretary of Commerce,identify the transactions and persons,"Not earlier than 45 days after the date of this order, the Secretary shall identify the transactions and persons that develop or control the Chinese connected software applications subject to subsection (a) of this section.",0
13972,2021-01013,Department of Defense,establish and implement a demonstration plan for a micro‑reactor at a domestic military installation,"the Secretary of Defense shall, within 180 days of the date of this order, establish and implement a plan to demonstrate the energy flexibility capability and cost effectiveness of a Nuclear Regulatory Commission‑licensed micro‑reactor at a domestic military installation",0
13972,2021-01013,Department of Energy,"complete a 3‑year, $115 million HALEU enrichment technology demonstration","The Secretary of Energy shall complete the Department of Energy's ongoing 3‑year, $115 million demonstration of a United States‑origin enrichment technology capable of producing HALEU for use in defense‑related advanced reactor applications",0
13972,2021-01013,"Multiple senior officials (OMB Director, Domestic Policy, OSTP Director, etc.)",submit the common technology roadmap to the President before budget‑proposal submissions,"The roadmap shall be submitted to the President by the Director of the Office of Management and Budget, the Assistant to the President for Domestic Policy, the Director of the Office of Science and Technology Policy, the Assistant to the President for National Security Affairs, the Assistant to the President for Economic Policy, and the Executive Secretary of the National Space Council before submissions of budget proposals by the Secretary of State, the Secretary of Commerce, the Secretary of Energy, and the NASA Administrator",0
13972,2021-01013,NASA,define requirements for nuclear‑energy systems for human and robotic space‑exploration missions through 2040,"Within 180 days of the date of this order, the NASA Administrator, in consultation with heads of other executive departments and agencies (agencies), as appropriate, shall define requirements for NASA utilization of nuclear energy systems for human and robotic exploration missions through 2040",0
13972,2021-01013,"Secretary of State, Secretary of Defense, Secretary of Commerce, Secretary of Energy, NASA Administrator",develop a common technology roadmap through 2030 for advanced nuclear reactor and space‑based nuclear power programs,"The Secretary of State, the Secretary of Defense, the Secretary of Commerce, the Secretary of Energy, and the NASA Administrator shall develop a common technology roadmap through 2030 that describes potential development programs",0
13975,2021-01469,United States Postal Service,consider amendments to the USPS Supplying Principles and Practices to conform with FAR provisions regarding price differentials and foreign‑origin material requirements,the United States Postmaster General is encouraged to consider,0
13976,2021-01476,Department of Agriculture,provide administrative support for the Wildland Fire Subcabinet,"The Department of Agriculture shall, to the extent permitted by law and subject to the availability of appropriations, provide administrative support as needed for the Wildland Fire Subcabinet",0
13976,2021-01476,Department of the Interior,consult with the Wildland Fire Leadership Council (WFLC) to implement the order,"The Departments of the Interior and Agriculture shall consult with WFLC, as appropriate, to effectively carry out the requirements of this order",0
13977,2021-01635,All executive departments and agencies,remove obstacles to concealed‑carry for qualified Federal law‑enforcement officers under LEOSA,"It shall be the policy of the United States to remove any undue obstacle preventing current or retired Federal law enforcement officers from carrying a concealed firearm as allowed under the Law Enforcement Officers Safety Act of 2004, as amended (18 U.S.C. 926B, 926C) (LEOSA).",0
13977,2021-01635,Attorney General,propose regulation expanding concealed‑carry for Federal prosecutors,"Within 30 days of the date of this order, the Attorney General shall propose a regulation revising section 0.112 of title 28, Code of Federal Regulations, to provide that the special deputation as a Deputy United States Marshal shall be granted upon request to any Federal prosecutor when the Federal prosecutor or his or her family members face risk of harm",0
13977,2021-01635,Attorney General,direct Marshals Service to prioritize protection of judges and prosecutors,The Attorney General shall direct the Director of the Marshals Service to prioritize the protection of Federal judges and Federal prosecutors.,0
13977,2021-01635,Attorney General,"prioritize investigation and prosecution of violence against judges, prosecutors, and law‑enforcement officers","The Attorney General shall prioritize the investigation and prosecution of Federal crimes involving actual or threatened violence against judges, prosecutors, or law enforcement officers or their family members",0
13977,2021-01635,Attorney General,assess need to revise 28 CFR 0.111(e) for prosecutor protection,"Within 30 days of the date of this order, the Attorney General shall assess the need to revise subsection 0.111(e) of title 28, Code of Federal Regulations, to protect Federal prosecutors.",0
13977,2021-01635,Attorney General,"draft and propose legislation to enhance protection of judges, prosecutors, and law‑enforcement officers","Within 30 days of the date of this order, the Attorney General shall develop and propose Federal legislation providing additional protection for judges, prosecutors, and law enforcement officers.",0
13977,2021-01635,Attorney General and Secretary of Homeland Security,coordinate review of feasibility of limiting public personal information of protected officials,"shall coordinate a review within the executive branch to assess the feasibility ... of facilitating the removal of, or minimizing the availability of, personally identifiable information",0
13977,2021-01635,Heads of all agencies,examine collection of personal data and permit PO‑box addresses for protected officials,shall examine the extent to which they collect personally identifiable information ... allow such persons to provide a Post Office box address in lieu of home address information.,0
13977,2021-01635,Heads of all agencies that employ qualified law‑enforcement officers,submit implementation report to the President,"shall submit a report to the President, through the Assistant to the President for Domestic Policy, within 30 days of the date of this order, reporting on the implementation of this order",0
13977,2021-01635,Heads of all executive departments and agencies,implement the policy removing obstacles to concealed‑carry,shall act expeditiously to implement the policy set by subsection (a) of this section.,0
13978,2021-01643,Interagency Task Force for Building and Rebuilding Monuments to American Heroes,plan for construction of the National Garden and publish an annual public report,the Interagency Task Force for Building and Rebuilding Monuments to American Heroes (Task Force),0
13980,2021-01645,All executive agencies,publish guidance describing a plan to address regulatory offenses administratively rather than refer them for criminal enforcement,each agency should publish guidance in the Federal Register describing its plan to administratively address regulatory offenses,0
13981,2021-01646,All executive departments and agencies,review authority to limit procurement of covered UAS,"The heads of all executive departments and agencies (agencies) shall review their respective authorities to determine whether, and to what extent consistent with applicable law, they could cease:",0
13981,2021-01646,All executive departments and agencies,submit a report to OMB identifying authority to limit procurement of covered UAS,the heads of all agencies shall each submit a report to the Director of the Office of Management and Budget identifying any authority to take the actions outlined in subsections (a)(i) through (iv) of this section.,0
13981,2021-01646,All executive departments and agencies,report to DNI and OSTP on foreign‑adversary‑manufactured UAS in their fleets,"Within 60 days of the date of this order, the heads of all agencies shall each submit a report to the Director of National Intelligence and the Director of the Office of Science and Technology Policy describing the manufacturer, model, and any relevant security protocols for all UAS currently owned or operated by their respective agency, or controlled by their agency through a third party, such as a contractor, that are manufactured by foreign adversaries or have significant components that are manufactured by foreign adversaries.",0
13981,2021-01646,Director of National Intelligence (with interagency consultation),review agency reports and submit a risk‑assessment report to the President,"Within 180 days of the date of this order, the Director of National Intelligence, in consultation with the Secretary of Defense, the Attorney General, the Secretary of Homeland Security, the Director of the Office of Science and Technology Policy, and the heads of other agencies, as appropriate, shall review the reports required by subsection (a) of this section and submit a report to the President assessing the security risks posed by the existing Federal UAS fleet and outlining potential steps that could be taken to mitigate these risks, including, if warranted, discontinuing all Federal use of covered UAS and the expeditious removal of UAS from Federal service.",0
13981,2021-01646,Federal Aviation Administration (FAA),propose regulations restricting UAS use over critical infrastructure and sensitive sites,"Within 270 days of the date of this order, the Administrator of the Federal Aviation Administration (FAA) shall propose regulations pursuant to section 2209 of the FAA Extension, Safety, and Security Act of 2016 (Public Law 114-190).",0
13982,2021-01712,Secretary of Defense,Conduct a rigorous study of toxic exposure at Karshi‑Khanabad Air Base (Oct 1 2001–Dec 31 2005) and submit a report to the President via the Secretary of Veterans Affairs within 365 days.,"Within 365 days of the date of this order, the Secretary of Defense shall conduct a rigorous study investigating toxic exposure by members of the Armed Forces deployed to the Karshi‑Khanabad Air Base, Uzbekistan (Air Base), between October 1, 2001, and December 31, 2005. The Secretary of Defense shall submit a report summarizing the findings of the study to the President, through the Secretary of Veterans Affairs.",0
13982,2021-01712,Secretary of Veterans Affairs,Consider designating veterans who served on active duty in Uzbekistan (Oct 1 2001–Dec 31 2005) as theater‑of‑combat veterans under 38 U.S.C. § 1710(e)(1)(D).,"The Secretary of Veterans Affairs, in consultation with the Secretary of Defense, shall consider whether to designate veterans who served on active duty in Uzbekistan between October 1, 2001, and December 31, 2005, as veterans who served on active duty in a theater of combat operations pursuant to section 1710(e)(1)(D) of title 38, United States Code.",0
13984,2021-01714,Attorney General and Secretary of Homeland Security,engage industry and solicit feedback on information sharing,"Within 120 days of the date of this order, the Attorney General and the Secretary of Homeland Security, in coordination with the Secretary and, as the Attorney General and the Secretary of Homeland Security deem appropriate, the heads of other agencies, shall engage and solicit feedback from industry on how to increase information sharing and collaboration among IaaS providers and between IaaS providers and the agencies",0
13984,2021-01714,Attorney General and Secretary of Homeland Security,develop and submit a report with recommendations on voluntary information sharing,"Within 240 days of the date of this order, the Attorney General and the Secretary of Homeland Security, in coordination with the Secretary, and",1
13984,2021-01714,Secretary (Commerce),propose regulations authorizing special measures on IaaS providers,"Within 180 days of the date of this order, the Secretary shall propose for notice and comment regulations that require United States IaaS providers to take any of the special measures described in subsection (d) of this section if the Secretary, in consultation with",1
13984,2021-01714,Secretary of Commerce,propose regulations requiring identity verification for foreign persons obtaining IaaS accounts,"Within 180 days of the date of this order, the Secretary of Commerce (Secretary) shall propose for notice and comment regulations that require United States IaaS providers to verify the identity of a foreign person that obtains an Account.",0
13986,2021-01755,Secretary of Commerce (U.S. Census Bureau),report total population tabulations to the President and to state officials without regard to immigration status,the Secretary shall report the tabulation of total population by State ... without regard to immigration status.,0
13989,2021-01762,Office of Management and Budget,grant waivers,"The Director of the Office of Management and Budget (OMB), in consultation with the Counsel to the President, may grant to any current or former appointee a written waiver of any restrictions contained in the pledge",0
13990,2021-01765,Interagency Working Group on the Social Cost of Greenhouse Gases,establishes a new inter‑agency working group,There is hereby established an Interagency Working Group on the Social Cost of Greenhouse Gases (the ``Working Group'').,0
13991,2021-01766,All executive departments and agencies,"require mask‑wearing, physical distancing and other CDC public‑health measures for on‑duty/on‑site employees, contractors and all persons in Federal buildings or on Federal lands","The heads of executive departments and agencies (agencies) shall immediately take action, as appropriate and consistent with applicable law, to require compliance with CDC guidelines with respect to wearing masks, maintaining physical distance, and other public health measures",0
13991,2021-01766,Safer Federal Workforce Task Force,provide ongoing guidance to heads of agencies on safety of Federal employees and continuity of Government functions during the COVID‑19 pandemic,There is hereby established the Safer Federal Workforce Task Force (Task Force).,0
13992,2021-01767,Office of Management and Budget,directs_report_or_study,"The Director of the Office of Management and Budget and the heads of agencies shall promptly take steps to rescind any orders, rules, regulations, guidelines, or policies, or portions thereof, implementing or enforcing the Executive Orders identified in section 2 of this order",0
13993,2021-01768,"Secretary of State, Attorney General, Secretary of Homeland Security, Director of OMB, Director of OPM, and heads of any other relevant executive departments and agencies","review any agency actions developed pursuant to Executive Order 13768 and take action, including issuing revised guidance","Executive Order 13768 of January 25, 2017 (Enhancing Public Safety in the Interior of the United States), is hereby revoked.",0
13994,2021-01849,"Secretary of Defense, the Attorney General, the Secretary of Commerce, the Secretary of Labor, the Secretary of Health and Human Services (HHS), the Secretary of Education, the Director of the Office of Management and Budget (OMB), the Director of National Intelligence, the Director of the Office of Science and Technology Policy (OSTP), and the Director of the National Science Foundation",designate senior official to lead agency data efforts,shall each promptly designate a senior official to serve as their agency's lead to work on COVID-19- and pandemic-related data issues.,0
13995,2021-01852,Department of Health and Human Services,establishes a COVID‑19 Health Equity Task Force,There is established within the Department of Health and Human Services (HHS) a COVID-19 Health Equity Task Force (Task Force).,0
13996,2021-01854,COVID‑19 Pandemic Testing Board,establishment of a new inter‑agency board to coordinate testing and surveillance,There is established a COVID-19 Pandemic Testing Board (Testing Board),0
13996,2021-01854,U.S. Public Health Job Corps,creation of a new public‑health workforce program modeled on FEMA Corps,"establishing a national contact tracing and COVID-19 public health workforce program, to be known as the U.S. Public Health Job Corps",0
13997,2021-01858,"COVID‑19 Response Coordinator (in coordination with Defense, HHS, VA)",assess federal COVID‑19 care facilities and recommend actions,review the needs of Federal facilities providing care to COVID‑19 patients and develop recommendations for further actions such facilities can take,0
13997,2021-01858,"Secretary of Defense, Secretary of HHS, Secretary of Veterans Affairs (with COVID‑19 Response Coordinator)",set production and distribution targets for COVID‑19 therapeutics,"establish targets for the production, allocation, and distribution of COVID‑19 treatments",0
13997,2021-01858,"Secretary of Defense, Secretary of HHS, Secretary of Veterans Affairs and other heads",deliver surge assistance to health‑care facilities,"provide targeted surge assistance to critical care and long‑term care facilities, including nursing homes and skilled nursing facilities",0
13997,2021-01858,Secretary of HHS,provide workforce‑capacity recommendations to states and providers,issue recommendations on how States and healthcare providers can increase the capacity of their healthcare workforces to address the COVID‑19 pandemic,0
13997,2021-01858,Secretary of HHS,remove barriers to equitable use of existing COVID‑19 treatments,"identify barriers to maximizing the effective and equitable use of existing COVID‑19 treatments and ... provide support to State, local, Tribal, and territorial authorities aimed at overcoming those barriers",0
13997,2021-01858,Secretary of HHS,assess and improve the COVID‑19 Uninsured Program,evaluate the COVID‑19 Uninsured Program ... and take any available steps to promote access to treatments and clinical care for those without adequate coverage,0
13997,2021-01858,Secretary of HHS,promote insurance coverage for COVID‑19 treatments,"evaluate Medicare, Medicaid, group health plans, and health insurance issuers, and take any available steps to promote insurance coverage for safe and effective COVID‑19 treatments and clinical care",0
13997,2021-01858,Secretary of HHS (via HRSA and SAMHSA),expand long‑term health‑care programs for COVID‑19 survivors,"through the Administrator of the Health Resources and Services Administration and the Administrator of the Substance Abuse and Mental Health Services Administration, take appropriate actions ... to expand access to programs and services designed to meet the long‑term health needs of patients recovering from COVID‑19",0
13997,2021-01858,Secretary of Health and Human Services (HHS),develop a plan for supporting studies and trials of COVID‑19 therapies,"develop a plan for supporting a range of studies, including large-scale randomized trials, for identifying optimal clinical management strategies",0
13997,2021-01858,Secretary of Health and Human Services (HHS),create a research‑support plan with non‑governmental partners,"develop a plan, in consultation with non‑governmental partners, as appropriate, to support research",0
13997,2021-01858,Secretary of Health and Human Services (HHS),ensure inclusion of historically underrepresented groups in clinical trials,consider steps to ensure that clinical trials include populations that have been historically underrepresented in such trials,0
13998,2021-01859,All heads of agencies with relevant regulatory authority,require mask‑wearing on specified domestic transportation modes,"shall immediately take action, to the extent appropriate and consistent with applicable law, to require masks to be worn in compliance with CDC guidelines in or on: (i) airports; (ii) commercial aircraft; (iii) trains; (iv) public maritime vessels, including ferries; (v) intercity bus services; and (vi) all forms of public transportation",0
13998,2021-01859,All heads of agencies with relevant regulatory authority,report progress on mask‑requirement implementation within 7 days,"shall update the COVID‑19 Response Coordinator on their progress in implementing this section, including any categorical exceptions established under subsection (c) of this section, within 7 days of the date of this order",0
13998,2021-01859,Secretary of HHS and Secretary of Homeland Security,assess the CDC airline‑testing order within 14 days,"shall, within 14 days of the date of this order, assess the CDC order of January 12, 2021, regarding the requirement of a negative COVID‑19 test result for airline passengers traveling into the United States",0
13998,2021-01859,"Secretary of HHS, Secretary of Transportation, Secretary of Homeland Security",submit land‑port public‑health plan within 14 days,"within 14 days of the date of this order, the Secretary of",1
13998,2021-01859,Secretary of Homeland Security (through the Commandant of the Coast Guard),submit sea‑port public‑health plan within 14 days,"shall, within 14 days of the date of this order, submit to the President a plan to implement appropriate public health measures at sea ports",0
13999,2021-01863,U.S. Department of Labor,"issue revised guidance, consider emergency standards, review enforcement, launch a national OSHA program, and coordinate outreach","The Secretary of Labor, acting through the Assistant Secretary of Labor for Occupational Safety and Health,",1
14000,2021-01864,Department of Education,"provide guidance, technical assistance, data collection, and reporting on COVID‑19 impacts to schools, higher‑education institutions, and early‑childhood programs","The Secretary of Education shall, consistent with applicable law:",0
14000,2021-01864,Department of Health and Human Services,"collect data, allocate supplies, support contact tracing, and provide guidance for child‑care and Head Start programs","The Secretary of Health and Human Services shall, consistent with applicable law:",0
14001,2021-01865,"Secretary of Defense, Secretary of Health and Human Services, Secretary of Homeland Security",deliver pandemic‑supply‑chain resilience strategy,"Within 180 days of the date of this order, the Secretary of Defense, the Secretary of Health and Human Services, and the Secretary of Homeland Security ... shall provide to the President a strategy to design, build, and sustain a long‑term capability",0
14001,2021-01865,Secretary of Health and Human Services,report on Strategic National Stockpile,"provide to the President, through the COVID-19 Response Coordinator, a report on the status and inventory of the Strategic National Stockpile",0
14001,2021-01865,Secretary of Health and Human Services,recommend changes to EO 13910 authorities,"shall promptly recommend to the President, through the COVID-19 Response Coordinator, whether any changes should be made to the authorities delegated to the Secretary by Executive Order 13910",0
14001,2021-01865,"Secretary of State, Secretary of Defense, Secretary of Health and Human Services, Secretary of Homeland Security, and heads of any other agencies",comprehensive pandemic‑response‑supplies report,"provide to the President, through the COVID-19 Response Coordinator, a report consisting of:",0
14001,2021-01865,heads of the relevant agencies,address shortfalls in pandemic response supplies,"take appropriate action using all available legal authorities, including the Defense Production Act",0
14002,2021-01923,All executive departments and agencies,identify actions they can take within existing authorities to address the economic crisis,All executive departments and agencies (agencies) shall promptly identify actions they can take within existing authorities,0
14004,2021-02034,Department of Defense,ensure departmental policies align with the order,"The Secretary of Defense, and Secretary of Homeland Security with respect to the Coast Guard, shall, after consultation with the Joint Chiefs of Staff … take all necessary steps to ensure that all directives, orders, regulations, and policies of their respective departments are consistent with this order.",0
14004,2021-02034,Department of Defense,prohibit discrimination based on gender identity,"The Secretary of Defense shall: (i) immediately prohibit involuntary separations, discharges, and denials of reenlistment or continuation of service on the basis of gender identity …",0
14004,2021-02034,Department of Defense and Department of Homeland Security,submit progress report within 60 days,The Secretary of Defense and the Secretary of Homeland Security shall report to me within 60 days of the date of this order on their progress in implementing the directives in this order,0
14004,2021-02034,Department of Homeland Security (Coast Guard),prohibit discrimination based on gender identity,"The Secretary of Homeland Security with respect to the Coast Guard shall: (i) immediately prohibit involuntary separations, discharges, and denials of reenlistment",1
14005,2021-02038,Office of Management and Budget,establish Made in America Office,The Director of the Office of Management and Budget (OMB) shall establish within OMB the Made in America Office.,0
14006,2021-02070,Department of Justice,do_not_renew_contracts,The Attorney General shall not renew Department of Justice contracts with privately operated criminal detention facilities,0
14008,2021-02177,All agencies (as a group),submit climate‑integration strategies,"within 90 days of the date of this order, strategies and implementation plans for integrating climate considerations into their international work",0
14008,2021-02177,All agencies (as a group),draft agency climate‑action plans,shall submit a draft action plan to the Task Force and the Federal Chief Sustainability Officer within 120 days of the date of this order,0
14008,2021-02177,Chair of the Council on Environmental Quality,create and annually update a Climate and Economic Justice Screening Tool,"shall, within 6 months of the date of this order, create a geospatial Climate and Economic Justice Screening Tool and shall annually publish interactive maps",0
14008,2021-02177,Director of National Intelligence,produce a National Intelligence Estimate on climate‑security impacts,"prepare, within 120 days of the date of this order, a National Intelligence Estimate on the national and economic security impacts of climate change",0
14008,2021-02177,Director of the Office of Management and Budget,publish an annual Environmental Justice Scorecard by February 2022,"By February 2022, ... shall, to the extent consistent with applicable law, publish on a public website an annual Environmental Justice Scorecard detailing agency environmental justice performance measures",0
14008,2021-02177,Federal Chief Sustainability Officer,review agency action plans,"Within 30 days of an agency's submission of an action plan, ... shall review the plan to assess its consistency with the policy set forth in section 204",0
14008,2021-02177,Interagency Working Group on Coal and Power Plant Communities,report on mechanisms to revitalize coal‑ and power‑plant communities,"within 60 days of the date of this order, the Interagency Working Group shall submit a report to the President describing all mechanisms ... to support and revitalize the economies of coal and power plant communities",0
14008,2021-02177,Secretary of Defense,deliver a Climate Risk Analysis,"shall develop and submit to the President, within 120 days of the date of this order, an analysis of the security implications of climate change (Climate Risk Analysis)",0
14008,2021-02177,Secretary of State,prepare a transmittal package for Kigali Amendment ratification,"shall prepare, within 60 days of the date of this order, a transmittal package seeking the Senate's advice and consent to ratification of the Kigali Amendment",0
14008,2021-02177,Secretary of the Interior (Coal & Gas Review),pause new oil and gas leases pending review,shall pause new oil and natural gas leases on public lands or in offshore waters pending completion of a comprehensive review,0
14008,2021-02177,Secretary of the Interior (Conserving Lands & Waters – annual reports),provide annual progress reports on land‑water conservation,shall subsequently submit annual reports to the Task Force to monitor progress,0
14008,2021-02177,Secretary of the Interior (Conserving Lands & Waters),report on 30‑percent conservation goal,shall submit a report to the Task Force within 90 days of the date of this order recommending steps ... to achieve the goal of conserving at least 30 percent of our lands and waters by 2030,0
14008,2021-02177,Secretary of the Interior (Renewable Energy),review offshore wind siting to double capacity by 2030,review siting and permitting processes ... with the goal of doubling offshore wind by 2030,0
14008,2021-02177,Secretary of the Treasury,submit a climate‑finance plan,"shall submit the plan to the President, through the Assistant to the President for National Security Affairs and the Assistant to the President for Economic Policy, within 90 days of the date of this order",0
14009,2021-02252,Secretary of Health and Human Services,consider establishing a Special Enrollment Period for uninsured and under-insured Americans to seek coverage through the Federally Facilitated Marketplace,Secretary of Health and Human Services shall consider establishing a Special Enrollment Period for uninsured and under-insured Americans to seek coverage through the Federally Facilitated Marketplace,0
14009,2021-02252,Secretary of Labor,"review all existing regulations, orders, guidance documents, policies, and any other similar agency actions to determine whether they are inconsistent with the order's policy","shall, as soon as practicable, review all existing regulations, orders, guidance documents, policies, and any other similar agency actions ... to determine whether such agency actions are inconsistent with the policy",0
14009,2021-02252,Secretary of the Treasury,"review all existing regulations, orders, guidance documents, policies, and any other similar agency actions to determine whether they are inconsistent with the order's policy","shall, as soon as practicable, review all existing regulations, orders, guidance documents, policies, and any other similar agency actions ... to determine whether such agency actions are inconsistent with the policy",0
14009,2021-02252,heads of all other executive departments and agencies,"review all existing regulations, orders, guidance documents, policies, and any other similar agency actions to determine whether they are inconsistent with the order's policy","shall, as soon as practicable, review all existing regulations, orders, guidance documents, policies, and any other similar agency actions ... to determine whether such agency actions are inconsistent with the policy",0
14010,2021-02561,Attorney General and Secretary of Homeland Security,conduct a comprehensive examination within 180 days,"within 180 days of the date of this order, conduct a comprehensive examination of current rules, regulations, precedential decisions, and internal guidelines governing the adjudication of asylum claims and determinations of refugee status to evaluate whether the United States provides protection for those fleeing domestic or gang violence in a manner consistent with international standards;",0
14010,2021-02561,Attorney General and Secretary of Homeland Security,promulgate joint regulations within 270 days,"within 270 days of the date of this order, promulgate joint regulations, consistent with applicable law, addressing the circumstances in which a person should be considered a",1
14010,2021-02561,Department of Homeland Security,submit a report to the President within 120 days of the date of this order,"The Secretary of Homeland Security, with support from the United States Digital Service within the Office of Management and Budget, shall promptly begin a review of procedures for individuals placed in expedited removal proceedings at the United States border. Within 120 days of the date of this order, the Secretary of Homeland Security shall submit a report to the President with the results of this review and recommendations for creating a more efficient and orderly process that facilitates timely adjudications and adherence to standards of fairness and due process.",0
14011,2021-02562,Department of Homeland Security,provide funding and administrative support,the Department of Homeland Security shall provide the funding and administrative support the Task Force needs to implement this order,0
14011,2021-02562,Interagency Task Force on the Reunification of Families,establishment,There is hereby established an Interagency Task Force on the Reunification of Families (Task Force).,0
14012,2021-02563,Domestic Policy Council (DPC),convene_task_force,the DPC shall convene a Task Force on New Americans,0
14013,2021-02804,Executive Order 13815,revoked,"Executive Order 13815 of October 24, 2017 … are revoked.",0
14013,2021-02804,Executive Order 13888,revoked,"Executive Order 13888 of September 26, 2019 … are revoked.",0
14013,2021-02804,Presidential Memorandum of March 6 2017,revoked,"The Presidential Memorandum of March 6, 2017",1
14014,2021-03139,Department of the Treasury,implement sanctions,"The Secretary of the Treasury, in consultation with the Secretary of State, is hereby authorized to take such actions, including the promulgation of rules and regulations",0
14016,2021-03874,Executive departments and agencies,consider rescinding implementing actions of EO 13801,"The Director of the Office of Management and Budget and the heads of executive departments and agencies shall promptly consider taking steps to rescind any orders, rules, regulations, guidelines, or policies, or portions thereof, implementing or enforcing the Executive Order identified in section 1 of this order",0
14016,2021-03874,Office of Management and Budget,consider rescinding implementing actions of EO 13801,"The Director of the Office of Management and Budget and the heads of executive departments and agencies shall promptly consider taking steps to rescind any orders, rules, regulations, guidelines, or policies, or portions thereof, implementing or enforcing the Executive Order identified in section 1 of this order",0
14017,2021-04280,"APNSA and the APEP, in coordination with the heads of appropriate agencies",complete a 100‑day review of supply‑chain risks,"shall complete a review of supply chain risks, as outlined in subsection (b) of this section, within 100 days of the date of this order",0
14017,2021-04280,"APNSA and the APEP, in coordination with the heads of appropriate agencies",provide a general review and recommendations,shall provide to the President one or more reports reviewing the actions taken over the previous year,0
14017,2021-04280,"Heads of agencies (e.g., Secretary of Defense, Secretary of Health and Human Services, etc.)",submit sector‑specific supply‑chain assessment reports,"Within 1 year of the date of this order, the specified heads of agencies shall submit the following reports to the President",0
14019,2021-05087,Interagency Steering Group on Native American Voting Rights,study best practices for protecting voting rights of Native Americans and produce a report,There is hereby established an Interagency Steering Group on Native American Voting Rights (Steering Group),0
14020,2021-05183,White House Gender Policy Council,establish,There is established a White House Gender Policy Council (Council) within the Executive Office of the President.,0
14021,2021-05200,Secretary of Education,"Review all existing regulations, orders, guidance documents, policies, and any other similar agency actions that may be inconsistent with the order's policy.","the Secretary of Education, in consultation with the Attorney General, shall review all existing regulations, orders, guidance documents, policies, and any other similar agency actions",0
14021,2021-05200,Secretary of Education,"Consider suspending, revising, rescinding, or proposing new rules for agency actions inconsistent with the policy.","The Secretary of Education shall consider suspending, revising, or rescinding--or publishing for notice and comment proposed rules suspending, revising, or rescinding--those agency actions that are inconsistent with the policy set forth in section 1 of this order",0
14021,2021-05200,Secretary of Education,Consider additional enforcement actions to enforce the non‑discrimination policy.,"The Secretary of Education shall consider taking additional enforcement actions, as appropriate and consistent with applicable law, to enforce the policy set forth in section 1 of this order",0
14024,2021-08098,Secretary of the Treasury,authorizes actions and rulemaking to implement the sanctions,"The Secretary of the Treasury, in consultation with the Secretary of State, is hereby authorized to take such actions, including the promulgation of rules and regulations, and to employ all powers granted to the President by IEEPA, as may be necessary to carry out the purposes of this order.",0
14025,2021-09213,Executive Office of the President,establish Task Force on Worker Organizing and Empowerment,There is hereby established within the Executive Office of the President the Task Force on Worker Organizing and Empowerment (Task Force).,0
14026,2021-09263,All federal agencies,ensure contracts entered on or after Jan 30 2022 comply with the new wage requirements,Within 60 days of the Secretary issuing regulations ... agencies shall take steps,0
14026,2021-09263,Executive departments and agencies,ensure contracts include a clause requiring a minimum wage of at least $15.00 per hour,"$15.00 per hour, beginning January 30, 2022",0
14026,2021-09263,Executive departments and agencies,set a cash wage floor for tipped workers,"$10.50 per hour, beginning January 30, 2022",0
14026,2021-09263,Federal Acquisition Regulatory Council,amend the FAR to include the new wage clause,"Within 60 days of the Secretary issuing such regulations, the Federal Acquisition Regulatory Council ... shall amend the Federal Acquisition Regulation",0
14026,2021-09263,The Secretary of Labor,issue regulations to implement the order,"issue regulations by November 24, 2021",0
14027,2021-10139,Department of State,establish Climate Change Support Office,"There is established within the Department of State, in accordance with section 3161 of title 5, United States Code, a temporary organization to be known as the Climate Change Support Office (CCSO).",0
14029,2021-10691,Executive departments and agencies (heads),consider rescinding implementing actions of revoked presidential actions,"The Director of the Office of Management and Budget and the heads of executive departments and agencies shall promptly consider taking steps to rescind any orders, rules, regulations, guidelines, or policies",0
14029,2021-10691,Office of Management and Budget,consider rescinding implementing actions of revoked presidential actions,"The Director of the Office of Management and Budget and the heads of executive departments and agencies shall promptly consider taking steps to rescind any orders, rules, regulations, guidelines, or policies",0
14030,2021-11168,Assistant to the President for Economic Policy and Director of the National Economic Council; Assistant to the President and National Climate Advisor; Secretary of the Treasury; Director of the Office of Management and Budget,Develop a government‑wide climate‑related financial risk strategy,"shall develop, within 120 days of the date of this order, a comprehensive, Government‑wide strategy regarding:",0
14030,2021-11168,Financial Stability Oversight Council (FSOC),Submit a report to the President,issuing a report to the President within 180 days of the date of this order on any efforts by FSOC member agencies to integrate consideration of climate‑related financial risk,0
14030,2021-11168,President (via the Order),Reinstate Executive Order 13690,"Executive Order 13690 is hereby reinstated, thereby reestablishing the FFRMS.",0
14030,2021-11168,Secretary of Labor,Submit a report to the President,"within 180 days of the date of this order, submit to the President, through the Director of the National Economic Council and the National Climate Advisor, a report on the actions taken pursuant to subsections (a), (b), and (c) of this section.",0
14030,2021-11168,Secretary of Labor,Consider publishing a proposed rule,"consider publishing, by September 2021, for notice and comment a proposed rule to suspend, revise, or rescind ``Financial Factors in Selecting Plan Investments,''",0
14031,2021-11792,Department of Health and Human Services,provide_funding_and_administrative_support,The Department of Health and Human Services shall provide funding and administrative support for the Commission to the extent permitted by,1
14032,2021-12019,Secretary of the Treasury,"take actions, including promulgating rules and regulations, to carry out the order's purposes","The Secretary of the Treasury, in consultation with the Secretary of State, is hereby authorized to take such actions, including the promulgation of rules and regulations",0
14032,2021-12019,Secretary of the Treasury,submit recurring and final reports to Congress on the national emergency,"The Secretary of the Treasury, in consultation with the Secretary of State, is hereby authorized to submit recurring and final reports to the Congress",0
14032,2021-12019,Secretary of the Treasury,determine when prohibitions no longer warrant application and take necessary action,"The Secretary of the Treasury, in consultation with the Secretary of State, and, as the Secretary of the Treasury deems appropriate, the Secretary of Defense, is hereby authorized to determine that circumstances no longer warrant the application of the prohibitions",0
14033,2021-12382,Department of the Treasury,delegates_authority,"The Secretary of the Treasury, in consultation with the Secretary of State, is hereby authorized to take such actions, including the promulgation of rules and regulations",0
14035,2021-14127,Office of Personnel Management (OPM),delegated authority,The Director of OPM is hereby delegated the authority of the President,0
14036,2021-15069,Director of the Office of Management and Budget,Incorporate competition‑policy considerations into regulatory review recommendations,shall incorporate into its recommendations for modernizing and improving regulatory review ... the policies set forth in section 1 of this order,0
14036,2021-15069,Secretary of Agriculture,Consider rulemaking under the Packers and Stockyards Act to address unfair treatment of farmers,to address the unfair treatment of farmers ... consider initiating a rulemaking ... under the Packers and Stockyards Act,0
14036,2021-15069,Secretary of Defense,Submit a review of competition in the defense industrial base within 180 days,"not later than 180 days after the date of this order, submit to the Chair of the White House Competition Council, a review of the state of competition within the defense industrial base",0
14036,2021-15069,Secretary of Health and Human Services,Publish a proposed rule on over‑the‑counter hearing aids within 120 days,"not later than 120 days after the date of this order, publish for notice and comment a proposed rule on over-the-counter hearing-aids",0
14036,2021-15069,Secretary of Transportation,Appoint or reappoint members of the Aviation Consumer Protection Advisory Committee within 30 days,"not later than 30 days after the date of this order, appoint or reappoint members of the Advisory Committee for Aviation Consumer Protection",0
14036,2021-15069,Secretary of the Treasury,"Submit a report on competition in the beer, wine, and spirits markets within 120 days","not later than 120 days after the date of this order, shall submit a report to the Chair of the White House Competition Council, assessing the current market structure and conditions of competition",0
14038,2021-17253,Secretary of State and Secretary of Homeland Security,suspends_entry,The unrestricted immigrant and nonimmigrant entry into the United States of noncitizens ... is hereby suspended,0
14038,2021-17253,Secretary of the Treasury,delegates_authority,"The Secretary of the Treasury, in consultation with the Secretary of State, is hereby authorized to take such actions",0
14038,2021-17253,Secretary of the Treasury (in consultation with the Secretary of State),blocks_property,"All property and interests in property ... of the following persons are blocked and may not be transferred, paid, exported, withdrawn, or otherwise dealt in",0
14039,2021-18306,Secretary of State,identify foreign persons and block their property,"With respect to any foreign person identified by the Secretary of State, in consultation with the Secretary of the Treasury, ... all property and interests in property of such person ... are blocked and may not be transferred, paid, exported, withdrawn, or otherwise dealt in.",0
14040,2021-19578,Attorney General and heads of executive departments and agencies,complete declassification reviews,The Attorney General and the heads of any other executive departments and agencies (agencies) that originated relevant information shall complete declassification reviews:,0
14042,2021-19924,All agencies (implementation),"apply the safety clause to new contracts, solicitations, extensions, renewals, and options entered on or after October 15 2021","on or after: (i) October 15, 2021, consistent with the effective date for the action taken by the Federal Acquisition Regulatory Council",0
14042,2021-19924,Executive departments and agencies,ensure that contracts and contract‑like instruments entered on or after October 15 2021 contain the required safety clause,"By October 8, 2021, agencies shall take steps ... to ensure that contracts ... entered into on or after October 15, 2021 ... include the clause",0
14042,2021-19924,Federal Acquisition Regulatory Council,amend the Federal Acquisition Regulation to include the COVID‑19 safety clause and begin implementation steps,"shall, by October 8, 2021, take initial steps to implement appropriate policy direction to acquisition offices for use of the clause",0
14042,2021-19924,Safer Federal Workforce Task Force,"provide definitions of relevant terms for contractors and subcontractors, explanations of protocols, and any exceptions to Task Force Guidance for contractor and subcontractor workplace locations","By September 24, 2021, the Safer Federal Workforce Task Force",1
14043,2021-19927,Executive Office of the President,reference_previous_order,"The Safer Federal Workforce Task Force (Task Force), established by Executive Order 13991 of January 20, 2021",0
14045,2021-20165,Department of Education,establishes the Initiative,"there is established in the Department of Education ... the White House Initiative on Advancing Educational Equity, Excellence, and Economic Opportunity for Hispanics (Initiative)",0
14046,2021-20508,Department of the Treasury,impose_sanctions,The Secretary of the Treasury is authorized to impose any of the sanctions described in section 2(a) of this order,0
14048,2021-21908,heads of the departments or agencies designated after each committee,perform the functions of the President under the Federal Advisory Committee Act applicable to the listed committees,the functions of the President under the Federal Advisory Committee Act ... shall be performed by the head of the department or agency designated after each committee,0
14049,2021-22588,Department of Education,provide funding and administrative support for the Initiative,the Department of Education shall provide funding and administrative support for the Initiative,0
14050,2021-23224,Chair of the Initiative,shall report to the President on the Initiative's progress on an annual basis,"On an annual basis, the Chair shall report to the President on the Initiative's progress in carrying out its mission and function under this order.",0
14050,2021-23224,Commission,"shall meet on a regular basis, at least twice a year","The Commission shall meet on a regular basis, and at least twice a year.",0
14050,2021-23224,Commission members,shall serve without compensation but may receive travel expenses and per diem,"Members of the Commission shall serve without compensation but shall be allowed travel expenses, including per diem in lieu of subsistence, as authorized by law for persons serving intermittently in the Government service (5 U.S.C. 5701-5707).",0
14050,2021-23224,Department of Education,shall provide funding and administrative support for the Initiative and the Interagency Working Group,"The Department shall provide funding and administrative support for the Initiative and the Interagency Working Group, to the extent permitted by law and within existing appropriations.",0
14050,2021-23224,Designated agencies (heads of agencies),shall prepare an Agency Plan outlining measurable actions and submit it to the Chair,Each agency designated to participate in the Interagency Working Group shall prepare a plan (Agency Plan) outlining measurable actions ... These plans shall be submitted to the Chair of the Initiative on a date established by the Chair.,0
14050,2021-23224,Designated agencies (heads of agencies),shall assess and report to the Chair on progress in implementing the Agency Plan,Each agency shall assess and report to the Chair on their progress in implementing the Agency Plan on a regular basis as established by the Chair.,0
14050,2021-23224,President,shall designate one member of the Commission to serve as its Chair,The President shall designate one member of the Commission to serve as its Chair.,0
14050,2021-23224,Secretary of Education,shall serve as Chair of the Initiative and designate an Executive Director,the Secretary of Education (Secretary) shall serve as Chair. The Secretary shall designate an Executive Director for the Initiative (Executive Director).,0
14053,2021-25287,Attorney General (DOJ),Assess DNA testing and database services for missing or murdered Indigenous people and report findings,"the Attorney General shall report the outcome of this assessment to the President, along with recommendations to improve the use and accessibility of DNA database services",0
14053,2021-25287,"Attorney General (DOJ), Secretary of the Interior, Secretary of HHS",Develop a strategy for ongoing analysis of data on violent crime and missing persons involving Native Americans and report on it,"the Attorney General, the Secretary of the Interior, and the Secretary of HHS shall report jointly to the President on the strategy they have developed",0
14053,2021-25287,Attorney General (Department of Justice),Develop a coordinated federal law‑enforcement strategy to prevent and respond to violence against Native Americans and report on it,The Attorney General and the Secretary of the Interior shall report to the President within 240 days of the date of this order describing the strategy developed,0
14053,2021-25287,Attorney General (Department of Justice),Expand Tribal participation in the National Crime Information system,"The Attorney General shall take steps, consistent with applicable law, to expand the number of Tribes participating in the Tribal Access Program for National Crime Information",0
14053,2021-25287,Secretaries of HHS and the Interior,Review and improve child‑abuse reporting procedures for the Indian Health Service and report on actions taken,The Secretaries shall report to the President within 180 days of the date of this order describing actions taken,0
14053,2021-25287,Secretary of Health and Human Services (HHS),"Develop a comprehensive plan to support prevention, early intervention, and services for Native American victims and survivors and report on it",The Secretary of HHS shall report to the President within 240 days of the date of this order describing the plan and actions taken,0
14053,2021-25287,Secretary of the Interior,Evaluate technical assistance and judicial support services for Tribes and report findings,The Secretary of the Interior shall report to the President within 180 days of the date of this order describing the evaluation findings,0
14055,2021-25715,Federal Acquisition Regulatory Council (FAR Council),amend the FAR,"Within 60 days of the Secretary issuing final regulations, the Federal Acquisition Regulatory Council (FAR Council), to the extent consistent with law, shall amend the Federal Acquisition Regulation",0
14055,2021-25715,Office of Management and Budget,issue guidance,"The Director of the Office of Management and Budget shall, to the extent consistent with law, issue guidance to implement section 6(c) of this order",0
14055,2021-25715,Secretary of Labor,issue final regulations,"The Secretary of Labor (Secretary) shall, to the extent consistent with law, issue final regulations within 180 days of the date of this order",0
14056,2021-26459,Administrator of the National Aeronautics and Space Administration,Council member,the Administrator of the National Aeronautics and Space Administration,0
14056,2021-26459,Assistant to the President and National Climate Advisor,Council member,the Assistant to the President and National Climate Advisor,0
14056,2021-26459,Assistant to the President for Domestic Policy,Council member,the Assistant to the President for Domestic Policy,0
14056,2021-26459,Assistant to the President for Economic Policy,Council member,the Assistant to the President for Economic Policy,0
14056,2021-26459,Assistant to the President for National Security Affairs,Council member,the Assistant to the President for National Security Affairs,0
14056,2021-26459,Chairman of the Joint Chiefs of Staff,Council member,the Chairman of the Joint Chiefs of Staff,0
14056,2021-26459,Director of National Intelligence,Council member,the Director of National Intelligence,0
14056,2021-26459,Director of the Office of Management and Budget,Council member,the Director of the Office of Management and Budget,0
14056,2021-26459,Director of the Office of Science and Technology Policy,Council member,the Director of the Office of Science and Technology Policy,0
14056,2021-26459,Secretary of Agriculture,Council member,the Secretary of Agriculture,0
14056,2021-26459,Secretary of Commerce,Council member,the Secretary of Commerce,0
14056,2021-26459,Secretary of Defense,Council member,the Secretary of Defense,0
14056,2021-26459,Secretary of Education,Council member,the Secretary of Education,0
14056,2021-26459,Secretary of Energy,Council member,the Secretary of Energy,0
14056,2021-26459,Secretary of Homeland Security,Council member,the Secretary of Homeland Security,0
14056,2021-26459,Secretary of Labor,Council member,the Secretary of Labor,0
14056,2021-26459,Secretary of State,Council member,the Secretary of State,0
14056,2021-26459,Secretary of Transportation,Council member,the Secretary of Transportation,0
14056,2021-26459,Secretary of the Interior,Council member,the Secretary of the Interior,0
14056,2021-26459,Vice President,Chair of the Council,"the Vice President, who shall be Chair of the Council",0
14058,2021-27380,Administrator of the Small Business Administration,establish baseline experience measures for small‑business applications,"The Administrator of the Small Business Administration shall: (i) establish baseline experience measures for key small business application processes in areas such as loans, grants, and certifications;",0
14058,2021-27380,Commissioner of Social Security,provide a report to OMB within 120 days analyzing services requiring physical documentation,"The Commissioner of Social Security shall: (i) within 120 days of the date of this order, provide a report to the Director of OMB that analyzes all services of the Social Security Administration that currently require original or physical documentation or in‑person appearance …",0
14058,2021-27380,Secretary of Agriculture,test online purchasing of WIC benefits,"The Secretary of Agriculture shall: (i) test the use of the Special Supplemental Nutrition Program for Women, Infants, and Children (WIC) benefits for online purchasing;",0
14058,2021-27380,Secretary of Health and Human Services,design and deliver new online tools and support for Medicare enrollees,"The Secretary of Health and Human Services shall: (i) continue to design and deliver new, personalized online tools and expanded customer support options for Medicare enrollees;",0
14058,2021-27380,Secretary of Homeland Security,test innovative technologies at airport security checkpoints,The Secretary of Homeland Security shall: (i) test the use of innovative technologies at airport security checkpoints to reduce passenger wait times;,0
14058,2021-27380,Secretary of Labor,allow telehealth for workers' compensation medical appointments,The Secretary of Labor shall: (i) update existing rules and policies … to allow individuals entitled to medical treatment under their workers' compensation plans to conduct their routine medical treatment appointments using telehealth platforms;,0
14058,2021-27380,Secretary of State,design and deliver a new online passport renewal experience without physical documents,The Secretary of State shall design and deliver a new online passport renewal experience that does not require any physical documents to be mailed.,0
14058,2021-27380,Secretary of Veterans Affairs,provide integrated digital services on VA.gov and the VA mobile app,"The Secretary of Veterans Affairs shall: (i) provide digital services through a single, integrated, and equitable digital platform on VA.gov and the VA mobile app;",0
14058,2021-27380,Secretary of the Interior,redesign the FWS.gov website to meet the 21st Century Integrated Digital Experience Act,"The Secretary of the Interior shall redesign the website of the Fish and Wildlife Service, FWS.gov, in compliance with the 21st Century Integrated Digital Experience Act (Public Law",1
14058,2021-27380,Secretary of the Treasury,design and deliver new online tax‑payment tools and support call‑back options,The Secretary of the Treasury shall design and deliver new online tools and services to ease the payment of taxes and provide the option to schedule customer support telephone call‑backs.,0
14059,2021-27505,President of the United States,declare national emergency,I hereby declare a national emergency to deal with that threat.,0
14060,2021-27605,All executive departments and agencies,take actions within their respective authorities to counter transnational organized crime,Executive departments and agencies (agencies) shall take actions within their respective authorities,0
14063,2022-02869,All executive departments and agencies,grant exceptions to the project‑labor‑agreement requirement,"A senior official within an agency may grant an exception from the requirements of section 3 of this order for a particular contract by, no later than the solicitation date, providing a specific written explanation of why at least one of the following circumstances exists with respect to that contract",0
14065,2022-04020,President,expands the scope of the national emergency declared in EO 13660,"I, JOSEPH R. BIDEN JR., President of the United States of America, hereby expand the scope of the national emergency declared in Executive Order 13660 of March 6, 2014",0
14066,2022-05232,Department of the Treasury,implement sanctions,"The Secretary of the Treasury, in consultation with the Secretary of State, is hereby authorized to take such actions, including the promulgation of rules and regulations, and to employ all powers granted to the President by IEEPA, as may be necessary to carry out the purposes of this order.",0
14067,2022-05471,Assistant to the President for National Security Affairs (APNSA) and Assistant to the President for Economic Policy (APEP),coordinate interagency actions to implement this order,"The Assistant to the President for National Security Affairs (APNSA) and the Assistant to the President for Economic Policy (APEP) shall coordinate, through the interagency process described in National Security Memorandum 2 of February 4, 2021",0
14068,2022-05554,Secretary of Commerce,prohibit export of luxury goods to the Russian Federation,"(ii) the exportation, reexportation, sale, or supply, directly or indirectly, from the United States, ... of luxury goods",0
14068,2022-05554,Secretary of the Treasury,prohibit importation of listed Russian-origin products,"the importation into the United States of the following products of Russian Federation origin: fish, seafood, and preparations thereof; alcoholic beverages; non-industrial diamonds",0
14068,2022-05554,Secretary of the Treasury,prohibit new investment in the Russian Federation,(iii) new investment in any sector of the Russian Federation economy as may be determined by the Secretary of the Treasury,0
14068,2022-05554,Secretary of the Treasury,prohibit export of U.S. dollar‑denominated banknotes to the Russian Federation,"(iv) the exportation, reexportation, sale, or supply, directly or indirectly, ... of U.S. dollar‑denominated banknotes to the Government of the Russian Federation",0
14068,2022-05554,Secretary of the Treasury,prohibit facilitation of prohibited foreign transactions by U.S. persons,"(v) any approval, financing, facilitation, or guarantee by a United States person ... of a transaction by a foreign person where the transaction ... would be prohibited by this section",0
14069,2022-05949,Federal Acquisition Regulatory Council,"Consider issuing proposed rules that promote economy, efficiency, and effectiveness in federal procurement by enhancing pay equity and transparency for job applicants and employees of federal contractors and subcontractors.","shall consider issuing proposed rules to promote economy, efficiency, and effectiveness in Federal procurement by enhancing pay equity and transparency for job applicants and employees of Federal contractors and subcontractors",0
14069,2022-05949,Federal Acquisition Regulatory Council,Consider whether any proposed rules should limit or prohibit contractors and subcontractors from seeking or using salary‑history information about job applicants and employees.,shall specifically consider whether any such rules should limit or prohibit Federal contractors and subcontractors from seeking and considering information about job applicants' and employees' existing or past compensation,0
14069,2022-05949,Federal Acquisition Regulatory Council,Consider including appropriate accountability measures in any such proposed rules.,shall also consider the inclusion of appropriate accountability measures in any such rules,0
14072,2022-09138,Director of the Office of Management and Budget,issue guidance on valuing ecosystem and environmental services in regulatory decisions,shall issue guidance related to the valuation of ecosystem and environmental services and natural assets in Federal regulatory decision‑making,0
14072,2022-09138,Secretary of State (in consultation with multiple secretaries and agencies),submit a report to the President evaluating options for a whole‑of‑government approach to combating international deforestation,"within 1 year of the date of this order, the Secretary of State, ... shall submit a report to the President evaluating options",0
14072,2022-09138,Secretary of State (in coordination with other appropriate agencies),"submit a report to the President on how agencies can address deforestation risk in foreign assistance, trade, and investment","within 1 year of the date of this order, the Secretary of State, ... shall submit a report to the President on how agencies that engage in international programming, assistance, finance, investment, trade, and trade promotion, can, consistent with applicable law, accomplish the following",0
14072,2022-09138,Secretary of the Interior and Secretary of Agriculture,complete an inventory of old-growth and mature forests on Federal lands and make it publicly available,"shall, within 1 year of the date of this order, define, identify, and complete an inventory of old-growth and mature forests on Federal lands",0
14072,2022-09138,Secretary of the Interior and Secretary of Agriculture,develop a Federal goal with agency‑specific reforestation targets by 2030,shall within 1 year of the date of this order:,1
14072,2022-09138,United States Global Change Research Program (implementation),include an assessment of U.S. nature conditions in the required Global Change Research report,shall include an assessment of the condition of nature within the United States in a report carrying out section 102 of the Global Change Research Act of 1990,0
14073,2022-10076,Agency heads,provide the Committee with information concerning QIS and its technology applications when requested by a Committee Co‑Chair,"The heads of agencies shall, to the extent permitted by law, provide the Committee with information concerning QIS and its technology applications when requested by a Committee Co‑Chair.",0
14073,2022-10076,Director of the Office of Science and Technology Policy,"may request that members of the Committee, standing subcommittees, or ad hoc groups who do not hold a current clearance for access to classified information receive appropriate clearances","The Director may request that members of the Committee, standing subcommittees, or ad hoc groups who do not hold a current clearance for access to classified information receive appropriate clearances",0
14073,2022-10076,National Quantum Coordination Office,provide technical and administrative support to the Committee,"The National Quantum Coordination Office shall provide technical and administrative support to the Committee, pursuant to section 102(b) of the NQI Act.",0
14073,2022-10076,Secretary of Energy,"shall be performed by the Secretary of Energy, in consultation with the Director, in accordance with the guidelines and procedures established by the Administrator of General Services","shall be performed by the Secretary of Energy, in consultation with the Director, in accordance with the guidelines and procedures established by the Administrator of General Services",0
14074,2022-11810,Attorney General,establish the National Law Enforcement Accountability Database (a centralized repository of law‑enforcement misconduct records),"Within 240 days of the date of this order, the Attorney General",1
14074,2022-11810,Attorney General,develop and publish a best‑practices report on law‑enforcement officer wellness,"Within 180 days of the date of this order, the Attorney General shall, in coordination with the Secretary of Health and Human",1
14074,2022-11810,Attorney General,develop an evidence‑informed training module on implicit bias for law‑enforcement officers,"Within 180 days of the date of this order, the Attorney General shall",1
14074,2022-11810,Attorney General,conduct a nationwide study of community effects of law‑enforcement use of force,"Within 180 days of the date of this order, the",1
14074,2022-11810,Attorney General,request a NAS study of facial‑recognition and predictive‑algorithm technologies used by law‑enforcement,"Within 180 days of the date of this order, the Attorney General shall request the National Academy of Sciences",1
14074,2022-11810,Attorney General,publish a report on DOJ implementation of the Death in Custody Reporting Act,Within 120 days of the date of this,1
14074,2022-11810,Attorney General,submit a report on restrictive‑housing practices in Federal detention facilities,"Within 180 days of the date of this order, the Attorney General shall",1
14074,2022-11810,Attorney General,complete a comprehensive review of confinement conditions and transmit a report,"Within 240 days of the date of this order, the Attorney General",1
14074,2022-11810,Attorney General,submit a First Step Act implementation report to the President,"Within 180 days of the date of this order, the Attorney General shall, in",1
14074,2022-11810,Attorney General,"review and report on State, Tribal, local, and territorial LEA transition to NIBRS",Within 120 days of the date of this,1
14074,2022-11810,Attorney General,develop and publish accreditation‑body standards for law‑enforcement agencies,"Within 240 days of the date of this order, the Attorney General shall develop and publish standards for determining whether an entity is an authorized, independent credentialing body",0
14074,2022-11810,Attorney General,review and exercise authority to award discretionary grants supporting order policies,"Within 180 days of the date of this order, the Attorney General, the Secretary of HHS, and the Secretary of Homeland Security shall promptly review and exercise their authority … to award Federal discretionary grants …",0
14074,2022-11810,Office of Personnel Management,"convene and chair an interagency working group to strengthen Federal law‑enforcement recruitment, hiring, promotion, and retention practices","Within 180 days of the date of this order, the Director of the Office of Personnel Management shall convene and chair an interagency working group",0
14075,2022-13391,Department of Education,establish Working Group on LGBTQI+ Students and Families,The Secretary of Education shall establish a Working Group on LGBTQI+ Students and Families,0
14076,2022-15138,Attorney General / Counsel to the President,convene a meeting of pro bono attorneys and organizations,"the Attorney General and the Counsel to the President shall convene a meeting of private pro bono attorneys, bar associations, and public interest organizations",0
14076,2022-15138,Attorney General / Secretary of Homeland Security,"consider actions to ensure safety of patients, providers, and third parties","the Attorney General and the Secretary of Homeland Security shall consider actions, as appropriate and consistent with applicable law, to ensure the safety of patients, providers, and third parties",0
14076,2022-15138,Department of Health and Human Services,submit a report to the President,"Within 30 days of the date of this order, the Secretary of Health and Human Services shall submit a report to the President:",0
14076,2022-15138,Department of Health and Human Services / Gender Policy Council,establish and co‑chair Interagency Task Force on Reproductive Healthcare Access,The Secretary of Health and Human Services and the Director of the Gender Policy Council shall establish and co‑chair an Interagency Task Force on Reproductive Healthcare Access (Task Force).,0
14077,2022-15628,Emergency Board (Board),investigate and report on the disputes,"There is established, effective 12:01 a.m. eastern daylight time on July 18, 2022, a Board composed of a chair and two other members",0
14078,2022-15743,All persons and entities,prohibit evasion of the order’s sanctions,"Any transaction that evades or avoids, has the purpose of evading or avoiding, causes a violation of, or attempts to violate any of the prohibitions set forth in this order is prohibited.",0
14078,2022-15743,Hostage Response Group (HRG),convene regularly to coordinate hostage‑release and wrongful‑detention efforts,"The HRG shall, in coordination with the National Security Council's regional directorates as appropriate, convene on a regular basis and as needed ... to work to secure the safe release of United States nationals held hostage or wrongfully detained abroad.",0
14078,2022-15743,N/A,continues prior directives (EO 13698 and PPD‑30) for hostage‑recovery activities,Executive Order 13698 and PPD-30 shall continue to apply to United States hostage recovery activities.,0
14078,2022-15743,President (via EO 14078),prohibit donations to persons whose property is blocked,I hereby prohibit such donations as provided by section 6 of this order.,0
14078,2022-15743,Secretary of State,designate foreign officials linked to wrongful detentions,"The Secretary of State shall publicly or privately designate or identify officials of foreign governments who are involved, directly or indirectly, in wrongful detentions, as appropriate and consistent with applicable",1
14078,2022-15743,Secretary of State and Secretary of Homeland Security,suspend entry of noncitizens linked to hostage‑taking or wrongful detention,The unrestricted immigrant and nonimmigrant entry into the United States of noncitizens,1
14078,2022-15743,Secretary of State and Secretary of the Treasury (jointly),block property of foreign persons responsible for hostage‑taking or wrongful detention,"All property and interests in property of the following persons ... are blocked and may not be transferred, paid, exported, withdrawn, or otherwise dealt in:",0
14078,2022-15743,Secretary of the Treasury,submit periodic and final reports to Congress on the national emergency,"The Secretary of the Treasury, in consultation with the Secretary of State, is authorized to",1
14078,2022-15743,Secretary of the Treasury,exercise IEEPA authority and redelegate functions as needed,"The Secretary of the Treasury, in consultation with the Secretary of State, is authorized to take such actions",1
14078,2022-15743,Special Presidential Envoy for Hostage Affairs (SPEHA),provide regular reports to the Secretary of State on wrongful‑detention cases,The SPEHA shall report to the Secretary of State on a regular basis and as needed to advance efforts to secure the safe release of United States nationals wrongfully detained abroad.,0
14079,2022-17420,Department of Health and Human Services,"consider actions to advance access to reproductive healthcare services, including through Medicaid for patients traveling across State lines for medical care","the Secretary of HHS shall consider actions to advance access to reproductive healthcare services, including, to the extent permitted by Federal law, through Medicaid for patients traveling across State lines for medical care",0
14079,2022-17420,Department of Health and Human Services,consider all appropriate actions to advance the prompt understanding of and compliance with Federal non‑discrimination laws by healthcare providers that receive Federal financial assistance,the Secretary of HHS shall consider all appropriate actions to advance the prompt understanding of and compliance with Federal non‑discrimination laws by healthcare providers that receive Federal financial assistance,0
14079,2022-17420,Department of Health and Human Services,"evaluate the adequacy of research, data collection, and data analysis and interpretation efforts at NIH, CDC, and other HHS components regarding reproductive healthcare effects","The Secretary of HHS shall evaluate the adequacy of research, data collection, and data analysis and interpretation efforts at the National Institutes of Health, the Centers for Disease Control and Prevention, and other relevant HHS components",0
14080,2022-18840,All federal agencies,"prioritize protecting taxpayer resources, meeting economic and national security needs, ensuring long‑term leadership in microelectronics, catalyzing private‑sector investment, generating well‑paying jobs, and strengthening regional manufacturing ecosystems","All agencies ... shall, as appropriate and to the extent consistent with law, prioritize:",0
14080,2022-18840,Assistant to the President for Economic Policy; Assistant to the President for National Security Affairs; Director of the Office of Science and Technology Policy,serve as Co‑Chairs of the CHIPS Implementation Steering Council,"the Assistant to the President for Economic Policy, the Assistant to the President for National Security Affairs, and the Director of the Office of Science and Technology Policy shall serve as Co‑Chairs of the Steering Council",0
14080,2022-18840,Director of the Office of Management and Budget,promote and monitor effective and efficient stewardship and oversight of taxpayer resources in implementing the CHIPS Act,"The Director of the Office of Management and Budget shall take appropriate actions to promote and monitor, with respect to execution of the Act, the effective and efficient stewardship and oversight of taxpayer resources",0
14081,2022-20167,Assistant to the President for National Security Affairs (APNSA),coordinate executive‑branch actions to implement the order,"The Assistant to the President for National Security Affairs (APNSA), in consultation with the Assistant to the President for Economic Policy (APEP) and the Director of the Office of Science and Technology Policy (OSTP), shall coordinate the executive branch actions necessary to implement this order",0
14081,2022-20167,Director of the National Science Foundation (NSF),submit a report identifying high‑priority basic‑research goals,The Director of the National Science Foundation (NSF) … shall submit a report identifying high‑priority fundamental and use‑inspired basic research goals to advance biotechnology and biomanufacturing,0
14081,2022-20167,Secretary of Agriculture,submit a report on biotechnology’s role in food‑and‑agriculture innovation,The Secretary of Agriculture … shall submit a report assessing how to use biotechnology and biomanufacturing for food and agriculture innovation,0
14081,2022-20167,Secretary of Commerce,submit a report on biotechnology’s role in supply‑chain resilience,The Secretary of Commerce … shall submit a report assessing how to use biotechnology and biomanufacturing to strengthen the resilience of United States supply chains,0
14081,2022-20167,Secretary of Energy,submit a report on biotechnology’s role in climate‑change mitigation,"The Secretary of Energy … shall submit a report assessing how to use biotechnology, biomanufacturing, bioenergy, and biobased products to address the causes and adapt to and mitigate the impacts of climate change",0
14081,2022-20167,Secretary of Health and Human Services (HHS),submit a report on biotechnology’s role in medical breakthroughs,"The Secretary of Health and Human Services (HHS), in consultation with the heads of appropriate agencies … shall submit a report assessing how to use biotechnology and biomanufacturing to achieve medical breakthroughs",0
14082,2022-20210,All federal agencies (except those listed in 44 U.S.C. § 3502(5)),"Prioritize investing public dollars efficiently, advancing climate goals, environmental justice, clean‑energy construction, supply‑chain competitiveness, high‑quality jobs, energy‑cost reductions, innovation, and coordination with state, local, tribal, territorial, private‑sector, and NGO partners.","all agencies (as described in section 3502(1) of title 44, United States Code, except for the agencies described in section 3502(5) of title 44) shall, as appropriate and to the extent consistent with law, prioritize:",0
14083,2022-20450,Committee on Foreign Investment in the United States (CFIUS),consider additional supply‑chain‑resilience factors when reviewing covered transactions,"the Committee shall consider, as appropriate, the covered transaction's effect on supply chain resilience and security",0
14083,2022-20450,Committee on Foreign Investment in the United States (CFIUS),periodically report to the Assistant to the President for National Security Affairs on its review process,"the Committee shall regularly review its processes, practices, and regulations, and shall periodically provide to the Assistant to the President for National Security Affairs a report documenting the results of its review",0
14083,2022-20450,Office of Science and Technology Policy (OSTP),publish a periodic list of technology sectors fundamental to U.S. technological leadership,"the Office of Science and Technology Policy (OSTP), in consultation with other members of the Committee, shall periodically publish a list of technology sectors",0
14084,2022-21839,Institute of Museum and Library Services (IMLS),establishes the President's Committee on the Arts and the Humanities,There is established within the Institute of Museum and Library Services (IMLS) the President's Committee on the Arts and the Humanities (Committee) to inform and support the national engagement with Americans,0
14086,2022-22531,Attorney General,establish a Data Protection Review Court process,The Attorney General is authorized to and shall establish a process to review determinations made by the CLPO,0
14086,2022-22531,Attorney General,promulgate regulations for the Data Protection Review Court,"the Attorney General shall, within 60 days of the date of this order, promulgate regulations establishing a Data Protection Review Court",0
14086,2022-22531,Head of each element of the Intelligence Community,update policies and procedures,"shall, within 1 year of the date of this order, ... update those policies and procedures as necessary to implement the privacy and civil liberties safeguards in this order",0
14086,2022-22531,Head of each element of the Intelligence Community,publicly release updated policies and procedures,"shall, within 1 year of the date of this order, ... release these policies and procedures publicly to the maximum extent possible",0
14086,2022-22531,Head of each element of the Intelligence Community,implement PCLOB review recommendations,"Within 180 days of completion of any review by the PCLOB described in subsection (c)(v)(A) of this section, the head of each element ... shall carefully consider and shall implement or otherwise address all recommendations",0
14086,2022-22531,Secretary of Commerce,maintain a record of complaints and contact elements for declassification status,"not later than 5 years after the date of this order and no less than every 5 years thereafter, contact the relevant element or elements of the Intelligence Community",0
14087,2022-22834,Department of Health and Human Services (Secretary),submit a report describing selected models and include a plan and timeline to test them,"the Secretary shall, not later than 90 days after the date of this order, submit a report to the Assistant to the President for Domestic Policy enumerating and describing any models that the Secretary has selected.",0
14088,2022-23433,Department of the Treasury,authorizes actions and rulemaking,"the Secretary of the Treasury and the Secretary of Commerce, in consultation with the Secretary of State, are hereby authorized to take such actions, including the promulgation of rules and regulations, and to employ all powers granted to the President by IEEPA",0
14088,2022-23433,Department of the Treasury,reporting to Congress,"the Secretary of the Treasury, in consultation with the Secretary of State and the Secretary of Commerce, is hereby authorized to submit the recurring and final reports to the Congress",0
14089,2022-27585,Department of State,establish the Advisory Council,"Within 180 days of the date of this order, the Secretary of State shall establish the President's Advisory Council on African Diaspora Engagement in the United",1
14089,2022-27585,Department of State,appoint up to 12 members to the Advisory Council,"The Advisory Council shall consist of not more than 12 members, appointed by the Secretary of State, who are representatives of and reflect the diversity of the African",1
14089,2022-27585,Department of State,set term length and compensation for Council members,Members of the Advisory Council shall serve for 2-year terms without compensation or reimbursement.,0
14089,2022-27585,Department of State,appoint a Chair for the Advisory Council,The Secretary of State shall designate one of the members of the Advisory Council to serve as Chair.,0
14089,2022-27585,Department of State,appoint an Executive Director for the Advisory Council,The Secretary of State shall designate a senior officer or employee of the Department of State to serve as Executive Director of the Advisory Council.,0
14089,2022-27585,Department of State,provide advice to the President on diaspora‑government connections,"The Advisory Council shall advise the President, through the Secretary of State,",1
14089,2022-27585,Department of State,hold quarterly plenary meetings,"The Advisory Council shall meet in plenary session on a quarterly basis, at a minimum, or more frequently as necessary.",0
14089,2022-27585,Department of State,fund and administratively support the Advisory Council,"The Department of State shall provide funding and administrative support for the Advisory Council, to the extent permitted by law and within existing appropriations.",0
14090,2022-28474,Office of Personnel Management,delegates_authority,The Director of the Office of Personnel Management shall take such actions as may be necessary to implement these payments,0
14091,2023-03779,All executive departments and agencies (agency heads),establish Agency Equity Teams,"The Secretary of State, … the Director of the Office of Personnel Management (agency heads) shall, within 30 days of the date of this order, ensure that they have in place an Agency Equity Team within their respective agencies",0
14091,2023-03779,White House,establish the White House Steering Committee on Equity,There is hereby established a White House Steering Committee on Equity (Steering Committee),0
14092,2023-05714,Attorney General,develop and implement a plan to clarify the definition of firearm dealers for Federal firearms license purposes,The Attorney General shall develop and implement a plan to: (i) clarify the definition of who is engaged in the business of dealing in firearms,0
14092,2023-05714,Attorney General,prevent former Federal firearms licensees whose licenses were revoked or surrendered from continuing firearm‑dealing activities,The Attorney General shall develop and implement a plan to:,1
14092,2023-05714,Attorney General,"publicly release inspection reports of firearm dealers cited for violations, as far as law permits",The Attorney General shall develop and implement a plan to:,1
14092,2023-05714,Attorney General,support modernization and permanency of the Undetectable Firearms Act,The Attorney General shall develop and implement a plan to:,1
14092,2023-05714,"Attorney General, Secretary of Health and Human Services, Secretary of Education, Secretary of Homeland Security","submit a report describing agency actions to implement the Bipartisan Safer Communities Act, data and analysis, and a public‑awareness plan",shall each submit a report to the President within 60 days of the date of this order describing what actions their respective agencies have taken to implement the Act,0
14092,2023-05714,"Attorney General, Secretary of Health and Human Services, Secretary of Education, Secretary of Homeland Security, Director of the Office of Management and Budget, heads of other agencies as appropriate","develop and submit a proposal to improve Federal support for survivors, families, first responders, and affected communities","shall develop a proposal for the President, and submit it no later than September 15, 2023, on how the Federal Government can better support the recovery, mental health, and other needs of survivors of gun violence",0
14092,2023-05714,Heads of Federal law enforcement agencies,issue NIBIN submission and utilization policies that meet or exceed the DOJ December 12 2022 policy,"shall, as soon as practicable, but no later than 180 days from the date of this order, ensure that their respective law enforcement components issue National Integrated Ballistic Information Network (NIBIN) submission and utilization policies",0
14092,2023-05714,"Secretary of Defense, Attorney General, Secretary of Homeland Security, Secretary of Health and Human Services, Secretary of Education",encourage effective use of extreme‑risk protection orders (red‑flag laws),"The Secretary of Defense; the Attorney General; the Secretary of Homeland Security; the Secretary of Health and Human Services, including through the Surgeon General of the United States; and the Secretary of Education shall undertake efforts to encourage effective use of extreme risk protection orders (""red flag"" laws)",0
14092,2023-05714,"Secretary of Defense, Attorney General, Secretary of Homeland Security, Secretary of Health and Human Services, Secretary of Education, Secretary of Veterans Affairs",expand Federal campaigns to promote safe storage of firearms,"The Secretary of Defense; the Attorney General; the Secretary of Homeland Security; the Secretary of Health and Human Services, including through the Surgeon General of the United States; the Secretary of Education; and the Secretary of Veterans Affairs shall expand existing Federal campaigns and other efforts to promote safe storage of firearms",0
14092,2023-05714,Secretary of Transportation,reduce loss or theft of firearms during shipment and improve reporting,"The Secretary of Transportation, in consultation with the Department of Justice, shall work to reduce the loss or theft of firearms during shipment between FFLs and to improve reporting of such losses or thefts",0
14093,2023-06730,Director of National Intelligence (DNI),issue a classified intelligence assessment,"the Director of National Intelligence (DNI) shall, within 90 days of the date of this order, and on a semiannual basis thereafter, issue a classified intelligence assessment",0
14094,2023-07760,Executive departments and agencies,keep a log of petitions received under 5 U.S.C. 553(e),"maintain, subject to available resources, a log of such petitions received",0
14094,2023-07760,Office of Information and Regulatory Affairs (OIRA),amends definition of significant regulatory action in EO 12866,(f) ``Significant regulatory action'' means any regulatory action that is likely to result in a rule that may:,0
14094,2023-07760,Office of Management and Budget (OMB),revise Circular A‑4 within one year,"Within 1 year of the date of this order, the Director of the Office of Management and Budget, through the Administrator of OIRA ... shall issue revisions to the Office of Management and Budget's Circular A-4",0
14095,2023-08659,Department of Defense,enhance recruitment/retention of child‑development program workers and improve child‑care affordability,the Department of Defense shall take steps to enhance recruitment and retention of the Department's child development program workers and to improve the affordability of child care for service members by September 2023,0
14095,2023-08659,Department of Health and Human Services (HHS),issue guidance to States on using enhanced funding for home‑ and community‑based workers,"the Secretary of Health and Human Services, through the Administrator for the Centers for Medicare and Medicaid Services (CMS), shall issue guidance to States on ways to use enhanced funding to better connect home‑and community‑based workers who provide services to Medicaid beneficiaries;",0
14095,2023-08659,Department of Labor,create and publish compliance assistance and best‑practice materials for domestic care workers,"the Secretary of Labor shall create and publish in multiple languages, as appropriate, compliance assistance and best practices materials—such as sample employment agreements for domestic child care and long‑term care workers and their employers—",0
14095,2023-08659,Department of Labor and Department of Health and Human Services,jointly conduct a review of the home‑ and community‑based care workforce and publish findings,"the Secretary of Labor and the Secretary of Health and Human Services shall, in consultation with relevant agencies and external experts and organizations, jointly conduct a review to identify gaps in knowledge about the home‑ and community‑based workforce … The Secretaries shall publicly release the findings and recommendations of this review no later than April 2024.",0
14095,2023-08659,Department of Veterans Affairs,expand Veteran Directed Care Program to all VA medical centers and develop an implementation plan,"the Secretary of Veterans Affairs shall consider expanding the existing Veteran Directed Care Program … to all Department of Veterans Affairs Medical Centers by the end of Fiscal Year 2024, and shall consider developing an implementation plan for this expansion by June 2023.",0
14095,2023-08659,Department of Veterans Affairs,design and evaluate a pilot Co‑Employer Option for veteran home health services,"the Secretary of Veterans Affairs shall consider designing and evaluating a pilot program … Should the Department of Veterans Affairs implement this pilot program, it shall provide an implementation plan … before August 31, 2023.",0
14096,2023-08955,White House Office of Environmental Justice,established,The White House Office of Environmental Justice is hereby established within CEQ.,0
14097,2023-09318,Secretary of Defense,use the invoked authority to order Ready Reserve units and members to active duty,"the authority under section 12302 of title 10, United States Code, is invoked and made available, according to its terms, to the Secretary of Defense and the Secretary of Homeland Security.",0
14097,2023-09318,Secretary of Homeland Security,use the invoked authority to order Ready Reserve units and members to active duty,"the authority under section 12302 of title 10, United States Code, is invoked and made available, according to its terms, to the Secretary of Defense and the Secretary of Homeland Security.",0
14097,2023-09318,Secretary of Homeland Security (Coast Guard),order Coast Guard Ready Reserve units and members to active duty,"the Secretary of Homeland Security with respect to the Coast Guard when it is not operating as a service in the Navy, ... are authorized to order to active duty such units and individual members of the Ready Reserve",0
14097,2023-09318,Secretary of the Air Force,order Ready Reserve units and individual members to active duty as directed,"The Secretaries of the Army, Navy, and Air Force, at the direction of the Secretary of Defense, ... are authorized to order to active duty such units and individual members of the Ready Reserve",0
14097,2023-09318,Secretary of the Army,order Ready Reserve units and individual members to active duty as directed,"The Secretaries of the Army, Navy, and Air Force, at the direction of the Secretary of Defense, ... are authorized to order to active duty such units and individual members of the Ready Reserve",0
14097,2023-09318,Secretary of the Navy,order Ready Reserve units and individual members to active duty as directed,"The Secretaries of the Army, Navy, and Air Force, at the direction of the Secretary of Defense, ... are authorized to order to active duty such units and individual members of the Ready Reserve",0
14100,2023-12974,All executive departments and agencies,list_military_spouse_noncompetitive_appointment_authority_starting_fiscal_year_2025,"Beginning with Fiscal Year 2025, agencies shall list the Military Spouse Noncompetitive Appointment Authority established by 5 U.S.C. 3330d when soliciting applications from outside of their workforce for positions announced on USAJOBS or other job posting sites",0
14100,2023-12974,All executive departments and agencies,standardize_DETO_program_and_establish_application_system_and_timelines,"agencies shall: (i) develop common standards for DETO policies, including identification of points of contact and creation of guidelines to ensure that such policies are communicated and advertised in a manner accessible to military spouse employees; (ii) establish a DETO application system and develop a method to track DETO applications received and processed, as well as application processing timelines;",1
14100,2023-12974,Department of Defense,establish_flexible_spending_accounts_by_2024‑01‑01,"establish flexible spending accounts for the care of military dependents, available to military personnel no later than January 1, 2024",0
14100,2023-12974,Office of Personnel Management (OPM),update_the_military‑connected_plan_at_least_every_4_years,shall be updated as appropriate and at a minimum every 4 years,0
14100,2023-12974,Office of Personnel Management (OPM),revise_annual_report_title_starting_fiscal_year_2025,"Beginning with Fiscal Year 2025, the Director of OPM shall revise the title of the ``Employment of Veterans in the Federal Executive Branch'' annual report to ``Employment of Veterans and Military‑Connected Spouses and Survivors in the Federal Executive Branch,''",0
14100,2023-12974,Office of Personnel Management (OPM),issue_guidance_on_telework_remote_work_admin_leave_and_inter‑agency_placement,"shall issue guidance to agencies: (i) reinforcing existing telework and remote work flexibility options pursuant to 5 U.S.C. 6502 for Federal employees, including military spouses and military caregivers, and encouraging agency leaders to consider these as options for retaining Federal employee military spouses and",1
14100,2023-12974,Office of Personnel Management (OPM) and Office of Management and Budget (OMB) Deputy Director,develop_and_issue_strategic_plan_within_180_days,"shall develop and issue a Government-wide Military and Veteran Spouse, Military Caregiver, and Survivor Hiring and Retention Strategic Plan (Military-Connected Plan) within 180 days of the date of this order",0
14100,2023-12974,Office of Science and Technology Policy (OSTP) Subcommittee on Equitable Data,develop_and_report_dataset_recommendations,"shall develop recommendations on ways in which agencies can expand Federal datasets to track outcomes for military and veteran spouses, military caregivers, and survivors. Such recommendations shall be included in the Director of OSTP's reports to the White House Steering Committee on Equity",0
14100,2023-12974,Secretary of State and Secretary of Defense,enter_into_MOU_for_DETO_program,shall enter into a Memorandum of Understanding (MOU) to address residential security and safety requirements for military spouses employed by the Federal Government and working overseas through the DETO program,0
14100,2023-12974,Small Business Administration (SBA) Administrator,expand_resources_and_evaluate_capital_gaps_for_military_spouse_entrepreneurs,"shall: (a) expand access to resources tailored to military and veteran spouses who are interested in starting or growing a small business, including guidance to help military spouses with relocating a business following a military move; and (b) evaluate access to capital gaps for military spouse entrepreneurs",0
14101,2023-13889,"Secretaries of the Treasury, Labor, and Health and Human Services",consider issuing guidance to improve access to contraception without cost‑sharing under the ACA,"The Secretaries of the Treasury, Labor, and Health and Human Services (Secretaries) shall consider issuing guidance, consistent with applicable law, to further improve Americans' ability to access contraception, without out-of‑pocket expenses, under the Affordable Care Act.",0
14101,2023-13889,Secretary of Health and Human Services (through CMS),consider steps to expand affordable family‑planning services in Medicaid,"shall consider taking steps, as appropriate and consistent with applicable law, to",1
14102,2023-15347,Secretary of Defense,order selected reserve members to active duty,"the Secretary of Defense, and the Secretary of Homeland Security with respect to the Coast Guard when it is not operating as a service in the Navy, under their respective jurisdictions, to order to active duty any units, and any individual members ... not to exceed 3,000 total members at any one time, of whom not more than 450 may be members of the Individual Ready Reserve",0
14102,2023-15347,Secretary of Homeland Security (Coast Guard),order selected reserve members to active duty,"the Secretary of Defense, and the Secretary of Homeland Security with respect to the Coast Guard when it is not operating as a service in the Navy, under their respective jurisdictions, to order to active duty any units, and any individual members ... not to exceed 3,000 total members at any one time, of whom not more than 450 may be members of the Individual Ready Reserve",0
14104,2023-16636,All agencies,use common utilization questions by May 1 2024,"The utilization questions should be used by all agencies by May 1, 2024, for subject inventions that a Federal R&D funding agreement recipient has elected to retain title on or after the date of this order",0
14104,2023-16636,All agencies listed in section 3(a),require R&D recipients to report manufacturing locations of subject inventions,the heads of agencies identified in section 3(a) of this order shall require recipients of Federal R&D funding agreements to track and update the awarding agency on the location in which subject inventions are manufactured,0
14104,2023-16636,All agencies listed in section 3(a),report progress on iEdison transition within 120 days after final regulations,Not later than 120 days after issuance of any final regulations implementing the action plan … the heads of agencies … shall report to the Director of OMB and the Director of OSTP on steps … to transition all unclassified reporting to iEdison by the end of calendar year 2025,0
14104,2023-16636,All agencies listed in section 3(a),submit annual reports on invention utilization to the Made‑in‑America Director,"Within 2 years after the date of this order and annually thereafter, the heads of agencies … shall submit reports to the Made in America Director on the utilization of inventions …",0
14104,2023-16636,All agencies listed in section 3(a),consider exceptional‑circumstance restrictions on title retention within 90 days,"Within 90 days of the date of this order, the heads of agencies",1
14104,2023-16636,All agencies listed in section 3(a),establish waiver‑negotiation guidelines within 270 days,"Within 270 days of the date of this order, the heads of agencies … shall establish agency guidelines for negotiating with waiver applicants",0
14104,2023-16636,All agencies listed in section 3(a),provide annual waiver‑application summaries to the Secretary of Commerce starting FY 2024,"Beginning in fiscal year 2024 and on an annual basis thereafter, the heads of agencies … shall provide to the Secretary of Commerce … a summary of each waiver application received, approved, and rejected",0
14104,2023-16636,All executive department and agency heads,"consult outside stakeholders (industry, academia, NGOs, labor, state, local, tribal, territorial governments) when implementing the order","the heads of executive departments and agencies (agencies) shall, as appropriate and consistent with applicable law, consult outside stakeholders",0
14104,2023-16636,Assistant to the President for National Security Affairs; Assistant to the President for Economic Policy; Director of OSTP,coordinate executive‑branch actions to implement the order,"The Assistant to the President for National Security Affairs, the Assistant to the President for Economic Policy, and the Director of the Office of Science and Technology Policy (OSTP) shall coordinate the executive branch actions necessary to implement this order",0
14104,2023-16636,Director of OSTP,add “domestic manufacturing” to future interagency technology R&D roadmaps,The Director of OSTP … shall seek to add “domestic manufacturing” to future interagency technology R&D roadmaps,0
14104,2023-16636,Secretary of Commerce (via NIST),develop award terms and conditions for invention‑utilization reporting,"Within 60 days of the date of this order, the Secretary of Commerce, through the Director of the National Institute of Standards and Technology (NIST) … should develop award terms and conditions regarding the reporting requirements",0
14104,2023-16636,Secretary of Commerce (via NIST),submit action plan for iEdison transition to OMB within one year,The Secretary of Commerce shall submit the action plan to the Director of OMB within 1 year of the date of this order,0
14104,2023-16636,Secretary of Commerce (via NIST),publish guidance on waiver feasibility for public comment within 90 days,"Within 90 days of the date of this order, the Secretary of Commerce, through the Director of NIST, shall make the guidance available for public comment",0
14104,2023-16636,Secretary of Commerce (via NIST),develop common waiver application questions within 90 days,"Within 90 days of the date of this order, the Secretary of Commerce … shall develop common waiver application questions for use by all agencies",0
14104,2023-16636,Secretary of Defense; Secretary of Agriculture; Secretary of Commerce; Secretary of Health and Human Services; Secretary of Transportation; Secretary of Energy; Secretary of Homeland Security; Director of the National Science Foundation; Administrator of NASA,consider domestic manufacturing in R&D funding solicitations,"The Secretary of Defense, … the Administrator of the National Aeronautics and Space Administration should consider domestic manufacturing in Federal R&D funding agreement solicitations",0
14105,2023-17449,Secretary of the Treasury,issue regulations that require United States persons to provide notification of certain transactions and prohibit other transactions involving covered foreign persons,"shall issue, subject to public notice and comment, regulations that require United States persons to provide notification of information relative to certain transactions involving covered foreign persons (notifiable transactions) and that prohibit United States persons from engaging in certain other transactions involving covered foreign persons (prohibited transactions)",0
14105,2023-17449,Secretary of the Treasury,"communicate with Congress and the public, consult with other secretaries and agencies, engage with allies, and investigate violations of this order","shall, as appropriate: (a) communicate with the Congress and the public ... (f) investigate, in consultation with the heads of relevant agencies, as appropriate, violations of this order",0
14106,2023-17832,Secretary of Homeland Security,"perform the President’s authority over Coast Guard officer appointment, promotion, removal, and related personnel actions","The Secretary of Homeland Security is directed to perform, without approval, ratification, or other action by the President, the following functions vested in the President:",0
14106,2023-17832,Secretary of Homeland Security,suspend applicable personnel statutes and temporarily promote officers during war or national emergency,"During a time of war or national emergency, the Secretary of Homeland Security is directed to perform the authority vested in the President ... to suspend the operation of any law relating to the selection, promotion, or involuntary separation of officers of the Coast Guard",0
14108,2023-21174,Department of Health and Human Services,submit a public‑health summary report within 60 days,"Within 60 days of the date of this order, HHS shall submit a report to the President that summarizes key conclusions from the public health testing and assessments ...",0
14108,2023-21174,Department of Homeland Security / FEMA,designate a Federal Disaster Recovery Coordinator to oversee long‑term recovery and conduct a comprehensive assessment of unmet needs,"Within 5 days of the date of this order, ... the Secretary of Homeland Security, through the Administrator of FEMA, shall designate a Federal Disaster Recovery Coordinator (Coordinator) to oversee long‑term recovery efforts in the affected communities",0
14108,2023-21174,Department of Transportation,submit a transportation‑safety report within 60 days and an updated report within 120 days,"Within 60 days of the date of this order, DOT shall submit a report to the President on the actions that DOT is taking ... This report shall be updated within 120 days of the final NTSB investigation",0
14108,2023-21174,Environmental Protection Agency,"continue cleanup, submit an initial report within 30 days and subsequent reports every 60 days","The EPA shall continue to direct removal of contaminated soils and wastewater from the site. ... Within 30 days of the date of this order, EPA shall submit a report to the President on the cleanup efforts ... The EPA shall submit an updated report to the President every 60 days thereafter",0
14110,2023-24283,All executive departments and agencies,assigns each agency the authority to appoint a Chief AI Officer,the requirement to designate at each agency within 60 days of the issuance of the guidance a Chief Artificial Intelligence Officer,0
14110,2023-24283,Department of Commerce (via NIST),directs the development of AI safety and security guidelines,"Within 270 days of the date of this order, the Secretary of Commerce, acting through the",1
14110,2023-24283,Office of Management and Budget (OMB),delegates authority to convene an interagency AI council,"within 60 days of the date of this order and on an ongoing basis as necessary, the Director of OMB shall convene and chair an interagency council to coordinate the development and use of AI in agencies' programs and operations",0
14110,2023-24283,White House AI Council,establishes a new advisory body to coordinate AI policy across the Federal Government,"There is established, within the Executive Office of the President, the White House Artificial Intelligence Council (White House AI Council).",0
14112,2023-27318,Director of OMB and Domestic Policy Advisor,develop guidance for assessing additional funding each agency needs for Tribal Nations programs,"Within 240 days of the date of this order, the Director of OMB and the Domestic Policy Advisor shall, in consultation with the head of each agency that is a member of WHCNAA, ... develop guidance for assessing the additional funding each agency needs",0
14112,2023-27318,Head of each agency that is a member of WHCNAA,submit a report identifying the funding needed for each agency's existing Federal funding and support programs for Tribal Nations,"Within 540 days of the date of this order, the head of each agency that is a member of WHCNAA shall ... submit a report to the Director of OMB and the Domestic Policy Advisor",0
14112,2023-27318,Office of Management and Budget (OMB) Director and Domestic Policy Advisor,lead an effort to identify chronic shortfalls in Federal funding and support programs for Tribal Nations,The Director of OMB and the,1
14115,2024-02354,Secretary of the Treasury (in consultation with the Secretary of State),"take actions, promulgate rules and regulations, and employ IEEPA powers to implement the order","The Secretary of the Treasury, in consultation with the Secretary of State, is authorized to take such actions, including the promulgation of rules and regulations, and to employ all powers granted to the President by IEEPA as may be necessary to carry out the purposes of this order.",0
14115,2024-02354,Secretary of the Treasury (in consultation with the Secretary of State),submit recurring and final reports to Congress,"The Secretary of the Treasury, in consultation with the Secretary of State, is authorized to submit recurring and final reports to the Congress on the national emergency declared in this order, consistent with section 401(c) of the NEA (50 U.S.C. 1641(c)) and section 204(c) of IEEPA (50 U.S.C. 1703(c)).",0
14116,2024-04012,Cybersecurity and Infrastructure Security Agency,receive reports of cyber incidents,"shall be reported immediately to the Federal Bureau of Investigation, the Cybersecurity and Infrastructure Security Agency (for any cyber incident), and the Captain of the Port",0
14116,2024-04012,Department of Justice,coordinate enforcement of the amended regulations,The Commandant shall coordinate with the Department of Justice and other relevant executive departments and agencies,0
14116,2024-04012,Federal Bureau of Investigation,"receive reports of sabotage, subversive activity, or cyber incidents","shall be reported immediately to the Federal Bureau of Investigation, the Cybersecurity and Infrastructure Security Agency (for any cyber incident), and the Captain of the Port",0
14117,2024-04573,APNSA and multiple interagency officials,submit human ‘omic data risk assessment report within 120 days,"Within 120 days of the date of this order, the APNSA, the Assistant to the President and Director of the Domestic Policy Council, the Director of the Office of Science and Technology Policy, and the Director of the Office of Pandemic Preparedness and Response Policy, in consultation with the Secretary of State, the Secretary of Defense, the Secretary of Health and Human Services, the Secretary of Veterans Affairs, the Director of the National Science Foundation, the Director of National Intelligence, and the Director of the Federal Bureau of Investigation, shall submit a report to the President, through the APNSA, assessing the risks and benefits of regulating transactions involving types of human 'omic data other than human genomic",1
14117,2024-04573,Assistant to the President for National Security Affairs (APNSA),review recommendations within 150 days of regulations' effective date,"Within 150 days of the effective date of the regulations issued pursuant to section 2(c) of this order, the APNSA shall review these recommendations and, as appropriate, consult with the Attorney General, the Secretary of Homeland Security, and the heads of relevant agencies on implementing the recommendations consistent with applicable law.",0
14117,2024-04573,Department of Defense; Department of Health and Human Services; Department of Veterans Affairs; National Science Foundation,submit joint progress report within 1 year,"Within 1 year of the date of this order, the Secretary of Defense, the Secretary of Health and Human Services, the Secretary of Veterans Affairs, and the Director of the National Science Foundation shall jointly submit a report to the President through the Assistant to the President for National Security Affairs (APNSA) detailing their progress in implementing this subsection.",0
14117,2024-04573,Department of Justice (Attorney General),issue regulations prohibiting or restricting certain transactions,"the Attorney General, in coordination with the Secretary of Homeland Security and in consultation with the heads of relevant agencies, shall issue, subject to public notice and comment, regulations that prohibit or otherwise restrict United States persons from engaging in any acquisition, holding, use, transfer, transportation, or exportation of, or dealing in, any property in which a foreign country or national thereof has any interest (transaction)",0
14117,2024-04573,Department of Justice (Attorney General),publish proposed rule within 180 days,"Within 180 days of the date of this order, the Attorney General, in coordination with the Secretary of Homeland Security, and in consultation with the heads of relevant agencies, shall publish the proposed rule described in subsection (a) of this section for notice and comment.",0
14117,2024-04573,Department of Justice (Attorney General),submit effectiveness and economic impact report within 1 year of regulations' effective date,"Within 1 year of the effective date of the regulations issued pursuant to section 2(c) of this order, the Attorney General, in consultation with the Secretary of State, the Secretary of the Treasury, the Secretary of Commerce, and the Secretary of Homeland Security, shall submit a report to the President through the APNSA assessing, to the extent",1
14117,2024-04573,Department of Justice (Attorney General); Department of Homeland Security; Office of the Director of National Intelligence,recommend actions within 120 days of regulations' effective date,"Within 120 days of the effective date of the regulations issued pursuant to section 2(c) of this order, the Attorney General, the Secretary of Homeland Security, and the Director of National Intelligence, in consultation with the heads of relevant agencies, shall recommend to the APNSA appropriate actions to detect, assess, and mitigate national security risks arising from prior transfers of United States persons' bulk sensitive personal data to countries of concern.",0
14119,2024-05220,Registered Apprenticeship Interagency Working Group,coordinate policy development and implementation of this order,There is established within the Executive Office of the President the Registered Apprenticeship Interagency Working Group (Working Group).,0
14120,2024-06123,All Initiative member agencies,report on actions taken to strengthen research and data standards,"Within 90 days of the date of this order, agency Members of the Initiative shall report to the Chair of the Initiative on actions taken to strengthen research and data standards",0
14120,2024-06123,All Initiative member agencies,report to the President on implementation status,"Within 180 days of the date of this order and on an annual basis thereafter, agency Members of the Initiative shall report to the President on the status of implementation of research and data standards",0
14120,2024-06123,All Initiative member agencies,submit funding‑needs report to the Directors,"Within 180 days of the date of this order, Members of the Initiative shall ... each submit a report to the Directors that identifies the funding needed to catalyze research on women’s health",0
14120,2024-06123,All Initiative member agencies,annual progress reporting to the Directors,each Member of the Initiative shall report annually to the Directors on progress made in response to those recommendations,0
14120,2024-06123,Department of Health and Human Services,launch a menopause‑science assessment,"Within 90 days of the date of this order, the",1
14120,2024-06123,Department of Health and Human Services / National Science Foundation,consider AI‑related opportunities and challenges for women’s health research,"In implementing section 8(b) of Executive Order 14110 of October 30, 2023 (Safe, Secure, and Trustworthy Development and Use of Artificial Intelligence), the Secretary of Health and Human Services, in consultation with the Director of the National Science Foundation, shall consider the opportunities for and challenges that affect women’s health research in the responsible deployment and use of artificial intelligence (AI)",0
14120,2024-06123,NIH Office of Research on Women’s Health / OMB,creates a subgroup of the Initiative to promote inter‑agency alignment on research and data standards,"the Chair of the Initiative and the Director of the NIH Office of Research on Women’s Health, in consultation with the Director of the Office of Management and Budget (OMB), shall establish and co‑chair a subgroup of the Initiative",0
14120,2024-06123,NIH Office of Research on Women’s Health / OMB,deadline for establishing the subgroup,"Within 30 days of the date of this order, the Chair of the Initiative and the Director of the NIH Office of Research on Women’s Health, in consultation with the Director of the Office of Management and Budget (OMB), shall establish and co‑chair a subgroup of the Initiative",0
14120,2024-06123,Office of Management and Budget and Gender Policy Council,develop guidance for assessing additional funding,"Within 90 days of the date of this order, the Directors shall, in consultation with the Initiative, develop guidance for assessing additional funding that agencies need to close research gaps in women’s health",0
14120,2024-06123,White House (Office of the First Lady),establishes a new interagency advisory body to advance women’s health research,I established the first‑ever White House Initiative on Women’s Health Research (Initiative),0
14121,2024-06931,Department of the Interior,submit_report,the Secretary of the Interior shall submit a report to the President,0
14121,2024-06931,Department of the Interior,conduct_study,The Secretary of the Interior shall conduct an overview theme study specific to women's history,0
14121,2024-06931,National Park System Advisory Board,provide_recommendations,The Secretary of the Interior shall request that the National Park System Advisory Board produce interim recommendations to the Secretary within 270 days of the date of this order and produce final recommendations within 1 year of the date of this order,0
14123,2024-13810,White House Council on Supply Chain Resilience,established and led by the Assistant to the President for National Security Affairs and the Assistant to the President for Economic Policy,"The White House Council on Supply Chain Resilience residing within the Executive Office of the President is led by the APNSA and the APEP, who serve as Co‑Chairs of the Council.",0
14124,2024-16225,Department of Education,establishes the Initiative,"there is established within the Department of Education (Department) the White House Initiative on Advancing Educational Equity, Excellence, and Economic Opportunity Through Hispanic-Serving Institutions (Initiative)",0
14124,2024-16225,Department of Education,establishes the Board,there is established within the Department the President's Board of Advisors on Hispanic-Serving Institutions (Board),0
14124,2024-16225,Department of Education,provides funding and administrative support for the Initiative,The Department shall provide funding and administrative support for the Initiative to the extent permitted by law,0
14124,2024-16225,Executive Director of the Initiative,provides an annual report to the President,"On an annual basis, the Executive Director, in consultation with the Assistant to the President for Domestic Policy, shall report to the President on the Initiative's progress",0
14125,2024-16740,Emergency Board (Board),investigate and report on the dispute,"There is established, effective 12:01 a.m. eastern daylight time on July 25, 2024, a Board composed of a chair and two other members",0
14126,2024-20712,Investing in Good Jobs Task Force,coordinate policy development that supports efficient project delivery and the creation of high‑quality jobs,There is established within the Executive Office of the President the Investing in Good Jobs Task Force (Task Force).,0
14127,2024-22938,Emerging Firearms Threats Task Force,establish,There is hereby established an interagency Emerging Firearms Threats Task Force (Task Force).,0
14128,2024-27850,Office of the President (Second Emergency Board),investigate and report on the dispute,"There is established, effective 12:01 a.m. eastern standard time on November 22, 2024, a Board composed of a chair and two other members",0
14133,2024-31766,Executive Office of the President,order_closure_of_all_executive_departments_and_agencies,"All executive departments and agencies of the Federal Government shall be closed on January 9, 2025",0
14136,2025-00611,United States Attorney for the District of Arizona,shall act as and perform the functions and duties of the office of Attorney General if the Attorney General and designated officials are unavailable,United States Attorney for the District of Arizona,1
14136,2025-00611,United States Attorney for the District of Hawaii,shall act as and perform the functions and duties of the office of Attorney General if the Attorney General and designated officials are unavailable,United States Attorney for the District of Hawaii,1
14136,2025-00611,United States Attorney for the Northern District of Illinois,shall act as and perform the functions and duties of the office of Attorney General if the Attorney General and designated officials are unavailable,United States Attorney for the Northern District of Illinois,1
14136,2025-00611,United States Attorney for the Southern District of New York,shall act as and perform the functions and duties of the office of Attorney General if the Attorney General and designated officials are unable to serve,United States Attorney for the Southern District of New York,1
14139,2025-00620,Office of the National Cyber Director,Officials listed shall act as and perform the functions and duties of the Director,shall act as and perform the functions and duties of the office of the National Cyber Director,0
14141,2025-01395,Heads of Federal Permitting Agencies,"expedite permitting for AI infrastructure, aiming for all permits issued by end‑2025","The heads of Federal Permitting Agencies shall prioritize work and exercise all applicable authorities, as appropriate, to expedite the processing of permits and approvals required for the construction and operation of AI infrastructure on Federal sites, with the goal of issuing all permits and approvals required for construction by the end of 2025 or as soon as they can be completed consistent with applicable law.",0
14141,2025-01395,Secretary of Defense; Secretary of Energy,identify at least three federal sites for frontier AI data centers and associated clean‑energy facilities,"By February 28, 2025, the Secretary of Defense and the Secretary of Energy shall, if possible, each identify a minimum of 3 sites on Federal land managed by their respective agencies that may be suitable for the agencies to lease to non‑Federal entities for the construction and operation of a frontier AI data center, as well as for the construction and operation of clean energy facilities to serve the data center, by the end of 2027.",0
14141,2025-01395,Secretary of Energy,submit a report on AI data‑center impacts on electricity prices,"Within 180 days of the date of this order, the Secretary of Energy, in consultation with the Chair of the Council of Economic Advisors and the heads of other agencies that the Secretary deems appropriate, shall submit a report to the President on the potential effects of AI data centers on electricity prices for consumers and businesses.",0
14141,2025-01395,Secretary of Energy,establish reporting requirements for transmission providers on surplus interconnection service and related data,"Within 60 days of the date of this order, for the purpose of supporting any winning applicants of the solicitations described in subsection 4(e) of this order, the Secretary of Energy shall establish requirements for transmission providers and transmission organizations to report to the Secretary information regarding surplus interconnection service; available transmission capacity for interconnecting generators; opportunities for clean repowering; and proposed, planned, or initiated projects to build clean power generation capacity for which construction is not complete, but which have executed generation interconnection agreements.",0
14141,2025-01395,Secretary of Energy (in consultation with Defense and Interior),ensure reliable transmission access for frontier AI data centers by end‑2027,"The Secretary of Energy, in consultation with the Secretary of Defense and the Secretary of the Interior, shall take steps to enable AI infrastructure on Federal sites to have reliable access to transmission facilities adequate for the operation of frontier AI data centers by the end of 2027.",0
14141,2025-01395,Secretary of State (in consultation with multiple agencies),develop an international engagement plan for trusted AI infrastructure,"Within 90 days of the date of this order, the Secretary of State, in consultation with the Secretary of Defense, the Secretary of Commerce, the Secretary of Energy, the Administrator of the United States Agency for International Development, the Assistant to the President for National Security Affairs, and the heads of other relevant agencies as the Secretary of State may deem appropriate, shall develop a plan for engaging allies and partners on accelerating the buildout of trusted AI infrastructure around the world.",0
14143,2025-01467,All executive departments and agencies,appoint noncompetitively certified AmeriCorps alumni to competitive service positions,The head of any executive department or agency may appoint noncompetitively any individual who is certified under section 3 of this order to a position in the competitive,1
14143,2025-01467,Office of Personnel Management (OPM),issue additional regulations to implement the order,The Director of OPM is authorized to issue such additional regulations as may be necessary to implement this order.,0
14144,2025-01470,President (by authority vested in the President),issue the order,I am ordering additional actions to improve our Nation's cybersecurity,0
14144,2025-01470,Secretary of Commerce (through the Director of NIST),create a new consortium,establish a consortium with industry at the National Cybersecurity Center of Excellence,0
14145,2025-01758,Implementing agencies,consider signing a memorandum of agreement,"Within 1 year of the date of this order, implementing agencies shall, to the extent consistent with applicable law, consider signing a memorandum of agreement",0
14145,2025-01758,Secretary of Commerce,coordinate Federal investments with implementing agencies,"The Secretary of Commerce ... shall, where appropriate and consistent with applicable law, coordinate Federal investments with implementing agencies",0
14145,2025-01758,Secretary of Commerce,work with implementing agencies,"Within 1 year of the date of this order,",1
14147,2025-01900,All federal departments and agencies,ensure compliance with document‑retention policies and legal obligations; non‑compliance referred to the Attorney General,departments and agencies are directed to comply with applicable document‑retention policies and legal obligations,0
14147,2025-01900,Attorney General,review past civil and criminal enforcement actions and prepare a report to the President,"The Attorney General, in consultation with the heads of all departments and agencies of the United States, shall take appropriate action to review the activities of all departments and agencies exercising civil or criminal enforcement authority of the United States, ... over the last 4 years",0
14147,2025-01900,Director of National Intelligence,review past intelligence‑community actions and prepare a report to the President,"The Director of National Intelligence, in consultation with the heads of the appropriate departments and agencies within the Intelligence Community, shall take all appropriate action to review the activities of the Intelligence Community over the last 4 years and",1
14149,2025-01902,Attorney General,investigate federal activities that censored protected speech and prepare a report for the President,"The Attorney General, in consultation with the heads of executive departments and agencies, shall investigate the activities of the Federal Government",0
14150,2025-01952,Department of State,issue guidance,"the Secretary of State shall issue guidance bringing the Department of State's policies, programs, personnel, and operations in line with an America First foreign policy",0
14151,2025-01953,"Agency, department, or commission heads","terminate, to the maximum extent allowed by law, all DEI, DEIA, and ``environmental justice'' offices and positions","terminate, to the maximum extent allowed by law, all DEI, DEIA, and ``environmental justice'' offices and positions",0
14151,2025-01953,"Agency, department, or commission heads","provide the Director of the OMB with a list of all agency or department DEI, DEIA, or ``environmental justice'' positions",provide the Director of the OMB with a list of all,1
14151,2025-01953,"Agency, department, or commission heads","direct the deputy agency or department head to assess the operational impact and cost of the prior administration's DEI, DEIA, and ``environmental justice'' programs and policies",direct the deputy agency or department head to,1
14151,2025-01953,Assistant to the President for Domestic Policy,"convene a monthly meeting attended by the Director of OMB, the Director of OPM, and each deputy agency or department head to hear reports, discuss barriers, and monitor progress on DEI termination","convene a monthly meeting attended by the Director of OMB, the Director of OPM, and each deputy agency or department head",0
14151,2025-01953,Attorney General,assist the Director of OMB and OPM in coordinating termination of discriminatory programs as requested,with the assistance of the Attorney General as requested,0
14151,2025-01953,Office of Management and Budget (Director),"coordinate the termination of all discriminatory programs, including illegal DEI and ``diversity, equity, inclusion, and accessibility'' (DEIA) mandates","shall coordinate the termination of all discriminatory programs, including illegal DEI and ``diversity, equity, inclusion, and accessibility'' (DEIA) mandates",0
14151,2025-01953,Office of Personnel Management (Director),"review and revise, as appropriate, all existing Federal employment practices, union contracts, and training policies or programs to comply with this order","shall review and revise, as appropriate, all existing Federal employment practices, union contracts, and training policies or programs to comply with this order",0
14152,2025-01954,Director of National Intelligence (DNI),revoke security clearances of listed former intelligence officials and John R. Bolton,"the Director of National Intelligence, in consultation with the Director of the Central Intelligence Agency, shall revoke any current or active clearances held by the following individuals:",0
14152,2025-01954,Director of National Intelligence (DNI),"submit a report on additional inappropriate activity, recommendations, and disciplinary actions","Within 90 days of this order, the Director of National Intelligence, in consultation with the Director of the Central Intelligence Agency, shall submit a report to the President through the National Security Advisor that details:",0
14153,2025-01955,All executive departments and agencies (heads),"Rescind, revoke, amend, or grant exemptions from regulations inconsistent with the order’s policy","(i) rescind, revoke, revise, amend, defer, or grant exemptions from any and all regulations, orders, guidance documents, policies, and any other similar agency actions that are inconsistent with the policy set forth in section 2 of this order",0
14153,2025-01955,Secretary of the Interior,Withdraw Secretarial Order 3401,"(i) withdraw Secretarial Order 3401 dated June 1, 2021",0
14153,2025-01955,Secretary of the Interior,Reinstate Public Land Order No. 7899 (and similar orders 7900‑7903),"reinstate the following Public Land Orders in their original form: a. Public Land Order No. 7899, signed by the Secretary of the Interior on January 11, 2021",0
14153,2025-01955,Secretary of the Interior,Impose a temporary moratorium on activities under the Dec 8 2024 record of decision,"place a temporary moratorium on all activities and privileges granted to any party pursuant to the record of decision signed on December 8, 2024, entitled “Coastal Plain Oil and Gas Leasing Program Record of Decision,”",0
14153,2025-01955,Secretary of the Interior,Rescind the BLM final rule on management and protection of the National Petroleum Reserve in Alaska,"rescind the Bureau of Land Management final rule entitled “Management and Protection of the National Petroleum Reserve in Alaska,” 89 Fed. Reg. 38712 (May 7, 2024)",0
14154,2025-01956,Council on Environmental Quality (CEQ),convene a working group,the Chairman of CEQ shall convene a working group to coordinate the revision of agency-level implementing regulations,0
14155,2025-01957,Assistant to the President for National Security Affairs,establish directorates and coordinating mechanisms,The Assistant to the President for National Security Affairs shall establish directorates and coordinating mechanisms within the National Security Council apparatus as he deems necessary and appropriate to safeguard public health and fortify biosecurity.,0
14155,2025-01957,Director of the White House Office of Pandemic Preparedness and Response Policy,"review, rescind, and replace the 2024 U.S. Global Health Security Strategy","The Director of the White House Office of Pandemic Preparedness and Response Policy shall review, rescind, and replace the 2024 U.S. Global Health Security Strategy as soon as practicable.",0
14155,2025-01957,Secretary of State,immediately inform the UN Secretary‑General and WHO leadership,"The Secretary of State shall immediately inform the Secretary‑General of the United Nations, any other applicable depositary, and the leadership of the WHO of the withdrawal.",0
14155,2025-01957,Secretary of State; Director of the Office of Management and Budget,"pause transfers, recall personnel, identify partners","The Secretary of State and the Director of the Office of Management and Budget shall take appropriate measures, with all practicable speed, to:",0
14156,2025-02003,All executive department and agency heads,Identify and exercise any lawful emergency authorities to facilitate domestic energy resource activities,The heads of executive departments and agencies ... shall identify and exercise any lawful emergency authorities ... to facilitate ... generation of domestic energy resources,0
14156,2025-02003,Department of the Interior (Secretary),Provide an initial ESA eligibility determination within 20 days of receipt,the Secretary of the Interior shall ... ensure an initial determination within 20 days of receipt,0
14156,2025-02003,Environmental Protection Agency (Administrator),Consider issuing emergency waivers for year‑round E15 gasoline sales,"the Administrator of the Environmental Protection Agency, ... shall consider issuing emergency fuel waivers to allow the year‑round sale of E15 gasoline",0
14157,2025-02004,Attorney General and Secretary of Homeland Security,"shall take all appropriate action, in consultation with the Secretary of State, to make operational preparations regarding the implementation of any decision to invoke the Alien Enemies Act and to prepare facilities to expedite the removal of those who may be designated under this order","the Attorney General and the Secretary of Homeland Security shall take all appropriate action, in consultation with the Secretary of State, to make operational preparations regarding the implementation of any decision I make to invoke the Alien Enemies Act",0
14157,2025-02004,Secretary of State,"shall take all appropriate action, in consultation with the Secretary of the Treasury, the Attorney General, the Secretary of Homeland Security, and the Director of National Intelligence, to make a recommendation regarding the designation of any cartel or other organization described in section 1 of this order as a Foreign Terrorist Organization and/or a Specially Designated Global Terrorist","the Secretary of State shall take all appropriate action, in consultation with the Secretary of the Treasury, the Attorney General, the Secretary of Homeland Security, and the Director of National Intelligence, to make a recommendation regarding the designation of any cartel or other organization described in section 1 of this order as a Foreign Terrorist Organization",0
14158,2025-02005,DOGE Teams within each Agency,requires agencies to form teams within a set timeframe,each Agency Head shall ... establish ... a DOGE Team ... hired or assigned within thirty days of the date of this Order,0
14158,2025-02005,Department of Government Efficiency,establishes a new department within the federal government,This Executive Order establishes the Department of Government Efficiency to implement the President's DOGE Agenda,0
14158,2025-02005,Prior executive orders and regulations,revokes or amends earlier orders and regulations,"This Executive Order displaces all prior executive orders and regulations, insofar as they are subject to direct presidential amendment",0
14158,2025-02005,Software Modernization Initiative (USDS Administrator),directs the start of a modernization program,The USDS Administrator shall commence a Software Modernization Initiative to improve the quality and efficiency of government-wide software,0
14158,2025-02005,U.S. DOGE Service Temporary Organization,creates a temporary organization that will end on a specific date,"The U.S. DOGE Service Temporary Organization shall terminate on July 4, 2026",0
14158,2025-02005,United States DOGE Service (USDS),renames an existing agency,The United States Digital Service is hereby publicly renamed as the United States DOGE Service (USDS),0
14159,2025-02006,Attorney General and the Secretary of Homeland Security,establish Homeland Security Task Forces (HSTFs) in every state,shall take all appropriate action to jointly establish Homeland Security Task Forces (HSTFs) in all States nationwide.,0
14159,2025-02006,Secretary of Homeland Security,reestablish the VOICE Office within ICE,"shall direct the Director of U.S. Immigration and Customs Enforcement (ICE) to take all appropriate and lawful action to reestablish within ICE an office to provide proactive, timely, adequate, and professional services to victims of crimes committed by removable aliens",0
14160,2025-02007,Attorney General,ensure departmental regulations and policies are consistent with the order,"The Secretary of State, the Attorney General, the Secretary of Homeland Security, and the Commissioner of Social Security shall take all appropriate measures to ensure that the regulations and policies of their respective departments and agencies are consistent with this order",0
14160,2025-02007,Commissioner of Social Security,ensure departmental regulations and policies are consistent with the order,"The Secretary of State, the Attorney General, the Secretary of Homeland Security, and the Commissioner of Social Security shall take all appropriate measures to ensure that the regulations and policies of their respective departments and agencies are consistent with this order",0
14160,2025-02007,Secretary of Homeland Security,ensure departmental regulations and policies are consistent with the order,"The Secretary of State, the Attorney General, the Secretary of Homeland Security, and the Commissioner of Social Security shall take all appropriate measures to ensure that the regulations and policies of their respective departments and agencies are consistent with this order",0
14160,2025-02007,Secretary of State,ensure departmental regulations and policies are consistent with the order,"The Secretary of State, the Attorney General, the Secretary of Homeland Security, and the Commissioner of Social Security shall take all appropriate measures to ensure that the regulations and policies of their respective departments and agencies are consistent with this order",0
14161,2025-02009,Secretary of Homeland Security,"exclude or remove aliens when information supports removal, subject to investigative exceptions",the Secretary of Homeland Security shall take immediate steps to exclude or remove that alien unless she determines that doing so would inhibit a significant pending investigation or prosecution,0
14161,2025-02009,"Secretary of State (in coordination with the Attorney General, the Secretary of Homeland Security, and the Director of National Intelligence)",identify resources for maximum‑degree vetting and screening of all aliens,"identify all resources that may be used to ensure that all aliens seeking admission to the United States, or who are already in the United States, are vetted and screened to the maximum degree possible",0
14161,2025-02009,"Secretary of State (in coordination with the Attorney General, the Secretary of Homeland Security, and the Director of National Intelligence)",re‑establish a uniform baseline for screening and vetting,"re‑establish a uniform baseline for screening and vetting standards and procedures, consistent with the uniform baseline that existed on January 19, 2021",0
14161,2025-02009,"Secretary of State (in coordination with the Attorney General, the Secretary of Homeland Security, and the Director of National Intelligence)",evaluate and adjust immigration‑related regulations and policies,"As soon as possible, but no later than 30 days from the date of this order, the Secretary of State, in coordination with the Attorney General, the Secretary of Homeland Security, and the Director of National Intelligence, shall also: (a) Evaluate and adjust all existing regulations, policies, procedures, and provisions of the Foreign Service Manual",0
14161,2025-02009,"Secretary of State, Attorney General, Secretary of Homeland Security, Director of National Intelligence",submit a joint report to the President,"Within 60 days of the date of this order, the Secretary of State, the Attorney General, the Secretary of Homeland Security, and the Director of National Intelligence shall jointly submit to the President",0
14162,2025-02010,Director of the Office of Management and Budget,issue guidance for rescinding frozen funds – deadline: 10 days after order,"within 10 days of this order, issue guidance for the rescission of all frozen funds",0
14162,2025-02010,Executive Branch (President),revoke the International Climate Finance Plan – immediate effect,The U.S. International Climate Finance Plan is revoked and rescinded immediately.,0
14162,2025-02010,"Secretary of State, Secretary of the Treasury, Secretary of Commerce, Secretary of Health and Human Services, Secretary of Energy, Secretary of Agriculture, Administrator of the EPA, Administrator of USAID, CEO of IDFC, CEO of MCC, Director of the U.S. Trade and Development Agency, President of the Export‑Import Bank, and heads of any other relevant department or agency",submit a report on revoking/rescinding International Climate Finance Plan policies – deadline: 30 days after order,"Within 30 days of this order, ... shall submit a report ... that details their actions to revoke or rescind policies that were implemented to advance the International Climate Finance Plan",0
14162,2025-02010,U.S. Ambassador to the United Nations,withdraw from the Paris Agreement (revocation of participation) – immediate effect,The United States Ambassador to the United Nations shall immediately submit formal written notification of the United States' withdrawal from the Paris Agreement,0
14162,2025-02010,"U.S. Ambassador to the United Nations, in collaboration with the Secretary of State and Secretary of the Treasury",revoke all United Nations Framework Convention on Climate Change financial commitments – immediate effect,shall immediately cease or revoke any purported financial commitment made by the United States under the United Nations Framework Convention on Climate Change,0
14163,2025-02011,Department of Homeland Security,suspend decisions on refugee status applications,"The Secretary of Homeland Security shall suspend decisions on applications for refugee status, until a finding is made in accordance with section 4 of this order.",0
14163,2025-02011,Department of Homeland Security,examine law on state/local involvement and devise a proposal,"The Secretary of Homeland Security, in consultation with the Attorney General, shall examine existing law to determine the extent to which, consistent with applicable law, State and local jurisdictions may have greater involvement ... and shall devise a proposal to lawfully promote such involvement.",0
14163,2025-02011,Department of Homeland Security,submit initial report on refugee‑program resumption,"Within 90 days of this order, the Secretary of Homeland Security, in consultation with the Secretary of State, shall submit a report to the President through the Homeland Security Advisor regarding whether resumption of entry of refugees ...",0
14163,2025-02011,Department of Homeland Security,submit periodic 90‑day reports on refugee‑program resumption,shall submit further reports every 90 days thereafter until I determine that resumption of the USRAP is in the interests of the United States.,0
14163,2025-02011,Department of State; Department of Homeland Security,jointly determine case‑by‑case refugee admissions,"the Secretary of State and the Secretary of Homeland Security may jointly determine to admit aliens to the United States as refugees on a case‑by‑case basis, in their discretion, but only so long as they determine that the entry of such aliens as refugees is in the national interest",0
14164,2025-02012,Attorney General,pursue the death penalty for all crimes of a severity demanding its use,The Attorney General shall pursue the death penalty for all crimes of a severity demanding its use.,0
14164,2025-02012,Attorney General,ensure each state that allows capital punishment has a sufficient supply of drugs for lethal injection,The Attorney General shall take all necessary and lawful action to ensure that each state that allows capital punishment has a sufficient supply of,1
14164,2025-02012,Attorney General,seek the overruling of Supreme Court precedents that limit capital‑punishment authority,The Attorney General shall take all appropriate action to seek the overruling of Supreme Court precedents that limit the authority of State and Federal governments to impose capital punishment.,0
14164,2025-02012,Attorney General,evaluate imprisonment locations and conditions for the 37 former federal death‑row inmates,The Attorney General shall evaluate the places of imprisonment and conditions of confinement for each of the 37 murderers whose Federal death sentences were commuted by President,1
14164,2025-02012,Attorney General,encourage state prosecutors to bring state capital‑crime charges,The Attorney General shall encourage State attorneys general and district attorneys to bring State capital charges for all capital,1
14165,2025-02015,Department of Defense; Department of Homeland Security,construct physical barriers,The Secretary of Defense and the Secretary of Homeland Security shall take all appropriate action to deploy and construct temporary and permanent physical barriers,0
14165,2025-02015,Department of Defense; Department of Homeland Security,deploy personnel,The Secretary of Defense and the Secretary of Homeland Security shall take all appropriate and lawful action to deploy sufficient personnel along the southern border of the United States,0
14165,2025-02015,Department of Homeland Security,detain illegal aliens,"The Secretary of Homeland Security shall take all appropriate actions to detain, to the fullest extent permitted by law, aliens apprehended for violations of immigration law",0
14165,2025-02015,Department of Homeland Security,stop use of CBP One for parole,Cease using the ``CBP One'' application as a method of paroling or facilitating the entry of otherwise inadmissible aliens into the United States,0
14165,2025-02015,Department of Homeland Security; Department of State; Department of Justice,resume Migrant Protection Protocols,"the Secretary of Homeland Security, in coordination with the Secretary of State and the Attorney General, shall take all appropriate action to resume the Migrant Protection Protocols",0
14165,2025-02015,Department of Justice; Department of Homeland Security,implement DNA fingerprint requirements,The Attorney General and the Secretary of Homeland Security shall take all appropriate action to fulfill the requirements of the DNA Fingerprint Act of 2005,0
14165,2025-02015,Department of Justice; Department of Homeland Security,prioritize border‑related prosecutions,The Attorney General and the Secretary of Homeland Security shall take all appropriate action to prioritize the prosecution of offenses that relate to the borders of the United States,0
14165,2025-02015,Department of State; Department of Justice; Department of Homeland Security,pursue international cooperation,"The Secretary of State, in coordination with the Attorney General and the Secretary of Homeland Security, shall take all appropriate action to facilitate additional international cooperation and agreements",0
14166,2025-02087,Attorney General,refrain from enforcing the Act for a specified period,the Attorney General not to take any action on behalf of the United States to enforce the Act for 75 days from the date of this order,0
14166,2025-02087,Attorney General,issue written guidance implementing subsection (a),The Attorney General shall take all appropriate action to issue written guidance to implement the provisions of subsection (a).,0
14166,2025-02087,Attorney General,issue letters confirming no violation or liability,the Attorney General to issue a letter to each provider stating that there has been no violation of the statute and that there is no liability,0
14166,2025-02087,Attorney General,preserve exclusive executive authority over enforcement,the Attorney General shall exercise all available authority to preserve and defend the Executive's exclusive authority to enforce the Act.,0
14167,2025-02089,Secretary of Defense,revise Unified Command Plan to assign USNORTHCOM the mission to seal the borders and maintain sovereignty,"No later than 10 days from the effective date of this order, deliver to the President a revision to the Unified Command Plan",0
14167,2025-02089,Secretary of Defense,receive a commander's estimate for Level 3 planning requirement,with a commander's estimate due to the Secretary of Defense within 30 days of the effective date of this order,0
14168,2025-02090,Department of Housing and Urban Development,rescinds the 2016 final rule “Equal Access in Accordance with an Individual's Gender Identity in Community Planning and Development Programs”,"the Secretary of Housing and Urban Development shall prepare and submit for notice and comment rulemaking a policy to rescind the final rule entitled “Equal Access in Accordance with an Individual's Gender Identity in Community Planning and Development Programs” of September 21, 2016, 81 FR 64763",0
14168,2025-02090,White House,rescinds EO 14020 and dissolves the White House Gender Policy Council,"These Executive Orders are hereby rescinded, and the White House Gender Policy Council established by Executive Order 14020 is dissolved.",0
14169,2025-02091,All agencies,note that the order creates no enforceable rights,"This order is not intended to, and does not, create any right or benefit, substantive or procedural, enforceable at law or in equity by any",1
14169,2025-02091,All department and agency heads with responsibility for United States foreign development assistance programs,pause new obligations and disbursements of development assistance funds,90‑day pause in United States foreign development assistance for assessment of programmatic efficiencies and consistency with United States foreign policy.,0
14169,2025-02091,Office of Management and Budget (OMB),enforce the 90‑day pause,The Office of Management and Budget (OMB) shall enforce this pause through its apportionment authority.,0
14169,2025-02091,Responsible department and agency heads,order reviews of each foreign assistance program,Reviews of each foreign assistance program shall be ordered by the responsible department and agency heads under guidelines provided by the Secretary of,1
14169,2025-02091,Responsible department and agency heads (in consultation with the Director of OMB),determine the future of each program within 90 days,"will make determinations within 90 days of this order on whether to continue, modify, or cease each foreign assistance",1
14169,2025-02091,Secretary of State (or designee),waive the 90‑day pause for specific programs,The Secretary of State may waive the pause in Section 3(a) for specific programs.,0
14170,2025-02094,Assistant to the President for Domestic Policy,develop and send to agency heads a Federal Hiring Plan,"Assistant to the President for Domestic Policy, in consultation with the Director of the Office of Management and Budget, the Director of the Office of Personnel Management, and the Administrator of the Department of Government Efficiency (DOGE)",0
14171,2025-02095,All executive departments and agencies,revocation,"Executive Order 14003 of January 22, 2021 (Protecting the Federal Workforce), is hereby revoked",0
14171,2025-02095,Office of Personnel Management,reinstatement,"Executive Order 13957 of October 21, 2020 (Creating Schedule F in the Excepted Service), is hereby immediately reinstated with full force and effect",0
14171,2025-02095,Office of Personnel Management,amendment,"replace the letter ``F'' throughout, when used to designate an excepted service schedule, with the words ``Policy/Career''",0
14171,2025-02095,Office of Personnel Management,regulatory amendment,"The Director of the Office of Personnel Management (Director) shall promptly amend the Civil Service Regulations to rescind all changes made by the final rule of April 9, 2024",0
14171,2025-02095,Office of Personnel Management,issue guidance,"Within 30 days of the date of this order, the Director shall, after consultation with the Executive Office of the President, issue guidance about additional categories of positions",0
14172,2025-02096,All executive agencies with authority to appoint members to the U.S. Board on Geographic Names,review and consider replacing Board on Geographic Names appointees,shall review their respective appointees and consider replacing those appointees,0
14173,2025-02097,Attorney General,submit report,"within 120 days of this order, the Attorney",1
14173,2025-02097,Attorney General and Secretary of Education,issue guidance,"Within 120 days of this order, the Attorney General and the Secretary of Education shall jointly issue guidance to all State and local educational agencies that receive Federal funds",0
14173,2025-02097,Federal contractors,temporary compliance allowance,"For 90 days from the date of this order, Federal contractors may continue to comply with the regulatory scheme in effect on January 20, 2025.",0
14173,2025-02097,President (executive action),revoked,"The Presidential Memorandum of October 5, 2016 (Promoting Diversity and Inclusion in the National Security Workforce).",0
14174,2025-02098,Executive Office of the President,revocation,The following Executive Orders are hereby revoked:,0
14175,2025-02103,Department of State,submit a report to the President concerning the designation of Ansar Allah as a foreign terrorist organization,"the Secretary of State shall, after consultation with the Director of National Intelligence and the Secretary of the Treasury, submit a report to the President",0
14175,2025-02103,Department of State,take all appropriate action to designate Ansar Allah as a terrorist organization,"the Secretary of State shall take all appropriate action, consistent with 8 U.S.C. 1189, with regard to a designation of Ansar Allah as a terrorist organization",0
14175,2025-02103,USAID,"terminate identified projects, grants, or contracts","the Administrator of USAID shall take all appropriate action to terminate the projects, grants, or contracts identified under subsection (c) of this section as appropriate",0
14176,2025-02116,Director of National Intelligence and the Attorney General (in coordination with the Assistant to the President for National Security Affairs and the Counsel to the President),present a plan for the full and complete release of records relating to the assassination of President John F. Kennedy,"Within 15 days of the date of this order, the Director of National Intelligence and the Attorney General shall, in coordination with the Assistant to the President for National Security Affairs and the Counsel to the President, present a plan to the President for the full and complete release of records relating to the assassination of President John F. Kennedy.",0
14176,2025-02116,Director of National Intelligence and the Attorney General (in coordination with the Assistant to the President for National Security Affairs and the Counsel to the President),"review records related to the assassinations of Senator Robert F. Kennedy and Dr. Martin Luther King, Jr., and present a plan for their full and complete release","Within 45 days of the date of this order, the Director of National Intelligence and the Attorney General shall, in coordination with the Assistant to the President for National Security Affairs and the Counsel to the President, review records related to the assassinations of Senator Robert F. Kennedy and the Reverend Dr. Martin Luther King, Jr., and present a plan to the President for the full and complete release of these records.",0
14178,2025-02123,All agencies,"prohibited from establishing, issuing, or promoting Central Bank Digital Currencies","Except to the extent required by law, agencies are hereby prohibited from undertaking any action to establish, issue, or promote CBDCs within the jurisdiction of the United States or abroad.",0
14178,2025-02123,All agencies,terminate any ongoing CBDC creation plans or initiatives,"any ongoing plans or initiatives at any agency related to the creation of a CBDC within the jurisdiction of the United States shall be immediately terminated, and no further actions may be taken to develop or implement such plans or initiatives.",0
14178,2025-02123,"Department of the Treasury, Department of Justice, Securities and Exchange Commission, and other relevant agencies","identify all regulations, guidance documents, orders, or other items affecting the digital asset sector","Within 30 days of the date of this order, the Department of the Treasury, the Department of Justice, the Securities and Exchange Commission, and other relevant agencies, the heads of which are included in the Working Group, shall identify all regulations, guidance documents, orders, or other items that affect the digital asset sector.",0
14178,2025-02123,Each agency,"submit recommendations on whether identified items should be rescinded, modified, or adopted","Within 60 days of the date of this order, each agency shall submit to the Chair recommendations with respect to whether each identified regulation, guidance document, order",1
14178,2025-02123,President's Working Group on Digital Asset Markets,submit a report recommending regulatory and legislative proposals,"Within 180 days of the date of this order, the Working Group shall submit a report to the President, through the APEP, which shall recommend regulatory and legislative proposals that advance the policies established in this order.",0
14178,2025-02123,Secretary of the Treasury,revoke the Department of the Treasury's Framework for International Engagement on Digital Assets,"The Secretary of the Treasury is directed to immediately revoke the Department of the Treasury's ``Framework for International Engagement on Digital Assets,'' issued on July 7, 2022.",0
14178,2025-02123,Secretary of the Treasury,ensure compliance with the order's policies,The Secretary of the Treasury shall take all appropriate measures to ensure compliance with the policies set forth in this order.,0
14179,2025-02172,"APST, Special Advisor for AI and Crypto, APNSA (and agency heads)",review all actions taken under EO 14110,"shall immediately review, in coordination with the heads of all agencies as they deem relevant, all policies, directives, regulations, orders, and other actions taken pursuant to the revoked Executive Order 14110 of October 30, 2023",0
14179,2025-02172,"APST, Special Advisor for AI and Crypto, APNSA (and coordinated agencies)",develop and submit an AI Action Plan,"the Assistant to the President for Science and Technology (APST), the Special Advisor for AI and Crypto, and the Assistant to the President for National Security Affairs (APNSA), in coordination with the Assistant to the President for Economic Policy, the Assistant to the President for Domestic Policy, the Director of the Office of Management and Budget (OMB Director), and the heads of such executive departments and agencies (agencies) as the APST and APNSA deem relevant, shall develop and submit to the President an action plan",0
14179,2025-02172,Office of Management and Budget (OMB) Director,revise OMB Memoranda M‑24‑10 and M‑24‑18,"Within 60 days of this order, the OMB Director, in coordination with the APST, shall revise OMB Memoranda M-24-10 and M-24-18 as necessary to make them consistent with the policy set forth in section 2 of this order",0
14181,2025-02174,Director of OMB (in consultation with the Assistant to the President for Domestic Policy and Assistant to the President for Economic Policy),recommend actions to address California’s non‑compliance with federal grant terms,"shall recommend appropriate action to the President, regarding",1
14181,2025-02174,Director of the Office of Management and Budget (OMB),review federal programs affecting water resources and disaster preparedness,"shall review all Federal programs, projects, and activities for all relevant agencies that impact land management, water availability, water supply, water storage and delivery",0
14181,2025-02174,"Secretary of Defense, Attorney General, Secretary of Homeland Security, Secretary of Commerce, Secretary of the Interior, Secretary of Agriculture",take all measures to ensure adequate water resources in Southern California and report to the President within 15 days on all authorities available,"shall expeditiously take all measures, consistent with all applicable authorities, to ensure adequate water resources in Southern California. Each shall report to me within 15 days",0
14181,2025-02174,"Secretary of Defense, Secretary of Homeland Security, Administrator of FEMA, Administrator of the Environmental Protection Agency",develop and execute a debris‑removal plan for Los Angeles wildfire areas,Within 5 days from the date of this order... shall develop and execute a plan to expedite the bulk removal of contaminated and general debris,0
14181,2025-02174,Secretary of Homeland Security (through the Administrator of FEMA),implement a plan to use federal preparedness grants for Los Angeles,shall immediately implement a plan to enable the timely and appropriate use of Federal preparedness grants for the City of Los Angeles,0
14181,2025-02174,"Secretary of Housing and Urban Development, Secretary of Homeland Security (through the Administrator of FEMA)",provide a housing strategy and implementation plan for wildfire‑displaced families in Los Angeles,shall expeditiously provide an Integrated Federal Housing Strategy and Implementation Plan to the Director of OMB and the Assistant to the President for National Security Affairs,0
14181,2025-02174,"Secretary of Housing and Urban Development, Secretary of Homeland Security (through the Administrator of FEMA)",provide a housing strategy and implementation plan for Hurricane Helene‑displaced families in North Carolina,shall immediately provide an Integrated Federal Housing Strategy and Implementation Plan to the Director of the Office of Management and Budget and the Assistant to the President for National Security Affairs,0
14181,2025-02174,"Secretary of Transportation, Secretary of Homeland Security, Administrator of FEMA, Administrator of the Small Business Administration",expedite roadway clearance and rebuilding in North Carolina,"shall immediately take all necessary and appropriate measures, including through direct assistance, loans, and other available means, to expedite roadway clearance or rebuilding, including the section of Interstate 40 in North Carolina",0
14181,2025-02174,Secretary of the Interior,"review, revise, or rescind regulations related to ESA exemptions","shall promptly review, revise, or rescind any regulations or procedures specific to implementation of section 1536 of title 16 United States Code",0
14181,2025-02174,Secretary of the Interior (through the Bureau of Reclamation),operate the Central Valley Project to deliver more water and generate additional hydropower,"shall utilize his discretion to operate the CVP to deliver more water and produce additional hydropower, including by increasing storage and conveyance",0
14181,2025-02174,Secretary of the Interior (through the Bureau of Reclamation),expedite actions on ESA exemptions for the long‑term operation of the CVP and State Water Project,shall expedite action related to any exemption under the Endangered Species Act of 1973 (ESA),0
14181,2025-02174,"Secretary of the Interior, Secretary of Agriculture, Secretary of Commerce",report to the President on California policies inconsistent with disaster prevention,Within 30 days of the date of this order... shall jointly report to the President... regarding California State and local policies or practices inconsistent with sound disaster prevention and response,0
14181,2025-02174,"Secretary of the Interior, Secretary of Commerce",override existing activities that unduly burden water‑delivery efforts,shall immediately take actions to override existing activities that unduly burden efforts to maximize water deliveries,0
14181,2025-02174,"Secretary of the Interior, Secretary of Commerce",identify major water‑supply and storage projects in California,shall identify all ongoing or potential major water‑supply and storage projects within the State of California,0
14181,2025-02174,"Secretary of the Interior, Secretary of Commerce (designated federal officials)","identify regulatory hurdles and develop a plan to suspend, revise, or rescind burdensome regulations","Within 30 days from the date of this order, each designated official shall identify any regulatory hurdles that unduly burden each respective water project",0
14182,2025-02175,Office of Management and Budget,issue guidance to heads of executive departments and agencies,The Director of the Office of Management and Budget shall promulgate guidance,0
14183,2025-02178,Department of Defense,update medical‑standards instructions,the Secretary of Defense (Secretary) shall update DoDI 6130.03 Volume 1,1
14183,2025-02178,Department of Defense,issue directives ending pronoun usage,The Secretary shall promptly issue directives for DoD to end invented and identification‑based pronoun usage,0
14183,2025-02178,Department of Defense,submit implementation report,"Within 30 days of the date of this order, the Secretary shall … submit to the President … a report that summarizes these steps",0
14183,2025-02178,Department of Homeland Security (Coast Guard),issue parallel updates for the Coast Guard,"Within 30 days of the issuance of the respective updates, directives, and guidance … the Secretary of Homeland Security shall … issue updates, directives, and guidance consistent with the updates",0
14184,2025-02180,Secretary of Defense and Secretary of Homeland Security,report progress to the President,"Within 60 days of the date of this order, the Secretary of Defense and the Secretary of Homeland Security shall report to the President through the Assistant to the President for National Security Affairs on their progress in implementing this order",0
14185,2025-02181,Department of Defense,abolish DEI offices,"The Secretary of Defense and the Secretary of Homeland Security shall abolish every DEI office within the Department of Defense and the Department of Homeland Security with regard to the USCG, respectively",0
14185,2025-02181,Department of Homeland Security,abolish DEI offices,"The Secretary of Defense and the Secretary of Homeland Security shall abolish every DEI office within the Department of Defense and the Department of Homeland Security with regard to the USCG, respectively",0
14186,2025-02182,Department of Defense,"Submit a reference architecture, capabilities‑based requirements, and an implementation plan for the next‑generation missile defense shield",the Secretary of Defense shall:,0
14186,2025-02182,Department of Defense,Review relevant authorities and organization to develop and deploy capabilities,Review relevant authorities and organization of the Department of Defense,0
14186,2025-02182,Department of Defense,Submit a funding plan for the directive,"Jointly with the Director of the Office of Management and Budget, submit to the President a plan to fund this directive",0
14186,2025-02182,Department of Defense,Provide an updated strategic missile threat assessment and a prioritized set of defense locations,"In cooperation with United States Strategic Command and United States Northern Command, submit to the President:",0
14187,2025-02194,All executive departments and agencies,Rescind or amend policies that rely on WPATH guidance,agencies shall rescind or amend all policies that rely on WPATH guidance,0
14187,2025-02194,All federal agencies,"Prohibit funding, sponsorship, promotion, assistance, or support of child gender transition","it will not fund, sponsor, promote, assist, or support the so-called ``transition'' of a child from one sex to another",0
14187,2025-02194,Attorney General,Review DOJ enforcement of §116 and prioritize actions against female genital mutilation,The Attorney General shall: (a) review Department of Justice enforcement of section 116 of title 18 ... and prioritize enforcement of protections against female genital mutilation,0
14187,2025-02194,Department of Health and Human Services,Publish a literature review on best practices for children with gender‑dysphoria,"within 90 days of the date of this order, the Secretary of Health and Human Services (HHS) shall publish a review of the existing literature",0
14187,2025-02194,Director of the Office of Personnel Management,Add exclusions for pediatric transgender surgeries/hormone treatments to FEHB and PSHB 2026 plan,include provisions ... specifying that eligible carriers ... will exclude coverage for pediatric transgender surgeries or hormone treatments,0
14187,2025-02194,Heads of agencies with responsibilities under this order,Submit a combined progress report within 60 days,"Within 60 days of the date of this order, the heads of agencies ... shall submit a single, combined report to the Assistant to the President for Domestic Policy",0
14187,2025-02194,Heads of executive departments and agencies that award research or education grants,Ensure grant‑receiving institutions stop chemical and surgical mutilation of children,"shall, consistent with applicable law and in coordination with the Director of the Office of Management and Budget, immediately take appropriate steps to ensure that institutions receiving Federal research or education grants end the chemical and surgical mutilation of children.",0
14187,2025-02194,Secretary of Defense,Exclude chemical and surgical mutilation of children from TRICARE coverage,the Secretary of Defense shall commence a rulemaking or sub-regulatory action to exclude chemical and surgical mutilation of children from TRICARE coverage,0
14187,2025-02194,Secretary of Health and Human Services,Take regulatory and sub‑regulatory actions to end chemical and surgical mutilation of children,"The Secretary of HHS shall, consistent with applicable law, take all appropriate actions to end the chemical and surgical mutilation of children",0
14187,2025-02194,Secretary of Health and Human Services,Withdraw 2022 gender‑affirming‑care guidance and issue new whistleblower‑protection guidance,"shall promptly withdraw HHS's March 2, 2022, guidance document ... and, in consultation with the Attorney General, issue new guidance protecting whistleblowers",0
14188,2025-02230,All executive departments and agencies,submit a report to the President,the head of each executive department or agency,1
14189,2025-02231,White House,establish_task_force,There is hereby established the White House Task Force on Celebrating America's 250th Birthday (Task Force 250).,0
14190,2025-02232,President's Advisory 1776 Commission,reestablished,"The President's Advisory 1776 Commission (``1776 Commission''), which was created by Executive Order 13958 of November 2, 2020, to promote patriotic education, but was terminated by President Biden in Executive Order 13985 of January 20, 2021, is hereby reestablished.",0
14191,2025-02233,Secretary of Defense,review mechanisms for military families to use DoD funds for school choice and submit an implementation plan,"Within 90 days of the date of this order, the Secretary of Defense shall review any available mechanisms under which military‑connected families may use funds from the Department of Defense to attend schools of their choice, including private, faith‑based, or public charter schools, and submit a plan to the President describing such mechanisms and the steps that would be necessary to implement them beginning in the 2025‑26 school year.",0
14191,2025-02233,Secretary of Education,issue guidance on using Federal formula funds for K‑12 educational choice initiatives,"Within 60 days of the date of this order, the Secretary of Education shall issue guidance regarding how States can use Federal formula funds to support K-12 educational choice initiatives.",0
14191,2025-02233,Secretary of Education,make education freedom a priority in discretionary grant programs,"The Secretary of Education shall include education freedom as a priority in discretionary grant programs, as appropriate and consistent with applicable law.",0
14191,2025-02233,Secretary of Health and Human Services,"issue guidance on using block grants to expand educational choice for low‑income, working families","Within 90 days of the date of this order, the Secretary of Health and Human Services shall issue guidance regarding whether and how States receiving block grants for families and children from the Department, including the Child Care and Development Block Grant (CCDGB), can use them to expand educational choice and support families who choose educational alternatives to governmental entities, including private and faith‑based options.",0
14191,2025-02233,Secretary of Labor and Secretary of Education,review discretionary grant programs and submit a plan with recommendations to expand education freedom,"Within 90 days of the date of this order, the Secretary of Labor and the Secretary of Education shall review their respective discretionary grant programs and each submit a plan to the President, through the Assistant to the President for Domestic Policy, that identifies, evaluates, and makes recommendations regarding using relevant discretionary grant programs to expand education freedom for America's families and teachers.",0
14191,2025-02233,Secretary of the Interior,"review mechanisms for BIE‑eligible students to use Federal funding for school choice, submit a plan, and report on BIE school performance","Within 90 days of the date of this order, the Secretary of the Interior shall review any available mechanisms under which families of students eligible to attend BIE schools may use their Federal funding for educational options of their choice, including private, faith‑based, or public charter schools, and submit a plan to the President describing such mechanisms and the steps that would be necessary to implement them for the 2025‑26 school year. The Secretary shall report on the current performance of BIE schools and identify educational options in nearby areas.",0
14192,2025-02345,Department of the Treasury and Office of Management and Budget,reinstate,shall reinstate the Memorandum of Agreement between the Department of,1
14192,2025-02345,Office of Management and Budget,revoke,"The Director shall revoke OMB Circular No. A-4 of November 9, 2023 (Regulatory Analysis), and all accompanying appendices, guidelines, and documents",0
14192,2025-02345,Office of Management and Budget,reinstate,"shall reinstate the prior version of Circular A-4, issued on September 17, 2003",0
14193,2025-02406,Department of Homeland Security,modify the Harmonized Tariff Schedule to implement the duties,the Secretary of Homeland Security shall determine the modifications necessary to the Harmonized Tariff,1
14193,2025-02406,Department of Homeland Security,provide recurring and final reports to Congress,is hereby authorized to submit recurring and final reports to the Congress on the national emergency under IEEPA declared in this order,0
14195,2025-02408,Department of Homeland Security,determine and implement HTSUS modifications,The Secretary of Homeland Security shall determine the modifications necessary to the Harmonized Tariff Schedule of the United States (HTSUS) in order to effectuate the objectives of this order,0
14195,2025-02408,President of the United States,"terminate, suspend, or modify inconsistent prior trade directives","Any prior Presidential Proclamation, Executive Order, or other presidential directive or guidance related to trade with the PRC that is inconsistent with the direction in this order is hereby terminated, suspended, or modified",0
14195,2025-02408,President of the United States,amend Proclamation 10886 to broaden the national‑emergency scope,"I hereby expand the scope of the national emergency declared in that proclamation to cover the failure of the PRC government to arrest, seize, detain, or otherwise intercept chemical precursor suppliers, money launderers, other TCOs, criminals at large, and drugs.",0
14195,2025-02408,U.S. Customs and Border Protection (Department of Homeland Security),impose a 10 % ad‑valorem duty on PRC‑origin articles,"All articles that are products of the PRC, as defined by the Federal Register notice described in section 2(d) of this order (the Federal Register notice), shall be, consistent with law, subject to an additional 10 percent ad valorem rate of duty.",0
14195,2025-02408,U.S. Customs and Border Protection (Department of Homeland Security),effective date for the additional duty,"on or after 12:01 a.m. eastern time on February 4, 2025",0
14196,2025-02477,Department of Commerce,develop a plan for the establishment of a sovereign wealth fund,"The Secretary of the Treasury and the Secretary of Commerce, in close coordination with the Assistant to the President for Economic Policy, shall develop a plan for the establishment of a sovereign wealth fund",0
14196,2025-02477,Department of the Treasury,develop a plan for the establishment of a sovereign wealth fund,"The Secretary of the Treasury and the Secretary of Commerce, in close coordination with the Assistant to the President for Economic Policy, shall develop a plan for the establishment of a sovereign wealth fund",0
14197,2025-02478,Department of Homeland Security,assessment,"the Secretary of Homeland Security, in consultation with the Secretary of State, the Attorney General, the Assistant to the President for National Security Affairs, and the Assistant to the President for Homeland Security shall continue to assess the situation at our northern border",0
14198,2025-02479,Department of Homeland Security,continue assessment of the southern‑border situation,"the Secretary of Homeland Security, in consultation with the Secretary of State, the Attorney General, the Assistant to the President for National Security Affairs, and the Assistant to the President for Homeland Security, shall continue to assess the situation at our southern border",0
14199,2025-02504,All executive departments and agencies,"Prohibit the use of any federal funds for contributions, grants, or payments to UNRWA.","Executive departments and agencies shall not use any funds for a contribution, grant, or other payment to UNRWA",0
14199,2025-02504,Secretary of State (Secretary),Cease participation in the UN Human Rights Council (UNHRC) and refrain from seeking election to it.,The United States will not participate in the UNHRC and will not seek election to that body.,0
14199,2025-02504,Secretary of State (Secretary),Conduct a review of U.S. membership in UNESCO and complete it within 90 days.,must be completed within 90 days of the date of this order,0
14199,2025-02504,Secretary of State (Secretary),"Revoke the prior determination made under Public Law 118‑47, section 7048(c)(1).","The Secretary shall withdraw the determination previously made under section 7048(c)(1) of title VII, division F, of Public Law 118-47.",0
14199,2025-02504,Secretary of State (Secretary),Withhold the U.S. share of the UN regular‑budget contribution for the UNHRC.,the Secretary shall withhold the United States proportionate share of the total annual amount of UN Regular Budget funding for the UNHRC,0
14199,2025-02504,Secretary of State (Secretary),"Within 180 days, review all international intergovernmental organizations in which the United States participates and report findings to the President.","Within 180 days of the date of this order, the Secretary... shall conduct a review of all international intergovernmental organizations",0
14199,2025-02504,Secretary of State (Secretary),"Notify the UN Secretary‑General, UNRWA leadership, and the UN High Commissioner for Human Rights that the United States will not fund UNRWA or the UNHRC.",The Secretary shall inform the UN Secretary General... that the United States will not fund UNRWA or the UNHRC,0
14201,2025-02513,Assistant to the President for Domestic Policy,convene a representative group to promote fair and safe policies for women’s sports,"convene representatives of major athletic organizations and governing bodies, and female athletes",1
14202,2025-02611,Department of Justice,establishes a new task force,There is hereby established within the Department of Justice the Task Force to Eradicate Anti‑Christian Bias (Task Force).,0
14203,2025-02612,Secretary of the Treasury (in consultation with the Secretary of State),submit a report to the President,"The Secretary of the Treasury, in consultation with the Secretary of State, shall submit to the President a report on additional persons that should be included within the scope of section 1 of this order.",0
14204,2025-02630,All executive departments and agencies (including USAID),halt foreign aid to South Africa,"All executive departments and agencies (agencies), including the United States Agency for International Development, shall, to the maximum extent allowed by law, halt foreign aid or assistance delivered or provided to South Africa",0
14204,2025-02630,Each agency head,may allow aid at discretion,"The head of each agency may permit the provision of any such foreign aid or assistance that, in the discretion of the relevant agency head, is necessary or appropriate",0
14204,2025-02630,Secretary of State; Secretary of Homeland Security,prioritize refugee resettlement for Afrikaners,"The Secretary of State and the Secretary of Homeland Security shall take appropriate steps, consistent with law, to prioritize humanitarian relief, including admission and resettlement through the United States Refugee Admissions Program, for Afrikaners in South Africa",0
14204,2025-02630,United States (general),prohibit any aid or assistance to South Africa,the United States shall not provide aid or assistance to South Africa,0
14205,2025-02635,All agencies lacking a Center for Faith,designate or appoint a Faith Liaison within 90 days,All such agencies shall designate or appoint such a Faith Liaison within 90 days of the date of this order.,0
14205,2025-02635,Executive Office of the President,establish the White House Faith Office,There is established within the Executive Office of the President (EOP) the White House Faith Office (Office).,0
14206,2025-02636,Attorney General,examine federal actions for Second Amendment infringements and present a proposed plan to the President,"the Attorney General shall examine all orders, regulations, guidance, plans, international agreements, and other actions of executive departments and agencies (agencies) to assess any ongoing infringements of the Second Amendment rights of our citizens, and present a proposed plan of action to the President, through the Domestic Policy Advisor, to protect the Second Amendment rights of all Americans.",0
14206,2025-02636,Attorney General,"review a specified list of actions, rules, and classifications related to firearms","In developing such proposed plan of action, the Attorney General shall review, at a minimum:",0
14207,2025-02734,Office of Personnel Management,eliminate the Federal Executive Institute,The Director of the Office of Personnel Management shall take all necessary steps to eliminate the Federal Executive Institute,0
14208,2025-02735,All executive departments and agencies,eliminate procurement of paper straws,The heads of executive departments and agencies (agencies) shall take all appropriate action to eliminate the procurement of paper straws,0
14208,2025-02735,All executive departments and agencies,eliminate policies that disfavor plastic straws,Agencies shall take appropriate action to eliminate policies designed to disfavor plastic straws,0
14209,2025-02736,Department of Justice (Attorney General),review existing FCPA enforcement and issue updated guidelines,the Attorney General shall review guidelines and policies governing investigations and enforcement actions under the FCPA,0
14210,2025-02762,Agency Heads (all agencies),submit statutory‑entity report to OMB,"Within 30 days of the date of this order, Agency Heads shall submit to the Director of the Office of Management and Budget a report that identifies any statutes that establish the agency, or subcomponents of the agency, as statutorily required entities.",0
14210,2025-02762,Office of Personnel Management,initiate rulemaking,"Within 30 days of the date of this order, the Director of the Office of Personnel Management (OPM) shall initiate a rulemaking",0
14210,2025-02762,USDS Administrator,submit implementation report to President,"Within 240 days of the date of this order, the USDS Administrator shall submit a report to the President regarding implementation of this order, including a recommendation as to whether any of its provisions should be extended, modified, or terminated.",0
14211,2025-02841,Department of State,ensure personnel implement foreign‑policy under presidential direction,All officers or employees charged with implementing the foreign policy of the United States must under Article II do so under the direction and authority of the President.,0
14211,2025-02841,Department of State,discipline employees who do not faithfully implement the President’s policy,"Failure to faithfully implement the President's policy is grounds for professional discipline, including separation.",0
14211,2025-02841,Department of State,reform the Foreign Service and foreign‑relations administration,"The Secretary shall, consistent with applicable law, reform the Foreign Service and the administration of foreign relations to ensure faithful and effective implementation of the President's foreign policy agenda.",0
14211,2025-02841,Department of State,revise or replace the Foreign Affairs Manual and related guidance,"In implementing the reforms identified in this section, the Secretary shall, consistent with applicable law, revise or replace the Foreign Affairs Manual and direct subordinate agencies to remove, amend, or replace any handbooks, procedures, or guidance.",0
14211,2025-02841,Department of State,exercise sole discretion over responsibilities set out in the order,The Secretary shall have sole and exclusive discretion in the exercise or delegation of the responsibilities enumerated in this,1
14212,2025-02871,President's Make America Healthy Again Commission,establishment,There is hereby established the President's Make America Healthy Again Commission (Commission),0
14213,2025-02928,Executive Office of the President,establish Council,There is hereby established within the Executive Office of the President the National Energy Dominance Council (Council).,0
14214,2025-02931,All Federal agencies that award discretionary grants,prohibit use of discretionary federal funds for entities that require COVID‑19 vaccination for in‑person attendance,"discretionary Federal funds should not be used to directly or indirectly support or subsidize an educational service agency, State educational agency, local educational agency, elementary school, secondary school, or institution of higher education that requires students to have received a COVID-19 vaccination to attend any in-person education program.",0
14214,2025-02931,Secretary of Education,issue guidelines on legal obligations related to school vaccine mandates,"The Secretary of Education shall as soon as practicable issue guidelines to elementary schools, local educational agencies, State educational agencies, secondary schools, and institutions of higher education regarding those entities' legal obligations with respect to parental authority, religious freedom, disability accommodations, and equal protection under law, as relevant to coercive COVID-19 school mandates.",0
14214,2025-02931,Secretary of Education (in consultation with HHS),provide a plan to end coercive COVID‑19 school mandates,"Within 90 days of the date of this order, the Secretary of Education, in consultation with the Secretary of Health and Human Services, shall provide to the President, through the Assistant to the President for Domestic Policy, a plan to end coercive COVID-19 school mandates, consistent with applicable law, and including, as appropriate, any proposed legislation.",0
14215,2025-03063,"All executive departments and agencies, including independent agencies",submit for review all proposed and final significant regulatory actions to the Office of Information and Regulatory Affairs (OIRA),"All executive departments and agencies, including so-called independent agencies, shall submit for review all proposed and final significant regulatory actions to the Office of Information and Regulatory Affairs (OIRA)",0
14215,2025-03063,Director of OMB,establish performance standards and management objectives for independent agency heads and report periodically to the President,"The Director of OMB shall establish performance standards and management objectives for independent agency heads, as appropriate and consistent with applicable law, and report periodically to the President",0
14215,2025-03063,Director of OMB,review independent regulatory agencies' obligations for consistency with the President's policies and priorities,"The Director of OMB shall, on an ongoing",1
14215,2025-03063,Director of the Office of Management and Budget (OMB),provide guidance on implementation of this order to the heads of executive departments and agencies submitting regulatory actions,The Director of the Office of Management and Budget (OMB) shall provide guidance on implementation of this order to the heads of executive departments and agencies newly submitting regulatory actions,0
14215,2025-03063,Heads of independent regulatory agencies,establish a position of White House Liaison in their agencies,The heads of independent regulatory agencies shall establish a position of White House Liaison in their respective agencies,0
14215,2025-03063,Independent regulatory agency chairmen,"regularly consult with the directors of OMB, the White House Domestic Policy Council, and the White House National Economic Council",independent regulatory agency chairmen shall regularly consult with,1
14215,2025-03063,Independent regulatory agency chairmen,submit agency strategic plans to the Director of OMB for clearance prior to finalization,Independent regulatory agency chairmen shall submit agency strategic plans developed pursuant to the Government Performance and Results Act of 1993 to the Director of OMB for clearance prior to finalization,0
14215,2025-03063,President and the Attorney General,provide authoritative interpretations of law for the executive branch,"The President and the Attorney General, subject to the President's supervision and control, shall provide authoritative interpretations of law for the executive branch",0
14216,2025-03064,Assistant to the President for Domestic Policy,submit policy recommendations on protecting IVF access and reducing costs,"Within 90 days of the date of this order, the Assistant to the President for Domestic Policy shall submit to the President a list of policy recommendations on protecting IVF access",0
14218,2025-03137,All executive departments and agencies,identify programs that permit illegal aliens to obtain benefits and take actions to align them with the order,the head of each executive department or agency (agency) shall:,0
14219,2025-03138,Administrator of OIRA,consult with agency heads and develop a Unified Regulatory Agenda,The Administrator of OIRA shall consult with agency heads to develop a Unified Regulatory Agenda that seeks to rescind or modify these regulations,0
14219,2025-03138,Agency heads,initiate a process to review regulations for consistency with law and Administration policy,"Agency heads shall, in coordination with their DOGE Team Leads and the Director of the Office of Management and Budget, initiate a process to review",1
14219,2025-03138,Agency heads,"identify classes of regulations that are unconstitutional, unlawful, etc.","Within 60 days of the date of this order, agency heads shall",1
14219,2025-03138,Agency heads,provide OIRA with a list of identified regulations,"Within 60 days of the date of this order, agency heads shall provide to the Administrator of",1
14219,2025-03138,Agency heads,terminate non‑compliant enforcement proceedings,"Agency heads shall, in consultation with the",1
14219,2025-03138,Director of OMB,issue implementation guidance,"The Director of the Office of Management and Budget shall issue implementation guidance, as appropriate",0
14220,2025-03439,Department of Commerce,initiate investigation,The Secretary of Commerce shall initiate an investigation under section 232 of the Trade Expansion Act to determine the effects on national security of imports of copper in all forms,0
14220,2025-03439,Department of Commerce,assess statutory factors,"In conducting the investigation described in subsection (a) of this section, the Secretary of Commerce shall assess the factors set forth in 19 U.S.C. 1862(d)",0
14220,2025-03439,Department of Commerce,consult other secretaries and agency heads,"The Secretary of Commerce shall consult with the Secretary of Defense, the Secretary of the Interior, the Secretary of Energy, and the heads of other relevant executive departments and agencies",0
14220,2025-03439,Department of Commerce,submit report to the President,"Within 270 days of the date of this order, the Secretary of Commerce shall submit a report to the President",0
14221,2025-03440,"Treasury, Labor, and Health and Human Services",implement and enforce healthcare price‑transparency regulations,"The Secretary of the Treasury, the Secretary of Labor, and the Secretary of Health and Human Services shall take all necessary and appropriate action",0
14222,2025-03527,Administrator of General Services,submit a disposition plan for unneeded Government‑owned real property to OMB within 60 days,"Within 60 days of the date of this order, the Administrator of General Services shall submit a plan to the Director of the Office of Management and Budget (OMB) for the disposition of Government‑owned real property which has been deemed by the agency as no longer needed.",0
14222,2025-03527,All Federal Agencies,build a centralized technological system to record payments and justifications for covered contracts and grants,"Each Agency Head shall, with assistance as requested from the agency's DOGE Team Lead, build a centralized technological system within the agency to seamlessly record every payment issued by the agency pursuant to each of the agency's covered contracts and grants, along with a brief, written justification for each payment submitted by the agency employee who approved the payment.",0
14222,2025-03527,All Federal Agencies,"review and, if appropriate, terminate or modify existing covered contracts and grants to reduce spending","Each Agency Head, in consultation with the agency's DOGE Team Lead, shall review all existing covered contracts and grants and, where appropriate and consistent with applicable law, terminate or modify (including through renegotiation) such covered contracts and grants to reduce overall Federal spending … Each Agency Head shall complete this review within 30 days of the date of this order.",0
14222,2025-03527,All Federal Agencies,conduct a comprehensive review of contracting policies and pause issuance of new contracting officer warrants during the review,"Each Agency Head, in consultation with the agency's DOGE Team Lead, shall conduct a comprehensive review of each agency's contracting policies, procedures, and personnel. Each Agency Head shall complete this process within 30 days of the date of this order and shall not issue or approve new contracting officer warrants during the review period, unless the Agency Head determines such approval is necessary.",0
14222,2025-03527,All Federal Agencies,build a system to record and justify non‑essential travel and prohibit travel without justification,"Each Agency Head shall, with assistance from the agency's DOGE Team Lead, build a technological system within each agency that centrally records approval for federally funded travel for conferences and other non‑essential purposes. Once an agency's system is in place, the Agency Head shall prohibit agency employees from engaging in federally funded travel for conferences or other non‑essential purposes unless the travel‑approving official has submitted a brief, written justification for the federally funded travel within such system.",0
14222,2025-03527,All Federal Agencies,"freeze agency employee credit cards for 30 days, with limited exceptions","To the maximum extent permitted by law, all credit cards held by agency employees shall be treated as frozen for 30 days from the date of this order, except for any credit cards held by employees engaged in, or charges related to employees utilizing such credit cards for, disaster relief or natural disaster response benefits or operations or other critical services as determined by the Agency Head, and subject to such additional individualized or categorical exceptions as the Agency Head, in consultation with the agency's DOGE Team Lead, deems appropriate.",0
14222,2025-03527,All Federal Agencies,confirm within 7 days that real‑property inventory updates have been submitted,"Within 7 days of the date of this order, each Agency Head shall confirm to the Administrator of General Services or his designee that the Agency Head has submitted updates to the Federal Real Property Profile Management System to ensure the system reflects a complete and accurate inventory of real property subject to the agency's administration.",0
14222,2025-03527,All Federal Agencies,identify lease termination rights and decide on exercising them within 30 days,"Within 30 days of the date of this order, each Agency Head shall promptly identify all termination rights the Agency Head may have under existing leases of Government‑owned real property and, in consultation with agency's DOGE Team Lead and the Administrator of General Services or his designee, determine whether to exercise such rights.",0
14222,2025-03527,All Federal Agencies (DOGE Team Leads),submit monthly reports on contracting activities to the Administrator,Each DOGE Team Lead shall provide the Administrator with a monthly informational report on contracting activities.,0
14222,2025-03527,All Federal Agencies (DOGE Team Leads),provide monthly reports of non‑essential travel justifications and post them publicly,"Each DOGE Team Lead shall, to the extent consistent with law, provide the Administrator with a monthly informational report listing each agency's justifications for non‑essential travel. Such justifications shall be posted publicly unless prohibited by law or unless the Agency Head grants an exemption from this requirement.",0
14223,2025-03693,Department of Commerce – Secretary of Commerce,"initiate investigation of timber, lumber and derivative product imports for national‑security impacts",The Secretary of Commerce shall initiate an investigation under section 232 of the Trade Expansion Act,0
14223,2025-03693,Department of Commerce – Secretary of Commerce,consult with Defense and other agencies on national‑security risks from timber imports,The Secretary of Commerce shall consult with the Secretary of Defense and the heads of other relevant executive departments and agencies,0
14224,2025-03694,Attorney General,"rescind any policy guidance documents issued pursuant to Executive Order 13166 and provide updated guidance, consistent with applicable law","The Attorney General shall rescind any policy guidance documents issued pursuant to Executive Order 13166 and provide updated guidance, consistent with applicable law.",0
14225,2025-03695,All agencies,use ESA emergency consultation regulations to facilitate timber production,"Agencies are directed to use, to the maximum extent permissible under applicable law, the ESA regulations on consultations in emergencies to facilitate the Nation's timber production",0
14225,2025-03695,All relevant agencies,eliminate undue delays in permitting processes for timber production,"All relevant agencies shall eliminate, to the maximum extent permissible by law, all undue delays within their respective permitting processes related to timber production",0
14225,2025-03695,All relevant agencies,"suspend, revise, or rescind agency actions that burden timber production","All relevant agencies shall take all necessary and appropriate steps ... to suspend, revise, or rescind all existing regulations, orders, guidance documents, policies, settlements, consent orders, and other agency actions that impose an undue burden on timber production",0
14225,2025-03695,Federal members of the Endangered Species Committee,develop and submit a report identifying ESA‑related obstacles to timber production,"Federal members of the Endangered Species Committee, or their designees, shall coordinate to develop and submit a report to the President ... that identifies obstacles to domestic timber production infrastructure specifically deriving from implementation of the ESA",0
14225,2025-03695,Secretary of the Interior,establish new and re‑establish existing categorical exclusions for timber thinning and salvage,"Within 280 days of the date of this order, the Secretary of the Interior shall consider and, if appropriate ... establish a new categorical exclusion for timber thinning and re‑establish a categorical exclusion for timber salvage activities",0
14225,2025-03695,Secretary of the Interior; Secretary of Agriculture,issue new or updated guidance on tools to facilitate increased timber production,"Within 30 days of the date of this order, the Secretary of the Interior and the Secretary of Agriculture ... shall each issue new or updated guidance regarding tools to facilitate increased timber production",0
14225,2025-03695,Secretary of the Interior; Secretary of Agriculture,submit a plan setting an annual timber‑sale target,"Within 90 days of the date of this order, the Secretary of the Interior and the Secretary of Agriculture shall together submit to the President ... a plan that sets a target for the annual amount of timber per year to be offered for sale",0
14225,2025-03695,Secretary of the Interior; Secretary of Agriculture,complete the Whitebark Pine Rangewide Programmatic Consultation,"Within 120 days of the date of this order, the Secretary of the Interior, through the Directors of the FWS and the BLM, and the Secretary of Agriculture, through the Chief of the USFS, shall complete the Whitebark Pine Rangewide Programmatic Consultation",0
14225,2025-03695,Secretary of the Interior; Secretary of Agriculture,consider and adopt NEPA categorical exclusions,"Within 180 days of the date of this order, the Secretary of the Interior and the Secretary of Agriculture shall consider and, if appropriate ... adopt categorical exclusions ... to comply with the National Environmental Policy Act",0
14225,2025-03695,Secretary of the Interior; Secretary of Commerce,complete a strategy on USFS and BLM forest management projects under ESA,"Within 60 days of the date of this order, the Secretary of the Interior, through the Director of the United States Fish and Wildlife Service (FWS), and the Secretary of Commerce ... shall complete a strategy on USFS and BLM forest management projects under section 7 of the Endangered Species Act",0
14229,2025-03869,Department of the Interior,rename the refuge,the Secretary of the Interior (Secretary) shall ... rename the area known as the ``Anahuac National Wildlife Refuge'' as the ``Jocelyn Nungaray National Wildlife Refuge'',0
14230,2025-03989,All agencies,submit assessment of contracts with Perkins Coie to OMB within 30 days,"Within 30 days of the date of this order, all agencies shall submit to the Director of the Office of Management and Budget an assessment of contracts with Perkins Coie",0
14230,2025-03989,All agency officials,restrict hiring of Perkins Coie employees without a waiver,"Agency officials shall, to the extent permitted by law, refrain from hiring employees of Perkins Coie, absent a waiver from the head of the agency",0
14230,2025-03989,All government contracting agencies,require contractors to disclose business with Perkins Coie,"Government contracting agencies shall, to the extent permissible by law, require Government contractors to disclose any business they do with Perkins Coie",0
14230,2025-03989,Attorney General (with EEOC and State Attorneys General as appropriate),investigate large law firms for compliance with anti‑discrimination laws,"The Attorney General, in coordination with the Chair of the Equal Employment Opportunity Commission ... shall investigate the practices of large law firms ... who do business with Federal entities",0
14230,2025-03989,"Attorney General, Director of National Intelligence, and heads of executive departments and agencies",suspend security clearances of Perkins Coie individuals pending review,shall immediately take steps ... to suspend any active security clearances held by individuals at Perkins Coie,0
14230,2025-03989,EEOC Chair (in coordination with the Attorney General),review large law firms for race‑ and sex‑based discrimination,"The Chair of the Equal Employment Opportunity Commission shall review the practices of representative large, influential, or industry leading law firms for consistency with Title VII of the Civil Rights Act of 1964",0
14230,2025-03989,Heads of all agencies,"review and, where permitted, terminate contracts with Perkins Coie",The heads of all agencies shall review all contracts with Perkins Coie ... take appropriate steps to terminate any contract ... to the maximum extent permitted by applicable law,0
14230,2025-03989,Office of Management and Budget (and heads of all agencies providing such material or services),"identify and cease provision of government goods, property, material, and services to Perkins Coie","The Office of Management and Budget shall identify all Government goods, property, material, and services ... to the extent permitted by law, expeditiously cease such provision",0
14233,2025-03992,Department of the Treasury,establish office for the Strategic Bitcoin Reserve,"The Secretary of the Treasury shall establish an office to administer and maintain control of custodial accounts collectively known as the ``Strategic Bitcoin Reserve,''",0
14233,2025-03992,Department of the Treasury,establish office for the United States Digital Asset Stockpile,"The Secretary of the Treasury shall establish an office to administer and maintain control of custodial accounts collectively known as the ``United States Digital Asset Stockpile,''",0
14235,2025-04103,Department of Education,propose revisions to 34 CFR 685.219,"The Secretary of Education shall propose revisions to 34 CFR 685.219, Public Service Loan Forgiveness Program, in coordination with the Secretary of the Treasury as appropriate",0
14235,2025-04103,Department of Education,establish ineligibility criteria for PSLF,individuals employed by organizations whose activities have a substantial illegal purpose shall not be eligible for public service loan forgiveness,0
14237,2025-04867,Agency officials,refrain from hiring Paul Weiss employees without a waiver,"Agency officials shall ... refrain from hiring employees of Paul Weiss, absent a waiver from the head of the agency",0
14237,2025-04867,Attorney General,suspend active security clearances for individuals at Paul Weiss,shall immediately take steps ... to suspend any active security clearances held by individuals at Paul Weiss,0
14237,2025-04867,Director of National Intelligence,suspend active security clearances for individuals at Paul Weiss,shall immediately take steps ... to suspend any active security clearances held by individuals at Paul Weiss,0
14237,2025-04867,Government contracting agencies,require contractors to disclose any business with Paul Weiss,Government contracting agencies shall ... require Government contractors to disclose any business they do with Paul Weiss,0
14237,2025-04867,Heads of all agencies,"cease provision of identified goods, property, material, and services to Paul Weiss","the heads of all agencies providing such material or services shall, to the extent permitted by law, expeditiously cease such provision",0
14237,2025-04867,Heads of all agencies,"review and, where permissible, terminate contracts with Paul Weiss and submit assessment within 30 days",heads of all agencies shall review all contracts with Paul Weiss,1
14237,2025-04867,Heads of all agencies,provide guidance limiting official access to Paul Weiss employees,heads of all agencies shall ... provide guidance limiting official access ... to employees of Paul Weiss when such access would threaten the national security,0
14237,2025-04867,Office of Management and Budget,"identify all government goods, property, material, and services provided to Paul Weiss","The Office of Management and Budget shall identify all Government goods, property, material, and services ... provided for the benefit of Paul Weiss",0
14238,2025-04868,Office of Management and Budget,receive compliance reports from heads of listed entities,the head of each governmental entity listed in subsection (a) of this section shall submit a report to the Director of the Office of Management and Budget confirming full compliance with this order,0
14238,2025-04868,Office of Management and Budget,reject funding requests that conflict with the order,"the Director of the Office of Management and Budget ... shall, to the extent consistent with applicable law ... reject funding requests for such governmental entities to the extent they are inconsistent with this order",0
14239,2025-04973,APNSA,review all critical infrastructure policies and recommend revisions,"the APNSA, in coordination with the Director of the Office of Science and Technology Policy and the heads of relevant agencies",0
14239,2025-04973,APNSA,review all national continuity policies and recommend revisions,"the APNSA, in coordination with the heads of relevant agencies",0
14239,2025-04973,APNSA,review all national preparedness and response policies and recommend revisions,"the APNSA, in coordination with the heads of relevant agencies and informed by the reports and findings of the Federal Emergency Management Agency Council established pursuant to Executive Order 14180 of January 24, 2025",0
14239,2025-04973,APNSA,coordinate the development of a National Risk Register,"the APNSA, in coordination with the Director of the Office of Management and Budget and the heads of relevant agencies",0
14239,2025-04973,Assistant to the President for National Security Affairs (APNSA),publish a National Resilience Strategy,the Assistant to the President for National Security Affairs (APNSA),0
14239,2025-04973,Secretary of Homeland Security,propose changes to the Federal National Functions framework,the Secretary of Homeland Security shall propose changes to the policies outlining this framework,0
14240,2025-05197,All executive departments and agencies (excluding the Executive Office of the President),Submit proposals to the GSA Administrator for consolidating domestic procurement of common goods and services,"Within 60 days of the date of this order, agency heads shall, in consultation with the agency's senior procurement officials, submit to the Administrator proposals",0
14240,2025-05197,General Services Administration (Administrator),Submit a comprehensive procurement‑consolidation plan to OMB,"Within 90 days of the date of this order, the Administrator shall submit a comprehensive plan to the Director of OMB for the General Services Administration to procure common goods and services across the domestic components of the Government",0
14240,2025-05197,Office of Management and Budget (Director),Designate the GSA Administrator as executive agent for government‑wide IT acquisition contracts,"Within 30 days of the date of this order,",1
14240,2025-05197,Office of Management and Budget (Director),Issue a memorandum directing agencies to implement the IT‑contract executive‑agent designation,"Within 14 days of the date of this order, the Director of OMB shall issue a memorandum to agencies implementing subsection (c) of this section",0
14241,2025-05212,CEO of the United States International Development Finance Corporation (DFC),use delegated DPA authority to advance domestic mineral production,"I hereby delegate to the Chief Executive Officer (CEO) of the United States International Development Finance Corporation (DFC) the authority of the President conferred by sections 301, 302",1
14241,2025-05212,Secretary of Defense,use delegated DPA authority to advance domestic mineral production,I hereby delegate to the Secretary of Defense the authority of the President conferred by section 303 of the Defense Production Act (DPA) (50 U.S.C. 4533).,0
14242,2025-05213,Secretary of Education,take all necessary steps to facilitate the closure of the Department of Education,"The Secretary of Education shall, to the maximum extent appropriate and permitted by law, take all necessary steps to facilitate the closure of the Department of Education",0
14242,2025-05213,Secretary of Education,ensure allocation of Department of Education funds complies with Federal law,The Secretary of Education shall ensure that the allocation of any Federal Department of Education funds is subject to rigorous compliance with Federal law,0
14243,2025-05214,All Federal Agencies,"ensure designated officials can access unclassified agency records, data, and software systems","have full and prompt access to all unclassified agency records, data, software systems",0
14243,2025-05214,All Federal Agencies,remove or amend guidance that blocks inter‑ or intra‑agency sharing of unclassified information,"Within 30 days of the date of this order, Agency Heads shall",1
14243,2025-05214,All Federal Agencies,report to OMB on regulations governing unclassified data access and recommend changes,"within 30 days of the date of this order, submit a report to the Office of Management and Budget cataloging those regulations",0
14243,2025-05214,All Federal Agencies,report to OMB on classified‑information policies and recommend eliminations or modifications,"within 45 days of the date of this order, submit a report to the Office of Management and Budget cataloguing those classified information policies",0
14243,2025-05214,All Federal Agencies,override earlier orders and regulations that impede unclassified information sharing,This order supersedes any prior Executive Orders and rules or regulations,0
14243,2025-05214,Secretary of Labor,"receive immediate, unrestricted access to unemployment and payment data",unfettered access to all unemployment data and related payment records,0
14245,2025-05440,Secretary of Commerce,"determine imports, issue regulations, coordinate compliance, take additional actions","The Secretary of Commerce, in coordination with the Secretary of State and the Attorney General, is hereby authorized to: (i) Determine whether a country has imported Venezuelan oil, directly or indirectly; (ii) Issue regulations, guidance, and determinations as necessary to implement this order; (iii) Coordinate with the heads of other executive departments and agencies to ensure compliance; and (iv) Take any additional actions consistent with applicable law to carry out the purposes of this order.",0
14245,2025-05440,Secretary of State,determine whether to impose the tariff,"The Secretary of State, in consultation with the Secretary of the Treasury, the Secretary of Commerce, the Secretary of Homeland Security, and the United States Trade Representative, is hereby authorized to determine in his discretion whether the tariff of 25 percent will be imposed on goods from any country that imports Venezuelan oil, directly or indirectly, on or after April 2, 2025.",0
14245,2025-05440,Secretary of State,impose the tariffs,"The Secretary of State, in coordination with the Secretary of the Treasury, the Secretary of Commerce, the Secretary of Homeland Security, and the United States Trade Representative, is hereby authorized to impose the tariffs established by this order.",0
14246,2025-05519,Agency officials,restrict hiring of Jenner employees without waiver,refrain from hiring employees of Jenner,1
14246,2025-05519,All agencies,submit contract‑assessment report to OMB within 30 days,"Within 30 days of the date of this order, agencies shall submit ... an assessment of contracts with Jenner",0
14246,2025-05519,"Attorney General, Director of National Intelligence, and heads of executive departments and agencies",suspend security clearances pending review,shall immediately take steps ... to suspend any active security clearances held by individuals at Jenner pending a review,0
14246,2025-05519,Heads of agencies,review and terminate contracts with Jenner,"take appropriate steps to terminate any contract, to the maximum extent permitted ... for which Jenner has been hired to perform any service",0
14246,2025-05519,Heads of agencies,limit official access to Jenner employees,provide guidance limiting official access ... to employees of Jenner,0
14246,2025-05519,Office of Management and Budget and heads of agencies providing such material or services,"identify and cease provision of government goods, property, material, and services to Jenner","shall ... identify all Government goods, property, material, and services ... provided for the benefit of Jenner. ... shall ... expeditiously cease such provision",0
14247,2025-05522,All Federal agencies,Process all Federal payments electronically,"All payments made to the Federal Government shall be processed electronically, except as specified in section 4 of this order",0
14247,2025-05522,All agencies,Coordinate with Treasury for smooth digital‑payment transition,Agencies shall coordinate with the Department of the Treasury to facilitate a smooth transition to digital payments,0
14247,2025-05522,All executive departments and agencies,Transition to electronic funds transfer (EFT) methods,"All executive departments and agencies … shall comply … by transitioning to EFT methods, including direct deposit, prepaid card accounts, and other digital payment options",0
14247,2025-05522,"Secretary of State, Treasury, HHS, Education, Veterans Affairs, Homeland Security",Eliminate need for Treasury's physical lockbox services,The Secretary of State … shall take appropriate action to eliminate the need for the Department of the Treasury's physical lockbox services,0
14247,2025-05522,Secretary of the Treasury,Cease issuing paper checks for all Federal disbursements,"Effective September 30, 2025, … the Secretary of the Treasury shall cease issuing paper checks for all Federal disbursements",0
14247,2025-05522,Secretary of the Treasury,Provide agencies access to modern electronic payment options,"The Secretary of the Treasury shall support agencies' transition to digital payment methods, including by providing access",1
14247,2025-05522,Secretary of the Treasury,Provide alternative payment options for qualified exceptions,Individuals or entities qualifying for an exception … shall be provided alternative payment options,0
14247,2025-05522,Secretary of the Treasury,Develop public‑awareness campaign about electronic payments,"The Secretary of the Treasury, in coordination with the heads of agencies, shall develop and implement a comprehensive public awareness campaign",0
14247,2025-05522,Secretary of the Treasury,Address financial‑access issues for unbanked/underbanked,"The Secretary of the Treasury shall work with financial institutions, consumer groups, and other stakeholders to address financial access for unbanked and underbanked populations",0
14247,2025-05522,Secretary of the Treasury and agency heads,"Protect classified, PII, and tax‑return information","The Secretary of the Treasury and the heads of agencies shall take all necessary steps to protect classified information and systems, as well as personally identifiable information and tax return information",0
14248,2025-05523,All agency heads (including the Election Assistance Commission),Report to the President on compliance with EO 14248,"within 90 days of the date of this order, submit to the President, through the Assistant to the President for Domestic Policy, a report describing compliance with this order",0
14248,2025-05523,Election Assistance Commission,Cease federal funding to non‑compliant states and amend voting‑system guidelines,"The Election Assistance Commission shall, pursuant to 52 U.S.C. 21003(b)(3) and 21142(c) and consistent with applicable law, take all appropriate action to cease providing Federal funds to States that do not comply with the Federal laws set forth in 52 U.S.C.",0
14248,2025-05523,Election Assistance Commission,Add documentary proof of citizenship requirements to the national mail voter‑registration form,"Within 30 days of the date of this order, the Election Assistance Commission shall take appropriate action to require, in its national mail voter registration form issued under 52 U.S.C. 20508:",0
14248,2025-05523,Election Assistance Commission,Review and re‑certify voting systems to meet new security standards,"Within 180 days of the date of this order, the Election Assistance Commission shall take appropriate action to review and, if appropriate, re‑certify voting systems under the new standards established under subsection (b)(i) of this section",0
14248,2025-05523,Secretary of Homeland Security,Supply the Attorney General with data on foreign nationals who have registered or voted,"Within 90 days of the date of this order, the Secretary of Homeland Security shall, consistent with applicable law, provide to the Attorney General complete information on all foreign nationals who have indicated on any immigration form that they have registered or voted in a Federal, State, or local election",0
14249,2025-05524,All agency heads,review and modify system‑of‑records notices to permit Treasury disclosure,"Within 90 days of the date of this order, agency heads shall review and modify, as applicable, their relevant system of records notices under the Privacy Act of 1974 to include a ``routine use'' that allows for the disclosure of records to the Department of the Treasury",0
14249,2025-05524,All agency heads,submit a compliance plan to the OMB Director,The heads of all agencies shall submit a compliance plan to the OMB Director within 90 days of the date of this order detailing their strategy for: (i) transitioning disbursing authority to the Department of the,1
14249,2025-05524,Department of the Treasury,update guidance and enhance systems for pre‑certification verification of agency payments,"The Secretary of the Treasury, in consultation with the Director of the Office of Management and Budget (OMB Director), shall update guidance and enhance systems to ensure that all payments ... are subject to pre‑certification verification processes",0
14249,2025-05524,Office of Management and Budget (OMB) Director,issue guidance directing CFO‑Act agencies to consolidate core financial systems,"Within 180 days of the date of this order, the OMB Director shall issue guidance that directs agencies described in 31 U.S.C. 901(b) (CFO Act agencies) to consolidate their core financial systems",0
14249,2025-05524,Office of Management and Budget (OMB) Director,issue guidance directing non‑CFO‑Act agencies to consolidate transactional financial‑management services,"As soon as practicable, but not later than 180 days of the date of this order, the OMB Director, in consultation with the Secretary of the Treasury, shall issue guidance directing all non‑CFO Act agencies to consolidate transactional financial management services under a single provider approved by the Department of the Treasury",0
14249,2025-05524,Secretary of the Treasury,assess delegated disbursing authority and issue revocation notices where appropriate,"Within 30 days of the date of this order, the Secretary of the Treasury shall assess whether to maintain disbursing authority that it has delegated to agencies pursuant to 31 U.S.C. 3321(b) and issue notices to revoke such delegations, as appropriate",0
14249,2025-05524,Secretary of the Treasury,submit an implementation report to the President,The Secretary of the Treasury shall submit an implementation report to the President through the Assistant to the President for Economic Policy within 180 days of the date of this order detailing progress on the matters set forth in this order,0
14250,2025-05845,All agencies,affirm that EO 14230 section 4 actions remain unaffected,"Nothing in this order shall be construed to limit the action authorized by section 4 of Executive Order 14230 of March 6, 2025 (Addressing Risks from Perkins Coie LLP).",0
14250,2025-05845,All heads of agencies,submit assessment of WilmerHale‑related contracts within 30 days,"Within 30 days of the date of this order, agencies shall submit to the Director of the Office of Management and Budget an assessment of contracts with WilmerHale or with entities that do business with WilmerHale effective as of the date of this order and any actions taken with respect to those contracts in accordance with this order.",0
14250,2025-05845,"Attorney General, Director of National Intelligence, and all other relevant heads of executive departments and agencies",suspend security clearances of WilmerHale personnel pending review,"shall immediately take steps ... to suspend any active security clearances held by individuals at WilmerHale, pending a review of whether such clearances are consistent with the national interest.",0
14250,2025-05845,Government contracting agencies,require contractors to disclose business with WilmerHale,require Government contractors to disclose any business they do with WilmerHale and whether that business is related to the subject of the Government contract.,0
14250,2025-05845,Heads of agencies,terminate contracts with WilmerHale where permitted,"take appropriate steps to terminate any contract, to the maximum extent permitted ... for which WilmerHale has been hired to perform any service;",0
14250,2025-05845,Heads of agencies,align funding decisions with EO 14147,"align their agency funding decisions with the interests of the citizens of the United States; with the goals and priorities of my Administration as expressed in executive actions, especially Executive Order 14147 of January 20, 2025 (Ending the Weaponization of the Federal Government);",0
14250,2025-05845,Heads of agencies providing such material or services,"cease provision of government goods, property, material, and services to WilmerHale","shall, to the extent permitted by law, expeditiously cease such provision.",0
14252,2025-05837,D.C. Safe and Beautiful Task Force,established,"the D.C. Safe and Beautiful Task Force (Task Force), which is hereby established by this order",0
14252,2025-05837,D.C. Safe and Beautiful Task Force,report to the President,The Task Force shall report to me as necessary through the Assistant to the President and Homeland Security Advisor,0
14252,2025-05837,Secretary of the Interior,issue directive to National Park Service,The Secretary of the Interior shall immediately issue a directive to the National Park Service requiring prompt removal and cleanup of all homeless or vagrant encampments and graffiti on Federal land within the District of Columbia,0
14253,2025-05838,Director of the Office of Management and Budget and Secretary of the Interior,take any other measures within their authority to promote the policy of this order,shall take any other measures within their authority to promote the policy of this order,0
14253,2025-05838,Secretary of the Interior,"provide sufficient funding, as available, to improve the infrastructure of Independence National Historical Park, to be completed by July 4, 2026","shall provide sufficient funding, as available, to improve the infrastructure of Independence National Historical Park, which shall be complete by July 4, 2026",0
14253,2025-05838,Secretary of the Interior,"determine whether public monuments, memorials, statues, markers, or similar properties have been removed or changed to perpetuate a false reconstruction of American history","determine whether, since January 1, 2020, public monuments, memorials, statues, markers, or similar properties ... have been removed or changed to perpetuate a false reconstruction of American history",0
14253,2025-05838,Secretary of the Interior,"take action to reinstate pre-existing monuments, memorials, statues, markers, or similar properties as appropriate and consistent with law","take action to reinstate the pre-existing monuments, memorials, statues, markers, or similar properties, as appropriate and consistent with",0
14253,2025-05838,Vice President,work to effectuate the policies of this order through his role on the Smithsonian Board of Regents and recommend additional actions,shall work to effectuate the policies of this order through his role on the Smithsonian Board of Regents,0
14253,2025-05838,Vice President,work with congressional leaders to seek appointment of citizen members to the Smithsonian Board of Regents,"work with the Speaker of the House of Representatives and the Senate Majority Leader, to seek the appointment of citizen members to the Smithsonian Board of Regents",0
14253,2025-05838,Vice President and Director of the Office of Management and Budget,work with Congress to ensure future appropriations to the Smithsonian prohibit expenditure on exhibits or programs that degrade shared American values,shall work with the Congress to ensure that future appropriations to the Smithsonian Institution,1
14254,2025-05906,Attorney General and Federal Trade Commission (FTC),ensure competition laws are appropriately enforced in the concert and entertainment industry,the Attorney General and the Federal Trade Commission (FTC) ensure that competition laws are appropriately enforced in the concert and entertainment industry,0
14254,2025-05906,Federal Trade Commission (FTC),enforce the Better Online Tickets Sales Act and collaborate with State Attorneys General,"the FTC rigorously enforce the Better Online Tickets Sales Act, 15 U.S.C. 45c, and collaborate with State Attorneys General",0
14254,2025-05906,Federal Trade Commission (FTC),"ensure price transparency throughout the ticket‑purchase process, including the secondary market","the FTC take appropriate action, including proposing regulations if necessary, to ensure price transparency at all stages of the ticket-purchase process, including the secondary ticketing market",0
14254,2025-05906,Federal Trade Commission (FTC),"evaluate and, if appropriate, take enforcement action against unfair conduct in the secondary ticketing market","the FTC evaluate and, if appropriate, take enforcement action to prevent unfair, deceptive, and anti‑competitive conduct in the secondary ticketing market",0
14254,2025-05906,Secretary of the Treasury and Attorney General,ensure ticket scalpers comply with the Internal Revenue Code,"the Secretary of the Treasury and Attorney General ensure, as appropriate, that ticket scalpers are operating in full compliance with the Internal Revenue Code",0
14255,2025-05908,Secretary of Commerce,establish new office (United States Investment Accelerator) within the Department of Commerce,shall establish within the Department of Commerce an office named the United States Investment Accelerator,0
14255,2025-05908,Secretary of Commerce,appoint an Executive Director to lead the Investment Accelerator,shall be headed by an Executive Director,0
14255,2025-05908,Secretary of Commerce,place the CHIPS Program Office under the authority of the Investment Accelerator,shall be responsible for the CHIPS Program Office within the Department of Commerce,0
14256,2025-06027,Department of Homeland Security / Customs and Border Protection,implement duties and related regulatory actions,"Executive departments and agencies, including the Department of Homeland Security, through CBP, shall take all necessary actions to effectuate the objectives of this order",0
14256,2025-06027,United States International Trade Commission,modify HTSUS to reflect the new duties,"The United States International Trade Commission shall continue to act ministerially by modifying the Harmonized Tariff Schedule of the United States (HTSUS), as needed",0
14257,2025-06063,Executive Office of the President,declare_national_emergency,I have declared a national emergency arising from conditions reflected in large and persistent annual U.S. goods trade deficits,0
14259,2025-06378,Secretary of Commerce,implement_and_effectuate_order,"The Secretary of Commerce, the Secretary of Homeland Security, and the United States Trade Representative, as applicable, in consultation with the Secretary of State, the Secretary of the Treasury, the Assistant to the President for Economic Policy, the Senior Counselor for Trade and Manufacturing, the Assistant to the President for National Security Affairs, and the Chair of the International Trade Commission, are directed to take all necessary actions to implement and effectuate this order",0
14260,2025-06379,Attorney General,identify state laws that burden domestic energy resources,"The Attorney General, in consultation with the heads of appropriate executive departments and agencies, shall identify all State and local laws, regulations, causes of action, policies, and practices (collectively, State laws) burdening the identification, development, siting, production, or use of domestic energy resources",0
14261,2025-06380,National Energy Dominance Council (NEDC),designate coal as a mineral,the Chair of the National Energy Dominance Council (NEDC) shall designate coal as a ``mineral'' as defined in section 2 of Executive Order 14241,0
14262,2025-06381,Secretary of Energy,"streamline, systemize, and expedite the Department of Energy's processes for issuing orders under section 202(c) of the Federal Power Act","streamline, systemize, and expedite the Department of Energy's processes for issuing orders under section 202(c) of the Federal Power Act",0
14262,2025-06381,Secretary of Energy,develop a uniform methodology for analyzing current and anticipated reserve margins for all regions of the bulk power system regulated by the Federal Energy Regulatory Commission,develop a uniform methodology for analyzing current and anticipated reserve margins for all regions of the bulk power system regulated by the Federal Energy Regulatory Commission,0
14262,2025-06381,Secretary of Energy,establish a process to regularly assess the methodology and identify critical generation resources,"establish a process by which the methodology described in subsection (b) of this section, and any analysis and results it produces, are assessed on a regular basis",0
14263,2025-06458,Agency officials,restrict hiring of Susman employees without a waiver,"refrain from hiring employees of Susman, absent a waiver from the head of the agency, made in consultation with the Director of the Office of Personnel Management",0
14263,2025-06458,All heads of agencies,submit assessment of contracts with Susman within 30 days,"Within 30 days of the date of this order, agencies shall submit to the Director of the Office of Management and Budget an assessment of contracts with Susman or with entities that do business with Susman",0
14263,2025-06458,"Attorney General, Director of National Intelligence, and all other relevant heads of executive departments and agencies",suspend security clearances of individuals at Susman pending review,"shall immediately take steps ... to suspend any active security clearances held by individuals at Susman, pending a review",0
14263,2025-06458,Government contracting agencies,require contractors to disclose business with Susman,require Government contractors to disclose any business they do with Susman and whether that business is related to the subject of the Government contract,0
14263,2025-06458,Heads of agencies,"review and, where permitted, terminate contracts with Susman","take appropriate steps to terminate any contract, to the maximum extent permitted by applicable law, ... for which Susman has been hired to perform any service",0
14263,2025-06458,Heads of agencies,limit official building access for Susman employees,provide guidance limiting official access from Federal Government buildings to employees of Susman when such access would threaten the national security,0
14263,2025-06458,Office of Management and Budget (OMB) and heads of agencies providing such material or services,"identify and cease provision of government goods, property, material, and services to Susman","shall identify all Government goods, property, material, and services, ... provided for the benefit of Susman. ... shall, to the extent permitted by law, expeditiously cease such provision",0
14264,2025-06459,Department of Energy,publish notice rescinding regulation,Secretary of Energy to publish in the Federal Register a notice rescinding Energy Conservation Program: Definition of Showerhead,0
14266,2025-06462,Assistant to the President for Economic Policy,"take all necessary actions to implement and effectuate this order, including temporary suspension or amendment of regulations or notices and adopting rules and regulations",are directed to take all necessary actions to implement and effectuate this order,0
14266,2025-06462,Assistant to the President for National Security Affairs,"take all necessary actions to implement and effectuate this order, including temporary suspension or amendment of regulations or notices and adopting rules and regulations",are directed to take all necessary actions to implement and effectuate this order,0
14266,2025-06462,Chair of the International Trade Commission,"take all necessary actions to implement and effectuate this order, including temporary suspension or amendment of regulations or notices and adopting rules and regulations",are directed to take all necessary actions to implement and effectuate this order,0
14266,2025-06462,Secretary of Commerce,"take all necessary actions to implement and effectuate this order, including temporary suspension or amendment of regulations or notices and adopting rules and regulations",are directed to take all necessary actions to implement and effectuate this order,0
14266,2025-06462,Secretary of Homeland Security,"take all necessary actions to implement and effectuate this order, including temporary suspension or amendment of regulations or notices and adopting rules and regulations",are directed to take all necessary actions to implement and effectuate this order,0
14266,2025-06462,Secretary of State,"take all necessary actions to implement and effectuate this order, including temporary suspension or amendment of regulations or notices and adopting rules and regulations",are directed to take all necessary actions to implement and effectuate this order,0
14266,2025-06462,Secretary of the Treasury,"take all necessary actions to implement and effectuate this order, including temporary suspension or amendment of regulations or notices and adopting rules and regulations",are directed to take all necessary actions to implement and effectuate this order,0
14266,2025-06462,Senior Counselor for Trade and Manufacturing,"take all necessary actions to implement and effectuate this order, including temporary suspension or amendment of regulations or notices and adopting rules and regulations",are directed to take all necessary actions to implement and effectuate this order,0
14266,2025-06462,United States Trade Representative,"take all necessary actions to implement and effectuate this order, including temporary suspension or amendment of regulations or notices and adopting rules and regulations",are directed to take all necessary actions to implement and effectuate this order,0
14267,2025-06463,Agency heads,Conduct a review of all regulations subject to their rulemaking authority and identify those that are anti‑competitive.,"Agency heads shall, in consultation with the Chairman of the Federal Trade Commission (Chairman) and the Attorney General, complete a review of all regulations subject to their rulemaking authority",0
14267,2025-06463,Agency heads,Provide to the Chairman and the Attorney General a list of identified regulations within 70 days of the order.,"Within 70 days of the date of this order, agency heads shall each provide to the Chairman and the Attorney General a list of regulations identified",0
14267,2025-06463,Chairman of the Federal Trade Commission,Issue a request for information (RFI) within 10 days of the order.,"Within 10 days of the date of this order, the Chairman shall issue a request for information (RFI)",0
14267,2025-06463,Chairman of the Federal Trade Commission,Provide to the OMB Director a consolidated list of regulations within 90 days of receipt of agency lists.,Within 90 days of receipt of the agency,1
14267,2025-06463,Director of the Office of Management and Budget,Consult with the Chairman and decide whether to incorporate proposed rescissions or modifications into the Unified Regulatory Agenda.,"the OMB Director, through the Administrator of the Office of Information and Regulatory Affairs, shall consult with the Chairman",1
14268,2025-06464,Secretary of Defense,prompt implementation of NSPM 10 and other actions,The Secretary of State and the Secretary of Defense shall promptly:,0
14268,2025-06464,Secretary of State,prompt implementation of NSPM 10 and other actions,The Secretary of State and the Secretary of Defense shall promptly:,0
14269,2025-06465,Assistant to the President for National Security Affairs (APNSA),submit a Maritime Action Plan (MAP) to the President,"the Assistant to the President for National Security Affairs (APNSA), in coordination with the Secretary of State, the Secretary of Defense, the Secretary of Commerce, the Secretary of Labor, the Secretary of Transportation, the Secretary of Homeland Security, the United States Trade Representative (USTR), and the heads of executive departments and agencies (agencies) the APNSA deems appropriate, shall submit a Maritime Action Plan (MAP) to the President",0
14269,2025-06465,Office of Management and Budget (OMB) Director,"conduct legislative, regulatory, and fiscal assessments for the MAP","The OMB Director, in coordination with the APNSA, shall be responsible for all legislative, regulatory, and fiscal assessments related to the MAP.",0
14269,2025-06465,Secretary of Defense,provide an assessment of authorities and resources for the MAP,"the Secretary of Defense, in coordination with the Secretary of Commerce, the Secretary of Transportation, and the Secretary of Homeland Security, shall provide to the APNSA and the OMB Director for inclusion in the MAP an assessment of options both for the use of available authorities and resources",0
14269,2025-06465,Secretary of Transportation,deliver a report inventorying Federal maritime programs,"the Secretary of Transportation, in coordination with the Secretary of Homeland Security and the heads of other agencies as appropriate, shall deliver a report to the OMB Director and APNSA for inclusion in the MAP that inventories Federal programs that could be used to sustain and grow the supply of and demand for the United States maritime industry.",0
14269,2025-06465,U.S. Trade Representative (USTR),engage allies on trade policies and deliver an engagement plan,"the USTR, in consultation with the Secretary of State and the Secretary of Commerce, shall engage treaty allies, partners, and other like‑minded countries",1
14270,2025-06466,Covered Agencies,include a Conditional Sunset Date (≤ 5 years) in any new Covered Regulation,"In any new Covered Regulation, to the maximum extent consistent with law, the relevant Covered Agency shall include a Conditional Sunset Date that is not more than 5 years in the future.",0
14270,2025-06466,"Covered Agencies (EPA, DoE, FERC, NRC, OSMRE, BLM, BOEM, BSEE, FWS, ACE)",issue a sunset rule that adds a Conditional Sunset Date to all Covered Regulations,"shall issue a sunset rule, effective not later than September 30, 2025, that inserts a Conditional Sunset Date into each of their Covered Regulations.",0
14270,2025-06466,EPA and ACE,provide to the President a list of statutes giving EPA and ACE regulatory authority subject to this order,"within 30 days of the date of this order, the Administrator of the EPA and Secretary of the Army shall provide to the President, through the Director of the Office of Management and Budget (OMB Director), a list of statutes vesting EPA and ACE with regulatory authority that shall be subject to this order.",0
14271,2025-06835,All federal agencies,procure commercially available products and services to the maximum extent practicable,"agencies shall procure commercially available products and services, ... to the maximum extent practicable",0
14271,2025-06835,All federal agencies,direct contracting officers to review all open solicitations for non‑commercial products or services,"Within 60 days of the date of this order, each agency's approval authority shall direct the agency's contracting officers to conduct a review of all open agency solicitations, ... for non‑commercial products or services",0
14271,2025-06835,All federal agencies,assess compliance of proposed non‑commercial procurements with FASA and recommend commercial alternatives,Within 30 days of the date of the receipt of the proposed applications ... each approval authority shall: (i) assess each proposed application's compliance with FASA ... and (ii) make appropriate recommendations to advance the solicitation of commercial products or services,0
14271,2025-06835,All federal agencies,submit a compliance report to OMB within 120 days and annually thereafter,"Within 120 days of the date of this order and annually thereafter, each agency's approval authority shall provide a report to the Director of the Office of Management and Budget (OMB) detailing the agency's compliance with FASA and its progress toward implementing the policies of this order",0
14271,2025-06835,All federal agencies,provide approval authority with a written description and justification for any non‑commercial solicitation,"Whenever an agency proposes to solicit a non‑commercial product or service, the applicable contracting officer shall provide the agency's approval authority with a description of the proposed procurement, which shall include the specific reasons a non‑commercial product or service is required",0
14271,2025-06835,All federal agencies,allow the approval authority to request OMB review and receive written OMB recommendation,"the approval authority may seek input regarding the proposal from the Director of OMB. In such cases, the Director of OMB, in consultation with the Administrator for Federal Procurement Policy, shall review and assess the validity of the proposal ... and shall notify the approval authority in writing",0
14272,2025-06836,Officials listed in (c)(i),provide_comments_on_draft_report,Comments to the Secretary of Commerce from the officials identified in subsection (c)(i) of this section shall be provided within 15 days of submission of the draft interim report described in subsection (c)(i) of this section.,0
14272,2025-06836,Secretary of Commerce,initiate_section_232_investigation,The Secretary of Commerce shall initiate an investigation under section 232 to determine the effects on national security of imports of processed critical minerals and their derivative products.,0
14272,2025-06836,Secretary of Commerce,submit_draft_interim_report,"Within 90 days of the date of this order, the Secretary of Commerce shall submit for internal review and comment a draft interim report to the Secretary of the Treasury, the Secretary of Defense, the United States Trade Representative, the Assistant to the President for Economic Policy, and the Senior Counselor to the President for Trade and Manufacturing.",0
14272,2025-06836,Secretary of Commerce,submit_final_report,The Secretary of Commerce shall submit a final report and recommendations to the President within 180 days of the investigation's commencement.,0
14273,2025-06837,Secretary of Health and Human Services,work with Congress to modify the Medicare Drug Price Negotiation Program,The Secretary shall work with the Congress to modify the Medicare Drug Price Negotiation Program,0
14275,2025-06839,All executive agencies,amend the Federal Acquisition Regulation to retain only provisions required by statute or essential to sound procurement,"Within 180 days of the date of this order, the Administrator",1
14276,2025-07062,Secretary of Commerce,identify over‑regulated fisheries and reduce regulatory burden,"Within 30 days of the date of this order, the Secretary of Commerce shall identify the most heavily overregulated fisheries requiring action and take appropriate action to reduce the regulatory burden on them",0
14276,2025-07062,Secretary of Commerce,obtain updated recommendations from Regional Fishery Management Councils,"The Secretary of Commerce shall request that each Regional Fishery Management Council, within 180 days of the date of this order, provide the Secretary of Commerce with updates to their recommendations submitted pursuant to Executive Order 13921",0
14276,2025-07062,Secretary of Commerce,direct NMFS to adopt new technologies and expand permit programs,"The Secretary of Commerce shall direct the National Marine Fisheries Service to incorporate less expensive and more reliable technologies and cooperative research programs into fishery assessments ... As soon as practicable, the Secretary of Commerce shall expand exempted fishing permit programs to promote fishing opportunities nationwide",0
14276,2025-07062,Secretary of Commerce,resume annual reporting to OMB and other senior officials,"The Secretary of Commerce shall resume submission of annual reports to the Director of the Office of Management and Budget, the Assistant to the President for Economic Policy, the Assistant to the President for Domestic Policy, and the Chairman of the Council on Environmental Quality pursuant to these activities as described in Executive Order 13921",0
14276,2025-07062,Secretary of Commerce,consider updating the Unified Regulatory Agenda,"Upon completion of the process described in subsection (a) of this section, the Secretary of Commerce shall consider updating the Department of Commerce's contribution to the Unified Regulatory Agenda",0
14276,2025-07062,"Secretary of Commerce (with HHS, DHS, etc.)",consider revising or rescinding expansions of the Seafood Import Monitoring Program,"The Secretary of Commerce, in consultation with the Secretary of Health and Human Services, the Secretary of Homeland Security, and other relevant agencies, shall immediately consider revising or rescinding recent expansions of the Seafood Import Monitoring Program",0
14276,2025-07062,Secretary of Commerce (with Secretary of the Interior),review marine national monuments and recommend openings for commercial fishing,"Within 180 days of the date of this order, the Secretary of Commerce, in consultation with the Secretary of the Interior, shall review all existing marine national monuments and provide recommendations to the President of any that should be opened to commercial fishing",0
14276,2025-07062,Secretary of Commerce and United States Trade Representative,assess competitiveness and develop a trade strategy,"Within 60 days of the date of this order, the Secretary of Commerce and the United States Trade Representative, in consultation with members of the Interagency Seafood Trade Task Force, shall assess seafood competitiveness issues and jointly develop a comprehensive seafood trade strategy",0
14277,2025-07368,Director of the National Science Foundation,prioritize AI‑education research,"Within 120 days of the date of this order, the Director of the NSF shall take steps to prioritize research on the use of AI in education.",0
14277,2025-07368,Office of Science and Technology Policy,Chair of the Task Force,The Director of the Office of Science and Technology Policy shall be the Chair of the Task Force.,0
14277,2025-07368,Secretary of Agriculture,"prioritize AI research, extension, and education","Within 120 days of the date of this order, the Secretary of Agriculture shall take steps to prioritize research, extension, and education on the use of",1
14277,2025-07368,Secretary of Education,issue guidance on formula and discretionary grant funds for AI education,"Within 90 days of the date of this order, the Secretary of Education shall issue guidance regarding the use of formula and discretionary grant",1
14277,2025-07368,Secretary of Education,identify and implement use of existing research programs for AI education,"Within 90 days of the date of this order, the Secretary of Education shall identify and implement ways to utilize existing research",1
14277,2025-07368,Secretary of Education,prioritize AI in discretionary grant programs for teacher training,"Within 120 days of the date of this order, the Secretary of Education shall take steps to prioritize the use of AI in discretionary grant programs for teacher",1
14277,2025-07368,Secretary of Labor,increase participation in AI‑related apprenticeships,"Within 120 days of the date of this order, the Secretary of Labor shall seek to increase participation in AI‑related Registered",1
14277,2025-07368,White House Task Force on Artificial Intelligence Education,established,There is hereby established the White House Task Force on Artificial Intelligence Education (Task Force).,0
14277,2025-07368,White House Task Force on Artificial Intelligence Education,implement policy and coordinate federal AI‑education efforts,The Task Force shall be responsible for implementing the policy stated in section 2 of this order and coordinating Federal efforts related to AI,1
14277,2025-07368,White House Task Force on Artificial Intelligence Education,establish plans for a Presidential AI Challenge,"Within 90 days of the date of this order, the Task Force shall establish plans for a Presidential Artificial Intelligence Challenge (Challenge)",0
14277,2025-07368,White House Task Force on Artificial Intelligence Education,hold the AI Challenge within 12 months of plan submission,implement the plans by holding the Challenge no later than 12 months from the submission of the plan.,0
14277,2025-07368,White House Task Force on Artificial Intelligence Education,identify existing federal AI resources,"Within 90 days of the date of this order, the Task Force shall identify existing Federal AI resources on which agencies may rely",0
14278,2025-07369,"Secretary of Labor, Secretary of Commerce, Secretary of Education",review programs and submit report,shall review all Federal workforce development programs and submit to the Assistant to the President for Domestic Policy and the Director of the Office of Management and Budget a report,0
14278,2025-07369,"Secretary of Labor, Secretary of Commerce, Secretary of Education",submit plan for apprenticeships,shall submit to the Assistant to the President for Domestic Policy and the Director of the Office of Management and Budget a plan to reach and surpass 1 million new active apprentices,0
14279,2025-07376,Attorney General,investigate and take appropriate action to terminate unlawful discrimination by American law schools,"The Attorney General and the Secretary of Education shall, as appropriate and consistent with applicable law, investigate and take appropriate action to terminate unlawful discrimination",0
14279,2025-07376,Secretary of Education,"hold accreditors accountable, including denial, monitoring, suspension, or termination of accreditation recognition","The Secretary of Education shall, as appropriate and consistent with applicable law, hold accountable, including through denial, monitoring, suspension, or termination of accreditation recognition",0
14279,2025-07376,Secretary of Education,"take appropriate steps to ensure accreditation requires high-quality, high-value academic programs","the Secretary of Education shall, consistent with applicable law, take appropriate steps to ensure that",1
14279,2025-07376,Secretary of Health and Human Services,consult with Attorney General and Secretary of Education on investigations of unlawful discrimination by medical schools,in consultation with the Secretary of Health and Human Services,0
14280,2025-07377,Secretary of Defense,issue a revised school‑discipline code for military families,"Within 90 days of the date of this order, the Secretary of Defense shall issue a revised school discipline code that appropriately protects and enhances the education of the children of America's military‑service families",0
14280,2025-07377,Secretary of Education,enforce compliance with Title VI for LEAs and SEAs,The Secretary of Education shall take appropriate action with respect to LEAs and SEAs that fail to comply with Title VI protections against racial discrimination in the application of school discipline,0
14280,2025-07377,Secretary of Education (in consultation with the Attorney General),issue new guidance to LEAs and SEAs on school‑discipline and Title VI compliance,"Within 30 days of the date of this order, the Secretary of Education, in consultation with the Attorney General, shall issue new guidance to local educational agencies (LEAs) and State educational agencies (SEAs) regarding school discipline",0
14280,2025-07377,"Secretary of Education (with Attorney General, HHS, DHS)",submit a comprehensive report on discriminatory‑equity‑ideology‑based school discipline,"Within 120 days of the date of this order, the Secretary of Education shall, in coordination with the Attorney General, the Secretary of Health and Human Services, and the Secretary of Homeland Security, submit a report to the President ... regarding the status of discriminatory‑equity‑ideology‑based school discipline",0
14280,2025-07377,Secretary of Education and Attorney General,coordinate with Governors and State Attorneys General on preventing racial discrimination,"Within 60 days of the date of this order, the Secretary of Education and the Attorney General shall initiate coordination with Governors and State Attorneys General regarding the prevention of racial discrimination in the application of school discipline",0
14281,2025-07378,All federal agencies,deprioritize enforcement of statutes and regulations that contain disparate‑impact liability,all agencies shall deprioritize enforcement of all statutes and regulations to the extent they include disparate-impact liability,0
14281,2025-07378,All federal agencies,evaluate existing consent judgments and permanent injunctions based on disparate‑impact liability and take appropriate action,"Within 90 days of the date of this order, all agencies shall evaluate existing consent judgments and permanent injunctions that rely on theories of disparate-impact liability",0
14281,2025-07378,Attorney General,initiate repeal or amendment of Title VI implementing regulations that contemplate disparate‑impact liability,the Attorney General shall initiate appropriate action to repeal or amend the implementing regulations for Title VI of the Civil Rights Act of 1964,0
14281,2025-07378,Attorney General,determine preemption of state laws that impose disparate‑impact liability and act on any constitutional infirmities,the Attorney General shall determine whether any Federal authorities preempt State laws ... and shall take appropriate measures,0
14281,2025-07378,Attorney General (with heads of all other agencies),"report to the President a list of all regulations, guidance, rules, or orders that impose disparate‑impact liability and related state‑level laws","Within 30 days of the date of this order, the Attorney General, in coordination with the heads of all other agencies, shall report to the President",0
14281,2025-07378,Attorney General and EEOC Chair,"assess pending investigations, civil suits, or positions that rely on disparate‑impact liability under federal civil‑rights law","Within 45 days of the date of this order, the Attorney General and the Chair of the Equal Employment Opportunity Commission shall assess all pending investigations",0
14281,2025-07378,Attorney General and EEOC Chair,formulate and issue guidance to employers on promoting equal access to employment without reliance on disparate‑impact liability,the Attorney General and the Chair of the Equal Employment Opportunity Commission shall jointly formulate and issue guidance or technical assistance to employers,0
14281,2025-07378,"Attorney General, HUD Secretary, CFPB Director, FTC Chair, and other agency heads","evaluate pending proceedings that rely on disparate‑impact liability under the Equal Credit Opportunity Act, Fair Housing Act, or consumer‑protection statutes","Within 45 days of the date of this order, the Attorney General, the Secretary of Housing and Urban Development, the Director of the Consumer Financial Protection Bureau, the Chair of the Federal Trade Commission, and the heads of other agencies ... shall evaluate all pending proceedings",0
14281,2025-07378,President (executive authority),revokes the two prior presidential approvals of Title VI regulations cited above,"the Presidential approval of July 25, 1966, of the Department of Justice Title VI regulations",1
14282,2025-07379,Department of Education,enforce foreign‑funding disclosure requirements,"The Secretary of Education (Secretary) shall take all appropriate actions to enforce the requirements of section 1011f of title 20, United States Code",0
14283,2025-07380,President's Board of Advisors on Historically Black Colleges and Universities,establish,There is established in the Department of Education the President's Board of Advisors on Historically Black Colleges and Universities (Board),0
14283,2025-07380,White House Initiative on Historically Black Colleges and Universities,establish,There is hereby established the White House Initiative on Historically Black Colleges and Universities (Initiative),0
14284,2025-07469,All executive departments and agencies,Identify each employee serving an initial probationary or trial period that ends 90 days or more from the order date.,Within 15 days of the date of this order: (i) The head of each executive department and agency (agency) shall identify each employee at their agency serving an initial probationary or trial period in the Federal service that ends 90 days or more from the date of this order.,0
14285,2025-07470,Secretary of Commerce (acting through NOAA),expedite licensing and permitting for seabed mineral exploration in areas beyond national jurisdiction,expedite the process for reviewing and issuing seabed mineral exploration licenses and commercial recovery permits,0
14285,2025-07470,"Secretary of Commerce (in coordination with State, Interior, Energy)",draft a mapping plan for priority seabed mineral areas,"develop a plan to map priority areas of the seabed, such as those with abundant or accessible undersea resources",0
14285,2025-07470,Secretary of Defense and Secretary of Energy,report on using the Defense Stockpile for seabed‑derived critical minerals,provide a report ... that addresses the feasibility ... of using the National Defense Stockpile for physical or virtual storage of materials derived from seabed polymetallic nodules,0
14285,2025-07470,Secretary of the Interior,create a fast‑track permitting process for seabed mineral activities on the U.S. Outer Continental Shelf,establish an expedited process for reviewing and approving permits for prospecting and granting leases,0
14286,2025-07786,Department of Transportation – FMCSA,Rescind existing guidance and issue new guidance on English‑language proficiency testing.,"The Secretary of Transportation, acting through the Administrator of the Federal Motor Carrier Safety Administration (FMCSA), shall, within 60 days of the date of this order, rescind the guidance document titled, ``English Language Proficiency Testing and Enforcement Policy MC‑ECE‑2016‑006,'' issued on June 15, 2016, and issue new guidance to FMCSA and enforcement personnel outlining revised inspection procedures necessary to ensure compliance with the requirements of 49 CFR 391.11(b)(2).",0
14287,2025-07789,Attorney General,publish list of sanctuary jurisdictions,"Within 30 days of the date of this order, the Attorney General, in coordination with the Secretary of Homeland Security, shall publish a list of States and local jurisdictions that obstruct the enforcement of Federal immigration laws",0
14287,2025-07789,Secretary of Homeland Security,publish list of sanctuary jurisdictions,"Within 30 days of the date of this order, the Attorney General, in coordination with the Secretary of Homeland Security, shall publish a list of States and local jurisdictions that obstruct the enforcement of Federal immigration laws",0
14288,2025-07790,Attorney General,create a mechanism to provide legal resources and indemnification to law‑enforcement officers,The Attorney General shall take all appropriate action to create a mechanism to provide legal resources and indemnification to law enforcement officers who unjustly incur expenses and liabilities for actions taken during the performance of their official duties to enforce the law.,0
14288,2025-07790,Attorney General,"review and, if necessary, modify, rescind, or conclude consent decrees and similar orders that impede law‑enforcement functions","Within 60 days of the date of this order, the Attorney General shall review all ongoing Federal consent decrees, out-of-court agreements, and post‑judgment orders to which a State or local law enforcement agency is a party and modify, rescind, or move to conclude such measures that unduly impede the performance of law enforcement functions.",0
14288,2025-07790,Attorney General,pursue legal remedies and prioritize prosecution of federal criminal violations by state‑ and local‑officials who obstruct law‑enforcement or violate civil‑rights,The Attorney General shall pursue all necessary legal remedies and enforcement measures to enforce the rights of Americans impacted by crime and shall prioritize prosecution of any applicable violations of Federal criminal law with respect to State and local jurisdictions whose officials,1
14288,2025-07790,Attorney General and Secretary of Defense (with DHS and other heads),increase provision of excess military and national‑security assets to local jurisdictions for law‑enforcement assistance,"Within 90 days of the date of this order, the Attorney General and the Secretary of Defense, in consultation with the Secretary of Homeland Security and the heads of agencies as appropriate, shall increase the provision of excess military and national security assets in local jurisdictions to assist State and local law enforcement.",0
14288,2025-07790,Attorney General and Secretary of Homeland Security,use existing Homeland Security Task Forces (created by EO 14159) to coordinate the order’s objectives,"The Attorney General and the Secretary of Homeland Security shall utilize the Homeland Security Task Forces (HSTFs) formed in accordance with Executive Order 14159 of January 20, 2025 (Protecting the American People Against Invasion) to coordinate and advance the objectives of this order.",0
14288,2025-07790,Attorney General and other heads of executive departments and agencies,"maximize Federal resources for best‑practice guidance, training, pay, legal protections, sentencing, prison investment and crime‑data improvements for state and local law‑enforcement",The Attorney General and other appropriate heads of executive departments and agencies (agencies) shall take all appropriate action to maximize the use of Federal resources to:,1
14288,2025-07790,Secretary of Defense,"determine optimal use of military and national‑security assets, training, non‑lethal capabilities and personnel to prevent crime","Within 90 days of the date of this order, the Secretary of Defense, in coordination with the Attorney General, shall determine how military and national security assets, training, non‑lethal capabilities, and personnel can most effectively be utilized to prevent crime.",0
14289,2025-07835,Department of Homeland Security,"update guidance, systems, and enforcement mechanisms; revise, suspend, or rescind inconsistent regulations","The Secretary of Homeland Security, acting through the Commissioner of U.S. Customs and Border Protection",1
14289,2025-07835,Department of Homeland Security,determine need for changes to the Harmonized Tariff Schedule of the United States (HTSUS) and coordinate implementation,The Secretary of Homeland Security is authorized to determine whether changes to the HTSUS are necessary and to coordinate with the Chair of the United States International Trade Commission to implement all necessary changes to execute this order.,0
14290,2025-08133,All federal agencies (heads),identify and terminate all direct or indirect funding of NPR and PBS,The heads of all agencies shall identify and terminate ... any direct or indirect funding of NPR and PBS,0
14290,2025-08133,Corporation for Public Broadcasting (CPB) Board,cease direct funding to NPR and PBS,The CPB Board shall cease direct funding to NPR and PBS,0
14290,2025-08133,Corporation for Public Broadcasting (CPB) Board,revise grant eligibility provisions to prohibit direct or indirect funding of NPR and PBS,"the CPB Board shall, before June 30, 2025, revise the 2025 Television Community Service Grants General Provisions",0
14290,2025-08133,Department of Health and Human Services (Secretary),determine compliance of PBS/NPR with anti‑discrimination statutory mandate,The Secretary of Health and Human Services shall determine whether “the Public Broadcasting Service and National Public Radio (or any successor organization)” are complying with the statutory mandate,0
14292,2025-08266,Office of Science and Technology Policy (OSTP),establish guidance to end federal funding of dangerous gain‑of‑function research conducted by foreign entities,"The Director of the Office of Science and Technology Policy (OSTP), in coordination with the Director of the Office of Management and Budget and the Assistant to the President for National Security Affairs (APNSA), and in consultation with the Secretary of Health and Human Services and the heads of other relevant executive departments and agencies (agencies) identified by the Director of OSTP, shall establish guidance for the heads of relevant agencies, to the extent consistent with the terms and conditions of the funding, to immediately:",0
14292,2025-08266,Office of Science and Technology Policy (OSTP),revise or replace the 2024 Dual‑Use Research of Concern policy,"Within 120 days of the date of this order, the Director of OSTP, pursuant to 42 U.S.C. 6627 and in coordination with the APNSA and the heads of relevant agencies, shall revise or replace the 2024 ``United States Government Policy for Oversight of Dual Use Research of Concern and Pathogens with Enhanced Pandemic Potential'' to:",0
14292,2025-08266,Office of Science and Technology Policy (OSTP),revise or replace the 2024 Nucleic Acid Synthesis Screening Framework,"Within 90 days of the date of this order, the Director of OSTP, in coordination with the APNSA and the heads of relevant agencies, shall revise or replace the 2024 ``Framework for Nucleic Acid Synthesis Screening'' (Framework) to ensure it takes a commonsense approach",0
14292,2025-08266,Office of Science and Technology Policy (OSTP),develop a strategy for non‑federally funded dangerous gain‑of‑function research,"Within 180 days of the date of this order, the Director of OSTP, in coordination with the Director of the Office of Management and Budget, the APNSA, the Assistant to the President for Domestic Policy, and the heads of other relevant agencies, shall develop and implement a strategy to govern, limit, and track dangerous gain‑of‑function research across the United States that occurs without Federal funding",0
14292,2025-08266,Office of Science and Technology Policy (OSTP),ensure reporting mechanism for dangerous gain‑of‑function research,"The Director of OSTP, in coordination with the APNSA and the heads of relevant agencies, shall ensure that the revised policy called for in section 4(a) of this order includes a mechanism whereby research institutions that receive Federal funding must report dangerous gain‑of‑function research",0
14293,2025-08267,Department of Health and Human Services / FDA Commissioner,review existing regulations and guidance related to domestic pharmaceutical manufacturing and eliminate duplicative or unnecessary requirements,"Within 180 days of the date of this order, the Secretary of Health and Human Services, through the Commissioner of Food and Drugs (FDA Commissioner), shall review existing regulations and guidance",0
14293,2025-08267,Environmental Protection Agency (EPA),serve as lead agency for permitting of pharmaceutical manufacturing facilities and coordinate a single point of contact,the EPA shall be the lead agency for the permitting of pharmaceutical manufacturing facilities,0
14293,2025-08267,Environmental Protection Agency (EPA) Administrator,update regulations and guidance that apply to inspection and approval of pharmaceutical manufacturing capacity,"Within 180 days of the date of this order, the Administrator of the Environmental Protection Agency (EPA) shall take action to update regulations and guidance",0
14293,2025-08267,FDA Commissioner,develop and advance improvements to the risk‑based inspection regime for overseas manufacturing facilities,"Within 90 days of the date of this order, the FDA Commissioner shall develop and advance improvements to the risk‑based inspection regime",0
14293,2025-08267,Secretary of the Army / Assistant Secretary of the Army for Civil Works,review nationwide permits to assess need for activity‑specific permits that facilitate pharmaceutical manufacturing,"Within 180 days of the date of this order, the Secretary of the Army, acting through the Assistant Secretary of the Army for Civil Works, shall review the nationwide permits issued under section 404 of the Clean Water Act … to determine whether an activity‑specific nationwide permit is needed",0
14294,2025-08681,All rulemaking agencies,Include a statement in every future NPRM or final rule that identifies it as a criminal regulatory offense and cites the authorizing statute.,"Following issuance of this order, all future notices of proposed rulemaking (NPRMs) and final rules published in the Federal Register, the violation of which may constitute criminal regulatory offenses, should include a statement identifying that the rule or proposed rule is a criminal regulatory offense and the authorizing statute.",0
14294,2025-08681,All rulemaking agencies,Treat strict‑liability criminal regulatory offenses as significant regulatory actions and submit them to OIRA for review under EO 12866.,"Any proposed or final criminal regulatory offense that includes a strict liability mens rea for the offense shall be treated as a “significant regulatory action” and submitted to the Administrator of the Office of Information and Regulatory Affairs for the review applicable to significant regulatory actions under Executive Order 12866 of September 30, 1993 (Regulatory Planning and Review), or any successor process.",0
14294,2025-08681,Each federal agency (heads),"Submit a report to OMB listing all criminal regulatory offenses enforceable by the agency or the Department of Justice, including penalties and mens‑rea standards.","Within 365 days of the date of this order, the head of each agency, in consultation with the Attorney General, shall provide to the Director of the Office of Management and Budget (OMB) a report containing:",0
14294,2025-08681,Each federal agency (heads),Update the criminal‑regulatory‑offense report at least annually.,"shall periodically, but not less than once a year, update the report described in subsection (a) of this section.",0
14294,2025-08681,Each federal agency (heads),Publish guidance in the Federal Register outlining how the agency will address criminal regulatory offenses.,"Within 45 days of the date of this order, and in consultation with the Attorney General, each agency should publish guidance in the Federal Register describing its plan to address criminally liable regulatory offenses.",0
14294,2025-08681,Each federal agency (heads),Submit to OMB a mens‑rea assessment report within 30 days after the agency’s Section 4(a) report.,"Within 30 days of the submission of the report described in section 4(a) of this order, the head of each agency, in consultation with the Attorney General, shall submit a report to the Director of OMB summarizing the information submitted under section 4(a) of this order and assessing whether the applicable mens rea standards for criminal regulatory offenses enforced by the agency are appropriate.",0
14295,2025-08682,National Archives and Records Administration (Archivist),work with the Director of the Government Publishing Office to reduce publication delays,"The Archivist of the United States (Archivist), acting through the Office of the Federal Register, shall work with the Director of the Government Publishing Office to reduce publication delays to the greatest extent feasible",0
14295,2025-08682,National Archives and Records Administration (Archivist),submit a report to OMB on average publication times,"Within 15 days of the date of this order, the Archivist, acting through the Office of the Federal Register, shall submit a report to the Director of the Office of Management and Budget (OMB) reflecting average publication times for different categories of documents.",0
14295,2025-08682,National Archives and Records Administration (Archivist),review fee schedules and ensure fees reflect actual costs,"Within 45 days of the date of this order, the Archivist, acting through the Office of the Federal Register, shall review the fee schedules for publication in the Federal Register and, working with the Director of the Government Publishing Office, take steps to ensure that fees are based on the actual costs of",1
14295,2025-08682,National Archives and Records Administration (Archivist),file a report with OMB calculating fee‑schedule percentage differences,shall promptly file a report with the Director of OMB calculating the percentage difference in fees between any proposed new fee schedule and the prior one.,0
14295,2025-08682,National Archives and Records Administration (Archivist),submit a second report to OMB on average publication times for July 15‑August 15 2025,"No later than August 22, 2025, the Archivist, acting through the Office of the Federal Register, shall submit a second report to the Director of OMB reflecting average publication times between July 15, 2025, and August 15, 2025, for the same categories of documents on which the Office of the Federal Register reported under subsection (b) of this section.",0
14296,2025-08683,Department of Veterans Affairs,establish a new national center for homeless veterans,designate a National Center for Warrior Independence on the West Los Angeles VA Campus,0
14296,2025-08683,Department of Veterans Affairs,"submit a plan to house up to 6,000 homeless veterans by Jan 1 2028","within 120 days of the date of this order, present an action plan to the President",0
14297,2025-08876,Secretary of Commerce and United States Trade Representative,take all necessary and appropriate action to prevent foreign discriminatory practices that affect U.S. drug pricing,"The Secretary of Commerce and the United States Trade Representative shall take all necessary and appropriate action to ensure foreign countries are not engaged in any act, policy, or practice that may be unreasonable or discriminatory …",0
14297,2025-08876,Secretary of Health and Human Services,facilitate direct‑to‑consumer purchasing programs at most‑favored‑nation price,the Secretary of Health and Human Services (Secretary) shall facilitate direct‑to‑consumer purchasing programs for pharmaceutical manufacturers that sell their products to American patients at the most‑favored‑nation price.,0
14297,2025-08876,Secretary of Health and Human Services,communicate most‑favored‑nation price targets to manufacturers,"Within 30 days of the date of this order, the Secretary shall, in coordination with the Assistant to the President for Domestic Policy, the Administrator for the Centers for Medicare and Medicaid Services, and other relevant executive department and agency",1
14298,2025-09297,Assistant to the President for Economic Policy (in consultation),implement_and_effectuate_order,are directed to take all necessary actions to implement and effectuate this order,0
14298,2025-09297,Assistant to the President for National Security Affairs (in consultation),implement_and_effectuate_order,are directed to take all necessary actions to implement and effectuate this order,0
14298,2025-09297,Chair of the United States International Trade Commission (in consultation),implement_and_effectuate_order,are directed to take all necessary actions to implement and effectuate this order,0
14298,2025-09297,Secretary of Commerce,implement_and_effectuate_order,are directed to take all necessary actions to implement and effectuate this order,0
14298,2025-09297,Secretary of Homeland Security,implement_and_effectuate_order,are directed to take all necessary actions to implement and effectuate this order,0
14298,2025-09297,Secretary of State (in consultation),implement_and_effectuate_order,are directed to take all necessary actions to implement and effectuate this order,0
14298,2025-09297,Secretary of the Treasury (in consultation),implement_and_effectuate_order,are directed to take all necessary actions to implement and effectuate this order,0
14298,2025-09297,Senior Counselor to the President for Trade and Manufacturing (in consultation),implement_and_effectuate_order,are directed to take all necessary actions to implement and effectuate this order,0
14298,2025-09297,United States Trade Representative,implement_and_effectuate_order,are directed to take all necessary actions to implement and effectuate this order,0
14299,2025-09796,Secretary of Defense,designate the Secretary of the Army as executive agent for nuclear‑energy programs,The Secretary of Defense shall designate the Secretary of the Army as the executive agent for both installation and operational nuclear energy across the Department of Defense.,0
14299,2025-09796,Secretary of Defense,prepare and submit legislative and regulatory recommendations,"Within 240 days of the date of this order, the Secretary of Defense shall, in coordination with the Secretary of Energy, the Director of the Office of Management and Budget (OMB), and the Secretaries of the military departments, prepare and submit to the Assistant to the President for National Security Affairs recommendations for legislative proposals and regulatory actions regarding the distribution, operation, replacement, and removal of advanced nuclear reactors and spent nuclear fuel on military installations.",0
14299,2025-09796,Secretary of Defense,prioritize security clearances for nuclear‑energy technologies,"The Secretary of Defense, through the Defense Counterintelligence and Security Agency and in consultation with the Secretary of Energy, shall prioritize the issuance as appropriate of Department of Energy and Department of Defense security clearances ... to support the rapid distribution and use of nuclear energy and fuel cycle technologies.",0
14299,2025-09796,Secretary of Defense (through the Secretary of the Army),establish a program of record for nuclear‑energy utilization at installations,"The Secretary of Defense, through the Secretary of the Army, shall establish a program of record for the utilization of nuclear energy for both installation energy and operational energy.",0
14299,2025-09796,Secretary of Defense (through the Secretary of the Army),commence operation of a nuclear reactor at a domestic military base,"The Secretary of Defense, through the Secretary of the Army, shall commence the operation of a nuclear reactor, regulated by the United States Army, at a domestic military base or installation no later than September 30, 2028.",0
14299,2025-09796,Secretary of Energy,provide technical advice to the Secretary of Defense on advanced nuclear reactors,"The Secretary of Energy shall provide technical advice, as requested, to the Secretary of Defense on the design, construction, and operation of any advanced nuclear reactor on a military installation pursuant to this order.",0
14299,2025-09796,Secretary of Energy,designate DOE sites for advanced nuclear reactor deployment,"Within 90 days of the date of this order, the Secretary of Energy shall designate one or more sites owned or controlled by the Department of Energy within the United States, including national laboratories, for the use and deployment of advanced nuclear reactor technologies.",0
14299,2025-09796,Secretary of Energy,"site, approve, and authorize privately funded advanced nuclear reactors at DOE sites","The Secretary of Energy shall utilize all available legal authorities to site, approve, and authorize the design, construction, and operation of privately funded advanced nuclear reactor technologies at Department of Energy‑owned or controlled sites for the purpose of powering AI infrastructure, other critical or national security needs, supply chain items, or on‑site infrastructure.  The Secretary of Energy shall prioritize early site preparation and authorization activities with a goal of operating an advanced nuclear reactor at the first site no later than 30 months from the date of this order.",0
14299,2025-09796,Secretary of Energy,identify uranium and plutonium material for reactor fuel,"Within 90 days of the date of this order, the Secretary of Energy shall identify all useful uranium and plutonium material within the Department of Energy's inventories that may be recycled or processed into nuclear fuel for reactors in the United States.",0
14299,2025-09796,Secretary of Energy,release at least 20 metric tons of HALEU into a fuel bank,The Secretary of Energy shall release into a readily available fuel bank not less than 20 metric tons of high assay low‑enriched uranium (HALEU) for any project from the private sector which receives authorization to construct and operate at a Department of Energy‑owned or controlled site and that is regulated by the Department of Energy for the purpose of powering AI and other infrastructure.,0
14299,2025-09796,Secretary of State,advise the Secretary of Defense on international legal requirements,"The Secretary of State shall provide advice to the Secretary of Defense on any international legal requirements, or any necessary modification to international agreements or arrangements, relevant to this order.",0
14299,2025-09796,Secretary of State,lead diplomatic engagement for 123 Agreements and promote U.S. nuclear exports,"The Secretary of State or the Secretary of State's designee shall: (i) lead diplomatic engagement and negotiations for Agreements for Peaceful Nuclear Cooperation pursuant to section 123 of the Atomic Energy Act of 1954, 42 U.S.C. 2153 (123 Agreements); (ii) aggressively pursue at least 20 new 123 Agreements by the close of the 120th Congress to enable the United States nuclear industry to access new markets in partner countries; (iii) aggressively renegotiate 123 Agreements set to expire within the next decade; (iv) fully leverage the resources of the Federal Government to promote the United States nuclear industry in the development of commercial civil nuclear projects globally; and (v) lead engagement with the Congress regarding the progress and reporting of negotiating 123 Agreements.",0
14300,2025-09798,Nuclear Regulatory Commission,establish a dedicated team of at least 20 officials,create a dedicated team of at least 20 officials to draft the new regulations directed by section 5 of this order,0
14300,2025-09798,Nuclear Regulatory Commission,publish proposed‑rulemaking notice,issue notice(s) of proposed rulemaking effecting this revision within 9 months of the date of this order,0
14300,2025-09798,Nuclear Regulatory Commission,publish final rules and guidance,final rules and guidance to conclude this revision process within 18 months of the date of this order,0
14300,2025-09798,Nuclear Regulatory Commission,set 18‑month deadline for new‑reactor licensing decisions,a deadline of no more than 18 months for final decision on an application to construct and operate a new reactor of any type,0
14300,2025-09798,Nuclear Regulatory Commission,set 1‑year deadline for existing‑reactor licensing decisions,a deadline of no more than 1 year for final decision on an application to continue operating an existing reactor of any type,0
14301,2025-09799,Department of Energy – Secretary of Energy,issue guidance on qualified test reactors (report/guidance issuance).,"Within 60 days of the date of this order, the Secretary shall issue guidance regarding what counts as a qualified test",1
14301,2025-09799,Department of Energy – Secretary of Energy,revise regulations and procedures to expedite advanced‑reactor review and deployment (report/study directive).,"Within 90 days of the date of this order, the Secretary shall take appropriate action to revise the regulations, guidance, and procedures",1
14301,2025-09799,Department of Energy – Secretary of Energy,create a multi‑agency review team (creates_body).,"the Secretary shall establish a team consisting of representatives from the Secretary's office, the relevant National Laboratory or Laboratories, the Department's Office of General Counsel, and any other entities within the Department that possess the authority to deconflict, oppose, or approve the application.",0
14301,2025-09799,Department of Energy – Secretary of Energy,"establish a pilot program and approve three reactors, targeting criticality by 4 July 2026 (creates_body, deadline).","The Secretary shall create a pilot program for reactor construction and operation outside the National Laboratories ... The Secretary shall approve at least three reactors ... with the goal of achieving criticality in each of the three reactors by July 4, 2026.",0
14301,2025-09799,Department of Energy – Secretary of Energy,"reform NEPA‑related rules by 30 June 2025 (directs_report_or_study, deadline).","The Secretary shall, in consultation with the Chair of the Council on Environmental Quality, take action to reform the Department's rules governing compliance with the National Environmental Policy Act (NEPA) no later than June 30,",1
14301,2025-09799,Department of Energy – Secretary of Energy,use all available authorities to streamline environmental reviews (delegates_authority).,"The Secretary shall, consistent with applicable law, use all available authorities to eliminate or expedite the Department's environmental reviews for authorizations, permits, approvals, leases, and any other activity requested by an applicant or potential applicant.",0
14302,2025-09801,Secretary of Energy,prepare and submit to the President a report on spent nuclear fuel management and advanced fuel cycle capabilities,"shall prepare and submit to the President, through the Chair of the National Energy Dominance Council and the Director of the Office of Science and Technology Policy, a report",0
14302,2025-09801,Secretary of Energy,develop a plan to expand domestic uranium conversion and enrichment capacity,shall develop a plan to expand domestic uranium conversion capacity and expand enrichment capabilities,0
14302,2025-09801,Secretary of Energy,halt the surplus plutonium dilute and dispose program,shall halt the surplus plutonium dilute and dispose program,0
14302,2025-09801,Secretary of Energy,establish a program to dispose of surplus plutonium for advanced nuclear fuel fabrication,shall establish a program to dispose of surplus plutonium by processing and making it available to industry,0
14302,2025-09801,Secretary of Energy,update DOE's excess uranium management policy,shall update the Department of Energy's excess uranium management policy,0
14302,2025-09801,Secretary of Energy,utilize authority under the Defense Production Act to seek voluntary agreements with domestic nuclear energy companies,shall utilize the authority ... to seek voluntary agreements pursuant to section 708 of the DPA with domestic nuclear energy companies,0
14302,2025-09801,Secretary of Energy,take necessary steps under the DPA for the Secretary of Energy to form agreements,shall take all necessary and appropriate steps ... for the Secretary of Energy to form agreements,0
14302,2025-09801,Secretary of Energy,prioritize work to achieve 5 GW uprates and 10 new reactor designs by 2030,shall prioritize work with the nuclear energy industry to facilitate 5 gigawatt of power uprates ... and have 10 new large reactors with complete designs under construction by 2030,0
14302,2025-09801,Secretary of Energy,coordinate with the Secretary of Defense to assess feasibility of repurposing closed nuclear plants as energy hubs,shall also coordinate with the Secretary of Defense to assess the feasibility of restarting or repurposing closed nuclear power plants as energy hubs,0
14302,2025-09801,Secretary of Energy,increase access to DOE National Laboratory R&D infrastructure and expertise for students and DoD personnel,"shall take steps to increase access to research and development infrastructure, workforce, and expertise at Department of Energy National Laboratories for college and university students",0
14302,2025-09801,Secretary of Labor and Secretary of Education,increase participation in nuclear energy-related apprenticeships and career‑technical education programs,shall seek to increase participation in nuclear energy-related Registered Apprenticeships and Career and Technical Education programs,0
14303,2025-09802,All agency heads,report implementation actions to the OSTP Director,"Within 60 days of the publication of the guidance prescribed in section 3(a), agency heads shall report to the OSTP Director on the actions taken to implement Gold Standard Science at their agency.",0
14303,2025-09802,All agency heads and employees,"adhere to new rules on scientific data use, interpretation, and communication","No later than 30 days after the date of this order, agency heads and employees shall adhere to the following rules governing the use, interpretation, and communication of scientific data, unless otherwise provided by law:",0
14303,2025-09802,Office of Science and Technology Policy (OSTP),issue guidance on Gold Standard Science,"Within 30 days of the date of this order, the Director of the Office of Science and Technology Policy (OSTP Director) shall, in consultation with the heads of relevant agencies, issue guidance for agencies on implementation of “Gold Standard Science” in the conduct and management of their respective scientific activities.",0
14304,2025-10800,Department of Transportation (Secretary of Transportation),engage ICAO and foreign partners to align supersonic regulatory approaches,"The Secretary of Transportation, acting through the Administrator of the FAA, ... shall engage the International Civil Aviation Organization and key foreign partners to seek global alignment regarding supersonic regulatory approaches",0
14304,2025-10800,Federal Aviation Administration (FAA),repeal the prohibition on overland supersonic flight in 14 CFR 91.817,"The Administrator of the Federal Aviation Administration (FAA) shall take the necessary steps, including through rulemaking, to repeal the prohibition on overland supersonic flight in 14 CFR 91.817 within 180 days of the date of this order",0
14304,2025-10800,Federal Aviation Administration (FAA),issue a Notice of Proposed Rulemaking for a supersonic‑aircraft noise certification standard,"Within 18 months of the date of this order, the Administrator of the FAA shall issue a Notice of Proposed Rulemaking (NPRM) to establish a standard for supersonic aircraft noise certification under 14 CFR Part 36 and amend 14 CFR 91.817",0
14304,2025-10800,Federal Aviation Administration (FAA),issue a final rule implementing the NPRM,Any final rule in connection with the NPRM shall be issued within 24 months of the date of this order,0
14304,2025-10800,Office of Science and Technology Policy (OSTP),coordinate supersonic research and development through the NSTC,"The Director of the Office of Science and Technology Policy (OSTP) shall, in consultation with the heads of relevant executive departments and agencies (agencies), ... coordinate supersonic research and development through the National Science and Technology Council",0
14305,2025-10803,All executive departments and agencies,delegates_authority,"executive departments and agencies shall use all available existing authorities to employ equipment to detect, track, and identify drones and drone signals",0
14305,2025-10803,Attorney General; Secretary of Defense; Secretary of Transportation (FAA); Secretary of Homeland Security; OMB Director; FCC Chair,delegates_authority,"the Attorney General, in coordination with the Secretary of Defense; the Secretary of Transportation, acting through the Administrator of the FAA; ... shall promptly take all appropriate steps to implement the recommendations of the March 2022 Feasibility Report",0
14305,2025-10803,Attorney General; Secretary of Transportation; Secretary of Homeland Security; FCC Chair,delegates_authority,"within 30 days of the date of this order, the Attorney General, the Secretary of Transportation, the Secretary of Homeland Security, and the Chairman of the Federal Communications Commission shall revise the August 2020 ""Advisory",1
14305,2025-10803,Department of Homeland Security – Secretary; Department of Justice – Attorney General,delegates_authority,"within 90 days of the date of this order, the Secretary of Homeland Security and the Attorney General ... shall submit a recommendation to the President ... on whether ... should be designated as covered facilities",0
14305,2025-10803,Department of Homeland Security – Secretary; Federal Aviation Administration – Administrator,delegates_authority,"within 60 days of the date of this order, the Secretary of Homeland Security and the Administrator of the FAA ... shall publish guidance to aid private critical infrastructure owners or operators",0
14305,2025-10803,Department of Justice – Attorney General,delegates_authority,"the Attorney General, in coordination with the Administrator of the FAA, shall take appropriate steps to ensure full enforcement of applicable civil and criminal laws",0
14305,2025-10803,Department of Justice – Attorney General; Department of Homeland Security – Secretary,delegates_authority,"within 30 days of the date of this order, ... the Attorney General and the Secretary of Homeland Security shall ensure that their respective departments' grant programs permit ... agencies to receive grants to purchase UAS or equipment",0
14305,2025-10803,Department of Justice – Attorney General; Department of Homeland Security – Secretary,delegates_authority,"within 30 days of the date of this order, the Attorney General and the Secretary of Homeland Security shall explore integrating counter‑UAS operational responses as part of Joint Terrorism Task Forces",0
14305,2025-10803,Executive Office of the President – Assistant to the President for National Security Affairs (APNSA) (chair),create_task_force,there is hereby established the Federal Task Force to Restore American Airspace Sovereignty (Task Force).,0
14305,2025-10803,Federal Aviation Administration (FAA),delegates_authority,The Administrator of the Federal Aviation Administration (FAA) shall: (a) ... promptly submit a notice of proposed rulemaking (NPRM) to the Office of Management and Budget (OMB) and the Task Force,0
14305,2025-10803,Federal Aviation Administration (FAA),delegates_authority,"within 180 days of the date of this order, make freely available online Notices to Airmen (NOTAMs) and Temporary Flight Restrictions (TFRs) in an open format",0
14305,2025-10803,Federal Aviation Administration (FAA),delegates_authority,"within 60 days of the date of this order, the Administrator of the FAA shall provide ... automated real‑time access to personal identifying information ... to appropriate executive departments and agencies",0
14306,2025-10804,Agency members of the FAR Council,"amend the FAR to require vendors of consumer IoT products to carry United States Cyber Trust Mark labeling by January 4, 2027","Within 1 year of the date of this order, agency members of the FAR Council shall ... amend the FAR to adopt requirements for agencies to, by January 4, 2027, require vendors ... to carry United States Cyber Trust Mark labeling for those products",0
14306,2025-10804,Director of OMB,issue guidance revising OMB Circular A-130 to address critical cyber risks and modernize federal information system architectures,"Within 3 years of the date of this order, the Director of OMB shall issue guidance, including any necessary revision to OMB Circular A-130, to address critical risks and adapt modern practices and architectures across Federal information systems and networks",0
14306,2025-10804,Director of the National Security Agency and Director of OMB,"issue requirements for agencies to adopt TLS 1.3 or a successor version no later than January 2, 2030","By December 1, 2025, ... shall each issue requirements for agencies to support ... not later than January 2, 2030, Transport Layer Security protocol version 1.3 or a successor version",0
14306,2025-10804,"Secretary of Commerce (via NIST), Secretary of Energy, Secretary of Homeland Security (Under Secretary for Science and Technology), Director of NSF",ensure existing cyber‑defense research datasets are accessible to the broader academic community,"By November 1, 2025, the Secretary of Commerce, acting through the Director of NIST; the Secretary of Energy; the Secretary of Homeland Security, acting through the Under Secretary for Science and Technology; and the Director of the National Science Foundation shall ensure that existing datasets for cyber defense research have been made accessible to the broader academic research community",0
14306,2025-10804,"Secretary of Commerce (via NIST), Secretary of Homeland Security (via CISA), Director of OMB","establish a pilot program for rules‑as‑code, creating machine‑readable policy and guidance","Within 1 year of the date of this order, the Secretary of Commerce, acting through the Director of NIST; the Secretary of Homeland Security, acting through the Director of CISA; and the Director of OMB shall establish a pilot program of a rules‑as‑code approach for machine‑readable versions of policy and guidance",0
14306,2025-10804,"Secretary of Commerce, acting through the Director of NIST",establish a consortium with industry at the National Cybersecurity Center of Excellence to develop guidance on secure software development,"By August 1, 2025, the Secretary of Commerce, acting through the Director of NIST, shall establish a consortium with industry at the National Cybersecurity Center of Excellence to develop guidance",0
14306,2025-10804,"Secretary of Commerce, acting through the Director of NIST",update NIST SP 800-53 to provide guidance on secure and reliable patch and update deployment,"By September 2, 2025, the Secretary of Commerce, acting through the Director of NIST, shall update NIST Special Publication 800-53 ... to provide guidance on how to securely and reliably deploy patches and updates",0
14306,2025-10804,"Secretary of Commerce, acting through the Director of NIST",develop and publish a preliminary update to the Secure Software Development Framework,"By December 1, 2025, the Secretary of Commerce, acting through the Director of NIST,",1
14306,2025-10804,"Secretary of Defense, Secretary of Homeland Security, Director of National Intelligence",incorporate management of AI software vulnerabilities into agency processes and coordination mechanisms,"By November 1, 2025, the Secretary of Defense, the Secretary of Homeland Security, and the Director of National Intelligence, ... shall incorporate management of AI software vulnerabilities and compromises into their respective agencies' existing processes",0
14306,2025-10804,"Secretary of Homeland Security, acting through the Director of CISA",release and regularly update a list of product categories supporting post‑quantum cryptography,"By December 1, 2025, the Secretary of Homeland Security, acting through the Director of the Cybersecurity and Infrastructure Security Agency (CISA), and in consultation with the Director of the National Security Agency, shall release and thereafter regularly update a list of product categories in which products that support post‑quantum cryptography (PQC) are widely available",0
14307,2025-10814,Federal Acquisition Security Council,publish a Covered Foreign Entity List within 30 days,the Federal Acquisition Security Council shall publish a Covered Foreign Entity List,1
14307,2025-10814,Secretary of Commerce,secure the U.S. drone supply chain within 90 days,"the Secretary of Commerce shall take actions, including proposing rulemaking and conducting investigations, to secure the United States drone supply chain ... within 90 days",0
14307,2025-10814,Secretary of Commerce,amend export control regulations for civil UAS within 90 days,"the Secretary of Commerce, in coordination with the Secretary of State, the Secretary of Defense, and the Secretary of Energy, shall review and, as",1
14307,2025-10814,Secretary of Defense,coordinate with Transportation to streamline airspace approvals for UAS training within 90 days,the Secretary of Defense shall coordinate with the Secretary of Transportation,1
14307,2025-10814,Secretary of Defense,task military departments to identify UAS substitution opportunities and report within 90 days,the Secretary of Defense shall task the Secretary of each military department to identify programs that would be more cost efficient or lethal if replaced by UAS and shall submit a report to the President through the APNSA,1
14307,2025-10814,Secretary of Transportation,submit initial eIPP implementation report within 180 days after pilot selection,the Secretary of Transportation shall submit an initial implementation report to the President through the Director of OSTP,1
14307,2025-10814,Secretary of Transportation (FAA),issue a proposed rule enabling routine BVLOS operations for UAS within 30 days,"the Secretary of Transportation, acting through the Administrator of the FAA, shall issue a",1
14307,2025-10814,Secretary of Transportation (FAA),publish an updated UAS integration roadmap within 240 days,"the Secretary of Transportation, acting through the Administrator of the FAA, shall publish an updated roadmap for the integration of civil UAS into the National Airspace System",1
14307,2025-10814,Secretary of Transportation (FAA),establish clear BVLOS performance and safety metrics within 30 days,"the Secretary of Transportation, acting through the Administrator of the FAA, shall establish clear metrics for assessing the performance and safety of BVLOS operations",1
14307,2025-10814,Secretary of Transportation (FAA),identify regulatory barriers to BVLOS implementation within 180 days,"the Secretary of Transportation, acting through the Administrator of the FAA, shall",1
14307,2025-10814,Secretary of Transportation (FAA),deploy AI tools for UAS waiver review within 120 days,"the Secretary of Transportation, acting through the Administrator of the FAA, shall initiate the deployment of artificial intelligence (AI) tools to assist in",1
14307,2025-10814,Secretary of Transportation (FAA),explore options to exempt UAS flights from manned‑aircraft international navigation requirements,"the Secretary of Transportation, acting through the Administrator of the FAA, shall immediately explore options to ensure that UAS flights ... can operate without being subject to the onerous requirements applicable to manned aircraft",0
14307,2025-10814,Secretary of Transportation (FAA),ensure full utilization of FAA UAS Test Ranges,"the Secretary of Transportation, acting through the Administrator of the FAA, shall ensure all FAA UAS Test Ranges are fully utilized to support",1
14307,2025-10814,Secretary of Transportation (FAA),issue public RFP for eIPP pilots within 90 days,"the Secretary of Transportation, acting through the Administrator of the FAA, shall issue a public request for proposals to State, local, tribal, and territorial governments",1
14307,2025-10814,Secretary of Transportation (FAA),select at least five eIPP pilot projects within 180 days of the RFP,"the Secretary of Transportation, acting through the Administrator of the FAA, shall select at least five pilot projects",1
14307,2025-10814,Secretary of Transportation (FAA) and OSTP,establish the eVTOL Integration Pilot Program (eIPP),"the Secretary of Transportation, acting through the Administrator of the FAA, and in coordination with the Director of OSTP, shall establish the eVTOL Integration Pilot Program (eIPP) as an extension of the BEYOND program",0
14308,2025-11358,Administrator of the Environmental Protection Agency,review and possibly modify or rescind federal rules that hinder prescribed fire use,"shall consider modifying or rescinding, as consistent with applicable law, Federal rules or policies that impede the use of appropriate, preventative prescribed fires",0
14308,2025-11358,"Secretary of Agriculture and the Administrator of the Environmental Protection Agency, in consultation with the Secretary of the Interior",review and possibly modify or rescind federal rules that limit fire‑retardant use,"shall consider modifying or rescinding, as consistent with applicable law, Federal rules or policies hindering the appropriate use of fire retardant to fight wildfires",0
14308,2025-11358,"Secretary of Agriculture, in consultation with the Secretary of the Interior",promote innovative uses of woody biomass and forest products for fuel‑load reduction,"shall consider promoting, assisting, and facilitating, as consistent with applicable law, innovative uses of woody biomass and forest products to reduce fuel loads in areas at risk of wildfires",0
14308,2025-11358,Secretary of Defense,assess and prioritize sale of excess aircraft/parts for wildfire mitigation,"shall evaluate and, as appropriate and consistent with applicable law, prioritize the sale of excess aircraft and aircraft parts to support wildfire mitigation and response",0
14308,2025-11358,Secretary of the Interior and the Secretary of Agriculture,"consolidate wildland fire programs, offices, coordinating bodies, programs, budgets, procurement processes, and research",consolidate their wildland fire programs to achieve the most efficient and effective use of wildland fire offices,0
14308,2025-11358,"Secretary of the Interior and the Secretary of Agriculture, in consultation with the Secretary of Commerce and the heads of agencies represented at the National Interagency Fire Center","identify and consider revising rules that hinder wildfire prevention, detection, or response","Identify rules that impede wildfire prevention, detection, or response and consider eliminating or revising those rules, as consistent with applicable law",0
14308,2025-11358,"Secretary of the Interior and the Secretary of Agriculture, in consultation with the Secretary of Commerce and the heads of agencies represented at the National Interagency Fire Center",create performance metrics for wildfire response to be included in strategic and annual plans,"Develop performance metrics for wildfire response, including metrics related to average response times, annual fuels treatments, safety and cost effectiveness, and other subjects",0
14308,2025-11358,"Secretary of the Interior and the Secretary of Agriculture, in consultation with the Secretary of Commerce and the heads of executive departments and agencies represented at the National Interagency Fire Center","create a technology roadmap for AI, data sharing, modeling, mapping, and fire‑ignition forecasting","develop a comprehensive technology roadmap, in consultation with the Director of the Office of Science and Technology Policy (OSTP), to increase wildfire firefighting capabilities",0
14308,2025-11358,"Secretary of the Interior and the Secretary of Agriculture, in consultation with the Secretary of Homeland Security","expand and strengthen partnerships, agreements, compacts, and mutual aid capabilities for wildfire risk reduction and response","expand and strengthen the use of partnerships, agreements, compacts, and mutual aid capabilities that empower Federal, State, local, tribal, and community‑driven land management",0
14309,2025-11473,Department of Commerce,publish notice modifying the HTSUS,"the Secretary of Commerce (Secretary), in consultation with the United States International Trade Commission (ITC) and U.S. Customs and Border Protection (CBP), shall publish a notice in the Federal Register modifying the HTSUS consistent with this section, if necessary.",0
14310,2025-11682,Department of Justice,issue written guidance,The Attorney General shall take all appropriate action to issue written guidance to implement the provisions of subsection (a) of this section.,0
14310,2025-11682,Department of Justice,issue letters to providers,The Attorney General shall further issue a letter to each provider stating that there has been no violation of the statute and that there is no liability for any conduct that occurred during the above‑specified period,0
14311,2025-12505,White House Office for Special Peace Missions,establishes,the Office for Special Peace Missions is hereby established within the White House Office.,0
14312,2025-12506,Secretary of Commerce,implement order,"The Secretary of State, the Secretary of the Treasury, and the Secretary of Commerce, as appropriate, are hereby authorized to take such actions",0
14312,2025-12506,Secretary of State,implement order,"The Secretary of State, the Secretary of the Treasury, and the Secretary of Commerce, as appropriate, are hereby authorized to take such actions",0
14312,2025-12506,Secretary of the Treasury,implement order,"The Secretary of State, the Secretary of the Treasury, and the Secretary of Commerce, as appropriate, are hereby authorized to take such actions",0
14314,2025-12775,Department of the Interior – Secretary of the Interior,develop a strategy to increase revenue by raising entrance and recreation‑pass fees for non‑residents,The Secretary of the Interior shall develop a strategy to increase revenue and improve the recreational experience at national parks by appropriately increasing entrance fees and recreation pass fees for nonresidents,0
14314,2025-12775,Department of the Interior – Secretary of the Interior,spend the additional fee revenue on park infrastructure and visitor‑experience improvements,"The Secretary of the Interior shall use any increased fee revenue generated pursuant to subsection (a) of this section to improve the infrastructure of, or otherwise enhance enjoyment of or access to, America's Federal recreational areas",0
14314,2025-12775,Department of the Interior – Secretary of the Interior,"review and, if needed, rescind or modify interior rules that restrict recreation in national parks",The Secretary of the Interior shall review all of the Department of the Interior's rules and policies related to public use of national parks and take actions consistent with applicable law to ensure that the National Park Service manages national parks consistent with the policy of this order,0
14314,2025-12775,Department of the Interior – Secretary of the Interior (with Secretary of Agriculture),raise the price of the America the Beautiful Pass for non‑residents,"The Secretary of the Interior, working with the Secretary of Agriculture as appropriate, shall take steps to increase the prices at which the America the Beautiful Pass ... are sold to nonresidents",0
14315,2025-12961,Department of the Interior,review and revise regulations that preferentially treat wind and solar facilities,"the Secretary of the Interior shall conduct a review of regulations, guidance, policies, and practices ... to determine whether any provide preferential treatment to wind and solar facilities",0
14315,2025-12961,Department of the Treasury,enforce termination of clean electricity production and investment tax credits for wind and solar facilities,the Secretary of the Treasury shall take all action as the Secretary of the Treasury deems necessary and appropriate to strictly enforce the termination of the clean electricity production and investment tax credits,0
14315,2025-12961,Department of the Treasury,implement enhanced Foreign Entity of Concern restrictions,the Secretary of the Treasury shall take prompt action as the Secretary of the Treasury deems appropriate and consistent with applicable law to implement the enhanced Foreign Entity of Concern restrictions,0
14315,2025-12961,Department of the Treasury and Department of the Interior,submit a joint report on actions taken to implement the order,"Within 45 days of the date of this order, the Secretary of the Treasury and the Secretary of the Interior shall submit a report to the President",0
14316,2025-12962,"Secretary of Commerce, Secretary of Homeland Security, United States Trade Representative, and others",implement and effectuate the order,"the Secretary of Commerce, the Secretary of Homeland Security, and the United States Trade Representative, as applicable, in consultation with the Secretary of State, the Secretary of the Treasury, the Assistant to the President for Economic Policy, the Senior Counselor for Trade and Manufacturing, the Assistant to the President for National Security Affairs, and the Chair of the International Trade Commission, are directed and authorized to take all necessary actions to implement and effectuate this order",0
14317,2025-13925,Director of the Office of Personnel Management,"adopt regulations necessary to implement the order, focusing on amendments to 5 CFR part 213",The Director of the Office of Personnel Management shall adopt such regulations as the Director determines may be necessary to implement this order,0
14317,2025-13925,Secretary of Veterans Affairs,consider whether prospective appointees would be suitable exponents of the President's policies,shall consider whether prospective appointees would be suitable exponents of the President's policies,0
14317,2025-13925,Secretary of Veterans Affairs,shall not take into account prospective appointees' political affiliation or political activity,shall not take into account prospective appointees' political affiliation or political activity,0
14318,2025-14212,Administrator of the Environmental Protection Agency (EPA),develop guidance to speed up environmental reviews for Brownfield and Superfund sites used by Qualifying Projects,"Within 180 days of the date of this order, the Administrator of the Environmental Protection Agency shall develop guidance to help expedite environmental reviews for qualified reuse and assist State governments and private parties to return such Brownfield Sites and Superfund Sites to productive use as expeditiously as possible",0
14318,2025-14212,Administrator of the Environmental Protection Agency (EPA),develop or modify regulations under major environmental statutes to speed permitting for Qualifying Projects,"The Administrator of the Environmental Protection Agency shall assist in expediting permitting on Federal and non‑Federal lands by developing or modifying regulations promulgated under the Clean Air Act (42 U.S.C. 7401 et seq.); the Clean Water Act (33 U.S.C. 1251 et seq.); the Comprehensive Environmental Response, Compensation, and Liability Act (42 U.S.C. 9601 et seq.); the Toxic Substances Control Act (15 U.S.C. 2601 et seq.); and other relevant applicable laws, in each case, that impact the development of Qualifying Projects",0
14318,2025-14212,All relevant agencies,identify existing categorical exclusions for Qualifying Projects and submit them to the Council on Environmental Quality,"Within 10 days of the date of this order, each relevant agency shall identify to the Council on Environmental Quality any categorical exclusions already established or adopted by such agency pursuant to the National Environmental Policy Act (NEPA)",0
14318,2025-14212,Executive Director of FPISC,publish qualifying projects on the FAST‑41 Permitting Dashboard within 30 days,"Within 30 days of receiving such agency notification, the Executive Director may publish Qualifying Projects on the Permitting Dashboard established under section 41003(b) of FAST‑41, including schedules for expedited review",0
14318,2025-14212,Executive Director of the Federal Permitting Improvement Steering Council (FPISC),designate qualifying projects as transparency projects under FAST‑41 within 30 days of notification,"The Executive Director (Executive Director) of the Federal Permitting Improvement Steering Council (FPISC) may, within 30 days of the date that a project is identified to FPISC by a relevant agency, designate a Qualifying Project as a transparency project pursuant to 42 U.S.C. 4370m-2(b)(2)(A)(iii) and section 41003 of the Fixing America's Surface Transportation Act (Public Law 114‑94, 129 Stat. 1312, 1747) (FAST‑41)",0
14318,2025-14212,Secretary of Commerce (with OSTP and other agencies),"launch an initiative to provide loans, loan guarantees, grants, tax incentives, and offtake agreements for Qualifying Projects","The Secretary of Commerce, in consultation with the Director of the Office of Science and Technology Policy (OSTP) and other relevant executive departments and agencies (agencies), shall launch an initiative to provide financial support for Qualifying Projects",0
14318,2025-14212,Secretary of the Army (via Assistant Secretary for Civil Works),review existing nationwide permits to assess need for activity‑specific permits for Qualifying Projects,"Within 180 days of the date of this order, the Secretary of the Army, acting through the Assistant Secretary of the Army for Civil Works, shall review the nationwide permits issued under section 404 of the Clean Water Act of 1972 (33 U.S.C. 1344) and section 10 of the Rivers and Harbors Appropriation Act of 1899 (33 U.S.C. 403) to determine whether an activity‑specific nationwide permit is needed",0
14319,2025-14217,Administrator for Federal Procurement Policy,consult with OMB in issuing guidance to agencies,in consultation with the Administrator for Federal Procurement Policy,0
14319,2025-14217,Administrator of General Services,consult with OMB in issuing guidance to agencies,the Administrator of General Services,0
14319,2025-14217,Agency heads,"include compliance terms in new LLM contracts, revise existing contracts, and adopt procedures to ensure LLMs comply with the Unbiased AI Principles","Each agency head shall, to the maximum extent consistent with applicable law",0
14319,2025-14217,Director of the Office of Management and Budget (OMB),issue guidance to agencies to implement section 3 of this order,shall issue guidance to agencies to implement section 3 of this order,0
14319,2025-14217,Director of the Office of Science and Technology Policy,consult with OMB in issuing guidance to agencies,the Director of the Office of Science and Technology Policy,0
14320,2025-14218,Department of Commerce,establish_and_implement_program,"the Secretary of Commerce shall, in consultation with the Secretary of State and the Director of the Office of Science and Technology Policy (OSTP), establish and implement the American AI Exports Program (Program)",0
14320,2025-14218,Department of Commerce,issue_public_call_for_proposals,The Secretary of Commerce shall issue a public call for proposals from industry‑led consortia for inclusion in the Program,0
14320,2025-14218,Economic Diplomacy Action Group (EDAG),coordinate_federal_financing_tools,The Economic Diplomacy Action Group (EDAG) ... shall coordinate mobilization of Federal financing tools in support of priority AI export packages,0
14320,2025-14218,President (delegated to SBA Administrator and OSTP Director),delegate_authority_to_appoint_EDAG_members,I delegate to the Administrator of the Small Business Administration and the Director of OSTP the authority ... to appoint senior officials ... to serve as members of the EDAG,0
14321,2025-14391,Attorney General,take appropriate action,"The Attorney General, in consultation with the Secretary of Health and Human Services, shall take appropriate action to:",0
14321,2025-14391,"Attorney General, Secretary of Health and Human Services, Secretary of Housing and Urban Development, Secretary of Transportation",assess discretionary grant programs,"The Attorney General, the Secretary of Health and Human Services, the Secretary of Housing and Urban Development, and the Secretary of Transportation shall take immediate steps to assess their discretionary grant programs",0
14321,2025-14391,Secretary of Health and Human Services,take appropriate action,The Secretary of Health and Human Services shall take appropriate action to:,0
14321,2025-14391,Secretary of Housing and Urban Development,require increased treatment conditions for assistance recipients,"The Secretary of Housing and Urban Development shall, as appropriate, take steps to require recipients of Federal housing and homelessness assistance to increase requirements",0
14322,2025-14392,Assistant to the President for Domestic Policy and Director of the White House Office of Public Liaison,consult the US Olympic and Paralympic Committee and other organizations on protecting the role of collegiate athletics in developing Olympic athletes,The Assistant to the President for Domestic Policy and the Director of the White House Office of Public Liaison shall consult the United States Olympic and Paralympic Committee … about safeguarding the integral role … that American collegiate athletics provide,0
14322,2025-14392,Attorney General and Chairman of the Federal Trade Commission,"review and, if needed, revise litigation positions, guidelines, policies, and develop a plan for future actions","Within 60 days of the date of this order,",1
14322,2025-14392,Attorney General and Chairman of the Federal Trade Commission,"stabilize and preserve college athletics via litigation, guidelines, policies, or other actions","The Attorney General and the Chairman of the Federal Trade Commission shall work to stabilize and preserve college athletics through litigation, guidelines, policies, or other actions",0
14322,2025-14392,"Secretary of Education (in consultation with the Attorney General, HHS Secretary, and FTC Chairman)","develop a plan to advance the policies set forth in subsections (a)-(c) of Sec. 2, using regulatory, enforcement, and litigation mechanisms","Within 30 days of the date of this order, the Secretary of Education, in consultation with the Attorney General, the Secretary of Health and Human Services, the Secretary of Education, and the Chairman of the Federal Trade Commission, shall develop a plan to advance the policies set forth in subsections (a)-(c)",0
14322,2025-14392,Secretary of Labor and National Labor Relations Board,determine and implement measures clarifying the status of collegiate athletes,The Secretary of Labor and the National Labor Relations Board shall determine and implement the appropriate measures with respect to clarifying the status of collegiate athletes,0
14323,2025-14896,Secretary of State,monitoring,"The Secretary of State shall monitor, and regularly consult with any senior official the Secretary of State deems appropriate on, the situation involving the Government of Brazil.",0
14324,2025-14897,Department of Homeland Security,implementation,the Secretary of Homeland Security is directed and authorized to take all necessary actions to implement and effectuate this order,0
14325,2025-14999,Secretary of Commerce and Secretary of Homeland Security,publish a bi‑annual list of countries and facilities used in circumvention schemes,"The Secretary of Commerce and the Secretary of Homeland Security, acting through the Commissioner of CBP, ... shall publish every 6 months a list of countries and specific facilities used in circumvention schemes",0
14325,2025-14999,Secretary of Homeland Security,continue to monitor and regularly consult with the Secretary of State and the Attorney General,"The Secretary of Homeland Security shall continue to monitor, and regularly consult with the Secretary of State, the Attorney General",0
14325,2025-14999,Secretary of Homeland Security,inform the President of any circumstances indicating need for further action,"The Secretary of Homeland Security shall inform the President of any circumstances that, in her opinion, might indicate the need for further action by the President",0
14325,2025-14999,Secretary of Homeland Security,inform the President whether Canada has taken adequate steps to alleviate the emergency,"The Secretary of Homeland Security shall also inform the President of any circumstance that, in her opinion, might indicate that the Government of Canada has taken adequate steps to alleviate the emergency declared in Executive Order 14193",0
14325,2025-14999,Secretary of Homeland Security,recommend additional action if Canada fails to address the illicit drug crisis or retaliates,"The Secretary of Homeland Security, in coordination with the Secretary of State, ... shall recommend additional action, if necessary, should the Government of Canada fail to take adequate steps to alleviate the illicit drug crisis or should the Government of Canada retaliate against the United States",0
14325,2025-14999,Secretary of Homeland Security,"determine and, if needed, modify the Harmonized Tariff Schedule through Federal Register notice","The Secretary of Homeland Security, in consultation with the United States International Trade Commission, shall determine whether any additional modifications to the HTSUS are necessary to effectuate this order and may make such modifications through notice in the Federal Register",0
14325,2025-14999,Secretary of Homeland Security,"take actions, adopt rules and regulations, and employ IEEPA powers to implement the order","The Secretary of Homeland Security, in consultation with the Secretary of the Treasury, the Attorney General, and the Secretary of Commerce, is hereby authorized to take such actions, including adopting rules and regulations, and to employ all powers granted to the President by IEEPA",0
14325,2025-14999,U.S. Customs and Border Protection,prohibit mitigation or remission of penalties on transshipped imports,"CBP shall not allow, consistent with applicable law, for mitigation or remission of the penalties assessed on imports found to be transshipped to evade applicable duties",0
14326,2025-15010,Secretary of Commerce,determine whether any additional modifications to the HTSUS are necessary and may make such modifications through notice in the Federal Register,"The Secretary of Commerce and the United States Trade Representative, in consultation with the Secretary of Homeland Security, acting through the Commissioner of U.S. Customs and Border Protection (CBP), and the Chair of the United States International Trade Commission, shall determine whether any additional modifications to the HTSUS are necessary to effectuate this order and may make such modifications through notice in the Federal Register.",0
14326,2025-15010,Secretary of Commerce and United States Trade Representative,publish every 6 months a list of countries and specific facilities used in circumvention schemes,The Secretary of Commerce and the United States Trade Representative shall,1
14327,2025-15011,Executive Office of the President,establish council,"There is hereby established the President's Council on Sports, Fitness, and Nutrition (Council).",0
14328,2025-15193,All agency heads serving as Task Force members,submit planning and activity reports to the Task Force by the stated deadline,"These reports shall be submitted to the Executive Director of the Task Force no later than October 1, 2025.",0
14328,2025-15193,Department of Homeland Security,"provides housing, funding, and administrative support for the Task Force","the Task Force shall be housed in the Department of Homeland Security, which shall provide funding and administrative support for the Task Force.",0
14328,2025-15193,President / Vice President,designates the President as Chair and the Vice President as Vice Chair of the Task Force,"The President shall serve as Chair of the Task Force, and the Vice President shall serve as Vice Chair.",0
14328,2025-15193,White House Task Force on the 2028 Summer Olympics,establishes a new inter‑agency task force to plan and execute the 2028 Summer Olympics,There is hereby established the White House Task Force on the 2028 Summer Olympics (Task Force).,0
14328,2025-15193,White House Task Force on the 2028 Summer Olympics,sets a fixed termination date for the Task Force,"The Task Force shall terminate on December 31, 2028, unless extended by the President.",0
14329,2025-15267,Secretary of Commerce,monitoring and recommendation,"The Secretary of Commerce, in coordination with the Secretary of State, the Secretary of the Treasury, and any other senior official the Secretary of Commerce deems appropriate, shall determine whether any other country is directly or indirectly importing Russian Federation oil.",0
14329,2025-15267,Secretary of State,recommendation,"The Secretary of State, in consultation with the Secretary of the Treasury, the Secretary of Commerce, the Secretary of Homeland Security, the United States Trade Representative, the Assistant to the President for National Security Affairs, the Assistant to the President for Economic Policy, and the Assistant to the President and Senior Counselor for Trade and Manufacturing, shall recommend to me additional action, if necessary",0
14329,2025-15267,Secretary of State,delegated authority,"The Secretary of State, in consultation with the Secretary of the Treasury, the Secretary of Commerce, the Secretary of Homeland Security, the United States Trade Representative, the Assistant to the President for National Security Affairs, the Assistant to the President for Economic Policy, and the Assistant to the President and Senior Counselor for Trade and Manufacturing, is hereby authorized to take such actions, including adopting rules and regulations, and to employ all powers granted to the President by IEEPA as may be necessary to implement this order.",0
14329,2025-15267,U.S. Customs and Border Protection,implementation,U.S. Customs and Border Protection may take any necessary or appropriate measure to administer a duty imposed by this order or any action taken pursuant to this order.,0
14330,2025-15340,Secretary of Labor,reexamine DOL guidance on fiduciary duties under ERISA as it relates to alternative‑asset funds,"Within 180 days of the date of this order, the Secretary of Labor (Secretary) shall reexamine the Department of Labor's past and present guidance regarding a fiduciary's duties under the Employee Retirement Income Security Act of 1974, as amended (ERISA) (29 U.S.C. 1104), in connection with making available to participants an asset allocation fund that includes investments in alternative assets.",0
14330,2025-15340,Secretary of Labor,"clarify DOL position on alternative assets and propose rules, regulations, or guidance for fiduciaries","Within 180 days of the date of this order, the Secretary shall further, as the Secretary deems appropriate and consistent with applicable law, seek to clarify the Department of Labor's position on alternative assets and the appropriate fiduciary process associated with offering asset allocation funds containing investments in alternative assets under ERISA.",0
14330,2025-15340,Securities and Exchange Commission (SEC),consider regulatory changes to facilitate alternative‑asset access for retirement‑plan participants,"The SEC shall, in consultation with the Secretary, consider ways to facilitate access to investments in alternative assets by participants in participant‑directed defined‑contribution retirement savings plans.",0
14331,2025-15341,Federal banking regulators,remove the use of reputation risk or equivalent concepts from guidance documents,"each appropriate Federal banking regulator shall, to the greatest extent permitted by law, remove the use of reputation risk",0
14331,2025-15341,Secretary of the Treasury,develop a comprehensive strategy to combat politicized or unlawful debanking,"the Secretary of the Treasury, in consultation with the Assistant to the President for Economic Policy, shall develop a comprehensive strategy",0
14331,2025-15341,Small Business Administration (SBA),give notice to all financial institutions it guarantees loans for,"The SBA shall, within 60 days of the date of this order, give notice to all financial institutions",0
14333,2025-15550,Attorney General,direct the Mayor regarding the emergency use of the Metropolitan Police,The authority of the President conferred by section 740(a) of the Home Rule Act to direct the Mayor with respect to the current special conditions of an emergency nature is delegated to the Attorney General.,0
14333,2025-15550,Attorney General,report to the President on the emergency conditions,The Attorney General shall regularly update me on the status of the special conditions of an emergency nature that exist in the District of Columbia that require the use of the Metropolitan Police force for Federal purposes.,0
14333,2025-15550,Mayor of the District of Columbia,provide Metropolitan Police services for Federal purposes,"Effective immediately, the Mayor of the District of Columbia (Mayor) shall provide the services of the Metropolitan Police force for Federal purposes for the maximum period permitted under section 740 of the Home Rule Act.",0
14334,2025-15554,"Commerce, Homeland Security, United States Trade Representative",implement_and_effectuate_order,"The Secretary of Commerce, the Secretary of Homeland Security, and the United States Trade Representative, as applicable, ... are directed to take all necessary actions to implement and effectuate this order",0
14335,2025-15822,Department of Commerce (Secretary of Commerce),conduct an evaluation of state compliance with the Coastal Zone Management Act and its impact on spaceport development,"the Secretary of Commerce, in consultation with the Secretary of Defense, the Secretary of Transportation, and the Administrator of the National Aeronautics and Space Administration (NASA), shall, within 180 days of the date of this order, conduct an evaluation of relevant States' compliance under the Coastal Zone Management Act pursuant to 16 U.S.C. 1458, the effect of any lack of compliance on the development of spaceport infrastructure, and whether State approvals under that Act should be revoked.",0
14335,2025-15822,Department of Commerce (Secretary of Commerce),propose a streamlined process for individualized mission authorizations under the Outer Space Treaty,"Within 150 days of the date of this order, the Secretary of Commerce shall propose a process for individualized mission authorizations for activities that are covered by Article VI of the Outer Space Treaty of 1967, but not clearly or straightforwardly governed by existing regulatory frameworks, with the goal of expediting and streamlining authorizations to enable American space competitiveness and superiority.",0
14335,2025-15822,Department of Commerce (Secretary of Commerce),elevate the Office of Space Commerce into the Office of the Secretary,"Within 60 days of the date of this order, the Secretary of Commerce shall elevate the Office of Space Commerce into the Office of the Secretary.",0
14335,2025-15822,"Department of Defense, Department of Transportation, NASA",execute a memorandum of understanding to align and streamline spaceport review processes,"Within 180 days of the date of this order, the Secretary of Defense, the Secretary of Transportation, and the Administrator of NASA shall execute a memorandum of understanding that aligns review processes for spaceport development across agencies, eliminates those that are duplicative, and preserves required Federal space‑exploration and National Security Space Launch capacity.",0
14335,2025-15822,"Department of Defense, Department of Transportation, NASA",consider submitting applications to the Endangered Species Committee for spaceport projects,"The Secretary of Defense, the Secretary of Transportation, and the Administrator of NASA shall, mindful of the significant national security imperatives inherent in commercial space advancement, consider for all spaceport development projects whether to submit an application to the Endangered Species Committee pursuant to 16 U.S.C. 1536(e).",0
14335,2025-15822,"Department of Defense, Department of the Interior, Department of Transportation, NASA",use all available authorities to expedite environmental and administrative reviews for spaceport infrastructure,"The Secretary of Defense, the Secretary of the Interior, the Secretary of Transportation, and the Administrator of NASA shall, consistent with applicable law, use all available authorities to expedite their respective environmental and administrative reviews for authorizations, permits, approval, real property leases, and any other activity relevant to spaceport infrastructure development.",0
14335,2025-15822,Department of Transportation (Secretary of Transportation),use all available authorities to eliminate or expedite environmental reviews and other obstacles for launch and reentry licenses and permits,"The Secretary of Transportation, in consultation with the Chair of the Council on Environmental Quality, shall, consistent with applicable law, use all available authorities to eliminate or expedite the Department of Transportation's environmental reviews for, and other obstacles to the granting of, launch and reentry licenses and permits.",0
14335,2025-15822,Department of Transportation (Secretary of Transportation),"reevaluate, amend, or rescind regulations at Part 450 of title 14 CFR","The Secretary of Transportation shall reevaluate, amend, or rescind, as appropriate and consistent with applicable law, the regulations at Part 450 of title 14, Code of Federal Regulations.",0
14335,2025-15822,Department of Transportation (Secretary of Transportation),report to the Assistant to the President for Economic Policy a description of actions taken under subsection (b),"Within 120 days of the date of this order, the Secretary of Transportation shall report to the Assistant to the President for Economic Policy a description of the actions that have been or will be taken pursuant to subsection (b) of this section.",0
14335,2025-15822,Department of Transportation (Secretary of Transportation),establish a new advisory position on innovation and deregulation in commercial space transportation,"Within 60 days of the date of this order, the Secretary of Transportation shall establish a position in the Office of the Secretary with the responsibility of advising the Secretary of Transportation on fostering innovation and deregulation in the commercial space transportation industry.",0
14335,2025-15822,Department of Transportation (Secretary of Transportation),direct the FAA to appoint a senior executive noncareer Associate Administrator for Commercial Space Transportation,The Secretary of Transportation shall further direct the Administrator of the Federal Aviation Administration to take all necessary steps to appoint a senior executive noncareer employee to be the Associate Administrator for Commercial Space Transportation.,0
14336,2025-15823,Assistant Secretary for Preparedness and Response (ASPR),"develop a list of critical drugs and an accounting of funds, and provide it to OMB","Within 30 days of the date of this order, the ASPR shall develop a list, in consultation with agencies with scientific expertise, the Assistant to the President for Economic Policy (APEP), and the Assistant to the President and Homeland Security Advisor (APHSA), of approximately 26 drugs that are especially critical to the health and security interests of the Nation (the critical drugs) and an accounting of existing, available funds that can be utilized, consistent with statutory authorities, to finance the preparation and opening of the SAPIR repository and to obtain and maintain the 6-month supply of APIs for the critical drugs referenced in subsection (c) of this section shall be provided to the Director of the Office of Management and Budget (OMB).",0
14336,2025-15823,Assistant Secretary for Preparedness and Response (ASPR),ready the existing SAPIR repository to receive APIs,"Within 120 days of the date of this order and subject to the availability of funds identified pursuant to subsection (a) of this section, the ASPR shall, in coordination with such other agencies as are necessary, take all measures to ready the existing SAPIR repository so that it can begin receiving and maintaining APIs.",0
14336,2025-15823,Assistant Secretary for Preparedness and Response (ASPR),place the 6‑month supply of APIs into the SAPIR repository,The ASPR shall place such APIs within the SAPIR repository no later than 30 days after the repository is certified by the ASPR as ready to receive and maintain APIs.,0
14336,2025-15823,Assistant Secretary for Preparedness and Response (ASPR),provide an updated essential‑medicines list and a plan,"Within 90 days of the date of this order, the ASPR shall provide the APHSA, the APEP, and the OMB with an update to the ASPR's 2022 list of 86 essential medicines and medical countermeasures, along with a plan to:",0
14336,2025-15823,Assistant Secretary for Preparedness and Response (ASPR),include a proposal and cost estimate for a second SAPIR repository,The plan provided pursuant to subsection (a) of this section shall include a proposal and cost estimate for opening a second SAPIR repository in the United States within 1 year of the date of this order.,0
14337,2025-15824,Department of Justice,bear the costs for publication of this order,The costs for publication of this order shall be borne by the Department of Justice.,0
14339,2025-16614,D.C. Safe and Beautiful Task Force,establish an online portal for law‑enforcement recruitment,The D.C. Safe and Beautiful Task Force ... shall establish an online portal for Americans with law enforcement or other relevant backgrounds and experience to apply to join Federal law enforcement entities,0
14339,2025-16614,D.C. Safe and Beautiful Task Force,"create, train, man, hire, and equip a specialized public‑safety unit","The D.C. Safe and Beautiful Task Force ... shall ... immediately create and begin training, manning, hiring, and equipping a specialized unit that is dedicated to ensuring public safety and order in the Nation's capital",0
14339,2025-16614,Department of Defense,"create, train, man, hire, and equip a specialized D.C. National Guard unit","The Secretary of Defense shall, subject to the availability of appropriations and applicable law, immediately create and begin training, manning, hiring, and equipping a specialized unit within the District of Columbia National Guard",0
14339,2025-16614,Department of Defense,ensure State National Guard units are ready to assist law‑enforcement,"(ii) The Secretary of Defense shall immediately begin ensuring that each State's Army National Guard and Air National Guard are resourced, trained, organized, and available to assist Federal, State, and local law enforcement",0
14339,2025-16614,Department of Housing and Urban Development,investigate HUD‑agreement non‑compliance by D.C. housing providers,The Secretary of Housing and Urban Development (HUD) shall investigate any non‑compliance with the crime‑prevention and safety requirements of HUD agreements by the District of Columbia Housing Authority or any landlord in the District of Columbia,0
14339,2025-16614,Department of Justice – Attorney General,review and request updates to Metropolitan Police Department General Orders,The Attorney General shall review the Metropolitan Police Department General Orders and shall request that the Mayor of the District of Columbia make such updates and modifications to such orders as the Attorney General determines are necessary,0
14339,2025-16614,Department of Transportation,"inspect, audit, and remediate safety issues in D.C. federally‑funded transit","The Secretary of Transportation shall conduct additional inspections, audits, and examinations to determine whether conditions exist in federally‑funded transit services in the District of Columbia that endanger transit workers, and take appropriate remedial action",0
14339,2025-16614,National Park Service,hire additional United States Park Police members in D.C.,"The Director of the National Park Service shall, subject to the availability of appropriations and applicable law, hire additional members of the United States Park Police in the District of Columbia",0
14339,2025-16614,U.S. Attorney for the District of Columbia,hire additional prosecutors for violent and property crimes,"The United States Attorney for the District of Columbia shall, subject to the availability of appropriations and applicable law, hire additional prosecutors to focus on prosecuting violent and property crimes",0
14340,2025-16615,Attorney General,review MPD General Orders and other policies to identify those that may result in pretrial release,the Attorney General shall review the Metropolitan Police Department (MPD) General Orders and other policies and practices of the MPD to identify those that may result in pretrial release,0
14340,2025-16615,Federal law enforcement agencies and officials that are members of the D.C. Safe and Beautiful Task Force,ensure arrestees are held in Federal custody to the fullest extent permissible,relevant Federal law enforcement agencies and officials who are members of the D.C. Safe and Beautiful Task Force,1
14340,2025-16615,Heads of each executive department or agency,identify appropriate actions to press the District of Columbia to change its cashless‑bail policies,shall identify appropriate actions to press the District of Columbia to change its policies with respect to cashless bail,0
14341,2025-16616,Attorney General,prioritize enforcement of criminal and civil laws against flag desecration,The Attorney General shall prioritize the enforcement to the fullest extent possible of our Nation's criminal and civil laws against acts of American Flag desecration,0
14341,2025-16616,Attorney General,prosecute flag‑desecration violations,The Attorney General shall vigorously prosecute those who violate our laws in ways that involve desecrating the American Flag,0
14341,2025-16616,"Secretary of State, Attorney General, Secretary of Homeland Security","deny, prohibit, terminate, or revoke visas and other immigration benefits for foreign nationals who engage in flag desecration","The Secretary of State, the Attorney General, and the Secretary of Homeland Security ... shall deny, prohibit, terminate, or revoke visas",0
14342,2025-16618,Attorney General,Submit a list of jurisdictions that have substantially eliminated cash bail,"Within 30 days of the date of this order, the Attorney General shall submit to the President",1
14342,2025-16618,Heads of executive departments and agencies (with OMB),Identify federal funds provided to cashless bail jurisdictions that may be suspended or terminated,"The head of each executive department and agency, in coordination with the Director of the Office of Management and Budget, shall identify Federal funds ... that may be suspended or terminated",0
14344,2025-16928,General Services Administration,update policies and procedures,shall expeditiously update GSA policies and procedures to incorporate such policies and principles,0
14344,2025-16928,General Services Administration,create senior‑advisor position,"create the position of senior advisor for architectural design, for an individual with specialized experience in classical architecture",0
14344,2025-16928,General Services Administration,establish preferred architectural style,Architecture--particularly traditional and classical architecture--that meets the criteria set forth in this subsection is the preferred architecture for applicable Federal public buildings,0
14344,2025-16928,General Services Administration,set default style for D.C. federal buildings,classical architecture shall be the preferred and default architecture for Federal public buildings,0
14344,2025-16928,General Services Administration,notify the President of a divergent design,not less than 30 days before GSA could reject such design,0
14344,2025-16928,General Services Administration,require classical‑architecture expertise for GSA architects,"ensure that GSA architects ... have formal training in, or substantial and significant experience with, classical or traditional architecture",0
14346,2025-17507,Secretary of Commerce,directed and authorized to take all necessary actions to implement and effectuate this order,"the Secretary of Commerce, the Secretary of Homeland Security, and the United States Trade Representative are directed and authorized to take all necessary actions to implement and effectuate this order",0
14346,2025-17507,Secretary of Homeland Security,directed and authorized to take all necessary actions to implement and effectuate this order,"the Secretary of Commerce, the Secretary of Homeland Security, and the United States Trade Representative are directed and authorized to take all necessary actions to implement and effectuate this order",0
14346,2025-17507,United States Trade Representative,directed and authorized to take all necessary actions to implement and effectuate this order,"the Secretary of Commerce, the Secretary of Homeland Security, and the United States Trade Representative are directed and authorized to take all necessary actions to implement and effectuate this order",0
14347,2025-17508,Secretary of War (Secretary of Defense acting under secondary title),"Submit a notification to the President for transmittal to Congress of any office, executive department or agency, component, or command that begins using a secondary Department of War designation.","Within 30 days of the date of this order, the Secretary of War shall submit to the President,",0
14347,2025-17508,Secretary of War (Secretary of Defense acting under secondary title),"Submit a recommendation to the President on the actions required to permanently change the name of the Department of Defense to the Department of War, including proposed legislative and executive actions.","Within 60 days of the date of this order, the Secretary of War shall submit to the President,",0
14348,2025-17509,Department of State,designation of State Sponsors of Wrongful Detention,The Secretary of State may designate any foreign country the government of which directly engages in or provides support for the wrongful detention of a U.S. national as a State Sponsor of Wrongful Detention,0
14348,2025-17509,Department of State,impose sanctions under IEPA,imposing sanctions available under the International Emergency Economic Powers Act (50 U.S.C. 1701 et seq.),0
14348,2025-17509,Department of State,terminate a State Sponsor designation,The Secretary of State may terminate the designation of a foreign country under section 2 of this order based on,0
14349,2025-18479,Department of Transportation,bear the costs for publication of this order,The costs for publication of this order shall be borne by the Department of Transportation.,0
14349,2025-18479,National Mediation Board,maintain the Board's records after its termination,the records and files of the Board ... shall be maintained in the physical custody of the National Mediation Board.,0
14349,2025-18479,President,appoint a chair and two members to the Emergency Board,"There is established, effective 12:01 a.m. eastern daylight time on September 18, 2025, a Board composed of a chair and two other members, all of whom shall be appointed by the President to investigate and report on these disputes.",0
14350,2025-18482,Attorney General,issue written guidance,The Attorney General shall take all appropriate action to issue written guidance to implement the provisions of subsection (a) of this section.,0
14350,2025-18482,Attorney General,issue liability‑waiver letters to providers,"The Attorney General shall further issue a letter to each provider stating that there has been no violation of the statute and that there is no liability for any conduct that occurred during the above‑specified period, as well as for any conduct from the effective date of the Act until the date of this order.",0
14351,2025-18602,Secretary of Commerce,establish a Gold Card program in coordination with the Secretaries of State and Homeland Security,"The Secretary of Commerce, in coordination with the Secretary of State and the Secretary of Homeland Security, shall establish a ``Gold Card'' program",0
14351,2025-18602,Secretary of Commerce,deposit the gifts contributed under subsection (a) of this section in a separate fund in the Department of the Treasury,The Secretary of Commerce shall deposit the gifts contributed under subsection (a) of this section in a separate fund in the Department of the Treasury,0
14351,2025-18602,"Secretary of Commerce, Secretary of State, Secretary of Homeland Security","within 90 days, take all necessary and appropriate steps to implement the Gold Card program","The Secretary of Commerce, the Secretary of State, and the Secretary of Homeland Security shall, within 90 days of the date of this order, take all necessary and appropriate steps to implement the Gold Card program",0
14351,2025-18602,Secretary of Homeland Security,treat the gift specified in subsection (a) of this section as evidence of eligibility for an immigrant visa,"In adjudicating visa applications, the Secretary of State and the Secretary of Homeland Security shall, consistent with applicable law, treat the gift specified in subsection (a) of this section as evidence of eligibility",0
14351,2025-18602,Secretary of State,treat the gift specified in subsection (a) of this section as evidence of eligibility for an immigrant visa,"In adjudicating visa applications, the Secretary of State and the Secretary of Homeland Security shall, consistent with applicable law, treat the gift specified in subsection (a) of this section as evidence of eligibility",0
14352,2025-19139,Attorney General,suspend enforcement of the Act for 120 days,the Attorney General shall not take any action on behalf of the United States to enforce the Act for 120 days from the date of this order.,0
14352,2025-19139,Attorney General,issue written guidance,The Attorney General shall take all appropriate action to issue written guidance to implement the provisions of subsection (a) of this section.,0
14352,2025-19139,Attorney General,issue a letter confirming no liability for conduct during the 120‑day period,"The Attorney General shall issue a letter to appropriate providers stating that there has been no violation of the Act and that there is no liability for any conduct that occurs during the 120‑day period specified in subsection (a) of this section, as well as for any conduct from the effective date of the Act until the issuance of this order.",0
14353,2025-19483,All executive departments and agencies,implement the order,"All executive departments and agencies shall take appropriate steps, consistent with law, to implement this order.",0
14355,2025-19495,MAHA Commission,develop innovative AI‑driven solutions for pediatric cancer,"The MAHA Commission, in coordination with the Secretary of Health and Human Services (Secretary), the Assistant to the President for Science and Technology (APST), and the Special Advisor for AI and Crypto, ... shall work to develop innovative ways to utilize advanced technologies such as AI to unlock improved diagnoses, treatments, cures, and prevention strategies for pediatric cancer.",0
14355,2025-19495,MAHA Commission,increase federal investment in the Childhood Cancer Data Initiative,"The MAHA Commission, in coordination with the Secretary, the Director of the Office of Management and Budget, the Director of the National Institutes of Health, and the APST, shall prioritize expanding pediatric cancer research and advancements in care by identifying and implementing strategies for",1
14355,2025-19495,Secretary of Health and Human Services,integrate AI into interoperability standards and protect patient data,"The Secretary, in consultation with the APST, shall work to ensure that AI innovation is appropriately integrated into current work on interoperability to maximize the potential for electronic health record and claims data to inform private sector and academic research and clinical trial design, while ensuring that patients and parents control their health information.",0
14357,2025-19825,Department of Homeland Security,determine and implement any further HTSUS modifications,"The Secretary of Homeland Security, in consultation with the United States International Trade Commission, shall determine whether any additional modifications to the HTSUS are necessary to effectuate this order and shall make such modifications through notice in the Federal Register.",0
14357,2025-19825,Department of Homeland Security,monitor the national‑emergency conditions and report to the President,"The Secretary of Homeland Security, in consultation with the Secretary of State, the Secretary of the Treasury, and any other officials the Secretary of Homeland Security deems appropriate, shall continue to monitor the conditions underlying the national emergency declared in Executive Order 14195...",0
14357,2025-19825,Department of Homeland Security,"implement the order, including rulemaking and use of IEEPA authority","The Secretary of Homeland Security is directed and authorized to take such actions, including adopting rules, regulations, or guidance, and to employ all powers granted to the President, including those granted by IEEPA, as may be necessary to implement and effectuate this order.",0
14358,2025-19826,All agencies (implementation of the order),continue suspension of heightened reciprocal tariffs on PRC imports,"continue the suspension of the heightened reciprocal tariffs on imports of the PRC until 12:01 a.m. eastern standard time on November 10, 2026.",0
14358,2025-19826,"Secretary of the Treasury, Secretary of Commerce, Secretary of Homeland Security, United States Trade Representative","implement and effectuate the order, including rulemaking and use of IEEPA powers","are directed and authorized to take such actions, including adopting rules, regulations, or guidance, and to employ all powers granted to the President",0
14358,2025-19826,"Secretary of the Treasury, Secretary of Commerce, United States Trade Representative",monitor conditions underlying the national emergency declared in EO 14257,shall continue to monitor the conditions underlying the national emergency,0
14358,2025-19826,"Secretary of the Treasury, Secretary of Commerce, United States Trade Representative",provide periodic updates to the President on the emergency conditions,"shall, from time to time, update me on the status of these conditions.",0
14358,2025-19826,U.S. Customs (Harmonized Tariff Schedule),maintain suspension of tariff line 9903.01.63 (v)(xvii)(10),"shall continue to be suspended until 12:01 a.m. eastern standard time on November 10, 2026.",0
14359,2025-20406,Department of Health and Human Services (HHS),overall coordination of all actions required by the order,"The Secretary of Health and Human Services shall, within 180 days of the date of this order, take appropriate action to:",0
14360,2025-21203,Secretary of Commerce,directed_and_authorized,"the Secretary of Commerce, the Secretary of Homeland Security, and the United States Trade Representative are directed and authorized to take such actions, including adopting rules, regulations, or guidance",0
14360,2025-21203,Secretary of Homeland Security,directed_and_authorized,"the Secretary of Commerce, the Secretary of Homeland Security, and the United States Trade Representative are directed and authorized to take such actions, including adopting rules, regulations, or guidance",0
14360,2025-21203,United States Trade Representative,directed_and_authorized,"the Secretary of Commerce, the Secretary of Homeland Security, and the United States Trade Representative are directed and authorized to take such actions, including adopting rules, regulations, or guidance",0
14362,2025-21664,Department of State,submit joint report,"the Secretary of State and the Secretary of the Treasury, after consultation with the Attorney General and the Director of National Intelligence, shall submit a joint report to the President",0
14362,2025-21664,Department of State / Department of the Treasury,take appropriate action on designations,"the Secretary of State or the Secretary of the Treasury, as applicable, shall take all appropriate action",0
14363,2025-21665,Assistant to the President for Science and Technology (APST),provide general leadership of the Genesis Mission,The Assistant to the President for Science and Technology (APST) shall provide general leadership of the Mission,0
14363,2025-21665,Secretary of Energy,implement the Genesis Mission within DOE,The Secretary of Energy (Secretary) shall be responsible for implementing the Mission within DOE,0
14364,2025-22537,Department of Justice,establish Food Supply Chain Security Task Force,shall each establish a Food Supply Chain Security Task Force within the Department of Justice and the Federal Trade Commission,0
14364,2025-22537,Federal Trade Commission,establish Food Supply Chain Security Task Force,shall each establish a Food Supply Chain Security Task Force within the Department of Justice and the Federal Trade Commission,0
14365,2025-23092,Attorney General,establish AI Litigation Task Force,the Attorney General shall establish an AI Litigation Task Force (Task Force),0
14366,2025-23093,Department of Labor,revise regulations and guidance on fiduciary status of persons (including proxy advisors) who advise on ERISA‑covered plan shares,"The Secretary of Labor shall, consistent with the APA, take steps to revise all regulations and guidance regarding the fiduciary status of individuals who manage, or, like proxy advisors, advise those who manage, the rights appurtenant to shares held by plans covered under the Employee Retirement Income Security Act of 1974 (ERISA)",0
14366,2025-23093,Department of Labor,consider amending rules to treat proxy advisors as fiduciaries under ERISA,"The Secretary of Labor shall consider whether these proposed revisions should include amendments to specify that any individual who has a relationship of trust and confidence with their client, including any proxy advisor, ... is an investment advice fiduciary under ERISA.",0
14366,2025-23093,Department of Labor,strengthen fiduciary standards for ERISA‑covered pension and retirement plans,The Secretary of Labor shall take all appropriate action to strengthen the fiduciary standards of pension and retirement plans covered under ERISA.,0
14366,2025-23093,Department of Labor,"enhance transparency of proxy‑advisor activities, especially ESG‑related advice","The Secretary of Labor shall take all appropriate action to enhance transparency concerning the use of proxy advisors, particularly regarding ""diversity, equity, and inclusion"" and ""environmental, social, and governance"" investment practices.",0
14366,2025-23093,Federal Trade Commission (FTC),review state antitrust investigations of proxy advisors and assess possible federal antitrust violations,"The Chairman of the Federal Trade Commission (FTC), in consultation with the Attorney General, shall review ongoing State antitrust investigations into proxy advisors and determine if there is a probable link between conduct underlying those investigations and violations of Federal antitrust law.",0
14366,2025-23093,Federal Trade Commission (FTC),"investigate proxy advisors for unfair competition, deceptive acts, or practices that harm U.S. consumers",the FTC Chairman ... shall investigate whether proxy advisors engage in unfair methods of competition or unfair or deceptive acts or practices that harm United States consumers by:,0
14366,2025-23093,Securities and Exchange Commission (SEC),"review all existing SEC rules, regulations, guidance, bulletins, and memoranda that pertain to proxy advisors","The Chairman of the Securities and Exchange Commission (SEC) shall review all rules, regulations, guidance, bulletins, and memoranda relating to proxy advisors.",0
14366,2025-23093,Securities and Exchange Commission (SEC),consider revising or rescinding any SEC rules that conflict with the order’s purpose,"The SEC Chairman shall consider revising or rescinding those rules, regulations, guidance, bulletins, and memoranda that are inconsistent with the purpose of this order",0
14366,2025-23093,Securities and Exchange Commission (SEC),enforce anti‑fraud provisions of federal securities laws against false proxy‑advisor recommendations,enforce the Federal securities laws' anti‑fraud provisions with respect to material misstatements or omissions contained in proxy advisors' proxy voting recommendations;,0
14366,2025-23093,Securities and Exchange Commission (SEC),evaluate if proxy advisors should be required to register as investment advisers under the 1940 Act,assess whether to require proxy advisors whose activities fall within the scope of the Investment Advisers Act of 1940 ... to register as Registered Investment Advisers;,0
14367,2025-23417,Attorney General,investigate and prosecute fentanyl trafficking,"the Attorney General shall immediately pursue investigations and prosecutions into fentanyl trafficking, including through criminal charges as appropriate",0
14367,2025-23417,President (executive authority),designation of fentanyl as a WMD,I hereby designate illicit fentanyl and its core precursor chemicals as Weapons of Mass Destruction (WMD).,0
14367,2025-23417,Secretary of Homeland Security (in coordination with relevant agencies),identify fentanyl smuggling threat networks,shall identify threat networks related to fentanyl smuggling using WMD- and nonproliferation-related threat intelligence,0
14367,2025-23417,Secretary of State; Secretary of the Treasury,target assets and financial institutions linked to fentanyl,the Secretary of State and the Secretary of the Treasury shall pursue appropriate actions against relevant assets and financial institutions,0
14367,2025-23417,Secretary of War; Attorney General,assess need for War Department resources for fentanyl enforcement,the Secretary of War and the Attorney General shall determine whether the threats posed by illicit fentanyl,1
14367,2025-23417,Secretary of War; Secretary of Homeland Security,revise Armed Forces chemical‑incident directives to cover fentanyl,"the Secretary of War, in consultation with the Secretary of Homeland Security, shall update all directives",1
14369,2025-23845,Assistant to the President for Science and Technology (APST),coordinate development of a submission to the President,"Within 90 days of the date of this order, the APST shall coordinate development of and integrate into one submission to the President the following:",0
14370,2025-23846,"Assistant to the President and Deputy Chief of Staff for Legislative, Political, and Public Affairs",work with Congress to update the statutory definition of final hemp‑derived cannabinoid products,"The Assistant to the President and Deputy Chief of Staff for Legislative, Political, and Public Affairs shall work with the Congress to update the statutory definition of final hemp‑derived cannabinoid products",0
14370,2025-23846,Attorney General,complete rulemaking to reschedule marijuana to Schedule III of the Controlled Substances Act,The Attorney General shall take all necessary steps to complete the rulemaking process related to rescheduling marijuana to Schedule III of the CSA in the most expeditious manner,0
14370,2025-23846,"Secretary of Health and Human Services, Commissioner of Food and Drugs, Administrator of the Centers for Medicare and Medicaid Services, Director of the National Institutes of Health",develop research methods and models using real‑world evidence to improve access to hemp‑derived cannabinoid products,shall develop research methods and models utilizing real‑world evidence to improve access to hemp‑derived cannabinoid products,0
14371,2025-23847,Office of Personnel Management,implement the order,The Director of the Office of Personnel Management shall take such actions as may be necessary to implement this order.,0
14372,2026-00554,Secretary of War,identify underperforming defense contractors,"the Secretary of War (Secretary) shall identify any defense contractors for critical weapons, supplies, and equipment that are underperforming on their contracts",0
14373,2026-00831,Department of the Treasury,custodial designation of foreign government deposit funds,"The Secretary of the Treasury shall: (i) designate such funds in a manner that clearly reflects their status as sovereign property of the Government of Venezuela held in custody by the United States, and not as the property of the United States;",0
14374,2026-01061,Department of Transportation,pays publication costs,The costs for publication of this order shall be borne by the Department of Transportation,0
14374,2026-01061,President (Office of the President),appoints members of the Board,"There is established, effective 12:01 a.m. eastern standard time on January 16, 2026, a Board composed of a chair and two other members, all of whom shall be appointed by the President",0
14376,2026-01424,Attorney General and Chairman of the Federal Trade Commission,review large‑scale acquisitions of single‑family homes for antitrust concerns and prioritize enforcement actions,"The Attorney General and the Chairman of the Federal Trade Commission shall review substantial acquisitions, including series of acquisitions, by large institutional investors of single-family homes in local single-family housing markets for anti‑competitive effects and prioritize enforcement of the antitrust laws, as appropriate, against coordinated vacancy and pricing strategies by large institutional investors in local single-family home rental markets",0
14376,2026-01424,"Deputy Chief of Staff for Legislative, Political and Public Affairs",prepare a legislative recommendation to codify the order’s housing‑ownership policy,"The Deputy Chief of Staff for Legislative, Political and Public Affairs shall prepare a legislative recommendation to codify the policy set forth in section 1 of this order so that large institutional investors do not acquire single-family homes that could otherwise be purchased by families",0
14376,2026-01424,"Secretary of Agriculture, Secretary of Housing and Urban Development, Secretary of Veterans Affairs, Administrator of General Services, Director of the Federal Housing Finance Agency",issue guidance to prevent agencies and GSEs from facilitating acquisition of single‑family homes by large institutional investors and to promote sales to individual owner‑occupants,"Within 60 days of the date of this order, the Secretary of Agriculture, the Secretary of Housing and Urban Development, the Secretary of Veterans Affairs, the Administrator of General Services, and the Director of the Federal Housing Finance Agency, as appropriate, shall issue guidance to:",0
14376,2026-01424,Secretary of Housing and Urban Development,require disclosure of ownership and control information for single‑family rentals in federal housing assistance programs,"The Secretary of Housing and Urban Development shall, to the maximum extent permitted by law, require owners and managing agents of single-family home rentals participating in Federal housing assistance programs to disclose to the Department of Housing and Urban Development direct or indirect owners, managers, or affiliates, including changes in ownership or control of single-family rentals, to the extent necessary to determine any involvement of large institutional investors",0
14376,2026-01424,Secretary of the Treasury,develop definitions of “large institutional investor” and “single-family home” for implementation of the order,"Within 30 days of the date of this order, the Secretary of the Treasury shall develop, in consultation with the Assistant to the President for Economic Policy, definitions of ``large institutional investor'' and ``single-family home'' for the purpose of implementing this order",0
14376,2026-01424,Secretary of the Treasury,review and potentially revise rules and guidance concerning large institutional investors’ acquisition or holding of single‑family homes,"The Secretary of the Treasury shall review the rules and guidance that relate to large institutional investors acquiring or holding single-family homes and consider revising them, in accordance with applicable law, if appropriate to advance the policy set forth in section 1 of this order",0
14377,2026-01871,All relevant executive departments and agencies,"use environmental and historic‑preservation authorities to expedite waivers, permits, reviews, consultations, or approvals for reconstruction using Federal emergency‑relief funds.","The heads of relevant executive departments and agencies (agencies) shall seek to use all authorities available under Federal environmental, historic preservation, natural resource laws ... to expedite waivers, permits, reviews, consultations, or approvals ...",0
14377,2026-01871,Department of Homeland Security (Secretary) / FEMA,determine amount of potentially mis‑awarded HMGP funds by 2026‑02‑22.,"within 30 days of the date of this order, determine what amount, if any, of the nearly $3 billion in unspent Hazard Mitigation Grant Program (HMGP) funding ... was awarded arbitrarily, capriciously, or contrary to law;",0
14377,2026-01871,Department of Homeland Security (Secretary) / FEMA,complete a Federal audit of California's HMGP use by 2026‑03‑24.,"within 60 days of the date of this order, conduct a Federal audit of California's use of HMGP funding, including ... whether California used Federal funding in a way that demonstrably mitigated the impact of future wildfires on its citizens.",0
14377,2026-01871,Department of Homeland Security (Secretary) / FEMA,make and enforce administrative determinations within 30 days after the audit is completed (date to be determined).,"Within 30 days of the completion of the audit described in subsection (a)(ii) of this section, the Secretary, through the Administrator of FEMA, shall make administrative determinations ... and shall enforce such determinations by, where appropriate, imposing future grant conditions, initiating recoupment or recovery actions ...",0
14377,2026-01871,Department of Homeland Security (Secretary) / FEMA / SBA,consider promulgating regulations that pre‑empt state or local permitting processes which unduly impede the timely use of Federal emergency‑relief funds.,"The Secretary of Homeland Security (Secretary), acting through the Administrator of the Federal Emergency Management Agency (FEMA), and the Administrator of the Small Business Administration (SBA) shall each consider promulgating regulations to advance the policies of this order.",0
14377,2026-01871,Department of Homeland Security (Secretary) / FEMA / SBA,publish proposed regulations within 30 days (2026‑02‑22) and final regulations within 90 days (2026‑04‑23) of the order.,"The Secretary, through the Administrator of FEMA, and the Administrator of the SBA shall each publish proposed regulations ... within 30 days of the date of this order and final regulations within 90 days of the date of this order.",0
14377,2026-01871,Department of Homeland Security (Secretary) / FEMA / SBA,submit legislative proposals to the President by 2026‑04‑23.,"Within 90 days of the date of this order, the Secretary, through the Administrator of FEMA, and the Administrator of the SBA,",1
14378,2026-01872,Administrator of General Services,"establish regulations, guidelines, and procedures for the Council","the regulations, guidelines, and procedures established by the Administrator of General Services",0
14378,2026-01872,Secretary of Homeland Security,perform the functions of the President under the Federal Advisory Committee Act applicable to the FEMA Review Council,"shall be performed by the Secretary of Homeland Security, in accordance with the regulations, guidelines, and procedures established by the Administrator of General Services.",0
14379,2026-02249,White House Great American Recovery Initiative,establishes_body,There is hereby established the White House Great American Recovery Initiative (Initiative) co‑chaired by the Secretary of Health and Human Services and the Senior Advisor for Addiction Recovery.,0
14380,2026-02250,Secretary of Commerce,determine oil provision to Cuba,"The Secretary of Commerce, in consultation with the Secretary of State and any senior official the Secretary of Commerce deems appropriate, shall determine whether, after the effective date of this order, a foreign country directly or indirectly sells or otherwise provides any oil to Cuba.",0
14380,2026-02250,Secretary of State,determine duty rate,"The Secretary of State, in consultation with the Secretary of the Treasury, the Secretary of Commerce, the Secretary of Homeland Security, and the United States Trade Representative, shall determine whether and to what extent an additional ad valorem rate of duty should be imposed on goods that are products of the foreign country found to directly or indirectly sell or otherwise provide any oil to Cuba.",0
14381,2026-02292,Secretary of Transportation,"designate a suitable race route in Washington, D.C.","Within 14 days of the date of this order, the Secretary of the Interior and the Secretary of Transportation shall designate a route through Washington, D.C., that is suitable for conducting an INDYCAR street race and that will showcase the majesty of our capital city in celebration of the 250th anniversary of America's independence.",0
14381,2026-02292,Secretary of Transportation,"ensure permits, approvals, and authorizations for the Freedom 250 Grand Prix are obtained promptly","The Secretary of the Interior and the Secretary of Transportation shall take steps to ensure that all permits, approvals, and other authorizations as are necessary to plan, prepare for, and conduct the Freedom 250 Grand Prix are issued and granted as expeditiously as possible.",0
14381,2026-02292,Secretary of the Interior,"designate a suitable race route in Washington, D.C.","Within 14 days of the date of this order, the Secretary of the Interior and the Secretary of Transportation shall designate a route through Washington, D.C., that is suitable for conducting an INDYCAR street race and that will showcase the majesty of our capital city in celebration of the 250th anniversary of America's independence.",0
14381,2026-02292,Secretary of the Interior,"ensure permits, approvals, and authorizations for the Freedom 250 Grand Prix are obtained promptly","The Secretary of the Interior and the Secretary of Transportation shall take steps to ensure that all permits, approvals, and other authorizations as are necessary to plan, prepare for, and conduct the Freedom 250 Grand Prix are issued and granted as expeditiously as possible.",0
14382,2026-02813,Secretary of Commerce,determine whether a foreign country purchases from Iran and inform the Secretary of State,"may be imposed on goods imported into the United States that are products of any country that directly or indirectly purchases, imports, or otherwise acquires any goods or services from Iran",0
14382,2026-02813,"Secretary of State, Secretary of Commerce, United States Trade Representative","implement and effectuate the order, including issuing rules, regulations, and guidance","the Secretary of State, the Secretary of Commerce, and the United States Trade Representative are directed and authorized to take all actions necessary to implement and effectuate this order",0
14383,2026-02814,Secretary of Commerce (with State and War),provide recommendations to enhance advocacy efforts,"Within 120 days of the date of this order, the Secretary of Commerce, in coordination with the Secretary of State and the Secretary of War, shall provide recommendations to enhance advocacy efforts",0
14383,2026-02814,Secretary of State (with War),review TPT processes and submit a plan,"Within 60 days of the date of this order, the Secretary of State, in coordination with the Secretary of War, shall review Third-Party Transfer (TPT) processes and submit a plan to the President",0
14383,2026-02814,Secretary of State and Secretary of War (with Commerce),identify FMS and Direct Commercial Sales opportunities,"Within 120 days of the date of this order, the Secretary of State and the Secretary of War, in coordination with the Secretary of Commerce, shall identify Foreign Military Sales (FMS) and Direct Commercial Sales opportunities",0
14383,2026-02814,Secretary of State and Secretary of War (with Commerce),develop and submit an industry engagement plan,"Within 60 days of the date of this order, the Secretary of State and the Secretary of War, in coordination with the Secretary of Commerce, shall develop an industry engagement plan and submit it to the President",0
14383,2026-02814,"Secretary of State, Secretary of War, Secretary of Commerce",create a task force to coordinate the America First Arms Transfer Strategy,establish the Promoting American Military Sales Task Force (Task Force),0
14383,2026-02814,"Secretary of State, Secretary of War, Secretary of Commerce",establish the task force within 30 days,"Within 30 days of the date of this order, the Secretary of State, the Secretary of War, and the Secretary of Commerce shall establish the Promoting American Military Sales Task Force (Task Force)",0
14383,2026-02814,Secretary of War (with State and Commerce),submit a sales catalog of prioritized platforms and systems,"Within 120 days of the date of this order, the Secretary of War, in coordination with the Secretary of State and the Secretary of Commerce, shall submit to the President",1
14383,2026-02814,Secretary of War (with State),develop clear criteria for Enhanced End Use Monitoring,"Within 90 days of the date of this order, the Secretary of War, in coordination with the Secretary of State, shall develop clear criteria for determining which weapons, platforms, or capabilities require Enhanced End Use Monitoring",0
14383,2026-02814,Secretary of War (with State),develop a process for advanced notice to allies and partners,"Within 90 days of the date of this order, the Secretary of War, in coordination with the Secretary of State, shall develop a process to provide advanced notice, as appropriate, to allies and partners of upcoming contracting actions",0
14384,2026-02818,Secretary of Commerce,monitor compliance,"The Secretary of Commerce, in coordination with the Secretary of State, the Secretary of the Treasury, and any other senior official the Secretary of Commerce deems appropriate, shall monitor whether India resumes directly or indirectly importing Russian Federation",1
14384,2026-02818,Secretary of Homeland Security,determine and make HTS modifications,"The Secretary of Homeland Security, in consultation with the United States International Trade Commission, shall determine whether modifications to the Harmonized Tariff Schedule of the United States are necessary to effectuate this order and may make such modifications through notice in the Federal Register.",0
14384,2026-02818,Secretary of State,implement the order,"The Secretary of State, in consultation with the Secretary of the Treasury, the Secretary of Commerce, the Secretary of Homeland Security, the United States Trade Representative, the Assistant to the President for National Security Affairs, the Assistant to the President for Economic Policy, and the Assistant to the President and Senior Counselor for Trade and Manufacturing, is hereby authorized to take such actions, including adopting rules and regulations, and to employ all powers granted to the President by IEEPA as may be necessary to implement this order.",0
14385,2026-02819,Attorney General,provide DHS with access to criminal‑history record information (CHRI) held by the Department of Justice,"The Attorney General shall provide DHS with access, for purposes related to DHS's screening and vetting missions and to the maximum extent permitted by law, to CHRI available to or maintained by the Department of Justice.",0
14385,2026-02819,Department of Homeland Security (immigration authorities),access CHRI to the maximum extent permitted by law for screening and vetting,DHS immigration authorities must access criminal history record information (CHRI) ... to the maximum extent permitted by law.,0
14385,2026-02819,Secretary of Homeland Security,exchange CHRI with foreign governments under reciprocal agreements for border‑security and immigration screening,"The Secretary of Homeland Security may exchange, to the maximum extent permitted by law, CHRI with the border security and immigration authorities of Visa Waiver Program (VWP) countries, countries that have entered into a Preventing and Combating Serious Crime or similar agreement with the United States, and other trusted",1
14386,2026-03156,Department of War,procure coal‑generated power for DOW installations via long‑term PPAs,"The Secretary of War, in coordination with the Secretary of Energy, shall seek to procure power from the United States coal generation fleet by approving long-term Power Purchase Agreements",0
14387,2026-03628,Domestic producers of elemental phosphorus and glyphosate‑based herbicides,granted immunity under section 707 of the Defense Production Act.,This order confers all immunity provided for in section 707 of the Act (50 U.S.C. 4557).,0
14387,2026-03628,Secretary of Agriculture,required to issue orders and adopt/revise rules and regulations to implement the order.,The Secretary shall issue such orders and adopt and revise appropriate rules and regulations as may be necessary to implement this order.,0
14388,R1-2026-03829,Department of Homeland Security,delegates_authority,The Secretary of Homeland Security is directed and authorized to take all necessary actions to implement and effectuate this order,0
14388,R1-2026-03829,Department of Homeland Security,other,"shall be effective ... on or after 12:01 a.m. eastern standard time on February 24, 2026.",0
14388,R1-2026-03829,Executive Office of the President,amends,Section 2 of Executive Order 14324 is revised to read as follows:,0
14389,2026-03832,"Secretary of Commerce, Secretary of Homeland Security, United States Trade Representative",determine if HTS modifications are needed and may make such modifications through notice in the Federal Register,shall determine whether modifications to the Harmonized Tariff Schedule of the United States are necessary to effectuate this order,0
14389,2026-03832,head of each executive department and agency,take all appropriate steps to end the additional ad valorem duties imposed under IEEPA and terminate collection as soon as practicable,the head of each executive department and agency (agency) is authorized to and shall take all appropriate steps to end the additional ad valorem duties imposed under IEEPA,0
14390,2026-04826,Secretary of State,review frameworks within 60 days and submit an action plan within 120 days that creates an operational cell within the NCC,"The Secretary of State, the Secretary of the Treasury, the Secretary of War, the Attorney General, and the Secretary of Homeland Security, in consultation with the Office of the National Cyber Director, and in coordination with the Assistant to the President and Homeland Security Advisor (APHSA), shall:",0
14392,2026-05383,All agencies overseeing Government‑wide acquisition contracts,periodically review and verify American‑origin claims on government contracts,"All agencies overseeing Government-wide acquisition contracts ... shall periodically review and verify any “Buy American Act”, “Country of Origin USA”, or similar American-origin claims for products acquired through these contracts.",0
14392,2026-05383,All executive departments and agencies,reaffirm existing authority is unaffected,"Nothing in this order shall be construed to impair or otherwise affect: (i) the authority granted by law to an executive department or agency, or the head thereof;",0
14392,2026-05383,Federal Trade Commission,prioritize enforcement actions against false “Made in America” claims,"The Chairman of the Federal Trade Commission (FTC) shall, wherever appropriate, prioritize enforcement actions",0
14392,2026-05383,Federal Trade Commission,consider issuing regulations on online‑marketplace verification of country‑of‑origin claims,The FTC shall consider issuing proposed regulations providing that the failure of an online marketplace to establish procedures for verifying country-of-origin claims may constitute an unfair or deceptive act or,1
14392,2026-05383,Federal Trade Commission,bear publication costs,The costs for publication of this order shall be borne by the Federal Trade Commission.,0
14392,2026-05383,Relevant procurement agency,remove misrepresenting products from procurement and refer contractors to DOJ,"For any contractors or vendors found to misrepresent an American-origin status of any product sold to the Government, the relevant agency shall remove the products from Government procurement availability and refer the relevant contractors or vendors to the Department of Justice",0
14393,2026-05384,Consumer Financial Protection Bureau (CFPB),consider regulatory amendments to Regulation Z for smaller banks,"The Consumer Financial Protection Bureau (CFPB) shall consider, as appropriate and consistent with applicable law:",1
14393,2026-05384,Consumer Financial Protection Bureau (CFPB),propose amendments to Regulation C to raise HMDA exemption threshold,"The CFPB shall consider, as appropriate and consistent with applicable law, proposing amendments to Regulation C to raise the asset threshold for exemption from HMDA data collection and reporting requirements for smaller banks",0
14393,2026-05384,Federal Housing Finance Agency (FHFA),submit a report on housing‑finance market efficiency within 120 days,"Within 120 days of the date of this order, the Director of the FHFA, in consultation with the heads of other relevant executive departments and agencies, shall submit a report to the Assistant to the President for Economic Policy and the Director of the Office of Management and Budget on the efficiency of national housing finance markets.",0
14393,2026-05384,Federal Housing Finance Agency (FHFA) and Federal Reserve,authorize intermediate discount‑window access for FHLBs,"shall consider, as appropriate and consistent with applicable law, authorizing FHLBs' intermediate access to the Federal Reserve's discount window for FHLBs' member depository institutions under standardized collateral, operational, and risk-management protocols.",0
14393,2026-05384,Vice Chairman for Supervision of the Federal Reserve (and other agency heads),revise supervisory guidance to focus on lender policies rather than process,"shall consider, as appropriate and consistent with applicable law, revising supervisory guidance to ensure that: (i) examiners evaluate mortgage lending based on the effectiveness of the lender's policies",0
14394,2026-05388,Chairman of the Advisory Council on Historic Preservation,produce historic‑preservation guidance that minimizes burdens on housing construction,"shall develop guidance on maximally exempting, or reducing burdens on, housing construction ... under section 106 of the National Historic Preservation Act",0
14394,2026-05388,Chairman of the Council on Environmental Quality (CEQ),issue NEPA guidance that maximizes exemptions or reductions for housing‑related projects,shall provide guidance to executive departments and agencies ... on implementing the National Environmental Policy Act of 1969 ... that maximally exempts or reduces burdens on housing construction,0
14394,2026-05388,"Secretary of Agriculture, Secretary of Housing and Urban Development, Secretary of Energy, and Director of FHFA","reform or eliminate energy‑efficiency, water‑use, and alternative‑energy mandates that increase housing costs","shall, within their respective authorities, take appropriate action to reform and, where appropriate, eliminate unduly burdensome or costly energy‑efficiency, water‑use, or alternative‑energy requirements regarding housing",0
14394,2026-05388,"Secretary of Commerce, Secretary of Housing and Urban Development, Secretary of Transportation, and Director of the Federal Housing Finance Agency (FHFA)",evaluate and potentially eliminate rules and programs that impede affordable housing construction,"shall, within their respective authorities, consider eliminating unduly burdensome rules and reforming programs that constrain residential development",0
14394,2026-05388,Secretary of Housing and Urban Development (in coordination with the Assistant to the President for Domestic Policy),draft and issue best‑practice regulations for state and local governments to streamline housing development,"Within 60 days of the date of this order, the Secretary of Housing and Urban Development ... shall develop and promulgate a series of regulatory best practices for State and local governments to promote housing construction and affordability",0
14394,2026-05388,Secretary of the Army (acting through the Assistant Secretary of the Army for Civil Works) and Administrator of the Environmental Protection Agency,review and revise federal storm‑water and water‑quality requirements that affect residential development,"shall review and revise requirements related to stormwater, wetlands, lakes, rivers, and other bodies of water to reduce housing construction and ownership costs",0
14394,2026-05388,Secretary of the Treasury and Secretary of Housing and Urban Development,assess how Opportunity Zone incentives can be aligned to spur single‑family home building,shall jointly evaluate Administration actions to better align programs and incentives with the Opportunity Zone tax incentives to expand investment in single‑family home construction,0
14394,2026-05388,Secretary of the Treasury and Secretary of Housing and Urban Development,evaluate coordination of Opportunity Zone incentives with the New Markets Tax Credit for housing projects,shall also assess opportunities to coordinate the Opportunity Zone incentives ... with the New Markets Tax Credit ... to promote single‑family home construction,0
14395,2026-05497,Task Force to Eliminate Fraud,establishment,There is hereby established within the Executive Office of the President a Task Force to Eliminate Fraud (Task Force).,0
14396,2026-05867,Chairman of the Federal Communications Commission,review public interest obligations of broadcast licensees to assess if they require the Army-Navy Game to remain a national service event.,shall consider reviewing the public interest obligations of broadcast licensees to determine whether those obligations would require that the Army-Navy Game remain a national service event.,0
14396,2026-05867,Secretary of Commerce,"coordinate with the CFP Committee, NCAA, related organizations and broadcast partners to establish an exclusive window for the Army-Navy Game, during which no other college football game is broadcast.","with the goal of establishing an exclusive window for the Army-Navy Game, during which no other college football game is broadcast.",0
14398,2026-06286,Attorney General (in consultation with relevant contracting agencies),evaluate potential False Claims Act actions against non‑compliant contractors,"The Attorney General, in consultation with relevant contracting agencies, shall",1
14398,2026-06286,Director of the Office of Management and Budget,issue guidance to ensure compliance with the order,The Director of the Office of Management and Budget shall issue guidance to contracting agencies,0
14398,2026-06286,Each agency head,review implementation of the anti‑DEI clause and report compliance,"Within 120 days of the date of this order, each agency head shall ... report to the Assistant to the President for Domestic Policy",0
14398,2026-06286,Executive departments and agencies (including independent establishments subject to FPASA),include anti‑DEI clause in all contracts and contract‑like instruments,"shall, to the extent permitted by law, ensure that contracts ... include the following clause:",0
14398,2026-06286,Federal Acquisition Regulatory Council,provide interim guidance and deviations for implementing the clause,"The Federal Acquisition Regulatory Council shall, within 60 days of the date of this order, issue deviation and interim guidance",0
14399,2026-06601,Attorney General (Department of Justice),prioritize investigation and prosecution of officials who issue ballots to ineligible voters,"The Attorney General shall prioritize the investigation and, as appropriate, the prosecution of State and local officials ... who issue Federal ballots to individuals not eligible to vote in a Federal election",0
14399,2026-06601,Attorney General and heads of executive departments/agencies,"withhold Federal funds from States or localities that do not comply with the order, where authorized",The Attorney General and the heads of executive departments and agencies ... shall take all lawful steps ... including withholding Federal funds from noncompliant States and localities where such withholding is authorized by law,0
14399,2026-06601,"Department of Homeland Security (Secretary of Homeland Security, Director of USCIS, Commissioner of SSA)","compile and transmit State Citizenship Lists to chief election officials of each State, updated at least 60 days before each Federal election",shall take appropriate action to compile and transmit ... a list of individuals ... transmitted to State election officials no fewer than 60 days before each regularly scheduled Federal election,0
14399,2026-06601,Department of Homeland Security (Secretary),establish infrastructure for State Citizenship List within 90 days,"the Secretary of Homeland Security shall, within 90 days of the date of this order, establish the infrastructure necessary to compile, maintain, and transmit the State Citizenship List",0
14399,2026-06601,United States Postal Service (Postmaster General),initiate proposed rulemaking on mail‑in and absentee ballot standards within 60 days,the Postmaster General is hereby directed to initiate a proposed rulemaking ... within 60 days of the date of this order,0
14399,2026-06601,United States Postal Service (Postmaster General),issue final rule on mail‑in and absentee ballot standards no later than 120 days after the order,Any final rule pursuant to this section shall be issued no later than 120 days from the date of this order,0
14400,2026-06961,Administrator of General Services,propose a regular collection of information to evaluate compliance,"the Administrator of General Services shall propose, consistent with law, an appropriate, regular collection of information to evaluate compliance with the rules covered by subsection (a)(i)(A)-(D) of this section for completion by appropriate higher education institution officials.",0
14400,2026-06961,Agency heads (contracting/grantmaking agencies),evaluate violations of interstate intercollegiate athletic governing body rules,"Agency heads that contract with or provide grants to higher education institutions, shall, as appropriate, evaluate violations of the applicable, lawful, and operative interstate intercollegiate athletic governing body rules in effect as of August 1, 2026, concerning the following, to determine whether they are a cause so serious or compelling in nature to affect the present responsibility of the recipient:",0
14400,2026-06961,Attorney General,invalidate state laws that conflict with interstate intercollegiate athletic governing body rules,The Attorney General shall take appropriate measures to further meritorious actions to invalidate State laws that conflict with interstate intercollegiate athletic governing body rules and:,0
14400,2026-06961,Chairman of the Federal Trade Commission (FTC),enforce antitrust statutes against violations by student‑athlete agents,The Chairman of the Federal Trade Commission shall take appropriate action to enforce 15 U.S.C. 45 and 15 U.S.C. 7801-7807 with respect to violations by student‑athlete agents and related individuals or entities.,0
14400,2026-06961,Director of the Office of Management and Budget (OMB),issue guidance to contracting and grantmaking agencies to ensure compliance,"The Director of the Office of Management and Budget, in consultation with the Administrator of General Services, shall issue guidance to contracting and grantmaking agencies to ensure compliance with this order and to reinforce the suspension and debarment policy regarding violations of the rules described in subsection 4(a)(i) of this section.",0
14400,2026-06961,Secretary of Education,consider rulemaking to require regular reporting by higher‑education institutions,"The Secretary of Education shall consider taking appropriate action, including through rulemaking where necessary, to require regular reporting by higher education institutions that includes:",0
14401,2026-07907,Department of Health and Human Services (Secretary),allocate at least $50 million via ARPA‑H for state collaborations on psychedelic‑drug programs,"The Secretary of Health and Human Services shall, through the Advanced Research Projects Agency for Health, allocate at least $50 million from existing funds to support and partner with State governments",0
14401,2026-07907,Department of Health and Human Services; Food and Drug Administration; Department of Veterans Affairs,collaborate with the private sector and sign data‑sharing memoranda,"The Department of Health and Human Services (HHS) and FDA shall collaborate with the Department of Veterans Affairs (VA) and, as appropriate ... with the private sector, to increase clinical trial participation, data sharing, and real‑world evidence generation ... The HHS, FDA, and VA are directed to sign data‑sharing memoranda",0
14401,2026-07907,Department of Justice (Attorney General),review and potentially reschedule Schedule I substances that have completed Phase 3 trials,"The Attorney General shall, in consultation with HHS, initiate and complete review of any product containing a Schedule I substance that has successfully completed Phase 3 clinical trials for a serious mental health disorder",0
14401,2026-07907,Food and Drug Administration (Commissioner of Food and Drugs),provide National Priority Vouchers for eligible psychedelic drugs,The Commissioner of Food and Drugs shall provide Commissioner's National Priority Vouchers to appropriate psychedelic drugs that have received a Breakthrough Therapy designation,0
14401,2026-07907,Food and Drug Administration; Drug Enforcement Administration,establish a Right‑to‑Try pathway for eligible patients,"The FDA and Drug Enforcement Administration shall facilitate and establish a pathway for eligible patients to access psychedelic drugs, including ibogaine compounds, under the Right to Try Act",0
14402,2026-08900,Administrator for Federal Procurement Policy,propose FAR amendments and develop training program,"Within 120 days of the date of this order, the Administrator for Federal Procurement Policy shall: (i) propose, in coordination with the Federal Acquisition Regulatory Council, amendments to the Federal Acquisition Regulation, ...",0
14402,2026-08900,All executive‑branch agencies (agency heads),review and modify their 10 largest non‑fixed‑price contracts,"Within 90 days of the date of this order, each agency head shall review and, to the maximum extent practicable and consistent with law, seek to modify, restructure, or renegotiate its 10 largest non‑fixed-price contracts by dollar value",0
14402,2026-08900,All executive‑branch agencies (agency heads),submit first semi‑annual report to OMB,Agency heads shall submit the first report no later than 90 days after the date of this order.,0
14402,2026-08900,Office of Management and Budget (OMB),issue guidance to agencies,"Within 45 days of the date of this order, the Director of OMB shall issue guidance to agencies to ensure consistent implementation of this order.",0
14403,2026-08908,Department of the Treasury,establish TrumpIRA.gov website,"The Secretary of the Treasury shall, by January 1, 2027, establish a website (TrumpIRA.gov) that provides individuals, with a particular focus on independent contractors, self‑employed individuals, and other workers who do not have access to an employer‑sponsored retirement plan, with information about high‑quality, low‑cost IRAs.",0
14403,2026-08908,Department of the Treasury and Department of Labor,issue worker‑protection regulations for IRAs,"The Secretary of the Treasury and the Secretary of Labor shall issue regulations, exemptions, or guidance, as appropriate and consistent with applicable law, to ensure that IRAs maintained by financial institutions, including those listed on TrumpIRA.gov, protect workers, maintain transparency, and prevent prohibited transactions within the meaning of 26 U.S.C. 4975.",0
14404,2026-09173,Heads of executive departments and agencies,implement the order within their respective agencies,The head of each executive department and agency (agency) is authorized to and shall take all appropriate measures within the agency's authority to implement this order,0
14404,2026-09173,Secretary of State,determine foreign persons whose property is to be blocked under the sanctions,"any foreign person determined by the Secretary of State, in consultation with the Secretary of the Treasury; or by the Secretary of the Treasury, in consultation with the Secretary of State",0
14404,2026-09173,Secretary of State,take all actions necessary to implement and effectuate the order,the Secretary of State and the Secretary of the Treasury are directed and authorized to take all actions necessary to implement and effectuate this order,0
14404,2026-09173,Secretary of the Treasury,determine foreign persons whose property is to be blocked under the sanctions,"any foreign person determined by the Secretary of State, in consultation with the Secretary of the Treasury; or by the Secretary of the Treasury, in consultation with the Secretary of State",0
14404,2026-09173,Secretary of the Treasury,impose sanctions on foreign financial institutions that facilitate blocked persons,"The Secretary of the Treasury, in consultation with the Secretary of State, is hereby authorized to impose on a foreign financial institution one or more of the sanctions described in subsection (b) of this section",0
14404,2026-09173,Secretary of the Treasury,take all actions necessary to implement and effectuate the order,the Secretary of State and the Secretary of the Treasury are directed and authorized to take all actions necessary to implement and effectuate this order,0
14404,2026-09173,Secretary of the Treasury,submit recurring and final reports to Congress on the national emergency and authorities exercised,"The Secretary of the Treasury, in consultation with the Secretary of State, is hereby authorized and directed to submit recurring and final reports to the Congress on the national emergency declared in, and authorities exercised by, Executive Order 14380",0
14405,2026-10399,Board of Governors of the Federal Reserve System (FRB),complete the actions described in section 3 of the order,The Board of Governors of the Federal Reserve System (FRB) is requested to complete the actions described in section 3 of this order.,0
14405,2026-10399,Department of the Treasury,bear the costs for publication of the order,The costs for publication of this order shall be borne by the Department of the Treasury.,0
14405,2026-10399,Each Federal financial regulator,"conduct a review of existing regulations, guidance, supervisory practices, and application processes to identify those that could be updated to facilitate innovation","Within 90 days of the date of this order, the head of each Federal financial regulator shall conduct a review of existing regulations",0
14405,2026-10399,Each Federal financial regulator,"take steps, in consultation with the Assistant to the President for Economic Policy, to encourage innovation","Within 180 days of the date of this order, the head of each Federal financial regulator shall, in consultation with the Assistant to the President for Economic Policy, take steps to encourage innovation",0
14405,2026-10399,Federal Reserve Board (FRB),"conduct a comprehensive evaluation and submit a report to the President with findings, options, and recommendations","Within 120 days of the date of this order, the FRB is requested to submit a report to the President, through the Assistant to the President for Economic Policy, setting forth its findings, options, and any recommendations",0
14405,2026-10399,Federal Reserve Board (FRB),establish transparent application procedures for direct access to Reserve Bank payment accounts and make determinations within 90 days of the application date,the FRB is requested to establish transparent application procedures for such access and to make determinations ... within 90 days of the application date,0
14406,2026-10400,Consumer Financial Protection Bureau,consider issuing clarification that deportation risk and wage loss may be factored into ability‑to‑repay assessments.,"Within 60 days of the date of this order, the Consumer Financial Protection Bureau shall consider clarifying that potential deportation and loss of wages are factors that could adversely affect a non‑work authorized borrower's ability to repay an extension of credit under the ""ability‑to‑repay"" standards in 12 CFR Part 1026 and its appendices and supplements, and that lenders may consider such factors as part of a reasonable and good‑faith underwriting determination.",0
14406,2026-10400,Department of the Treasury,issue a formal Advisory to financial institutions describing red‑flags and typologies of suspicious activity linked to non‑work‑authorized populations and their employers.,"Within 60 days of the date of this order, the Secretary of the Treasury shall issue a formal Advisory to financial institutions regarding the risks associated with the exploitation of the United States financial system by non-work authorized populations and their employers.",0
14406,2026-10400,Department of the Treasury (in consultation with Federal functional financial regulators),propose amendments to Bank Secrecy Act regulations to tighten risk‑based customer due‑diligence requirements.,"Within 90 days of the date of this order, the Secretary of the Treasury shall, in consultation with the appropriate Federal functional financial regulators, propose changes to applicable implementing regulations of the Bank Secrecy Act to strengthen risk‑based customer due diligence requirements for covered financial institutions.",0
14406,2026-10400,Department of the Treasury and Federal functional financial regulators,consider further changes to Bank Secrecy Act regulations to enhance customer identification program requirements.,"Within 180 days of the date of this order, the Secretary of the Treasury and the appropriate Federal functional financial regulators shall consider changes to applicable implementing regulations of the Bank Secrecy Act to strengthen risk‑based customer identification program requirements for covered financial institutions.",0
14406,2026-10400,"Federal functional financial regulators (Board of Governors of the Federal Reserve System, Office of the Comptroller of the Currency, FDIC, NCUA)",issue guidance on managing credit risks associated with non‑work‑authorized borrowers.,"Within 60 days of the date of this order, each appropriate Federal functional financial regulator shall issue guidance regarding the management of the potential credit risks posed by the non‑work authorized population.",0
14407,2026-11180,Centers for Disease Control and Prevention (CDC) and its Advisory Committee on Immunization Practices (ACIP),"review the scientific assessment and latest clinical data and, to the extent permitted by law, take appropriate steps to update the U.S. childhood and adolescent vaccine schedule","The Centers for Disease Control and Prevention (CDC) and its Advisory Committee on Immunization Practices (ACIP) shall review the scientific assessment and the latest clinical data and, to the extent permitted by law, take any appropriate steps to update the United States childhood and adolescent vaccine schedule.",0
14407,2026-11180,Each executive department and agency,"ensure actions, regulations, funding, and coverage related to child and adolescent immunizations align with the ACIP/CDC schedule and maintain required legal obligations","Each executive department and agency shall ensure all actions, regulations, funding, and coverage related to child and adolescent immunizations align with the schedule recommended by the ACIP and adopted by the CDC, including fulfilling all legal obligations with respect to parental authority, religious freedom, disability accommodations, and equal protection under the law.",0
14407,2026-11180,HHS Director of the Office of Intergovernmental and External Affairs,inform State government and health officials of the order’s policies and make the scientific assessment available for their consideration of State vaccination laws,The HHS Director of the Office of Intergovernmental and External Affairs shall ensure that State government and health officials are informed of the policies in this order and should ensure that the scientific assessment is available as a resource to inform their consideration of State vaccination laws.,0
14408,2026-11181,Board of Directors of the Tennessee Valley Authority,initiate rulemakings to rescind or revise regulations implementing EO 11644 and EO 11989,"The Secretary of War, the Secretary of the Interior, the Secretary of Agriculture, the Board of Directors of the Tennessee Valley Authority, and the head of any other relevant agency shall initiate rulemakings to rescind or revise the regulations previously adopted to implement those Executive Orders.",0
14408,2026-11181,Secretary of Agriculture,initiate rulemakings to rescind or revise regulations implementing EO 11644 and EO 11989,"The Secretary of War, the Secretary of the Interior, the Secretary of Agriculture, the Board of Directors of the Tennessee Valley Authority, and the head of any other relevant agency shall initiate rulemakings to rescind or revise the regulations previously adopted to implement those Executive Orders.",0
14408,2026-11181,Secretary of War,initiate rulemakings to rescind or revise regulations implementing EO 11644 and EO 11989,"The Secretary of War, the Secretary of the Interior, the Secretary of Agriculture, the Board of Directors of the Tennessee Valley Authority, and the head of any other relevant agency shall initiate rulemakings to rescind or revise the regulations previously adopted to implement those Executive Orders.",0
14408,2026-11181,Secretary of the Interior,initiate rulemakings to rescind or revise regulations implementing EO 11644 and EO 11989,"The Secretary of War, the Secretary of the Interior, the Secretary of Agriculture, the Board of Directors of the Tennessee Valley Authority, and the head of any other relevant agency shall initiate rulemakings to rescind or revise the regulations previously adopted to implement those Executive Orders.",0
14409,2026-11415,Attorney General,prioritize enforcement of criminal statutes against illegal AI‑enabled computer access,"the Attorney General shall prioritize the enforcement of 18 U.S.C. 1028, 18 U.S.C. 1030, 18 U.S.C. 1343, and all other applicable Federal criminal laws against anyone who utilizes AI to illegally access or damage a computer without authorization",0
14409,2026-11415,Committee on National Security Systems,prioritize cyber defense of National Security Systems,the Committee on National Security Systems shall prioritize the cyber defense of National Security Systems,0
14409,2026-11415,Director of OMB,determine availability of grant funding for AI vulnerability‑detection projects,"the Director of OMB, in coordination with the National Cyber Director and the Director of CISA, shall determine whether any Federal grant programs have available and relevant funding that can be directed toward applicants developing advanced AI vulnerability detection",0
14409,2026-11415,Director of OPM,expand hiring and placement pathways for Information Cybersecurity Specialists,the Director of the Office of Personnel Management shall expand the United States Tech Force Information Cybersecurity Specialist hiring and placement pathways,0
14409,2026-11415,Secretary of Homeland Security (via CISA),release Binding Operational Directives to prioritize cyber defense of civilian federal information systems,"the Secretary of Homeland Security, through the Director of the Cybersecurity and Infrastructure Security Agency (CISA), ... shall release Binding Operational Directives and other guidance as appropriate to: (i) expedite and prioritize the cyber defense of civilian Federal Government information systems",0
14409,2026-11415,Secretary of War,prioritize cyber defense of Department of War information systems,the Secretary of War shall prioritize the cyber defense of Department of War information systems,0
14409,2026-11415,Secretary of the Treasury (with others),form an AI cybersecurity clearinghouse,"the Secretary of the Treasury, ... shall form an AI cybersecurity clearinghouse, in voluntary collaboration with the AI industry and operators of critical infrastructure",0
14409,2026-11415,"Secretary of the Treasury, Secretary of War (with others)",develop a classified benchmarking process for “covered frontier” AI models,"the Secretary of the Treasury, the Secretary of War,",1
14409,2026-11415,"Secretary of the Treasury, Secretary of War (with others)",design a voluntary framework for AI developers to engage the government on “covered frontier” models,"the Secretary of the Treasury, the Secretary of War,",1
14411,2026-11595,Department of Homeland Security,"revise importer eligibility regulations, guidance, and policies","the Secretary of Homeland Security (Secretary) shall ... take steps to revise importer eligibility regulations, guidance, and policies",0
14411,2026-11595,Department of Homeland Security,require all importers of record to maintain “good standing” with CBP,the Secretary shall require all IORs to maintain ``good standing'' with CBP,0
14411,2026-11595,Department of Homeland Security,update the importer‑of‑record registry,the Secretary shall update the IOR registry consistent with the policy of this order,0
14411,2026-11595,Department of Homeland Security,"establish enhanced, recurrent vetting procedures for import‑related parties","the Secretary shall establish enhanced vetting procedures, including recurrent vetting, for all individuals and entities seeking to conduct activities directly related to the importation of goods",0
14411,2026-11595,Department of Homeland Security,require foreign exporters to submit documentation previously provided to their own customs authorities,the Secretary shall take steps to establish a requirement mandating the submission of any documentation or information that the foreign exporter was required to submit to the foreign customs administration prior to exporting to the United States,0
14411,2026-11595,Department of Homeland Security,"revise mitigation standards, including setting a minimum penalty floor",the Secretary shall take steps to revise all mitigation standards consistent with the policy of this order,0
14411,2026-11595,Department of Homeland Security,expedite seizure and disposal of non‑compliant imports,"the Secretary shall, to the maximum extent permitted by applicable law, take actions to expedite and enhance the seizure and disposal of non‑compliant imports",0
14411,2026-11595,Department of Homeland Security,enhance customs transparency and publish annual enforcement reports,"the Secretary shall enhance transparency in customs by taking steps to establish various requirements, standards, and practices ... publishing annual enforcement transparency reports",0
14411,2026-11595,Department of Homeland Security,submit legislative recommendations to strengthen customs enforcement,"the Secretary, in consultation with the Director of the Office of Management and Budget and the heads of any other relevant agencies, shall submit to the President ... recommendations for legislation to strengthen customs enforcement",0
14411,2026-11595,Department of Homeland Security,report to the President on the order’s effectiveness,the Secretary shall submit a report to the President ... on the effectiveness of the matters set forth in this order,0
14412,2026-12909,All federal agencies,migrate high‑value assets and high‑impact systems to post‑quantum cryptographic key‑establishment algorithms,"transition all HVAs and high impact systems to use PQC for key establishment by December 31, 2030",0
14412,2026-12909,All federal agencies,migrate high‑value assets and high‑impact systems to post‑quantum digital‑signature algorithms,"transition all HVAs and high impact systems to use PQC for digital signatures by December 31, 2031",0
14412,2026-12909,All federal agencies (agency heads),identify and report the name and contact details of a PQC migration lead to the Director of OMB and the National Cyber Director,"Within 30 days of the date of this order, each agency head shall identify its PQC migration lead",0
14412,2026-12909,Department of Commerce / NIST,initiate and complete a pilot PQC migration project by December 31 2027,"Within 180 days of the date of this order, the Secretary of Commerce, through the Director of NIST, shall initiate a pilot project for PQC migration on an appropriate subset of information systems owned or operated by NIST, to be completed no later than December 31, 2027",0
14412,2026-12909,Department of Homeland Security / CISA,release public guidance on minimum elements for a cryptographic bill of materials,"Within 270 days of the date of this order, the Secretary of Homeland Security, through the Director of CISA, and in coordination with the Director of NIST, shall release public guidance describing the agencies' considered view as to the minimum elements for a cryptographic bill of materials",0
14412,2026-12909,Federal Acquisition Regulation Council (FAR Council),publish a proposed rule amending the FAR to require contractor compliance with NIST FIPS that incorporate PQC algorithms by Dec 31 2030,"Within 180 days of the date of this order, the",1
14412,2026-12909,National Security Agency (NSA),submit a status report on PQC migration for agencies that own or operate National Security Systems,"Within 180 days of the date of this order, the",1
14412,2026-12909,Office of Management and Budget (OMB) and the National Cyber Director,lead strategic coordination and oversight of the national PQC migration policy and strategy set forth in this order,The Director of OMB and the National Cyber Director ... shall lead the strategic coordination and oversight of the national PQC migration policy,0
14413,2026-12910,Administrator of NASA,develop a 5‑year plan for civilian quantum sensing and networking for space,the Administrator of NASA shall develop a plan for developing and extending civilian quantum sensing and networking for space applications.,0
14413,2026-12910,Assistant to the President for Science and Technology (APST),update the National Quantum Strategy within 180 days,"Within 180 days of the date of this order, the Assistant to the President for Science and Technology (APST), ... shall update the National Quantum Strategy (Strategy)",0
14413,2026-12910,Assistant to the President for Science and Technology (APST),coordinate the newly established QC-ADDS Effort,"There is hereby established the Quantum Computer for Application Development and Discovery Science (QC-ADDS) Effort, which shall be coordinated by the APST.",0
14413,2026-12910,Assistant to the President for Science and Technology (APST),recommend revised NQIAC membership and task NQIAC to develop recommendations within 210 days,the APST shall recommend a revised NQIAC membership list and shall task the NQIAC to develop recommendations,1
14413,2026-12910,Assistant to the President for Science and Technology (APST),coordinate security controls for QIST activities,"The APST and the APNSA, in consultation with the Co‑Chairs of the ESIX Subcommittee, shall coordinate with the relevant agencies to ensure that QIST activities and policies maintain robust and balanced security controls",0
14413,2026-12910,Assistant to the President for Science and Technology (APST),engage industry and academia to expand post‑secondary training within 180 days,the APST shall engage with United States industry and academic institutions to promote the expansion of post‑secondary training opportunities ... within 180 days of the date of this order,0
14413,2026-12910,Co‑Chairs of the ESIX Subcommittee,recommend an information‑sharing mechanism to the APST,the Co‑Chairs of the ESIX Subcommittee shall recommend to the APST a mechanism to facilitate information‑sharing between relevant agencies,0
14413,2026-12910,Director of NSF,issue grants for QIST user facilities within 180 days,Within 180 days of the date of this order:,1
14413,2026-12910,Director of NSF,initiate a network of National QIST Workforce Development Institutes within 180 days,the Director of NSF shall take steps to initiate a network of National QIST Workforce Development Institutes ... within 180 days of the date of this order,0
14413,2026-12910,Director of the Federal Bureau of Investigation,propose staffing requirements to expand the QCPT,"The Director of the Federal Bureau of Investigation, in coordination with the Secretary of State, the Secretary of War, the Secretary of Commerce, the Secretary of Energy, the Secretary of Homeland Security, the DNI, and the Director of the NSA, shall propose to the APST, the APNSA, and the Director of OMB staffing requirements to expand the Quantum Information Science and Technology Counterintelligence Protection Team (QCPT)",0
14413,2026-12910,Director of the National Science Foundation (NSF),develop a 5‑year plan for basic research on quantum sensing and networking,"the Director of NSF shall develop a plan for basic science research to identify applications of quantum sensing and networking, develop novel systems‑level concepts, and improve QIST manufacturing science;",0
14413,2026-12910,Director of the Office of Personnel Management,develop a government‑wide QIST recruitment and retention strategy within 90 days,"Within 90 days of the date of this order, the Director of the Office of Personnel Management, in consultation with the APST and the Director of OMB and in coordination with the Secretary of War, the Secretary of Commerce, the Secretary of Energy, the DNI, and the Director of NSF, shall develop a Government‑wide QIST recruitment and retention strategy",0
14413,2026-12910,Relevant executive departments and agencies,submit a summary of alignment steps within 30 days of the Strategy's publication,"Within 30 days of the date of the publication of the updated Strategy, relevant executive departments and agencies (agencies) shall each submit to the APST and the Director of the Office of Management and Budget (OMB) a summary of steps taken to align their processes, policies, and programs with the Strategy.",0
14413,2026-12910,Secretary of Commerce,"ensure capabilities, manufacturing infrastructure, and expertise are available to support the QC-ADDS Effort","The Secretary of War, the Secretary of Commerce, the Secretary of Energy, the DNI, the Director of NSF, and the heads of other relevant agencies ... shall ensure that relevant capabilities, manufacturing infrastructure, and expertise are made available to support the QC-ADDS Effort",0
14413,2026-12910,Secretary of Commerce,develop a plan to encourage commercial contributions to QC‑ADDS within 180 days,"Within 180 days of the date of this order, the Secretary of",1
14413,2026-12910,Secretary of Commerce,develop a 5‑year plan for commercial quantum sensing and networking,"the Secretary of Commerce shall develop a plan for advancing commercial readiness of quantum sensing, quantum‑sensor manufacturing technology, and quantum‑network‑enhanced timing;",0
14413,2026-12910,Secretary of Commerce,develop a plan to strengthen the QIST ecosystem,"The Secretary of Commerce, in consultation with the Secretary of Energy and the heads of other relevant agencies, shall develop a plan to strengthen the QIST ecosystem",0
14413,2026-12910,Secretary of Commerce,identify and recommend actions to address foreign trade barriers affecting QIST companies,"The Secretary of Commerce, in coordination with the United States Trade Representative, shall identify and provide recommendations to the President, through the APST, to address foreign trade barriers, discriminatory treatment, and other policies that limit the competitiveness of American QIST companies.",0
14413,2026-12910,Secretary of Energy,"ensure capabilities, manufacturing infrastructure, and expertise are available to support the QC-ADDS Effort","The Secretary of War, the Secretary of Commerce, the Secretary of Energy, the DNI, the Director of NSF, and the heads of other relevant agencies ... shall ensure that relevant capabilities, manufacturing infrastructure, and expertise are made available to support the QC-ADDS Effort",0
14413,2026-12910,Secretary of Energy,identify technical specifications for QC-ADDS and publicly release a summary within 90 days,"Within 90 days of the date of this order, the Secretary of Energy, in coordination with the APST and the heads of other relevant agencies, shall identify the technical specifications required for a QC-ADDS ... and shall publicly release a summary of those specifications",0
14413,2026-12910,Secretary of Energy,explore private‑sector partnership models for QC‑ADDS delivery within 180 days,"Within 180 days of the date of this order, the Secretary of Energy, in consultation with the Director of OMB, shall explore potential private-sector partnership models ...",0
14413,2026-12910,Secretary of Energy,establish a national center for quantum computing performance assessment within 180 days,"the Secretary of Energy, in consultation with the Secretary of War and the Secretary of Commerce, shall establish a national center to develop the tools and capabilities required to accurately assess the performance of quantum computing systems; and",0
14413,2026-12910,Secretary of Energy,"develop a 5‑year plan for quantum sensing, imaging, and networking","the Secretary of Energy shall develop a plan for using quantum sensing and imaging to measure and characterize complex systems, and for using quantum networking to enable distributed quantum computing;",0
14413,2026-12910,Secretary of Labor,prioritize QIST industry needs in workforce training related to EO 14278,the Secretary of Labor shall ensure that QIST‑relevant industry needs are prioritized in workforce training efforts related to Executive Order 14278,0
14413,2026-12910,Secretary of State,align international engagements to support U.S. quantum industry,"The Secretary of State and the Secretary of Commerce, in coordination with other relevant agencies as appropriate, shall align their respective international engagements ...",0
14413,2026-12910,Secretary of State,provide recommendations on aligning international engagements within 120 days,"Within 120 days of the date of this order, the Secretary of State shall provide recommendations to the APNSA and the APST on how to align existing bilateral and multilateral international engagements, including Pax Silica, to advance the priorities of this order.",0
14413,2026-12910,Secretary of War,"ensure capabilities, manufacturing infrastructure, and expertise are available to support the QC-ADDS Effort","The Secretary of War, the Secretary of Commerce, the Secretary of Energy, the DNI, the Director of NSF, and the heads of other relevant agencies ... shall ensure that relevant capabilities, manufacturing infrastructure, and expertise are made available to support the QC-ADDS Effort",0
14413,2026-12910,Secretary of War,establish activities to develop tools for national‑security quantum computing applications within 180 days,"Within 180 days of the date of this order, the Secretary of",1
14413,2026-12910,Secretary of War,identify at least three quantum sensor projects within 60 days,"Within 60 days of the date of this order, the Secretary of War shall identify at least three next‑generation quantum sensor projects to prioritize in order to field these sensors by September 30, 2028.",0
14413,2026-12910,Secretary of War,develop a plan to encourage private‑sector quantum component development within 120 days,"Within 120 days of the date of this order, the Secretary of War, the Secretary of Commerce, the Secretary of Energy, and the Director of NSF shall develop a plan, with coordination from the APST and the Director of OMB, to encourage and partner with the private sector",0
14413,2026-12910,Secretary of War,increase domestic access to QIST‑relevant foundry resources within 180 days,"Within 180 days of the date of this order: (i) the Secretary of War, in consultation with the heads of relevant agencies, shall take steps to increase domestic access to Department of War‑sponsored QIST‑relevant foundry resources",0
14414,2026-13254,All agencies,implement order in accordance with law and appropriations,This order shall be implemented consistent with applicable law and subject to the availability of appropriations.,0
14414,2026-13254,Department of Health and Human Services (HHS),issue NIH grand‑prize challenge on chemical‑exposure solutions,shall issue a grand prize challenge from the National Institutes of Health for researchers,0
14414,2026-13254,Department of Health and Human Services (HHS),cover publication costs,The costs for publication of this order shall be borne by the Department of Health and Human Services.,0
14414,2026-13254,Department of Health and Human Services (HHS) via ARPA‑H,prioritize research on alternatives to conventional chemical crop protection,"prioritize research to identify new, innovative, and cost‑effective technologies that reduce reliance on conventional chemical crop protection tools",0
14414,2026-13254,Environmental Protection Agency (EPA),prioritize registration of alternative substances,The Administrator of the EPA (Administrator) shall prioritize registration actions related to substances that can be used as alternatives to older active ingredients;,0
14414,2026-13254,Environmental Protection Agency (EPA),"review data on pre‑harvest desiccants and ensure safety, environmental, and labeling compliance","review all available data for registered pre‑harvest desiccation uses and ensure alignment with all applicable safety and environmental standards, including accurate labeling of chemical products.",0
14414,2026-13254,U.S. Department of Agriculture (USDA),maximize funding and expand the Regenerative Pilot Program,The Secretary of Agriculture shall maximize the funding of the current Regenerative Pilot Program and evaluate ways to expand the reach of the program,0
14414,2026-13254,"U.S. Department of Agriculture (USDA), Department of Health and Human Services (HHS), EPA",expedite development of a cumulative‑exposure research framework,"The Secretary of Agriculture, the Secretary of HHS, and the Administrator shall expedite development of a research and evaluation framework for cumulative exposure across chemical classes",0
14415,2026-15003,Secretary of War,Allow limited waivers when a formal mitigation plan is submitted and accepted,"The Secretary may continue to issue waivers ... provided that the prime contractor ... submits ... a formal mitigation plan, accepted by the Secretary",0
14415,2026-15003,Secretary of War,Provide a list of actions and contractual remedies within 180 days,"Within 180 days of the date of this order, the Secretary shall provide the Assistant to the President for National Security Affairs a list of generally available actions and contractual remedies",0
14415,2026-15003,Secretary of War,Develop policy and guidance for critical‑supply‑chain mapping within 180 days,"Within 180 days of the date of this order, the Secretary shall develop policy and implementation guidance to require all prime contractors ... to map and illuminate ... critical supply chains",0
14415,2026-15003,Secretary of War,Promulgate implementing regulations within 90 days of completing the mapping guidance,"Within 90 days of completion, the Secretary shall promulgate implementing regulations",0
14415,2026-15003,Secretary of War,Initiate regulatory action to identify acquisitions and require qualification of alternative sources within 180 days,"Within 180 days of the date of this order, the Secretary shall initiate regulatory action to: (i) identify",1
14415,2026-15003,Secretary of War,Develop a strategy for accelerated testing and qualification of new sources within 90 days,"Within 90 days of the date of this order, the Secretary shall develop a strategy to accelerate testing and qualification of new sources and materials",0
14415,2026-15003,Secretary of War,Submit semi‑annual reports on order implementation until 2028‑01‑01,"Every 6 months from the date of this order until January 1, 2028, the Secretary shall submit a report to the Assistant to the President for National Security Affairs describing the actions taken pursuant to this order",0
14415,2026-15003,Secretary of War and Secretaries of the military departments,Cease issuing waivers under 10 U.S.C. 4872(c)(1) for covered materials,"On January 1, 2027, the Secretary of War (Secretary) and the Secretaries of the military departments shall cease to issue waivers under 10 U.S.C. 4872(c)(1)",0
14416,2026-15357,Administrator of General Services,identify_and_utilize_authorities,shall identify and utilize any and all available authorities to promote the policy of this order,0
14416,2026-15357,Assistant to the President for Domestic Policy,identify_and_utilize_authorities,shall identify and utilize any and all available authorities to promote the policy of this order,0
14416,2026-15357,Director of the Office of Management and Budget,identify_and_utilize_authorities,shall identify and utilize any and all available authorities to promote the policy of this order,0
14416,2026-15357,Secretary of the Interior,identify_and_utilize_authorities,shall identify and utilize any and all available authorities to promote the policy of this order,0
14418,2026-16403,"Secretary of State, Attorney General, Secretary of Homeland Security, Commissioner of Social Security",ensure departmental regulations and policies are consistent with this order,shall take all appropriate measures to ensure that the regulations and policies of their respective departments and agencies are consistent with this order,0
14418,2026-16403,heads of all executive departments and agencies,issue public guidance on implementation within 30 days,shall issue public guidance within 30 days of the date of this order regarding this order's implementation,0
14419,2026-16404,Secretary of Homeland Security,implement the order’s policy on birth tourism,the authority ... is hereby delegated to the Secretary of State and the Secretary of Homeland Security to the extent necessary to implement this order,0
14419,2026-16404,Secretary of State,implement the order’s policy on birth tourism,the authority ... is hereby delegated to the Secretary of State and the Secretary of Homeland Security to the extent necessary to implement this order,0
14420,2026-16730,All executive departments and agencies,review the Gold Standard Childhood Vaccine Recommendations and take any appropriate steps to advance them,"Each executive department and agency shall review the Gold Standard Childhood Vaccine Recommendations and take any appropriate steps to advance them, to the fullest extent allowable by law.",0
14420,2026-16730,Attorney General,"take appropriate measures to further meritorious legal actions challenging State laws that conflict with constitutional and statutory obligations related to parental authority, religious freedom, disability accommodations, and equal protection, including providing religious and medical exemptions","The Attorney General shall take appropriate measures to further meritorious legal actions challenging State laws that conflict with States' constitutional and Federal statutory obligations related to parental authority, religious freedom, disability accommodations, and equal protection under the law, including, to the extent applicable under Federal law, States' obligations to provide religious and medical exemptions",0
14420,2026-16730,Department of Health and Human Services,bear the costs for publication of this order,The costs for publication of this order shall be borne by the Department of Health and Human Services.,0
14420,2026-16730,"Departments of Justice, Education, and Health and Human Services","ensure that contractors and grantees, including States and localities, comply with constitutional and statutory obligations related to parental authority, religious freedom, disability accommodations, and equal protection, including providing religious and medical exemptions","The Departments of Justice, Education, and HHS shall take appropriate action to ensure that their contractors and grantees, including States and localities, are compliant with their constitutional and Federal statutory obligations related to parental authority, religious freedom, disability accommodations, and equal protection under the law, including, to the extent applicable under Federal law, their obligations to provide religious and medical exemptions",0
14420,2026-16730,Secretary of Health and Human Services,"present plans within 90 days to the President through the Assistant to the President for Domestic Policy, including offering single‑vaccine options, assessing timing, developing alternative adjuvants, evaluating risk/benefit, and improving safety monitoring","The Secretary of HHS, through the HHS Task Force on Safer Childhood Vaccines, shall, within 90 days of the date of this order, present plans to the President through the Assistant to the President for Domestic Policy",0
14421,2026-17843,Secretary of Energy,"prohibit acquisition, importation, transfer, or installation of foreign‑produced bulk‑power system electric equipment","The following actions are prohibited: any acquisition, importation, transfer, or installation of any foreign‑produced bulk‑power system electric equipment (transaction) by any person",0
14422,2026-18020,Department of the Interior,rename Lake Ontario to Lake America,"Within 30 days of the date of this order, the Secretary of the Interior (Secretary) shall, in coordination with the Board on Geographic Names and consistent with 43 U.S.C. 364 through 364f, take all appropriate actions to rename as ``Lake America'' the body of water currently named as Lake Ontario",0
14423,2026-18141,Presidential Commission on the United States Space Academy,establishes a new commission,There is hereby established the Presidential Commission on the United States Space Academy (Commission).,0
14423,2026-18141,Presidential Commission on the United States Space Academy,directs the commission to submit a report,"Within 120 days of the date of this order, the Commission shall submit to the President through the APST and the APEP a report",0
