eo_number,document_number,authority,source_quote,quote_trimmed
12890,94-290,President,section 1(a) of Executive Order No. 12864 is amended by deleting the number ``25'' and inserting the number ``30'',0
12892,94-1532,Fair Housing Act (42 U.S.C. 3601 et seq.),"in accordance with the Fair Housing Act, as amended (42 U.S.C. 3601 et seq.)",0
12892,94-1532,Section 808(d) of the Fair Housing Act,"Section 808(d) of the Act, as amended, provides",0
12892,94-1532,Executive Order No. 12250,nothing in this order shall limit the authority of the Attorney General to provide for the coordinated enforcement of nondiscrimination requirements in Federal assistance programs under Executive Order No. 12250,0
12893,94-2261,the Constitution and the laws of the United States of America,by the authority vested in me as President by the Constitution and the laws of the United States of America,0
12895,94-2266,International Organizations Immunities Act,"I hereby designate the North Pacific Anadromous Fish Commission as a public international organization entitled to enjoy the privileges, exemptions, and immunities",0
12897,94-2905,"section 5520a of title 5, United States Code","section 5520a of title 5, United States Code",0
12897,94-2905,Public Law 103-94,Public Law 103-94,0
12898,94-3685,Presidential constitutional and statutory authority,"By the authority vested in me as President by the Constitution and the laws of the United States of America, it is hereby ordered as follows:",0
12899,94-3853,section 9A of the Railway Labor Act,"NOW, THEREFORE, by the authority vested in me by section 9A of the Act, it is hereby ordered as follows:",0
12900,94-4472,U.S. Constitution,By the authority vested in me as President by the Constitution and the laws of the United States of America,0
12900,94-4472,Federal Advisory Committee Act (5 U.S.C. App. 2),"I have determined that the Commission shall be established in compliance with the Federal Advisory Committee Act, as amended (5 U.S.C. App. 2).",0
12901,94-5434,President,"By the authority vested in me as President by the Constitution and the laws of the United States of America, including sections 141 and 301‑310 of the Trade Act of 1974, as amended (the “Act”) (19 U.S.C. 2171, 2411‑2420), and section 301 of title 3, United States Code",0
12902,94-5834,Presidential authority under the Constitution and Energy Policy and Conservation Act,"by the authority vested in me as President by the Constitution and the laws of the United States of America, including the Energy Policy and Conservation Act …",0
12903,94-5915,"Atomic Energy Act of 1954, section 126a(2)","including section 126a(2) of the Atomic Energy Act of 1954, as amended (42 U.S.C. 2155(a)(2))",0
12905,94-7635,"Presidential authority under the Constitution, Federal Advisory Committee Act, and Trade Act of 1974","by the authority vested in me as President by the Constitution and the laws of the United States of America, including the Federal Advisory Committee Act, as amended (5 U.S.C. App.), and section 135(c)(1) of the Trade Act of 1974, as amended (19 U.S.C. 2155(c)(1)) (``Act'')",0
12906,94-9117,Federal Geographic Data Committee (FGDC),"The Federal Geographic Data Committee (“FGDC”), established by the Office of Management and Budget (“OMB”) Circular No. A-16 (“Coordination of Surveying, Mapping, and Related Spatial Data Activities”) and chaired by the Secretary of the Department of the Interior (“Secretary”) or the Secretary’s designee, shall coordinate the Federal Government’s development of the NSDI.",0
12906,94-9117,Office of Management and Budget Circular No. A‑16,"established by the Office of Management and Budget (“OMB”) Circular No. A-16 (“Coordination of Surveying, Mapping, and Related Spatial Data Activities”)",0
12906,94-9117,Office of Management and Budget Circular No. A‑119,"consistent with OMB Circular No. A-119 (“Federal Participation in the Development and Use of Voluntary Standards”), and other applicable law and policies.",0
12906,94-9117,Office of Management and Budget Circular No. A‑130,including OMB Circular No. A-130 (“Management of Federal Information Resources”),0
12906,94-9117,National Performance Review,"The National Performance Review has recommended that the executive branch develop, in cooperation with State, local, and tribal governments, and the private sector, a coordinated National Spatial Data Infrastructure",0
12908,94-10241,President of the United States,"By the authority vested in me as President by the Constitution and the laws of the United States of America, including section 3347 of title 5, United States Code, it is hereby ordered as follows:",0
12910,94-10249,5 U.S.C. 6103(b),That day shall be considered as falling within the scope of 5 U.S.C. 6103(b),0
12914,94-11547,"International Emergency Economic Powers Act, National Emergencies Act, United Nations Participation Act, Title 3 U.S.C. §301","by the authority vested in me as President by the Constitution and the laws of the United States of America, including the International Emergency Economic Powers Act (50 U.S.C. 1701 et seq.), the National Emergencies Act (50 U.S.C. 1601 et seq.), section 5 of the United Nations Participation Act of 1945, as amended (22 U.S.C. 287c), and section 301 of title 3, United States Code",0
12915,94-12275,Section 2(e)(1) of Executive Order 12915,the EPA Administrator shall establish a governmental committee to furnish advice regarding implementation and further elaboration of the Agreement,0
12916,94-12284,Secretary of the Treasury,The functions vested in the President by section 543(a)(1) of the NAFTA Implementation Act are delegated to the Secretary of the Treasury.,0
12916,94-12284,Secretary of the Treasury,"The functions vested in the President by section 543(a)(2) and (3) of the NAFTA Implementation Act are delegated to the Secretary of the Treasury, who shall exercise such functions in accordance with the recommendations of the Community Adjustment and Investment Program Finance Committee established pursuant to section 7 of this order.",0
12916,94-12284,Community Adjustment and Investment Program Finance Committee,"The functions vested in the President by section 543(a)(5) and section 543(d) of the NAFTA Implementation Act are delegated to the Community Adjustment and Investment Program Finance Committee established pursuant to section 7 of this order, which shall exercise such functions in consultation with the Advisory Committee.",0
12917,94-12880,International Emergency Economic Powers Act,"by the authority vested in me as President by the Constitution and the laws of the United States of America, including the International Emergency Economic Powers Act (50 U.S.C. 1701 et seq.)",0
12918,94-13391,delegated,The Secretary of State is hereby authorized to take such,1
12920,94-14582,International Emergency Economic Powers Act (50 U.S.C. 1701 et seq.),including the International Emergency Economic Powers Act (50 U.S.C. 1701 et seq.),0
12920,94-14582,National Emergencies Act (50 U.S.C. 1601 et seq.),the National Emergencies Act (50 U.S.C. 1601 et seq.),0
12920,94-14582,"United Nations Participation Act (section 5, 22 U.S.C. 287c)","section 5 of the United Nations Participation Act of 1945, as amended (22 U.S.C. 287c)",0
12920,94-14582,"28 U.S.C. § 301 (title 3, United States Code)","section 301 of title 3, United States Code",0
12921,94-14728,Constitution and the laws of the United States of America,"section 1(a) of Executive Order No. 12864, as amended, is further amended by deleting the number ``30'' and inserting the number ``37'' in lieu thereof.",0
12922,94-15498,"International Emergency Economic Powers Act, National Emergencies Act, United Nations Participation Act, Title 3","By the authority vested in me as President by the Constitution and the laws of the United States of America, including the International Emergency Economic Powers Act (50 U.S.C. 1701 et seq.), the National Emergencies Act (50 U.S.C. 1601 et seq.), section 5 of the United Nations Participation Act of 1945, as amended (22 U.S.C. 287c), and section 301 of title 3, United States Code",0
12924,94-20873,delegates_authority,"The delegations of authority set forth in Executive Order No. 12002 of July 7, 1977, as amended by Executive Order No. 12755 of March 12, 1991; Executive Order No. 12214 of May 2, 1980; Executive Order No. 12735 of November 16, 1990; and Executive Order No. 12851 of June 11, 1993, shall be incorporated in this order and shall apply to the exercise of authorities under this order.",0
12924,94-20873,continues_existing_regulations,"All rules and regulations issued or continued in effect by the Secretary of Commerce ... shall, until amended or revoked by the Secretary of Commerce, remain in full force and effect as if issued or taken pursuant to this order",0
12924,94-20873,revokes_or_amends,"Executive Order No. 12923 of June 30, 1994, is revoked, and that declaration of emergency is rescinded",0
12926,94-22969,National Voter Registration Act of 1993,as required by section 7(b) of the National Voter Registration Act of 1993 (42 U.S.C. 1973gg),0
12927,94-23273,"10 U.S.C. §§ 121, 673b",including sections 121 and 673b of title 10 of the United States Code,0
12930,94-24617,International Emergency Economic Powers Act,section 203 of the International Emergency Economic Powers Act (50 U.S.C. 1702),0
12930,94-24617,National Emergencies Act,the National Emergencies Act (50 U.S.C. 1601 et seq.),0
12932,94-25940,International Emergency Economic Powers Act; National Emergencies Act,"including the International Emergency Economic Powers Act (50 U.S.C. 1701 et seq.), the National Emergencies Act (""NEA"") (50 U.S.C. 1601 et seq.)",0
12933,94-26516,Presidential authority under 40 U.S.C. 486(a),"by the authority vested in me as President by the Constitution and the laws of the United States of America, including 40 U.S.C. 486(a)",0
12934,94-26834,expands_scope_of_national_emergency_declared_in_EO_12808,I hereby expand the scope of the national emergency declared in Executive Order No. 12808,0
12934,94-26834,references_definition_in_EO_12810,The term ``United States person'' is as defined in section 5 of Executive Order No. 12810.,0
12935,94-27135,President of the United States,"By the authority vested in me as President by the Constitution and the laws of the United States of America, including section 402(e)(1) of title 37, United States Code, it is hereby ordered as follows:",0
12937,94-28431,Presidential authority,"By the authority vested in me as President by the Constitution and the laws of the United State of America, it is hereby ordered:",0
12938,94-28487,imposes_sanctions,sanctions also shall be imposed on a foreign person ... knowingly and materially contributed to ... chemical or biological weapons.,0
12938,94-28487,imposes_sanctions,sanctions also shall be imposed on a foreign country,1
12938,94-28487,revokes_or_amends,"Executive Order No. 12735 of November 16, 1990, and Executive Order No. 12930 of September 29, 1994, are hereby revoked.",0
12938,94-28487,delegates_authority,"The Secretary of State, the Secretary of the Treasury, and the Secretary of Commerce are hereby authorized and directed to take such actions, including the promulgation of rules and regulations, as may be necessary to carry out the purposes of this order.",0
12938,94-28487,other,"find that the proliferation of nuclear, biological, and chemical weapons ... constitutes an unusual and extraordinary threat ... and hereby declare a national emergency to deal with that threat.",0
12939,94-29541,"section 1440(b) of title 8, United States Code","eligible for naturalization in accordance with the statutory exception to the naturalization requirements, as provided in section 1440(b) of title 8, United States Code.",0
12940,94-29663,5 U.S.C. § 3301‑3302,"including sections 3301 and 3302 of title 5, United States Code",0
12941,94-30035,Earthquake Hazards Reduction Act of 1977,"in furtherance of the Earthquake Hazards Reduction Act of 1977, as amended by Public Law 101‑614",0
12941,94-30035,Interagency Committee on Seismic Safety in Construction (ICSSC) – standards,"The Standards of Seismic Safety for Existing Federally Owned or Leased Buildings (Standards), developed, issued, and maintained by the Interagency Committee on Seismic Safety in Construction (ICSSC), are hereby adopted",0
12944,94-32388,Statutory pay systems,The rates of basic pay or salaries of the statutory pay systems (as defined in 5 U.S.C. 5302(1)) are set forth on the schedules attached hereto,0
12944,94-32388,Senior Executive Service,the rates of basic pay for senior executives in the Senior Executive Service are set forth on Schedule 4 attached hereto,0
12944,94-32388,"Executive Schedule, Vice President, Congress, Justices and judges",The rates of pay or salaries for the following offices and positions are set forth on the schedules attached hereto,0
12944,94-32388,Uniformed services,the rates of monthly basic pay … for members of the uniformed services … are set forth on Schedule 8 attached hereto,0
12944,94-32388,Interim geographic adjustments,employees … shall be entitled … to receive an interim geographic adjustment at the rate shown on Schedule 9,0
12945,95-1877,Presidential constitutional and statutory authority,By the authority vested in me as President by the Constitution and the laws of the United States of America,0
12945,95-1877,Rehabilitation Act of 1973 (29 U.S.C. 791(a)-(f)),"the provisions of the Rehabilitation Act of 1973, Public Law 93-112, section 501(a)-(f), as amended (29 U.S.C. 791(a)-(f))",0
12946,95-1925,"section 1601 of the National Defense Authorization Act, Fiscal Year 1994 (Public Law 103‑160)","including section 1601 of the National Defense Authorization Act, Fiscal Year 1994 (Public Law 103‑160)",0
12946,95-1925,"Federal Advisory Committee Act, as amended (5 U.S.C. App. 2)","and the Federal Advisory Committee Act, as amended (5 U.S.C. App. 2) (“Act”)",0
12947,X95-110125,"International Emergency Economic Powers Act, National Emergencies Act, 3 U.S.C. §301","by the authority vested in me as President by the Constitution and the laws of the United States of America, including the International Emergency Economic Powers Act (50 U.S.C. 1701 et seq.) (IEEPA), the National Emergencies Act (50 U.S.C. 1601 et seq.), and section 301 of title 3, United States Code",0
12949,95-3671,delegates_authority,"the following officials, each of whom is employed in the area of national security or defense, is designated to make the certifications required by section 303(a)(7) of the Act",0
12950,95-4908,Railway Labor Act (section 9A),Disputes exist between Metro North Commuter Railroad and certain of its employees represented by certain labor organizations.,0
12951,95-5050,Director of Central Intelligence,the Director of Central Intelligence shall report annually to the President on the implementation of this order,0
12952,95-5129,President of the United States,By the authority vested in me as President by the Constitution and the laws of the United States of America,0
12953,95-5146,Presidential authority under the Constitution and 3 U.S.C. § 301,"by the authority vested in me as President by the Constitution and the laws of the United States of America, including section 301 of title 3, United States Code",0
12957,95-6849,International Emergency Economic Powers Act; National Emergencies Act; 3 U.S.C. §301,"By the authority vested in me as President by the Constitution and the laws of the United States of America, including the International Emergency Economic Powers Act (50 U.S.C. 1701 et seq.), the National Emergencies Act (50 U.S.C. 1601 et seq.), and section 301 of title 3, United States Code",0
12958,95-9941,Constitution and the laws of the United States of America,by the authority vested in me as President by the Constitution and the laws of the United States of America,0
12958,95-9941,Atomic Energy Act of 1954,"Atomic Energy Act of 1954, as amended",0
12958,95-9941,10 U.S.C. 119,Nothing in this order shall supersede any requirement made by or under 10 U.S.C. 119,0
12959,95-11694,President of the United States,"the following are prohibited, except to the extent provided in regulations, orders, directives, or licenses that may be issued pursuant to this order",0
12960,95-12285,"Manual for Courts‑Martial, United States, 1984","prescribe amendments to the Manual for Courts-Martial, United States, 1984",0
12960,95-12285,Executive Order No. 12473 (and its amendment EO 12484),"prescribed by Executive Order No. 12473, as amended by Executive Order No. 12484",0
12963,95-14983,President of the United States,"By the authority vested in me as President by the Constitution and the laws of the United States of America, I hereby direct the Secretary of Health and Human Services to exercise her discretion as follows:",0
12964,95-15760,President of the United States,"By the authority vested in me as President by the Constitution and the laws of the United States of America, including the Federal Advisory Committee Act, as amended (5 U.S.C. App.) (the ``Act''),",0
12966,95-17828,10 U.S.C. 404(a),the Secretary of Defense is hereby directed to provide disaster assistance outside the United States,0
12966,95-17828,10 U.S.C. 404 (as amended by FY‑1995 NDAA §1412(a)),"This order governs the implementation of section 404 of title 10, United States Code, as added by amendment set forth in section 1412(a) of the Act",0
12967,95-19174,Section 9A(e) of the Railway Labor Act,"Section 9A(e) of the Act provides that the President, upon such request, shall appoint a second emergency board to investigate and report on the disputes.",0
12968,95-19654,EO 12958,"pursuant to Executive Order No. 12958, or any successor order, Executive Order No. 12951",0
12968,95-19654,EO 10450,requirements of Executive Order No. 10450,0
12968,95-19654,EO 10865,procedures provided to individuals covered by Executive Order No. 10865,0
12969,95-19972,EPCRA and PPA statutes,The Emergency Planning and Community Right-to-Know Act of 1986 (42 U.S.C. 11001-11050) (``EPCRA'') and the Pollution Prevention Act of 1990 (42 U.S.C. 13101-13109) (``PPA'') established programs to protect public health and the environment,0
12971,95-23423,President,"Executive Order No. 12425 be amended by deleting, in the first sentence, the words ``the portions of Section 2(d) and''",0
12974,95-24754,Constitution and Federal Advisory Committee Act,"By the authority vested in me as President by the Constitution and the laws of the United States of America, and in accordance with the provisions of the Federal Advisory Committee Act, as amended (5 U.S.C. App.), it is hereby ordered as follows:",0
12975,95-24921,President (by authority vested in the Constitution and the laws of the United States),There is hereby established a National Bioethics Advisory Commission (“NBAC”).,0
12978,95-26569,"Constitution, IEEPA, National Emergencies Act, 31 U.S.C. §301","By the authority vested in me as President by the Constitution and the laws of the United States of America, including the International Emergency Economic Powers Act (50 U.S.C. 1701 et seq.) (IEEPA), the National Emergencies Act (50 U.S.C. 1601 et seq.), and section 301 of title 3, United States Code",0
12981,95-30106,International Emergency Economic Powers Act,"by the authority vested in me as President by the Constitution and the laws of the United States of America, including but not limited to the International Emergency Economic Powers Act (50 U.S.C. 1701 et. seq.)",0
12982,95-30451,President,"By the authority vested in me as President by the Constitution and the laws of the United States of America, including sections 121 and 12304 of title 10, United States Code",0
12983,95-31437,Constitution and laws of the United States,By the authority vested in me as President by the Constitution and the laws of the United States of America,0
12984,95-31595,"Executive Order No. 12944 of December 28, 1994","Executive Order No. 12944 of December 28, 1994, is superseded.",0
12986,96-955,President of the United States,By virtue of the authority vested in me as President by the Constitution and the laws of the United States,0
12987,96-2407,Executive Order 12964,inserting in the second sentence ``up to 20'' in place of ``15'',0
12987,96-2407,Executive Order 12964,"inserting in the first sentence ``about December 31, 1996,'' in place of ``before February 1, 1996,''",0
12988,96-2755,Effective date,This order shall become effective 90 days after the date of signature.,0
12989,96-3646,40 U.S.C. 486(a) and 3 U.S.C. 301,including 40 U.S.C. 486(a) and 3 U.S.C. 301,0
12989,96-3646,"Immigration and Nationality Act §§274A(a)(1)(A) & (a)(2) (8 U.S.C. 1324a(a)(1)(A), 1324a(a)(2))","section 274A(a)(1)(A) and 274A(a)(2) of the Immigration and Nationality Act (8 U.S.C. 1324a(a)(1)(A), 1324a(a)(2))",0
12989,96-3646,8 U.S.C. 1324a(e),8 U.S.C. 1324a(e),0
12989,96-3646,INA §1324(b) (8 U.S.C. 1324b),section 1324(b) of the INA (8 U.S.C. 1324b),0
12989,96-3646,8 U.S.C. 1324b(a)(6),8 U.S.C. 1324b(a)(6),0
12989,96-3646,Federal Acquisition Regulation (FAR),the Federal Acquisition Regulation,0
12989,96-3646,Administrative Procedure Act (5 U.S.C. §701 et seq.),"Administrative Procedure Act, 5 U.S.C. 701 et seq.",0
12993,96-7460,Executive Order No. 12805,The Chairperson of the President's Council on Integrity and Efficiency,1
12994,96-7461,"Constitution and the laws of the United States of America, including the Federal Advisory Committee Act","by the authority vested in me as President by the Constitution and the laws of the United States of America, including the Federal Advisory Committee Act",0
12994,96-7461,5 U.S.C. 3109,as authorized by law (5 U.S.C. 3109),0
12994,96-7461,5 U.S.C. 5701-5707,as authorized by law (5 U.S.C. 5701-5707),0
12997,96-8520,International Organizations Immunities Act,"designate the Korean Peninsula Energy Development Organization as a public international organization entitled to enjoy the privileges, exemptions, and immunities",0
12999,96-9866,delegates_authority,all agencies shall give highest preference to schools and nonprofit organizations,0
13001,96-11966,"Presidential authority under the Constitution and the Railway Labor Act, section 10 (45 U.S.C. 160)","Section 1. Establishment of Emergency Board (""Board"").",0
13002,96-12535,President of the United States,"By the authority vested in me as President by the Constitution and the laws of the United States of America, including section 112(c)(3) of the Internal Revenue Code of 1986 (26 U.S.C. 112(c)(3))",0
13003,96-12720,"Presidential authority under the Railway Labor Act, 45 U.S.C. § 160","by the authority vested in me as President by the Constitution and the laws of the United States, including section 10 of the Act (45 U.S.C. 160)",0
13005,96-13306,Section 486(a) of Title 40 U.S.C. and Section 301 of Title 3 U.S.C.,"including section 486(a) of title 40, United States Code, and section 301 of title 3, United States Code",0
13006,96-13305,National Historic Preservation Act,including the National Historic Preservation Act (16 U.S.C. 470 et seq.) and the Public Buildings Cooperative Use Act of 1976 (90 Stat. 2505),0
13006,96-13305,Public Buildings Cooperative Use Act of 1976,including the National Historic Preservation Act (16 U.S.C. 470 et seq.) and the Public Buildings Cooperative Use Act of 1976 (90 Stat. 2505),0
13012,96-18846,"Railway Labor Act, Section 9A(c)","Section 9A(c) of the Act provides that the President, upon such request, shall appoint an emergency board to investigate and report on the dispute.",0
13013,96-20531,President of the United States,"By the authority vested in me as President by the Constitution and the laws of the United States, including my authority as Commander in Chief of the Armed Forces of the United States, it is hereby ordered that Executive Order No. 10163, as amended, is further amended by striking out sections 3 and 4 and inserting in lieu thereof the following new sections 3 and 4:",0
13014,96-13014,Taiwan Relations Act,"by the authority vested in me as President of the United States of America by the Taiwan Relations Act (Public Law 96-8, 22 U.S.C. 3301 et seq.)",0
13017,96-23187,"President (by authority vested in the Constitution and the laws of the United States, including the Federal Advisory Committee Act)",There is established the Advisory Commission on Consumer Protection and Quality in the Health Care Industry (the ``Commission'').,0
13019,96-25577,Debt Collection Improvement Act of 1996,in accordance with the provisions of the Debt Collection Improvement Act of 1996,0
13019,96-25577,Attorney General (in consultation with HHS),"The Attorney General, in consultation with the Secretary of Health and Human Services and other affected agencies, shall promptly issue guidelines for departments and agencies concerning minimum due‑process standards",0
13020,96-26837,President,"by the authority vested in me as President by the Constitution and the laws of the United States of America, including but not limited to the International Emergency Economic Powers Act (50 U.S.C. 1701 et seq.)",0
13021,96-27352,Federal Advisory Committee Act (5 U.S.C. App.),"The responsibilities of the President under the Federal Advisory Committee Act, as amended (5 U.S.C. App.), with respect to the Board, shall be performed by the Secretary of Education (""Secretary""), in accordance with the guidelines and procedures established by the Administrator of General Services.",0
13024,96-29109,Amends EO 12015,"Section 1. Executive Order 12015 of October 26, 1977, is amended as follows:",0
13026,96-29692,International Emergency Economic Powers Act,the International Emergency Economic Powers Act (50 U.S.C. 1701 et seq.),0
13026,96-29692,Export Administration Act of 1979,"the Export Administration Act of 1979 (``the EAA''), 50 U.S.C. App. 2403(c) and 2405(h)(2)-(4)",0
13026,96-29692,Arms Export Control Act,"the Arms Export Control Act, 22 U.S.C. 2778 et seq.",0
13027,96-29815,Section 9A(e) of the Railway Labor Act,"Section 9A(e) of the Act provides that the President, upon such request, shall appoint a second emergency board to investigate and report on the dispute.",0
13029,96-31165,President of the United States,"By the authority vested in me as President by the Constitution and the laws of the United States of America, including section 422 of the Foreign Relations Authorization Act, Fiscal Years 1994 and 1995 (Public Law 103-236)",0
13031,96-32195,"Presidential authority under the Constitution, Energy Policy and Conservation Act, Energy Policy Act of 1992, and 3 U.S.C. §301","By the authority vested in me as President by the Constitution and the laws of the United States of America, including the Energy Policy and Conservation Act, as amended (42 U.S.C. 6201 et seq.), the Energy Policy Act of 1992 (Public Law 102-486) (""the Act""), and section 301 of title 3, United States Code",0
13033,96-33384,5 U.S.C. 5303(a),"The rates of basic pay or salaries of the statutory pay systems (as defined in 5 U.S.C. 5302(1)), as adjusted under 5 U.S.C. 5303(a), are set forth on the schedules attached hereto",0
13034,97-2818,Presidential Advisory Committee on Gulf War Veterans' Illnesses,Presidential Advisory Committee on Gulf War Veterans' Illnesses,0
13035,97-3992,"Presidential authority under the Constitution, statutes, and the High‑Performance Computing Act of 1991","By the authority vested in me as President by the Constitution and the laws of the United States of America, including the High‑Performance Computing Act of 1991 (Public Law 102‑194) (“Act”), and in order to establish an advisory committee … it is hereby ordered as follows:",0
13036,97-4302,President of the United States,"by the authority vested in me as President by the Constitution and the laws of the United States, including sections 10 and 201 of the Act, 45 U.S.C. 160 and 181",0
13037,97-5728,President,"by the authority vested in me as President by the Constitution and the laws of the United States of America, including the Federal Advisory Committee Act, as amended (5 U.S.C. App.)",0
13038,97-6571,"President (under the Constitution, statutes, and the Federal Advisory Committee Act)","By the authority vested in me as President by the Constitution and the laws of the United States of America, including the Federal Advisory Committee Act, as amended (5 U.S.C. App.) (the “Act”),",0
13039,97-6703,section 7103(b)(1) of title 5 of the United States Code,"Executive Order 12171 of November 19, 1979, as amended, is further amended by adding the following at the end of section 1-205:",0
13040,97-8123,President of the United States,By the authority vested in me as President by the Constitution and the laws of the United States of America,0
13041,97-9200,Constitution and U.S. law,by the authority vested in me as President by the Constitution and the laws of the United States of America,0
13042,97-9700,Secretary of State,shall be determined within the sole discretion of the Secretary of State or the Secretary's designee,0
13043,97-10331,revokes Executive Order 12566,"Executive Order 12566 of September 26, 1986, is revoked.",0
13045,97-10695,President of the United States,"By the authority vested in me as President by the Constitution and the laws of the United States of America, it is hereby ordered as follows:",0
13047,97-13704,prohibits new investment in Burma by United States persons,I hereby prohibit new investment in Burma by United States persons.,0
13050,97-16080,President,There is established the President's Advisory Board on Race.,0
13054,97-18288,Constitution and U.S. statutes (5 U.S.C. §§ 3301‑3302; 3 U.S.C. § 301),"By the authority vested in me as President by the Constitution and the laws of the United States of America, including sections 3301 and 3302 of title 5 and section 301 of title 3 of the United States Code",0
13055,97-19341,Presidential authority under the Constitution and U.S. law,"By the authority vested in me as President by the Constitution and the laws of the United States of America, and in order to improve the coordination of United States Government International Exchanges and Training Programs, it is hereby ordered as follows:",0
13059,97-22482,IEEPA and ISDCA,the importation into the United States of any goods or services of Iranian origin,0
13060,97-22703,Constitution and the laws of the United States; including section 10 of the Railway Labor Act (45 U.S.C. 160),by the authority vested in me as President by the Constitution and the laws of the United States; including section 10 of the Act (45 U.S.C. 160),0
13066,97-29126,President of the United States,By the authority vested in me as President by the Constitution and the laws of the United States of America,0
13067,97-29464,IEEPA,the International Emergency Economic Powers Act (50 U.S.C. 1701 et seq.) (IEEPA),0
13067,97-29464,National Emergencies Act,the National Emergencies Act (50 U.S.C. 1601 et seq.),0
13069,97-33034,President of the United States,"by the authority vested in me as President by the Constitution and the laws of the United States of America, including the International Emergency Economic Powers Act (50 U.S.C. 1701 et seq.) (IEEPA), the National Emergencies Act (50 U.S.C. 1601 et seq.), section 5 of the United Nations Participation Act of 1945, as amended (22 U.S.C. 287c)(UNPA), and section 301 of title 3, United States Code",0
13075,98-4816,President,The President shall designate a Chairperson and a Vice Chairperson from among the members of the Special Oversight Board,0
13075,98-4816,President (via Secretary of Defense),The Special Oversight Board shall report to the President through the Secretary of Defense,0
13076,98-5119,"10 U.S.C. §§ 121, 12304","including sections 121 and 12304 of title 10, United States Code",0
13078,98-7139,President of the United States,By the authority vested in me as President by the Constitution and the laws of the United States of America,0
13082,98-12963,Constitution and the laws of the United States of America,By the authority vested in me as President by the Constitution and the laws of the United States of America,0
13084,98-13553,Executive Order 12866,This order shall supplement but not supersede the requirements contained in Executive Order 12866,0
13084,98-13553,Executive Order 12988,Executive Order 12988 (``Civil Justice Reform''),0
13084,98-13553,"Executive Memorandum of April 29, 1994","Executive Memorandum of April 29, 1994, on Government-to-Government Relations with Native American Tribal Governments.",0
13084,98-13553,Executive Order 13083 (Federalism),"This order shall complement the consultation and waiver provisions in sections 4 and 5 of the Executive order, entitled ``Federalism,'' being issued on this day.",0
13084,98-13553,Executive Order 13083 (Federalism),"the Executive order, entitled ``Federalism,'' being issued on this day.",0
13086,98-14688,Commander of a prisoner,the commander shall decide whether pretrial confinement will continue.,1
13086,98-14688,Commander of a prisoner,"within 24 hours after that commitment, cause a report to be made to the commander that shall contain the name of the prisoner",0
13086,98-14688,Neutral and detached officer,Review of the adequacy of probable cause to continue pretrial confinement shall be made by a neutral and detached officer within 48 hours of imposition of confinement,0
13086,98-14688,7‑day reviewing officer (neutral and detached),"Within 7 days of the imposition of confinement, a neutral and detached officer … shall review the probable cause determination and necessity for continued pretrial confinement",0
13086,98-14688,7‑day reviewing officer,"The 7‑day reviewing officer may, for good cause, extend the time limit for completion of the review to 10 days after the imposition of pretrial confinement",0
13086,98-14688,Military judge (post‑trial hearing),The military judge shall conduct a hearing not later than forty days following the finding that an accused is not guilty only by reason of a lack of mental responsibility,0
13086,98-14688,Any party offering evidence under M.R.E. 412,file a written motion at least 5 days prior to entry of pleas specifically describing the evidence and stating the purpose for which it is offered,0
13086,98-14688,Government offering evidence under M.R.E. 413 and 414,"the Government shall disclose the evidence to the accused … at least 5 days before the scheduled date of trial, or at such later time as the military judge may allow for good cause",0
13087,98-14689,Constitution and U.S. statutes,By the authority vested in me as President by the Constitution and the laws of the United States,0
13088,98-15888,"Constitution, IEEPA, National Emergencies Act, 31 U.S.C. §301","By the authority vested in me as President by the Constitution and the laws of the United States of America, including the International Emergency Economic Powers Act (IEEPA) (50 U.S.C. 1701 et seq.), the National Emergencies Act (50 U.S.C. 1601 et seq.), and section 301 of title 3, United States Code",0
13089,98-16161,"Secretary of the Interior and the Secretary of Commerce, through the Administrator of the National Oceanic and Atmospheric Administration","The Secretary of the Interior and the Secretary of Commerce, through the Administrator of the National Oceanic and Atmospheric Administration, shall co‑chair a U.S. Coral Reef Task Force (“Task Force”)",0
13090,98-17828,President,"By the authority vested in me as President by the Constitution and the laws of the United States of America, including the Federal Advisory Committee Act, as amended (5 U.S.C. App.), and in order to celebrate the role of women in American history, it is hereby ordered as follows:",0
13091,98-17829,amends EO 11958,"Section 1 of Executive Order 11958, as amended, is further amended",0
13091,98-17829,amends EO 12163 (section 1‑201),"Section 1-201 of Executive Order 12163, as amended, is further amended",0
13091,98-17829,amends EO 12163 (section 1‑301),"Section 1-301 of Executive Order 12163, as amended, is further amended",0
13091,98-17829,amends EO 12163 (section 1‑501),"Section 1-501 of Executive Order 12163, as amended, is further amended",0
13094,98-20590,Executive Order 12938,Section 1. Amendment of Executive Order 12938.,0
13094,98-20590,Executive Order 12730,"Executive Order 12730 of September 30, 1990",0
13094,98-20590,Executive Order 12735,"Executive Order 12735 of November 16, 1990",0
13094,98-20590,Executive Order 12924,"Executive Order 12924 of August 18, 1994",0
13094,98-20590,Executive Order 12930,"Executive Order 12930 of September 29, 1994",0
13096,98-21643,President,By the authority vested in me as President by the Constitution and the laws of the United States of America,0
13097,98-21710,International Organizations Immunities Act (22 U.S.C. 288),"designate the Interparliamentary Union as a public international organization entitled to enjoy the privileges, exemptions, and immunities conferred by the International Organizations Immunities Act",0
13099,98-22940,International Emergency Economic Powers Act,the International Emergency Economic Powers Act (50 U.S.C. 1701 et seq.),0
13099,98-22940,National Emergencies Act,the National Emergencies Act (50 U.S.C. 1601 et seq.),0
13100,98-23258,President,By the authority vested in me as President by the Constitution and the laws of the United States of America,0
13101,98-25023,Steering Committee,There is hereby established a Steering Committee on Greening the Government through Waste Prevention and Recycling (“Steering Committee”),0
13101,98-25023,Federal Environmental Executive (FEE),"A Federal Environmental Executive, Environmental Protection Agency, shall be designated by the President",0
13101,98-25023,Task Force,The Steering Committee shall charter a Task Force on Greening the Government through Waste Prevention and Recycling,0
13101,98-25023,Agency Environmental Executives (AEEs),"Within 90 days after the date of this order, the head of each major procuring agency shall designate an AEE",0
13105,98-30054,section 860 of the Foreign Service Act of 1980,section 860 of the Foreign Service Act of 1980 (22 U.S.C. 4071i),0
13106,98-32953,delegates authority for federal pay administration,Delegation of a Federal Pay Administration Authority.,0
13107,98-33348,President of the United States,By the authority vested in me as President by the Constitution and the laws of the United States of America,0
13109,98-34034,President of the United States,"By the authority vested in me as President by the Constitution and the laws of the United States of America, it is hereby ordered as follows:",0
13110,99-980,the Constitution,by the authority vested in me as President by the Constitution,0
13110,99-980,Nazi War Crimes Disclosure Act (Public Law 105-246),including the Nazi War Crimes Disclosure Act (Public Law 105-246),0
13111,99-1185,Federal Advisory Committee Act,"including the Federal Advisory Committee Act, as amended (5 U.S.C. App.)",0
13111,99-1185,Government Employees Training Act of 1958,"the Government Employees Training Act of 1958 (Public Law 85-507), as amended",0
13111,99-1185,Executive Order 11348,"Executive Order 11348, ``Providing for the Further Training of Government Employees,''",0
13112,99-3184,revokes EO 11987,"Executive Order 11987 of May 24, 1977, is hereby revoked.",0
13113,99-3832,High-Performance Computing Act of 1991 (Public Law 102-194) as amended by the Next Generation Internet Research Act of 1998 (Public Law 105-305),"including the High-Performance Computing Act of 1991 (Public Law 102-194), as amended by the Next Generation Internet Research Act of 1998 (Public Law 105-305)",0
13115,99-7999,Presidential authority under the Constitution and U.S. law,"By the authority vested in me as President by the Constitution and the laws of the United States of America, it is hereby ordered as follows:",0
13116,99-8433,"title III of the Act of March 3, 1993, as amended (41 U.S.C. 10d)","title III of the Act of March 3, 1993, as amended (41 U.S.C. 10d)",0
13116,99-8433,"sections 141 and 301-310 of the Trade Act of 1974, as amended (19 U.S.C. 2171, 2411-2420)","sections 141 and 301-310 of the Trade Act of 1974, as amended",1
13118,99-8547,delegates authority to the Secretary of State for foreign‑assistance functions,there are hereby delegated to the Secretary of State ... all functions conferred upon the President by:,0
13119,99-9738,section 112 of the Internal Revenue Code of 1986 (26 U.S.C. §112),"I designate, for the purposes of that section, the following locations, including the airspace above such locations, as an area in which Armed Forces of the United States are and have been engaged in combat:",0
13120,99-10901,delegates_authority,"I hereby authorize the Secretary of Defense, and the Secretary of Transportation with respect to the Coast Guard when it is not operating as a service in the Department of the Navy, under their respective jurisdictions, to order to active duty any units, and any individual members not assigned to a unit organized to serve as a unit, of the Selected Reserve, or any member in the Individual Ready Reserve mobilization category and designated as essential under regulations prescribed by the Secretary",1
13121,99-11410,revokes_section_of_EO_13088,Section 2 of Executive Order 13088 is hereby revoked,0
13121,99-11410,amends_section_of_EO_13088,"Section 1(a) of Executive Order 13088 of June 9, 1998, is revised to read as follows:",0
13121,99-11410,amends_section_of_EO_13088,Section 4 of Executive Order 13088 is revised to read as follows:,0
13121,99-11410,amends_section_of_EO_13088,Section 7 of Executive Order 13088 is revised to read as follows:,0
13122,99-13825,President,"By the authority vested in me as President by the Constitution and the laws of the United States of America, and in order to provide a more rapid and integrated Federal response to the economic development challenges of the Southwest Border region, it is hereby ordered as follows:",0
13123,99-14633,National Energy Conservation Policy Act (42 U.S.C. 8252 et seq.),"including the National Energy Conservation Policy Act (Public Law 95-619,",1
13123,99-14633,Energy Policy Act of 1992 (Public Law 102-486),as amended by the Energy Policy Act of 1992 (EPACT) (Public Law,1
13123,99-14633,31 U.S.C. § 301,"and section 301 of title 3, United States Code",0
13124,99-14825,President of the United States,"By the authority vested in me as President by the Constitution and the laws of the United States of America, including sections 3301 and 3302 of title 5, United States Code",0
13125,99-14901,Secretary of HHS,The Secretary of the Department of Health and Human Services (Secretary) shall appoint an Executive Director for the Commission.,0
13125,99-14901,Executive Director of the Commission,The Executive Director of the Commission shall also serve as the Director of the,1
13126,99-15491,Tariff Act of 1930; Fair Labor Standards Act; Walsh‑Healey Public Contracts Act,"consistent with the Tariff Act of 1930, 19 U.S.C. 1307, the Fair Labor Standards Act, 29 U.S.C. 201 et. seq., and the Walsh‑Healey Public Contracts Act, 41 U.S.C. 35 et seq.",0
13127,99-15623,Constitution and the laws of the United States of America,By the authority vested in me as President by the Constitution and the laws of the United States of America,0
13128,99-16634,Secretary of Commerce,"The Secretary of Commerce is authorized: (a) to obtain and execute warrants pursuant to section 305 of the Act for the purposes of conducting inspections of facilities subject to the regulations issued by the Department of Commerce pursuant to section 3 of this order; (b) to suspend or revoke export privileges pursuant to section 211 of the Act; and (c) to carry out all functions with respect to proceedings under section 501(a) of the Act and to issue regulations with respect thereto, except for those functions that the Act specifies are to be performed by the Secretary of State or the USNA.",0
13129,99-17444,"International Emergency Economic Powers Act, National Emergencies Act, and 31 U.S.C. §301","By the authority vested in me as President by the Constitution and the laws of the United States of America, including the International Emergency Economic Powers Act (50 U.S.C. 1701 et seq.)",1
13130,99-18476,Presidential authority under the Constitution and Federal Advisory Committee Act,"By the authority vested in me as President by the Constitution and the laws of the United States of America, including the Federal Advisory Committee Act, as amended (5 U.S.C. App.)",0
13132,99-20729,"revokes EO 12612, EO 12875, EO 13083, EO 13095","Executive Order 12612 (``Federalism''), Executive Order 12875 (``Enhancing the Intergovernmental Partnership''), Executive Order 13083 (``Federalism''), and Executive Order 13095 (``Suspension of Executive Order 13083'') are revoked",0
13132,99-20729,"supplements EO 12372, EO 12866, EO 12988, OMB Circular A‑19","This order shall supplement but not supersede the requirements contained in Executive Order 12372 (``Intergovernmental Review of Federal Programs''), Executive Order 12866 (``Regulatory Planning and Review''), Executive Order 12988 (``Civil Justice Reform''), and OMB Circular A-19",0
13133,99-20924,President,By the authority vested in me as President by the Constitution and the laws of the United States of America,0
13134,99-21392,prepare annual strategic plan,The Council shall prepare annually a strategic plan for the President outlining overall national goals,0
13135,99-22778,President,it is hereby ordered that Executive Order 12216 is amended as follows:,0
13139,99-26078,"Constitution and laws of the United States, including 10 U.S.C. §1107","By the authority vested in me as President by the Constitution and the laws of the United States of America, including section 1107 of title 10, United States Code",0
13139,99-26078,10 U.S.C. §1107(f),the President may waive the informed consent requirement,1
13139,99-26078,21 CFR Part 312,The provisions of 21 CFR Part 312 contain the FDA requirements for investigational new drugs.,0
13139,99-26078,21 CFR §50.23(d),"the President is required by law to apply the standards and criteria set forth in the relevant FDA regulations, 21 CFR 50.23(d).",0
13141,99-30346,Environmental review requirement,These include: (i) comprehensive multilateral trade rounds; (ii) bilateral or plurilateral free trade agreements; and (iii) major new trade liberalization agreements in natural resource sectors,0
13141,99-30346,Exemption from review,Agreements reached in connection with enforcement and dispute resolution actions are not covered by this order,0
13142,99-30687,the Constitution and the laws of the United States of America,By the authority vested in me as President by the Constitution and the laws of the United States of America,0
13144,99-33511,"Constitution and statutes cited (5 U.S.C. 5302‑1, 5 U.S.C. 5303(a), Pub. L. 106‑58, etc.)","The rates of basic pay or salaries of the statutory pay systems (as defined in 5 U.S.C. 5302(1)), as adjusted under 5 U.S.C. 5303(a), in accordance with section 646(a) of the Treasury and General Government Appropriations Act, 2000, Public Law 106-58, are set forth on the schedules attached hereto and made a part hereof:",0
13144,99-33511,Statutory pay systems,"The General Schedule (5 U.S.C. 5332(a)) at Schedule 1; (b) The Foreign Service Schedule (22 U.S.C. 3963) at Schedule 2; and (c) The schedules for the Veterans Health Administration of the Department of Veterans Affairs (38 U.S.C. 7306, 7404; section 301(a) of Public Law 102-40) at Schedule 3.",0
13144,99-33511,5 U.S.C. 5382,"The rates of basic pay for senior executives in the Senior Executive Service, as adjusted under 5 U.S.C. 5382, are set forth on Schedule 4 attached hereto and made a part hereof.",0
13144,99-33511,"Statutory provisions for executive, legislative, and judicial pay",The rates of basic pay or salaries for the,1
13144,99-33511,Public Law 106‑65,"Pursuant to section 601(a)‑(b) of Public Law 106‑65, the rates of monthly basic pay (37 U.S.C. 203(a)) for members of the uniformed services and the rate of monthly cadet or midshipman pay (37 U.S.C. 203(c)) are set forth on Schedule 8 attached hereto and made a part hereof.",0
13144,99-33511,5 U.S.C. 5304 and Pub. L. 106‑58,"(a) Pursuant to section 5304 of title 5, United States Code, and in accordance with section 646(a) of the Treasury and General Government Appropriations Act, 2000, Public Law 106‑58, locality‑based comparability payments shall be paid in accordance with Schedule 9 attached hereto and made a part hereof.",0
13144,99-33511,5 U.S.C. 5372(b)(4),"The rates of basic pay for administrative law judges, as adjusted under 5 U.S.C. 5372(b)(4), are set forth on Schedule 10 attached hereto and made a part hereof.",0
13145,00-3331,the Constitution and the laws of the United States of America,By the authority vested in me as President of the United States by the Constitution and the laws of the United States of America,0
13149,00-10551,Head of each agency,"Within 90 days of the date of this order, the head of each agency shall designate a senior official to assume responsibility for the agency's AFV and fleet fuel efficiency programs, and for meeting the requirements of this order.",0
13149,00-10551,Senior agency official,submitting the agency strategy to DOE within 180 days of the issuance of this order for evaluation and submission to OMB;,0
13150,00-10552,Statutory authorities cited,"including the Transportation Equity Act for the 21st Century (Public Law 105-178), section 1911 of the Energy Policy Act of 1992 (Public Law 102-486), section 531(a)(1) of the Deficit Reduction Act of 1984 (26 U.S.C. 132), and the Federal Employees Clean Air Incentives Act (Public Law 103-172)",0
13155,00-12177,"sections 141 and chapter 1 of title III of the Trade Act of 1974, as amended (19 U.S.C. 2171, 2411-2420)","sections 141 and chapter 1 of title III of the Trade Act of 1974, as amended (19 U.S.C. 2171, 2411-2420)",0
13157,00-13367,"Constitution; Small Business Act, 15 U.S.C. 631","the Constitution and the laws of the United States of America, including the Small Business Act, 15 U.S.C. 631, et seq.",0
13157,00-13367,"Federal Acquisition Streamlining Act of 1994, section 7106; Office of Federal Procurement Policy, 41 U.S.C. 403","section 7106 of the Federal Acquisition Streamlining Act of 1994 (Public Law 103-355), and the Office of Federal Procurement Policy, 41 U.S.C. 403, et seq.",0
13158,00-13830,Department of Commerce and Department of the Interior,"the Department of Commerce and the Department of the Interior, in consultation with the Department of Defense, the Department of State, the United States Agency for International Development, the Department of Transportation, the Environmental Protection Agency, the National Science Foundation, and other pertinent Federal agencies shall develop a national system of MPAs",0
13159,00-16252,Secretary of the Treasury,"The Secretary of the Treasury, in consultation with the Secretary of State, the Secretary of Energy, and, as appropriate, other agencies, is hereby authorized to take such actions, including the promulgation of rules and regulations, and to employ all powers granted to me by IEEPA, as may be necessary to carry out the purposes of this order.",0
13160,00-16434,exemption,"This order does not apply to members of the armed forces, military education or training programs, or authorized intelligence activities",0
13160,00-16434,exemption,"This order does not apply to, affect, interfere with, or modify the operation of any otherwise lawful affirmative action plan or program",0
13160,00-16434,exemption,"This order does not apply to ceremonial or similar education or training programs or activities of schools conducted by the Department of the Interior, Bureau of Indian Affairs, that are culturally relevant to the children represented in the school",0
13160,00-16434,exemption,"This order does not apply to (a) selections based on national origin of foreign nationals to participate in covered education or training programs, if such programs primarily concern national security or foreign policy matters",0
13160,00-16434,exemption,"The prohibition on discrimination on the basis of age provided in this order does not apply to age‑based admissions of participants to education or training programs, if such programs have traditionally been age‑specific or must be",1
13161,00-17174,President of the United States,"By the authority vested in me as President by the Constitution and the laws of the United States of America, it is ordered:",0
13162,00-17829,Constitution and 5 U.S.C. §§3301‑3302,"by the authority vested in me as President by the Constitution and the laws of the United States of America, including sections 3301 and 3302 of title 5, United States Code",0
13163,00-19322,Office of Personnel Management,The Office of Personnel Management shall develop guidance on the provisions of this order to increase the opportunities for individuals with disabilities employed in the Federal Government.,0
13164,00-19323,Rehabilitation Act of 1973 (29 U.S.C. 701 et seq.),including the Rehabilitation Act of 1973 (29 U.S.C. 701 et seq.),0
13164,00-19323,Constitution and the laws of the United States of America,By the authority vested in me as President by the Constitution and the laws of the United States of America,0
13165,00-20670,Office of National Drug Control Reauthorization Act of 1998,"including the Office of National Drug Control Reauthorization Act of 1998, (21 U.S.C. 1701 et seq.)",0
13166,00-20938,Presidential constitutional and statutory authority,By the authority vested in me as President by the Constitution and the laws of the United States of America,0
13167,00-24364,President,deleting ``not more than 15'' and inserting ``up to 20'',0
13169,00-26397,Secretary of Labor,The Secretary of Labor shall expedite the Federal response to worker dislocation through the Workforce Investment Act and the Trade Adjustment Assistance,1
13169,00-26397,Secretary of Labor (in consultation with the Secretary of Commerce and the United States Trade Representative),shall report annually on the employment effects of the establishment of permanent normal trade relations with the People's Republic of China.,0
13170,00-26446,Statutory and prior executive authority,"including the Small Business Act (15 U.S.C. 631 et seq.), section 7102 of the Federal Acquisition Streamlining Act of 1994 (Public Law 103‑355, 15 U.S.C. 644 note), the Office of Federal Procurement Policy Act (41 U.S.C. 403 et seq.), Executive Order 11625",0
13171,00-26716,Presidential authority under the Constitution and U.S. law,"By the authority vested in me as President by the Constitution and the laws of the United States of America, and in order to improve the representation of Hispanics in Federal employment…",0
13173,00-27893,the Constitution and the laws of the United States of America,By the authority vested in me as President by the Constitution and the laws of the United States of America,0
13174,00-28299,President,"The Commission shall be composed of up to 14 persons to be appointed by the President from individuals who represent State or local agencies relating to workforce or community development, economists or other workforce development experts, labor organizations, business leaders, and Members of Congress.",0
13175,00-29003,the Constitution and the laws of the United States of America,By the authority vested in me as President by the Constitution and the laws of the United States of America...,0
13175,00-29003,"Federally Recognized Indian Tribe List Act of 1994, 25 U.S.C. 479a","``Indian tribe'' means an Indian or Alaska Native tribe, band, nation, pueblo, village, or community that the Secretary of the Interior acknowledges to exist as an Indian tribe pursuant to the Federally Recognized Indian Tribe List Act of 1994, 25 U.S.C. 479a.",0
13175,00-29003,44 U.S.C. 3502(1) and 44 U.S.C. 3502(5),"``Agency'' means any authority of the United States that is an ``agency'' under 44 U.S.C. 3502(1), other than those considered to be independent regulatory agencies, as defined in 44 U.S.C. 3502(5).",0
13176,00-30690,President‑elect,assist and support the transition efforts of the President‑elect,0
13177,00-31252,President,"by the authority vested in the President by the Constitution and the laws of the United States of America, including Public Law 106-113 and the Federal Advisory Committee Act",0
13178,00-31313,National Marine Sanctuaries Act,the National Marine Sanctuaries Act (16 U.S.C.,1
13178,00-31313,Magnuson‑Stevens Fishery Conservation and Management Act,the Magnuson‑Stevens Fishery Conservation and Management Act (16 U.S.C. 1801 et seq.),0
13179,00-31692,Public Law 106‑398 (Energy Employees Occupational Illness Compensation Program Act of 2000),"including Public Law 106-398, the Energy Employees Occupational Illness Compensation Program Act of 2000",0
13180,00-31697,Wendell H. Ford Aviation Investment and Reform Act for the 21st Century (Air‑21) (Public Law 106‑181),established by the Wendell H. Ford Aviation Investment and Reform Act for the 21st Century (Air‑21) (Public Law 106‑181),0
13180,00-31697,Air‑21,consistent with its responsibilities under Air‑21,0
13180,00-31697,"section 40102(a)(42) of title 49, United States Code","has the same meaning as the term defined by section 40102(a)(42) of title 49, United States Code",0
13181,00-33004,Deputy Attorney General (DOJ),"the Deputy Attorney General shall permit disclosure if the public interest and the need for disclosure clearly outweigh the potential for injury to the patient, to the physician‑patient relationship, and to the treatment services",0
13181,00-33004,General Counsel (DoD),the General Counsel of the U.S. Department of Defense will ... prepare a report ... and will forward it to the Department of Justice,0
13182,00-33450,President of the United States,By the authority vested in me as President by the Constitution and the laws of the United States of America,0
13186,01-1387,Presidential authority,by the authority vested in me as President by the Constitution and the laws of the United States of America,0
13187,01-1438,Department of Labor,"The Department of Labor shall provide funding and appropriate support to assist the Board in carrying out the activities described in section 2 of this order, including necessary office space, equipment, supplies, services, and staff.",0
13188,01-1736,"Constitution and the laws of the United States, including the Federal Advisory Committee Act, as amended (5 U.S.C. App.)","section 7(f) of Executive Order 13111 of January 12, 1999, is amended by deleting ``2 years from the date of this order'' and inserting ``on January 11, 2003''",0
13188,01-1736,President,"By the authority vested in me as President by the Constitution and the laws of the United States, including the Federal Advisory Committee Act, as amended (5 U.S.C. App.)",0
13190,01-1814,President,"The President shall designate from among the Commission members such official or officials to be chairperson or chairpersons, as he shall deem appropriate.",0
13191,01-2014,President,"by the authority vested in me as President by the Constitution and the laws of the United States of America, including the African Growth and Opportunity Act (Title I of Public Law 106‑200) (AGOA), the United States‑Caribbean Basin Trade Partnership Act (Title II of Public Law 106‑200) (CBTPA)",0
13193,01-2139,Presidential constitutional and statutory authority,"By the authority vested in me as President by the Constitution and the laws of the United States of America, it is hereby ordered as follows:",0
13194,01-2140,President,the direct or indirect importation into the United States of all rough diamonds from Sierra Leone on or after the effective date of this order is prohibited,0
13195,01-2141,President of the United States,By the authority vested in me as President by the Constitution and the laws of the United States of America,0
13196,01-2214,President of the United States,"By the authority vested in me as President by the Constitution and the laws of the United States of America, including the National Marine Sanctuaries Act, (16 U.S.C. 1431 et seq.)",0
13197,01-2398,amends Civil Service Rule V (5 CFR Part 5) – strikes subsection (d),Section 1. Civil Service Rule V (5 CFR Part 5) is amended in section 5.2 by striking subsection (d).,0
13197,01-2398,"amends Civil Service Rule VII (5 CFR Part 7) – strikes section 7.2, redesignates sections 7.3/7.4, updates table",Sec. 2. Civil Service Rule VII (5 CFR Part 7) is amended --,1
13197,01-2398,adds new Civil Service Rules (Rule IX) on workforce information to the end of Rule VIII,Sec. 3. Two new Civil Service Rules are added at the end of Civil Service Rule VIII to read as follows: ``PART 9--WORKFORCE INFORMATION (RULE IX) ...,0
13198,01-2851,President of the United States,By the authority vested in me as President by the Constitution and the laws of the United States of America,0
13199,01-2852,Presidential constitutional and statutory authority,By the authority vested in me as President of the United States by the Constitution and the laws of the United States of America,0
13201,01-4621,Delegation of functions to other officers,"The Secretary may delegate any function or duty of the Secretary under this order to any officer in the Department of Labor or to any other officer in the executive branch of the Government, with the consent of the head of the department or agency in which that officer serves.",0
13203,01-4623,President of the United States,"By the authority vested in me as President by the Constitution and the laws of the United States of America, it is hereby ordered that:",0
13204,01-4624,Presidential authority under the Constitution and U.S. law,"By the authority vested in me as President by the Constitution and the laws of the United States of America, it is hereby ordered that:",0
13205,01-6558,section 10 of the Railway Labor Act (45 U.S.C. 160),as provided by section 10 of the Act,0
13205,01-6558,National Mediation Board (record custody),the records and files of the Board are records of the Office of the President and upon the Board's termination shall be maintained in the physical custody of the National Mediation Board.,0
13207,01-8836,President,"By the authority vested in me as President by the Constitution and the laws of the United States of America, it is hereby ordered that Executive Order 10000, as amended, is further amended as follows:",0
13210,01-11505,President,"By the authority vested in me as President by the Constitution and the laws of the United States of America, including the Federal Advisory Committee Act, as amended (5 U.S.C. App.)",0
13211,01-13116,President of the United States,by the authority vested in me as President by the Constitution and the laws of the United States of America,0
13213,01-13381,"Constitution, IEEPA, National Emergencies Act, UNPA, 31 U.S.C. § 301","By the authority vested in me as President by the Constitution and the laws of the United States of America, including the International Emergency Economic Powers Act (50 U.S.C. 1701 et seq.) (IEEPA), the National Emergencies Act (50 U.S.C. 1601 et seq.), section 5 of the United Nations Participation Act of 1945, as amended (22 U.S.C. 287c) (UNPA), and section 301 of title 3, United States Code",0
13214,01-13869,President,"By the authority vested in me as President by the Constitution and the laws of the United States of America, including the Federal Advisory Committee Act, as amended (5 U.S.C. App.)",0
13217,01-15758,"Olmstead v. L.C., 527 U.S. 581 (1999)",The Federal Government must assist States and localities to implement swiftly the Olmstead decision,0
13217,01-15758,Title II of the Americans With Disabilities Act of 1990,Unjustified isolation or segregation of qualified individuals with disabilities through institutionalization is a form of disability‑based discrimination prohibited by Title II of the Americans With Disabilities Act of 1990 (ADA),0
13218,01-15958,Secretary of Labor,The Secretary of Labor is hereby directed to establish within the Department of Labor the Office of the 21st Century Workforce.,0
13220,01-17041,"subsection 402(c)(2) of the Trade Act of 1974, as amended (19 U.S.C. 2432(c)(2))",I hereby waive the application of subsections 402(a) and 402(b) of the Act with respect to the Republic of Belarus.,0
13223,01-23359,"Proclamation of September 14 2001, Declaration of National Emergency","in furtherance of the proclamation of September 14, 2001, Declaration of National Emergency",0
13224,01-24205,"Constitution, International Emergency Economic Powers Act (IEEPA), National Emergencies Act, United Nations Participation Act, United Nations Security Council Resolutions","by the authority vested in me as President by the Constitution and the laws of the United States of America, including the International Emergency Economic Powers Act (50 U.S.C. 1701 et seq.)",1
13225,01-24917,Constitution of the United States,By the authority vested in me as President by the Constitution,0
13225,01-24917,"Federal Advisory Committee Act, as amended (5 U.S.C. App.)","in accordance with the provisions of the Federal Advisory Committee Act, as amended (5 U.S.C. App.)",0
13230,01-26339,the Constitution and the laws of the United States of America,By the authority vested in me as President by the Constitution and the laws of the United States of America,0
13231,01-26509,OMB,"The Director of the Office of Management and Budget (OMB) has the responsibility to develop and oversee the implementation of government‑wide policies, principles, standards, and guidelines for the security of information systems that support the executive branch departments and agencies",0
13231,01-26509,Secretary of Defense and DCI,"The Secretary of Defense and the Director of Central Intelligence (DCI) shall have responsibility to oversee, develop, and ensure implementation of policies, principles, standards, and guidelines for the security of information systems that support the operations under their respective control",0
13233,01-27917,Archivist,The Archivist shall not permit access to those records by a requester unless and until the incumbent President advises the Archivist that the former President and the incumbent President agree to authorize access to the records or until so ordered by a final and nonappealable court order,0
13234,01-28762,President of the United States,By the authority vested in me as President by the Constitution and the laws of the United States of America,0
13236,01-29831,section 292 of the Central Intelligence Agency Retirement Act of 1964 (50 U.S.C. 2141),"By the authority vested in me as President by the Constitution and the laws of the United States of America, including section 292 of the Central Intelligence Agency Retirement Act of 1964, as amended (50 U.S.C. 2141),",0
13237,01-29948,5 U.S.C. 5701-5707,(5 U.S.C. 5701-5707),0
13237,01-29948,5 U.S.C. App.,(5 U.S.C. App.),0
13239,01-31119,section 112 of the Internal Revenue Code of 1986 (26 U.S.C. 112),"I designate, for purposes of that section, Afghanistan, including the airspace above, as an area in which Armed Forces of the United States are and have been engaged in combat.",0
13241,01-31666,revokes,"Sec. 4. Executive Order 11957 of January 13, 1977, is hereby revoked.",0
13245,01-31670,President,"the President retains discretion, to the extent permitted by Subchapter III of Chapter 33 of title 5 of the United States Code, to depart from this Executive Order",0
13248,01-31959,"Railway Labor Act, 45 U.S.C. 151‑188",including sections 10 and 201 of the Act (45 U.S.C. 160 and 181),0
13249,02-448,adjusts rates of basic pay for statutory pay systems,"The rates of basic pay or salaries of the statutory pay systems (as defined in 5 U.S.C. 5302(1)), as adjusted under 5 U.S.C. 5303(a), are set forth on the schedules attached hereto and made a part hereof:",0
13249,02-448,adjusts rates of basic pay for Senior Executive Service,"The rates of basic pay for senior executives in the Senior Executive Service, as adjusted under 5 U.S.C. 5382, are set forth on Schedule 4 attached hereto and made a part hereof.",0
13249,02-448,"adjusts rates of basic pay for Executive Schedule, Vice President, Congress, Justices and judges",The rates of basic pay or salaries for the following offices and positions are set forth on the schedules attached hereto and made a part hereof:,0
13249,02-448,adjusts rates of monthly basic pay for uniformed services,"Pursuant to section 601 of S. 1438, the National Defense Authorization Act for Fiscal Year 2002 … the rates of monthly basic pay … for members of the uniformed services … are set forth on Schedule 8 attached hereto and made a part hereof.",0
13249,02-448,establishes locality‑based comparability payments,"Pursuant to sections 5304 and 5304a of title 5, United States Code … locality‑based comparability payments shall be paid in accordance with Schedule 9 attached hereto and made a part hereof.",0
13249,02-448,adjusts rates of basic pay for administrative law judges,"The rates of basic pay for administrative law judges, as adjusted under 5 U.S.C. 5372(b)(4), are set forth on Schedule 10 attached hereto and made a part hereof.",0
13250,02-917,Federal Vacancies Reform Act of 1998,"including the Federal Vacancies Reform Act of 1998, 5 U.S.C. 3345 et seq.",0
13254,02-2638,establishes a new interagency council,There shall be a USA Freedom Corps Council (Council) chaired by the President,0
13254,02-2638,establishes a new office within the White House,The USA Freedom Corps Office shall be,1
13254,02-2638,designates the President as chair of the Council,The President shall be the Chair of the USA Freedom Corps Council,0
13254,02-2638,identifies the Vice President as a member of the Council,(i) Vice President;,0
13254,02-2638,prohibits extra compensation for Council members,Members shall not be compensated for their service on the Council in addition to the salaries they receive,0
13254,02-2638,requires the Council to meet as directed by the President,The Council shall meet at the President's direction,0
13254,02-2638,tasks the Office with assisting the President in recognizing volunteers,the Office shall support the President in providing recognition to volunteers,0
13254,02-2638,authorizes funding and administrative support for the Council and Office,"The White House Office shall provide the Council and Office with such funding and administrative support, to the extent permitted by law and subject to the availability of appropriations",0
13254,02-2638,states that the order does not change existing departmental authorities,"This order does not alter the existing authorities or roles of executive branch departments, agencies, or offices",0
13256,02-3826,revokes EO 12876,"Executive Order 12876 of November 1, 1993, as amended, is hereby revoked.",0
13257,02-4071,President of the United States,"By the authority vested in me as President by the Constitution and the laws of the United States of America, including the Trafficking Victims Protection Act of 2000, (22 U.S.C. 7103) (the “Act”),",0
13259,02-07085,section 30A of the Securities Exchange Act of 1934,I hereby designate as ``public international organizations'' for the purposes of application of section 30A of the Securities Exchange Act of 1934,0
13261,02-7087,Constitution,by the Constitution,0
13261,02-7087,"Federal Vacancies Reform Act of 1998, 5 U.S.C. 3345","including the Federal Vacancies Reform Act of 1998, 5 U.S.C. 3345",0
13262,02-9536,amends EO 12473,"prescribed by Executive Order 12473, as amended, it is hereby ordered as follows:",0
13263,02-11166,establishment of the Commission,There is hereby established the President's New Freedom Commission on Mental Health (Commission).,0
13263,02-11166,membership composition – up to 15 presidential appointees,"Not more than fifteen members appointed by the President, including providers, payers, administrators, and consumers of mental health services and family members of consumers;",0
13263,02-11166,membership composition – up to 7 ex‑officio members,"Not more than seven ex officio members, four of whom shall be designated by the Secretary of Health and Human Services, and the remaining three of whom shall be designated--one each--by the Secretaries of the Departments of Labor, Education, and Veterans Affairs.",0
13263,02-11166,mission – study mental‑health delivery system and advise the President,"The mission of the Commission shall be to conduct a comprehensive study of the United States mental health service delivery system, ... and to advise the President on methods of improving the system.",0
13263,02-11166,administrative support – HHS to fund and support the Commission,"The Department of Health and Human Services, to the extent permitted by law, shall provide funding and administrative support for the Commission.",0
13264,02-14497,revokes_or_amends,Section 6 of that order is amended to read as follows:,0
13266,02-16040,Presidential constitutional and statutory authority,By the authority vested in me as President by the Constitution and the laws of the United States of America,0
13269,02-17273,section 329 of the Immigration and Nationality Act (8 U.S.C. 1440),are eligible for naturalization in accordance with the statutory exception to the naturalization requirements,0
13271,02-17640,Attorney General,The Attorney General shall immediately establish within the Department of Justice a Corporate Fraud Task Force (Task Force).,0
13272,02-21056,Administrator of the Small Business Administration,Nothing in this order shall be construed to impair or affect the authority of the Administrator of the Small Business Administration,0
13275,02-25900,section 206 of the Labor Management Relations Act,"by virtue of the authority vested in me by section 206 of the Labor Management Relations Act, 1947 (61 Stat. 155; 29 U.S.C. 176)",0
13276,02-29580,Presidential constitutional and statutory authority,"by the authority vested in me as President by the Constitution and the laws of the United States of America, including sections 212(f) and 215(a)(1) of the Immigration and Nationality Act",0
13277,02-29832,amends EO 11846,"Sec. 4. Amendment to Executive Order 11846. Section 1 of Executive Order 11846 of March 27, 1975, as amended, is further amended by inserting ``, Divisions B and C of the Trade Act of 2002,'' after ``Trade Expansion Act of 1962, as amended''.",0
13278,02-31624,President of the United States,By the authority vested in me as President by the Constitution and the laws of the United States of America,0
13279,02-31831,Presidential authority under the Constitution and 40 U.S.C. §121(a) and 3 U.S.C. §301,"by the authority vested in me as President by the Constitution and the laws of the United States of America, including section 121(a) of title 40, United States Code, and section 301 of title 3, United States Code",0
13280,02-31832,Presidential constitutional and statutory authority,By the authority vested in me as President by the Constitution and the laws of the United States of America,0
13281,02-32518,Section 1 of EO 13281,"shall be closed and their employees excused from duty for the last half of the scheduled workday on Tuesday, December 24, 2002",0
13287,03-05344,Advisory Council on Historic Preservation,"the Council, in consultation with the Secretary, shall, by September 30, 2003, prepare advisory guidelines for agencies to use at their discretion.",0
13287,03-05344,Advisory Council on Historic Preservation,"By March 31, 2004, the Council shall submit to the President and the heads of agencies recommendations …",0
13288,03-5848,President,"By the authority vested in me as President by the Constitution and the laws of the United States of America, including the International Emergency Economic Powers Act (50 U.S.C. 1701 et seq.) (IEEPA), the National Emergencies Act (50 U.S.C. 1601 et seq.), and section 301 of title 3, United States Code",0
13289,03-6445,establishes the Global War on Terrorism Expeditionary Medal,There is hereby established the Global War on Terrorism Expeditionary Medal with suitable appurtenances.,0
13289,03-6445,establishes the Global War on Terrorism Service Medal,There is hereby established the Global War on Terrorism Service Medal with suitable appurtenances.,0
13290,03-7160,Executive Order 12722,"in order to take additional steps with respect to the national emergency declared in Executive Order 12722 of August 2, 1990",0
13292,03-7736,amends EO 12958,it is hereby ordered that Executive Order 12958 is amended to read as follows:,0
13292,03-7736,references EO 12356,"Executive Order 12356 of April 6, 1982, was revoked as of October 14, 1995.",0
13294,03-8109,revokes,"Executive Order 11157 of June 22, 1964, as amended, and Executive Order 11800 of August 17, 1974, as amended, are hereby revoked.",0
13296,03-10194,President of the United States,By the authority vested in me as President by the Constitution and the laws of the United States of America,0
13297,03-10606,Foreign Service Act of 1980,section 827 of the Foreign Service Act of 1980 (22 U.S.C. 4067),0
13297,03-10606,Central Intelligence Agency Retirement Act of 1964,section 292 of the Central Intelligence Agency Retirement Act of 1964 (50 U.S.C. 2141),0
13300,03-12071,President’s constitutional authority to fill vacancies,Nothing in this order shall be construed to affect the authority of the President to fill vacancies under clause 3 of section 2 of article II of the Constitution.,0
13301,03-12661,President of the United States,by the authority vested in me as President by the Constitution and the laws of the United States of America,0
13302,03-12766,"section 60133 of title 49, United States Code; section 301 of title 3, United States Code","including section 60133 of title 49, United States Code, and section 301 of title 3, United States Code",0
13303,03-13412,International Emergency Economic Powers Act (IEEPA) and related statutes,"By the authority vested in me as President by the Constitution and the laws of the United States of America, including the International Emergency Economic Powers Act",0
13304,03-13694,President of the United States,"By the authority vested in me as President by the Constitution and the laws of the United States of America, including the International Emergency Economic Powers Act, as amended (50 U.S.C. 1701 et seq.) (IEEPA), the National Emergencies Act (50 U.S.C. 1601 et seq.) (NEA), section 5 of the United Nations Participation Act of 1945, as amended (22 U.S.C. 287c) (UNPA), and section 301 of title 3, United States Code",0
13306,03-14116,establishes the award,there is hereby established the Bob Hope American Patriot Award (Award).,0
13306,03-14116,recognizes service to the Armed Forces,to recognize the unique and lifelong service of Bob Hope to the United States Armed Forces,0
13307,03-14117,"International Organizations Immunities Act, sections 1 and 15","extend to the European Central Bank the privileges, exemptions, and immunities provided to public international organizations",0
13309,03-19572,President of the United States,By the authority vested in me as President by the Constitution and the laws of the United States of America,0
13313,03-20013,President of the United States,"By the authority vested in me as President by the Constitution and the laws of the United States of America, including section 301 of title 3, United States Code, it is hereby ordered as follows:",0
13314,03-20764,Trade Act of 1974,"subsection 402(c)(2) and (d) of the Trade Act of 1974, as amended (the ``Act'') (19 U.S.C. 2432(c)(2) and (d))",0
13314,03-20764,Section 402 of the Trade Act of 1974,waive the application of subsections (a) and (b) of section 402 of the Act with respect to Turkmenistan.,0
13315,03-22543,President,"by the authority vested in me as President by the Constitution and the laws of the United States of America, including the International Emergency Economic Powers Act (50 U.S.C. 1701 et seq.) (IEEPA), the National Emergencies Act (50 U.S.C. 1601 et seq.)",0
13320,03-30913,President,By the authority vested in me as President by the Constitution and the laws of the United States of America,0
13322,03-32328,"5 U.S.C. 5302(1), 5 U.S.C. 5303(b)",The rates of basic pay or salaries of the statutory pay systems … are set forth on the schedules attached hereto,0
13324,04-1322,International Emergency Economic Powers Act; National Emergencies Act; United Nations Participation Act,"including the International Emergency Economic Powers Act (50 U.S.C. 1701 et seq.), the National Emergencies Act (50 U.S.C. 1601 et seq.) (NEA), and section 5 of the United Nations Participation Act of 1945, as amended (22 U.S.C. 287c)",0
13326,04-2408,President,"There is hereby established the President's Commission on Implementation of United States Space Exploration Policy (the ""Commission"").",0
13327,04-2773,Executive Order 12512,"Sec. 8. Executive Order 12512 of April 29, 1985, is hereby revoked.",0
13328,04-3170,Attorney General,The Attorney General and the Director of Central Intelligence shall ensure the expeditious processing of all appropriate security clearances necessary for the members of the Commission to fulfill their functions.,0
13328,04-3170,Director of Central Intelligence,The Attorney General and the Director of Central Intelligence shall ensure the expeditious processing of all appropriate security clearances necessary for the members of the Commission to fulfill their functions.,0
13329,04-4436,President,"By the authority vested in me as President by the Constitution and the laws of the United States of America, including the Small Business Act, as amended (15 U.S.C. 631 et seq.)",0
13330,04-4451,Presidential authority under the Constitution and U.S. law,By the authority vested in me as President by the Constitution and the laws of the United States of America,0
13331,04-4884,Presidential constitutional and statutory authority,By the authority vested in me as President by the Constitution and the laws of the United States of America,0
13332,04-5322,Constitution of the United States,"By the authority vested in me as President by the Constitution and the laws of the United States of America, including the laws cited herein, it is hereby ordered as follows:",0
13334,04-8616,"Railway Labor Act, section 9A",section 9A of the Act,0
13335,04-10024,Presidential constitutional and statutory authority,By the authority vested in me as President by the Constitution and the laws of the United States of America,0
13336,04-10377,"Executive Order 13336, Sec. 2(b)","The Working Group shall, within 90 days of the date of this order, develop a Federal interagency plan that recommends initiatives, strategies, and ideas for future interagency actions that promote the purpose, as stated in section 1, of this order.",0
13336,04-10377,"Executive Order 13336, Sec. 7","The Working Group established under section 2 of this order shall terminate not later than 5 years from the date of this order, unless extended by the President.",0
13337,04-10378,amends_section,"Section 1(a) of Executive Order 11423, as amended, is amended to read as follows:",0
13337,04-10378,amends_section,"Section 1(b) of Executive Order 11423, as amended, is amended by deleting the text",0
13338,04-11058,President,"I, GEORGE W. BUSH, President of the United States of America, hereby determine that the actions of the Government of Syria ... constitute an unusual and extraordinary threat to the national security, foreign policy, and economy of the United States and hereby declare a national emergency to deal with that threat.",0
13339,04-11271,Federal Advisory Committee Act,"Insofar as the Federal Advisory Committee Act, as amended (5 U.S.C. App.) (the “Act”), may apply to the administration of any portion of this order, any functions of the President under the Act, except that of reporting to the Congress, shall be performed by the Secretary in accordance with the guidelines issued by the Administrator of General Services.",0
13340,04-11592,President of the United States,By the authority vested in me as President by the Constitution and the laws of the United States of America,0
13342,04-12745,Agency head appoints Director in consultation with White House OFBCI,"(b) Each of these Centers shall be supervised by a Director, appointed by the agency head in consultation with the White House Office of Faith‑Based and Community Initiatives (White House OFBCI).",0
13342,04-12745,Secretaries/Administrator designate agency liaison to White House OFBCI,(a) designate an employee within their respective agencies to serve as the liaison and point of contact with the White House OFBCI;,0
13345,04-15933,Enterprise for the Americas Board – appointed members,the following officers or employees of the United States are hereby designated to serve as representatives on the Enterprise for the Americas Board:,0
13346,04-15934,internal management of the executive branch,This order is intended only to improve the internal management of the executive branch,0
13347,04-17150,Presidential constitutional and statutory authority,By the authority vested in me as President by the Constitution and the laws of the United States of America,0
13349,04-17204,President,(c) PCAST shall serve as the National Nanotechnology Advisory Panel under section 4 of the 21st Century Nanotechnology Research and Development Act (Public Law 108-153) (Act).,0
13351,04-18575,"Railway Labor Act, section 9A(e)","Section 9A(e) of the Act provides that the President, upon such request, shall appoint a second emergency board to investigate and report on the dispute.",0
13358,04-22212,"Section 301, Title 3, United States Code","including section 301 of title 3, United States Code",0
13360,04-24098,delegates_authority,Heads of agencies shall provide the opportunity for service-disabled veteran businesses to significantly increase the Federal contracting and subcontracting of such businesses.,0
13362,04-26684,Constitution and Federal Vacancies Reform Act of 1998,"by the authority vested in me as President by the Constitution and the laws of the United States of America and pursuant to the Federal Vacancies Reform Act of 1998, 5 U.S.C. 3345 et seq.",0
13363,04-26685,Constitution; Public Law 108‑234,"By the authority vested in me as President by the Constitution and the laws of the United States of America, including my authority as Commander in Chief of the Armed Forces of the United States and Public Law 108-234",0
13364,04-26686,"Constitution, IEEPA, National Emergencies Act, UNPA, Title 3","By the authority vested in me as President by the Constitution and the laws of the United States of America, including the International Emergency Economic Powers Act, as amended (50 U.S.C. 1701 et seq.) (IEEPA), the National Emergencies Act (50 U.S.C. 1601 et seq.), section 5 of the United Nations Participation Act, as amended (22 U.S.C. 287c) (UNPA), and section 301 of title 3, United States Code",0
13367,04-28404,International Organizations Immunities Act,section 1 of the International Organizations Immunities Act (22 U.S.C. 288),0
13367,04-28404,United‑States Mexico Border Health Commission Act,"pursuant to the United‑States Mexico Border Health Commission Act, Public Law 103‑400 (22 U.S.C. 290n et seq.)",0
13369,05-771,Presidential constitutional and statutory authority,By the authority vested in me as President by the Constitution and the laws of the United States of America,0
13370,05-1170,Federal Vacancies Reform Act of 1998,"pursuant to the Federal Vacancies Reform Act of 1998, 5 U.S.C. 3345 et seq.",0
13371,05-1886,President,"By the authority vested in me as President by the Constitution and the laws of the United States of America, and in order to modify the mission and functions of the President's Council on Service and Civic Participation (Council) and to extend the Council, it is hereby ordered that Executive Order 13285 of January 29, 2003, is amended as follows:",0
13372,05-3385,Executive Order 13372,Clarification of Certain Executive Orders Blocking Property and Prohibiting Certain Transactions,0
13373,05-5097,President,"By the authority vested in me as President by the Constitution and the laws of the United States of America, it is hereby ordered as follows:",0
13375,05-6907,section 1 of EO 13295 is amended by adding at the end thereof the following new subsection,"(c) Influenza caused by novel or reemergent influenza viruses that are causing, or have the potential to cause, a pandemic.",0
13378,05-9892,President,"By the authority vested in me as President by the Constitution and the laws of the United States of America, including 10 U.S.C. 2391 and the Defense Economic Adjustment, Diversification, Conversion, and Stabilization Act of 1990",0
13381,05-13098,President of the United States,"By the authority vested in me as President by the Constitution and the laws of the United States of America, and in order to assist in determining eligibility for access to classified national security information, while taking appropriate account of title III of Public Law 108-458, it is hereby ordered as follows:",0
13382,05-13214,President,"by the authority vested in me as President by the Constitution and the laws of the United States of America, including the International Emergency Economic Powers Act (50 U.S.C. 1701 et seq.) (IEEPA), the National Emergencies Act (50 U.S.C. 1601 et seq.), and section 301 of title 3, United States Code",0
13387,05-20944,"Manual for Courts-Martial, United States","prescribe amendments to the Manual for Courts-Martial, United States",0
13389,05-22132,President of the United States,"By the authority vested in me as President of the United States by the Constitution and the laws of the United States of America, including the Robert T. Stafford Disaster Relief and Emergency Assistance Act, as amended (42 U.S.C. 5121-5206) (the ``Stafford Act'')",0
13391,05-23412,President,"By the authority vested in me as President by the Constitution and the laws of the United States of America, including the International Emergency Economic Powers Act (50 U.S.C. 1701 et seq.) (IEEPA), the National Emergencies Act (50 U.S.C. 1601 et seq.), and section 301 of title 3, United States Code",0
13392,05-24255,President of the United States,by the authority vested in me as President by the Constitution and the laws of the United States of America,0
13396,06-1316,Secretary of the Treasury,"The Secretary of the Treasury, after consultation with the Secretary of State, is hereby authorized to take such actions, including the promulgation of rules and regulations",0
13396,06-1316,Secretary of the Treasury,"The Secretary of the Treasury, after consultation with the Secretary of State, is hereby authorized to submit the recurring and final reports to the Congress",0
13396,06-1316,Secretary of the Treasury,"The Secretary of the Treasury, after consultation with the Secretary of State, is hereby authorized to determine, subsequent to the issuance of this order, that circumstances no longer warrant the inclusion of a person in the Annex",0
13397,06-2362,Secretary of Homeland Security,The Secretary shall consult with the Director of the White House Office of Faith-,1
13397,06-2362,Secretary of Homeland Security,The Center shall be supervised by a Director appointed by Secretary.,0
13397,06-2362,Secretary of Homeland Security,designate an employee within the department to serve as the liaison and point of contact with the WHOFBCI Director;,0
13397,06-2362,Secretary of Homeland Security,"cooperate with the WHOFBCI Director and provide such information, support, and assistance to the WHOFBCI Director as requested",0
13398,06-3865,The Panel,The Panel shall advise the President and the Secretary of Education (Secretary),1
13398,06-3865,the Secretary,the Secretary shall designate a Chair of the Panel.,0
13398,06-3865,the Secretary,The Secretary may require the Panel,1
13399,06-4085,"IEEPA, National Emergencies Act, UNPA","including the International Emergency Economic Powers Act (50 U.S.C. 1701 et seq.) (IEEPA), the National Emergencies Act (50 U.S.C. 1601 et seq.)",0
13401,06-4132,revokes Executive Order 12820,"Executive Order 12820 of November 5, 1992, is revoked.",0
13402,06-4552,convene_meetings,The Chairman and Co‑Chairman shall convene and preside at the meetings of the Task Force,0
13402,06-4552,located_in_department_of_justice,The Task Force shall be located in the Department of Justice for administrative purposes,0
13402,06-4552,provide_funding_and_support,the Department of Justice shall provide the funding and administrative support the Task Force needs,0
13402,06-4552,termination_by_attorney_general,the Attorney General may terminate the Task Force by a written notice of its termination published in the Federal Register,0
13404,06-5351,Constitution and the laws of the United States of America,By the authority vested in me as President by the Constitution and the laws of the United States of America,0
13405,06-5592,Secretary of the Treasury,"The Secretary of the Treasury, after consultation with the Secretary of State, is hereby authorized to take such actions, including the promulgation of rules and regulations",0
13405,06-5592,Secretary of the Treasury,The Secretary of the Treasury may redelegate any of these functions to other officers and agencies of the United States Government,0
13405,06-5592,All executive agencies of the United States Government,All executive agencies of the United States Government are hereby directed to take all appropriate measures within their authority to carry out the provisions of this order,0
13405,06-5592,Secretary of the Treasury,"The Secretary of the Treasury, after consultation with the Secretary of State, is hereby authorized to submit the recurring and final reports to the Congress on the national emergency declared in this order",0
13405,06-5592,Secretary of the Treasury,"The Secretary of the Treasury, after consultation with the Secretary of State, is hereby authorized to determine ... that circumstances no longer warrant the inclusion of a person in the Annex to this order",0
13410,06-7220,President of the United States,By the authority vested in me as President by the Constitution and the laws of the United States,0
13411,06-7492,Task Force on Disaster Assistance Coordination,The Task Force shall develop a plan to streamline and otherwise improve the delivery of Federal disaster assistance (Plan).,0
13411,06-7492,Secretary of Homeland Security,the Secretary of Homeland Security shall submit a quarterly progress report to the Assistant to the President for Homeland Security and Counterterrorism and the Director of the Office of Management and Budget.,0
13412,06-8769,International Emergency Economic Powers Act (IEEPA),including the International Emergency Economic Powers Act (50 U.S.C. 1701 et seq.)(IEEPA),0
13412,06-8769,National Emergencies Act (NEA),the National Emergencies Act (50 U.S.C. 1601 et seq.)(NEA),0
13412,06-8769,28 U.S.C. § 301 (title 3),"section 301 of title 3, United States Code",0
13413,06-9020,"President, under IEEPA, NEA, UNPA, and other statutes","By the authority vested in me as President by the Constitution and the laws of the United States of America, including the International Emergency Economic Powers Act (50 U.S.C. 1701 et seq.) (IEEPA), the National Emergencies Act (50 U.S.C. 1601 et seq.) (NEA), section 5 of the United Nations Participation Act, as amended (22 U.S.C. 287c) (UNPA), and section 301 of title 3, United States Code",0
13414,06-9148,Constitution and the laws of the United States of America,By the authority vested in me as President by the Constitution and the laws of the United States of America,0
13416,06-9619,Executive Order 12866,draft security requirements are transmitted to the Office of Management and Budget for review in accordance with Executive Order 12866,0
13416,06-9619,Section 313 of the Homeland Security Act of 2002,"consistent with section 313 of the Homeland Security Act of 2002, as amended (6 U.S.C. 193)",0
13417,06-9632,Section 9A(c) of the Railway Labor Act,"Section 9A(c) of the RLA provides that the President, upon such request, shall appoint an emergency board to investigate and report on the disputes.",0
13418,06-9770,President,"striking ``, and stemming the spread of HIV/AIDS.'' and inserting in lieu thereof ``, stemming the spread of HIV/AIDS and controlling malaria.''",0
13419,06-9895,Statutory,"including section 204 of the National Science and Technology Policy, Organization, and Priorities Act of 1976, as amended (42 U.S.C. 6613), section 101(c) of the National Aeronautics and Space Administration Authorization Act of 2005 (Public Law 109-155), and section 301 of title 3, United States Code",0
13420,06-9896,Presidential,"By the authority vested in me as President by the Constitution and the laws of the United States of America, including the laws cited herein, it is hereby ordered as follows:",0
13423,07-374,President of the United States,By the authority vested in me as President by the Constitution and the laws of the United States of America,0
13424,07-419,the Constitution and the laws of the United States of America,By the authority vested in me as President by the Constitution and the laws of the United States of America,0
13425,07-780,Constitution; Military Commissions Act of 2006; Authorization for Use of Military Force; 10 U.S.C. § 948b(b),"By the authority vested in me as President by the Constitution and the laws of the United States of America, including the Military Commissions Act of 2006 (Public Law 109-366), the Authorization for Use of Military Force (Public Law 107-40), and section 948b(b) of title 10, United States Code, it is hereby ordered as follows:",0
13426,07-1137,Secretary of Defense – administrative support and funding for the Commission,"The Secretary of Defense shall, to the extent permitted by law, provide administrative support and funding for the Commission.",0
13426,07-1137,Secretary of Veterans Affairs – administrative support and funding for the Task Force,"The Secretary of Veterans Affairs shall, to the extent permitted by law, provide administrative support and funding for the Task Force.",0
13428,07-1704,Constitution and the laws of the United States,"section 1 of the Act of June 4, 1897 (16 U.S.C. 473) and section 1 of the Act of July 1, 1902 (48 U.S.C. 746)",0
13428,07-1704,Presidential authority under the cited statutes,The Caribbean National Forest in the Commonwealth of Puerto Rico is hereby renamed the ``El Yunque National Forest.'',0
13429,07-1816,Section 9A(e) of the Railway Labor Act,"Section 9A(e) of the Act provides that the President, upon such request, shall appoint a second emergency board to investigate and report on the dispute",0
13431,07-2367,Presidential authority under the Constitution and statutes,"By the authority vested in me as President by the Constitution and the laws of the United States of America, including section 202 of the Revised Statutes (22 U.S.C. 2656) and section 3161 of title 5, United States Code",0
13432,07-2462,Presidential authority under the Constitution and existing statutes,"the heads of the Department of Transportation, the Department of Energy, and the Environmental Protection Agency to protect the environment with respect to greenhouse gas emissions from motor vehicles, nonroad vehicles, and nonroad engines",0
13433,07-2518,Attorney General,no agency shall enter into a contingency fee agreement for legal or expert witness services,1
13435,07-3112,renames_registry,renames the ``Human Embryonic Stem Cell Registry'' the ``Human Pluripotent Stem Cell Registry;'',0
13435,07-3112,adds_new_cell_lines,adds to the registry new human pluripotent stem cell lines that clearly meet the standard set forth in subsection (a) of this section.,0
13436,07-3258,Constitution and the laws of the United States of America,by the authority vested in me as President by the Constitution and the laws of the United States of America,0
13437,07-3259,"Trade Act of 1974, sections 402(c)(2) and (d)","sections 402(c)(2) and (d) of the Trade Act of 1974, as amended (the ``Act'')(19 U.S.C. 2432(c)(2) and (d))",0
13437,07-3259,Waiver of subsections (a) and (b) of section 402 of the Trade Act of 1974,I hereby waive the application of subsections (a) and (b) of section 402 of the Act with respect to Turkmenistan.,0
13438,07-3552,"Secretary of the Treasury, in consultation with the Secretary of State and the Secretary of Defense","all property and interests in property of the following persons, that are in the United States, that hereafter come within the United States, or that are or hereafter come within the possession or control of United States persons, are blocked and may not be transferred, paid, exported, withdrawn, or otherwise dealt in",0
13440,07-3656,Authorization for Use of Military Force (Public Law 107-40),including the Authorization for Use of Military Force (Public Law 107-40),0
13440,07-3656,Military Commissions Act of 2006 (Public Law 109-366),the Military Commissions Act of 2006 (Public Law 109-366),0
13440,07-3656,"section 301 of title 3, United States Code","section 301 of title 3, United States Code",0
13441,07-3835,President,"I, GEORGE W. BUSH, President of the United States of America, determine that the actions of certain persons ... constitute an unusual and extraordinary threat to the national security and foreign policy of the United States, and I hereby declare a national emergency to deal with that threat.",0
13443,07-4115,Chairman of the Council on Environmental Quality,"The Chairman of the Council on Environmental Quality (Chairman) shall, in coordination with the appropriate Federal agencies and in consultation with the Sporting Conservation Council and in cooperation with State and tribal fish and wildlife agencies and the public, convene ...",0
13443,07-4115,Chairman of the Council on Environmental Quality,"The Chairman shall prepare, consistent with applicable law and subject to the availability of appropriations, in coordination with the appropriate Federal agencies and in consultation with the Sporting Conservation Council, and in cooperation with State and tribal fish and wildlife agencies, ...",0
13444,07-4600,section 7(a)(2) of the Department of State Authorities Act of 2006 (Public Law 109-472),"extend to the African Union Mission to the United States of America, and to its members, the privileges and immunities enjoyed by diplomatic missions accredited to the United States",0
13445,07-4890,Secretary of Education,"establish within the Department of Education for administrative purposes only, an Interagency Adult Education Working Group",0
13448,07-5270,International Emergency Economic Powers Act (50 U.S.C. 1701 et seq.),including the International Emergency Economic Powers Act (50 U.S.C. 1701 et seq.) (IEEPA),0
13448,07-5270,National Emergencies Act (50 U.S.C. 1601 et seq.),the National Emergencies Act (50 U.S.C. 1601 et seq.),0
13448,07-5270,"Burmese Freedom and Democracy Act of 2003 (Public Law 108-61, as amended)","the Burmese Freedom and Democracy Act of 2003 (Public Law 108-61, as amended, 50 U.S.C. 1701 note)",0
13448,07-5270,"28 U.S.C. § 301 (section 301 of title 3, United States Code)","section 301 of title 3, United States Code",0
13449,07-5299,Magnuson‑Stevens Fishery Conservation and Management Act,Magnuson‑Stevens Fishery Conservation and Management Act,0
13449,07-5299,Atlantic Coastal Fisheries Cooperative Management Act,Atlantic Coastal Fisheries Cooperative Management Act,0
13449,07-5299,Atlantic Striped Bass Conservation Act,Atlantic Striped Bass Conservation Act,0
13450,07-5726,Presidential authority under the U.S. Constitution and statutes,"By the authority vested in me as President by the Constitution and the laws of the United States of America, including sections 305 and 306 of title 5, sections 1115, 1116, and 9703 of title 31, and chapter 28 of title 39, United States Code",0
13451,07-5816,International Organizations Immunities Act,section 1 of the International Organizations Immunities Act (22 U.S.C. 288),0
13451,07-5816,Energy Policy Act of 2005,sections 971 and 972 of the Energy Policy Act of 2005 (42 U.S.C. 16311 and 16312),0
13452,07-5919,"Railway Labor Act, 45 U.S.C. §160",including section 10 of the RLA (45 U.S.C. 160),0
13452,07-5919,National Mediation Board,The records and files of the Board are records of the Office of the President and upon the Board's termination shall be maintained in the physical custody of the National Mediation Board.,0
13454,08-62,adjusts rates of basic pay for multiple federal pay systems,The rates of basic pay or salaries for the following offices and positions are set forth on the schedules attached hereto and made a part hereof:,0
13454,08-62,revokes or amends Executive Order 13420,"Executive Order 13420 of December 21, 2006, is superseded.",0
13457,08-483,Presidential authority under the Constitution and U.S. law,"By the authority vested in me as President by the Constitution and the laws of the United States of America, it is hereby ordered as follows:",0
13458,08-568,United States Additional Protocol Implementation Act (Public Law 109‑401),United States Additional Protocol Implementation Act (the ``Act'')(Public Law 109-401),0
13458,08-568,section 223 of the United States Additional Protocol Implementation Act,section 223 of the Act,0
13460,08-761,"IEEPA, National Emergencies Act, 31 U.S.C. §301","the International Emergency Economic Powers Act (50 U.S.C. 1701 et seq.)(IEEPA), the National Emergencies Act (50 U.S.C. 1601 et seq.), and section 301 of title 3, United States Code",0
13461,08-797,establishes the order of succession for the Secretary of HHS,"the officers named in section 2, in the order listed, shall act as and perform the functions and duties of the Office of the Secretary of Health and Human Services",0
13462,08-970,President,The PIAB shall consist of not more than 16 members appointed by the President from among individuals who are not employed by the Federal Government.,0
13462,08-970,President,The IOB shall consist of not more than five members of the PIAB who are designated by the President from among members of the PIAB to serve on the IOB.,0
13464,08-1215,IEEPA and NEA,"the International Emergency Economic Powers Act (50 U.S.C. 1701 et seq.) (IEEPA), the National Emergencies Act (50 U.S.C. 1601 et seq.)",0
13465,08-1348,Constitution,by the authority vested in me as President by the Constitution and the laws of the United States of America,0
13465,08-1348,"subsection 121(a) of title 40, United States Code","including subsection 121(a) of title 40 and section 301 of title 3, United States Code",0
13466,08-1399,declares_national_emergency,I hereby declare a national emergency to deal with that threat.,0
13466,08-1399,continues_blocked_property,"all property and interests in property of North Korea or a North Korean national ... were blocked as of June 16, 2000, and remained blocked immediately prior to the date of this order.",0
13466,08-1399,prohibits_vessel_registration_and_use,"United States persons may not register a vessel in North Korea, obtain authorization for a vessel to fly the North Korean flag, or own, lease, operate, or insure any vessel flagged by North Korea.",0
13466,08-1399,prohibits_evasion_transactions,Any transaction by a United States person ... evades or avoids ... is prohibited.,0
13466,08-1399,defines_terms,"the term ``person'' means an individual or entity; ... the term ``United States person'' means any United States citizen, permanent resident alien, entity organized under the laws of the United States ...",0
13466,08-1399,authorizes_treasury_actions,"The Secretary of the Treasury, after consultation with the Secretary of State, is hereby authorized to take such actions, including the promulgation of rules and regulations, and to employ all powers granted to the President by IEEPA as may be necessary to carry out the purposes of this order.",0
13466,08-1399,allows_redelegation,The Secretary of the Treasury may redelegate any of these functions to other officers and agencies of the United States Government consistent with applicable law.,0
13466,08-1399,directs_agencies,All agencies of the United States Government are hereby directed to take all appropriate measures within their authority to carry out the provisions of this order.,0
13466,08-1399,requires_reports_to_congress,"The Secretary of the Treasury, after consultation with the Secretary of State, is hereby authorized to submit the recurring and final reports to the Congress on the national emergency declared in this order, consistent with section 401(c) of the NEA (50 U.S.C. 1641(c)) and section 204(c) of IEEPA (50 U.S.C. 1703(c)).",0
13469,08-1480,"Constitution, IEEPA, NEA, 31 U.S.C. §301","By the authority vested in me as President by the Constitution and the laws of the United States of America, including the International Emergency Economic Powers Act (50 U.S.C. 1701 et seq.) (IEEPA), the National Emergencies Act (50 U.S.C. 1601 et seq.), and section 301 of title 3, United States Code",0
13472,E8-21651,Constitution and the laws of the United States of America,By the authority vested in me as President by the Constitution and the laws of the United States of America,0
13472,E8-21651,Federal Vacancies Reform Act of 1998 (5 U.S.C. 3345 et seq.),"the Federal Vacancies Reform Act of 1998, 5 U.S.C. 3345 et seq.",0
13476,E8-24465,Presidential Transition Act of 1963,"to further the purposes of the Presidential Transition Act of 1963, as amended, and to assist the presidential transition",0
13477,E8-26531,President of the United States,By the authority vested in me as President by the Constitution and the laws of the United States of America,0
13479,E8-27777,Vision 100–Century of Aviation Reauthorization Act (Public Law 108‑176),Consistent with sections 709 and 710 of the Act,0
13480,E8-28912,Federal Labor‑Management Relations Program,exempted from coverage under the Federal Labor-,1
13483,E8-30700,President of the United States,"By the authority vested in me as President by the Constitution and the laws of the United States of America, including the laws cited herein, it is hereby ordered as follows:",0
13484,E9-811,President,"By the authority vested in me as President by the Constitution and the laws of the United States of America, including the Federal Vacancies Reform Act of 1998, 5 U.S.C. 3345 et seq.",0
13485,E9-814,President of the United States,"By the authority vested in me as President under the Constitution and the laws of the United States of America, including the Federal Vacancies Reform Act of 1998, 5 U.S.C. 3345 et seq., it is hereby ordered that",0
13486,E9-818,Co‑Chairs (Secretaries of Defense and Health and Human Services),"The Co‑Chairs shall convene and preside at meetings of the Working Group, determine its agenda, and direct its work.",0
13487,E9-1538,Presidential authority under the Constitution and statutes,"by the authority vested in me as President by the Constitution and the laws of the United States of America, including section 202 of the Revised Statutes (22 U.S.C. 2656) and section 3161 of title 5, United States Code",0
13488,E9-1574,Executive Order 13488,"This order shall not suspend, impede, or otherwise affect Executive Order 10450 ... or Executive Order 13467",0
13489,E9-1712,revokes EO 13233,"Executive Order 13233 of November 1, 2001, is revoked.",0
13490,E9-1719,"section 301 of title 3, United States Code, and sections 3301 and 7301 of title 5, United States Code","including section 301 of title 3, United States Code, and sections 3301 and 7301 of title 5, United States Code",0
13491,E9-1885,President,The CIA shall close as expeditiously as possible any detention facilities that it currently operates and shall not operate any such detention facility in the future.,0
13491,E9-1885,President,"All departments and agencies of the Federal Government shall provide the International Committee of the Red Cross with notification of, and timely access to, any individual detained in any armed conflict...",0
13492,E9-1893,individuals currently detained at Guantánamo,individuals currently detained at Guant[aacute]namo,0
13493,E9-1895,President of the United States,By the authority vested in me as President by the Constitution and the laws of the United States of America,0
13494,E9-2483,Presidential authority under the Constitution and Federal Property and Administrative Services Act,"By the authority vested in me as President by the Constitution and the laws of the United States of America, including the Federal Property and Administrative Services Act, 40 U.S.C. 101 et seq., it is hereby ordered that:",0
13495,E9-2484,Secretary of Labor,The Secretary of Labor (Secretary) is responsible for investigating and obtaining compliance with this order.,0
13496,E9-2485,Secretary of Labor,"Within 120 days of the effective date of this order, the Secretary shall initiate a rulemaking to prescribe the size, form, and content of the notice to be posted by a contractor under paragraph 1 of the contract clause described in section 2 of this order.",0
13496,E9-2485,Secretary of Labor,"The Secretary may investigate any Government contractor, subcontractor, or vendor to determine whether the contractual provisions required by section 2 of this order have been violated.",0
13496,E9-2485,Secretary of Labor,"The Secretary, or any agency or officer in the executive branch lawfully designated by rule, regulation, or order of the Secretary, may hold such hearings, public or private, regarding compliance with this",1
13497,E9-2486,President of the United States,"By the authority vested in me as President by the Constitution and the laws of the United States of America, it is hereby ordered that:",0
13498,E9-2893,President,The Council shall terminate 2 years from the date of this order unless extended by the President.,0
13500,E9-3108,Constitution,By the authority vested in me as President by the Constitution,0
13501,E9-3112,termination after 2 years,The PERAB shall terminate 2 years after the date of this order unless extended by the President.,0
13502,E9-3113,"Constitution; Federal Property and Administrative Services Act, 40 U.S.C. 101","the authority vested in me as President by the Constitution and the laws of the United States of America, including the Federal Property and Administrative Services Act, 40 U.S.C. 101 et seq.",0
13502,E9-3113,29 U.S.C. 152(5),The term “labor organization” as used in this order means a labor organization as defined in 29 U.S.C. 152(5).,0
13502,E9-3113,29 U.S.C. 158(f),The term “project labor agreement” as used in this order means a pre‑hire collective bargaining agreement … described in 29 U.S.C. 158(f).,0
13504,E9-4103,Executive Order 13390,Amending Executive Order 13390,0
13505,E9-5441,Presidential authority under the Constitution and the laws of the United States of America,"By the authority vested in me as President by the Constitution and the laws of the United States of America, it is hereby ordered as follows:",0
13506,E9-5802,Presidential authority under the Constitution and U.S. law,"By the authority vested in me as President by the Constitution and the laws of the United States of America, I hereby order as follows:",0
13507,E9-8572,the Constitution and the laws of the United States of America,By the authority vested in me as President by the Constitution and the laws of the United States of America,0
13508,E9-11547,heads of agencies may grant exceptions,"The heads of agencies may authorize exceptions to this order, in the following circumstances",0
13510,E9-16034,subsection 402(c)(2) of the Trade Act of 1974,I hereby waive the application of subsections (a) and (b) of section 402 of the Act with respect to the Republic of Belarus.,0
13511,E9-23886,"Presidential authority under the Constitution, statutes, and the Federal Advisory Committee Act","By the authority vested in me as President by the Constitution and the laws of the United States of America, and consistent with the provisions of the Federal Advisory Committee Act, as amended (5 U.S.C. App.), it is hereby ordered as follows:",0
13513,E9-24203,Secretary of Transportation,"The Secretary of Transportation, in consultation with the Administrator of General Services and the Director of the Office of Personnel Management, shall provide leadership and guidance to the heads of executive branch agencies to assist them with any action pursuant to this order.",0
13514,E9-24518,OMB Director and CEQ Chair,The OMB Director and the CEQ Chair shall: (a) establish an interagency Steering Committee (Steering Committee) on Federal Sustainability,0
13515,E9-25268,President,The Commission shall consist of not more than 20 members appointed by the President.,0
13515,E9-25268,President,"The Commission shall terminate 2 years from the date of this order, unless renewed by the President.",0
13516,E9-26408,President of the United States,"By the authority vested in me as President by the Constitution and the laws of the United States of America, it is hereby ordered as follows:",0
13519,E9-28022,Attorney General,The Attorney General shall convene the first meeting of the Task Force within 30 days of the date of this order and shall thereafter convene the Task Force at such times as he deems appropriate.,0
13519,E9-28022,Attorney General,The Attorney General shall convene the first meeting of the Task Force within 30 days of the date of this order,0
13520,E9-28493,the Constitution and the laws of the United States of America,By the authority vested in me as President by the Constitution and the laws of the United States of America,0
13522,E9-29781,establishment of a new inter‑agency council,There is established the National Council on Federal Labor-Management Relations (Council).,0
13523,E9-30020,"Executive Order 11582 (1971) and 5 U.S.C. § 5546, § 6103(b) for pay and leave","shall be considered as falling within the scope of Executive Order 11582 of February 11, 1971",0
13525,E9-31098,"adjusts rates of basic pay for statutory pay systems, Senior Executive Service, Executive Schedule, etc.","The rates of basic pay or salaries of the statutory pay systems (as defined in 5 U.S.C. 5302(1)), as adjusted under 5 U.S.C. 5303 and section 744 of Division C of the Consolidated Appropriations Act, 2010 (Public Law 111-117, December 16, 2009), are set forth on the schedules attached hereto and made a part hereof:",0
13525,E9-31098,supersedes Executive Order 13483,"Executive Order 13483 of December 18, 2008, is superseded.",0
13525,E9-31098,sets effective dates for the new pay schedules,"Schedule 8 is effective January 1, 2010. The other schedules contained herein are effective on the first day of the first applicable pay period beginning on or after January 1, 2010.",0
13526,E9-31418,revokes,"Executive Order 12958 of April 17, 1995, and amendments thereto, including Executive Order 13292 of March 25, 2003, are hereby revoked as of the effective date of this order.",0
13527,2010-38,Presidential authority under the U.S. Constitution and federal law,"By the authority vested in me as President by the Constitution and the laws of the United States of America, it is hereby ordered as follows:",0
13528,2010-705,"National Defense Authorization Act of 2008, sec. 1822",section 1822 of the National Defense Authorization Act of 2008 (Public Law 110-181),0
13529,2010-1229,"10 U.S.C. §§ 121, 12304","including sections 121 and 12304 of title 10, United States Code",0
13530,2010-2419,President of the United States,"By the authority vested in me as President by the Constitution and the laws of the United States of America, it is hereby ordered as follows:",0
13531,2010-3725,Presidential constitutional and statutory authority,"By the authority vested in me as President by the Constitution and the laws of the United States of America, it is hereby ordered as follows:",0
13534,2010-5837,Executive Order 12870,"The Export Promotion Cabinet shall coordinate with the Trade Promotion Coordinating Committee (TPCC), established by Executive Order 12870 of September 30, 1993.",0
13535,2010-7154,Patient Protection and Affordable Care Act,the Patient Protection and Affordable Care Act (the “Act”),0
13536,2010-8878,"Constitution, IEEPA, NEA, UNPA, 22 U.S.C. 287c, 50 U.S.C. 1701 et seq., 50 U.S.C. 1601 et seq., 3 U.S.C. §301","By the authority vested in me as President by the Constitution and the laws of the United States of America, including the International Emergency Economic Powers Act (50 U.S.C. 1701 et seq.) (IEEPA), the National Emergencies Act (50 U.S.C. 1601 et seq.) (NEA), section 5 of the United Nations Participation Act, as amended (22 U.S.C. 287c) (UNPA), and section 301 of title 3, United States Code,",0
13537,2010-9078,President of the United States,"By the authority vested in me as President by the Constitution and the laws of the United States of America, it is hereby ordered as follows:",0
13538,2010-9451,Presidential constitutional and statutory authority,"By the authority vested in me as President by the Constitution and the laws of the United States of America, it is hereby ordered as follows:",0
13539,2010-9796,Constitution and the laws of the United States of America,By the authority vested in me as President by the Constitution and the laws of the United States of America,0
13540,2010-10172,Presidential authority under the Military Reservist and Veteran Small Business Reauthorization and Opportunity Act of 2008,"by the authority vested in me as President by the Constitution and the laws of the United States of America, including section 102 of title I of the Military Reservist and Veteran Small Business Reauthorization and Opportunity Act of 2008 (Public Law 110-186) (the “Act”),",0
13541,2010-11557,Secretary of State,The ISPO shall be headed by a Director selected by the Secretary.,0
13541,2010-11557,Secretary of State,"The Secretary shall transfer from the ITAO to the ISPO the personnel, assets, liabilities, and records of the ITAO.",0
13542,2010-12070,Executive Order 13241,"Executive Order 13241 of December 18, 2001, as amended, is hereby revoked.",0
13544,2010-14613,President,"By the authority vested in me as President by the Constitution and the laws of the United States of America, including section 4001 of the Patient Protection and Affordable Care Act (Public Law 111‑148), it is hereby ordered as follows:",0
13546,2010-16864,Federal Experts Security Advisory Panel,"There is hereby established, within the Department of Health and Human Services for administrative purposes only, the Federal Experts Security Advisory Panel (Panel), which shall make technical and substantive recommendations on BSAT security concerning the SAP.",0
13548,2010-18988,reporting system for agency progress on disability employment,"the Director of the Office of Personnel Management, in consultation with the Director of the Office of Management and Budget, shall implement a system for reporting regularly to the President, the heads of agencies, and the public on agencies' progress",0
13549,2010-21016,"maintains existing requirements of EO 13526, EO 12968, EO 13467, EO 12829","This order does not change the requirements of Executive Orders 13526, 12968, 13467, or 12829, as amended, and their successor orders and directives.",0
13550,2010-21020,Presidential authority under the Constitution and statutes,"by the authority vested in me as President by the Constitution and the laws of the United States of America, including section 202 of the Revised Statutes (22 U.S.C. 2656) and section 3161 of title 5, United States Code",0
13551,2010-22002,President,"I, BARACK OBAMA, President of the United States of America, hereby expand the scope of the national emergency declared in Executive Order 13466 of June 26, 2008",0
13552,2010-22279,Executive Order 12473,"prescribed by Executive Order 12473 of April 13, 1984, as amended",0
13553,2010-24839,International Emergency Economic Powers Act (IEEPA),International Emergency Economic Powers Act (50 U.S.C. 1701et seq.) (IEEPA),0
13553,2010-24839,National Emergencies Act,National Emergencies Act (50 U.S.C. 1601et seq.),0
13553,2010-24839,"Comprehensive Iran Sanctions, Accountability, and Divestment Act of 2010 (CISADA)","Comprehensive Iran Sanctions, Accountability, and Divestment Act of 2010 (Public Law 111-195) (CISADA)",0
13553,2010-24839,"28 U.S.C. § 301 (section 301 of title 3, United States Code)","section 301 of title 3, United States Code",0
13554,2010-25578,President,The President shall designate a Chair of the Task Force,0
13555,2010-27004,Executive Order 13555,"This order supersedes Executive Order 13230 of October 12, 2001.",0
13556,2010-28360,establishes a program for managing Controlled Unclassified Information,this order establishes an open and uniform program for managing information that requires safeguarding or dissemination,1
13557,2010-28365,order of succession for the Attorney General,shall act as and perform the functions and duties of the office of Attorney General,0
13557,2010-28365,Federal Vacancies Reform Act of 1998,"including the Federal Vacancies Reform Act of 1998, 5 U.S.C. 3345 et seq.",0
13557,2010-28365,28 U.S.C. 508,pursuant to 28 U.S.C. 508 to act as Attorney General,0
13559,2010-29579,issue guidance to agencies,"The Director of the Office of Management and Budget (OMB), following receipt of a copy of the report of the Working Group, and in coordination with the Department of Justice, shall issue guidance to agencies on the implementation of this order",0
13559,2010-29579,provide funding and administrative support,The Department of Health and Human Services shall provide funding and administrative support for the Working Group to the extent permitted by law and within existing appropriations.,0
13559,2010-29579,serve as Co‑Chairs of the Working Group,The Director of the Office of Faith-Based and Neighborhood Partnerships and a senior official from the OMB designated by the Director of the OMB shall serve as the Co‑Chairs of the Working Group.,0
13560,2010-31878,Constitution of the United States and U.S. laws,By the authority vested in me as President by the Constitution and the laws of the United States of America,0
13560,2010-31878,Federal Advisory Committee Act (5 U.S.C. App.),"the Federal Advisory Committee Act, as amended (5 U.S.C. App.)",0
13560,2010-31878,Serve America Act (Public Law 111-13),Serve America Act (Public Law 111-13),0
13561,2010-32960,Presidential,"By the authority vested in me as President by the Constitution and the laws of the United States of America, including the laws cited herein, it is hereby ordered as follows:",0
13562,2010-33169,"5 U.S.C. §§ 3301, 3302","including sections 3301 and 3302 of title 5, United States Code",0
13562,2010-33169,5 U.S.C. 3302(1),pursuant to my authority under 5 U.S.C. 3302(1),0
13562,2010-33169,5 U.S.C. 2301(b)(1),as provided in 5 U.S.C. 2301(b)(1),0
13563,2011-1385,Presidential constitutional and statutory authority,By the authority vested in me as President by the Constitution and the laws of the United States of America,0
13564,2011-2577,President of the United States,By the authority vested in me as President by the Constitution and the laws of the United States of America,0
13565,2011-3257,"PRO IP Act, title III","by the authority vested in me as President by the Constitution and the laws of the United States of America, including title III of the Prioritizing Resources and Organization for Intellectual Property Act of 2008 (Public Law 110‑403)(15 U.S.C. 8111‑8116) (the “PRO IP Act”)",0
13567,2011-5728,Executive Order 13567 – Section 1(a),applies only to those detainees held at Guant[aacute]namo on the date of this order,0
13570,2011-9739,International Emergency Economic Powers Act (50 U.S.C. 1701 et seq.) (IEEPA),including the International Emergency Economic Powers Act (50 U.S.C. 1701 et seq.) (IEEPA),0
13571,2011-10732,references EO 12862,"Executive Order 12862 (Setting Customer Service Standards), issued on September 11, 1993, requires agencies that provide significant services directly to the public to identify and survey their customers",0
13573,2011-12645,Secretary of the Treasury,"The Secretary of the Treasury ... is hereby authorized to take such actions, including the promulgation of rules and regulations, and to employ all powers granted to the President by IEEPA as may be necessary to carry out the purposes of this order.",0
13573,2011-12645,Secretary of the Treasury,"The Secretary of the Treasury ... is hereby authorized to determine that circumstances no longer warrant the blocking of the property and interests in property of a person listed in the Annex to this order, and to take necessary action to give effect to that determination.",0
13574,2011-13173,President,"by the authority vested in me as President by the Constitution and the laws of the United States of America, including the International Emergency Economic Powers Act (50 U.S.C. 1701 et seq.) (IEEPA), the National Emergencies Act (50 U.S.C. 1601 et seq.)",0
13575,2011-14919,Constitution and U.S. law,By the authority vested in me as President by the Constitution and the laws of the United States of America,0
13578,2011-17447,Director of the National Economic Council,"advise the President, in coordination with the Director of the National Economic Council, on the potential effects of pending legislation;",0
13578,2011-17447,Director of the Office of Management and Budget,"functions of the Director of the Office of Management and Budget relating to budgetary, administrative, or legislative proposals.",0
13579,2011-17953,EO 13563,"Executive Order 13563 of January 18, 2011, ``Improving Regulation and Regulatory Review,'' directed to executive agencies, was meant to produce a regulatory system that protects ``public health, welfare, safety, and our environment while promoting economic growth, innovation, competitiveness, and job creation.''",0
13579,2011-17953,EO 12866,"For purposes of this order, ``executive agency'' shall have the meaning set forth for the term ``agency'' in section 3(b) of Executive Order 12866 of September 30, 1993",0
13581,2011-19156,President of the United States,"by the authority vested in me as President by the Constitution and the laws of the United States of America, including the International Emergency Economic Powers Act (50 U.S.C. 1701 et seq.) (IEEPA), the National Emergencies Act (50 U.S.C. 1601 et seq.) (NEA), and section 301 of title 3, United States Code,",0
13582,2011-21505,President,"by the authority vested in me as President by the Constitution and the laws of the United States of America, including the International Emergency Economic Powers Act (50 U.S.C. 1701 et seq.) (IEEPA), the National Emergencies Act (50 U.S.C. 1601 et seq.), and section 301 of title 3, United States Code",0
13583,2011-21704,Presidential constitutional and statutory authority,By the authority vested in me as President by the Constitution and the laws of the United States of America,0
13584,2011-23891,"section 404o of title 50, United States Code","Consistent with section 404o of title 50, United States Code, the Center shall coordinate its analysis, evaluation, and planning functions with the National Counterterrorism Center",0
13584,2011-23891,"section 3161 of title 5, United States Code","There is established within the Department of State, in accordance with section 3161 of title 5, United States Code, a temporary organization to be known as the Counterterrorism Communications Support Office (CCSO)",0
13585,2011-26141,President,"By the authority vested in me as President by the Constitution and the laws of the United States of America, and consistent with the provisions of the Federal Advisory Committee Act, as amended (5 U.S.C. App.)",0
13586,2011-26574,section 10 of the Railway Labor Act,section 10 of the RLA (45 U.S.C. 160),0
13588,2011-28728,21 U.S.C. § 356c (reporting requirements for drug manufacturers),21 U.S.C. 356c,0
13589,2011-29683,Constitution and the laws of the United States of America,By the authority vested in me as President by the Constitution and the laws of the United States of America,0
13589,2011-29683,Telework Enhancement Act of 2010,consistent with the Telework Enhancement Act of 2010 (Public Law 111-292),0
13589,2011-29683,Inspector General Act of 1978,"authority of inspectors general under the Inspector General Act of 1978, as amended",0
13589,2011-29683,Executive Order 13576,"consistent with Executive Order 13576 of June 13, 2011",0
13589,2011-29683,"President's Memorandum of May 24, 2011","The President's Memorandum of May 24, 2011 (Federal Fleet Performance)",0
13590,2011-30463,Export‑Import Bank,"the Board of Directors of the Export‑Import Bank shall deny approval of the issuance of any guarantee, insurance, extension of credit, or participation in an extension of credit in connection with the export of any goods or services to the sanctioned person",0
13591,2011-30990,"amends EO 13530, Section 6","Section 6 of Executive Order 13530 of January 29, 2010 (President's Advisory Council on Financial Capability), is amended to read as follows:",0
13592,2011-31624,Secretary of Education,The Secretary of Education shall appoint an Executive Director who shall be responsible for overseeing implementation of the Initiative.,0
13592,2011-31624,Secretary of Education and Secretary of the Interior,The Secretary of Education and the Secretary of the Interior,1
13593,2011-32486,Executive Order 12473,"prescribed by Executive Order 12473, as amended, it is hereby ordered as follows:",0
13594,2011-33087,Presidential,"By the authority vested in me as President by the Constitution and the laws of the United States of America, including the Continuing Appropriations and Surface Transportation Extensions Act, 2011 (Public Law 111-322), which freezes certain pay schedules for civilian Federal employees at 2010 levels through 2012 and provides for the phase‑in of the full applicable locality pay rates in non‑foreign areas pursuant to the Non‑Foreign Area Retirement Equity Assurance Act of 2009 (5 U.S.C. 5304 note), it is hereby ordered as follows:",0
13595,2011-33089,Presidential Policy Directive 1,pursuant to the process outlined in Presidential Policy Directive 1,0
13596,2011-33335,President of the United States,By the authority vested in me as President by the Constitution and the laws of the United States of America it is hereby ordered as follows:,0
13597,2012-1568,Presidential constitutional and statutory authority,by the authority vested in me as President by the Constitution and the laws of the United States of America,0
13598,2012-2557,"title 10, United States Code","the first sentence of section 14111(a) with respect to reports relating to the grades of brigadier general or above, or rear admiral (lower half) or above;",1
13600,2012-3616,establishment of the Council,There is established the President's Global Development Council (Council).,0
13600,2012-3616,placement of the Council within USAID,The Council shall be established for administrative purposes within the United States Agency for International Development (USAID) subject to the foreign policy and budgetary guidance of the Secretary of State.,0
13600,2012-3616,limit on outside appointees (≤ 12),not more than 12 individuals from outside the Federal Government appointed by the President.,0
13600,2012-3616,non‑voting members from senior agencies,"The Secretary of State, the Secretary of the Treasury, the Secretary of Defense, the USAID Administrator, and the Chief Executive Officer of the Millennium Challenge Corporation shall serve as non‑",1
13600,2012-3616,designation of Chair and Vice‑Chair,The President shall designate a member of the Council to serve as Chair and another member to serve as Vice Chair.,0
13600,2012-3616,term length and reappointment eligibility for outside members,"The term of office of members appointed by the President from outside the Federal Government shall be 2 years, and such members shall be eligible for reappointment",0
13600,2012-3616,funding and admin support by USAID,Funding and administrative support for the Council shall be provided by USAID to the extent permitted by law and within existing appropriations.,0
13600,2012-3616,appointment of Executive Director,The USAID Administrator shall appoint an Executive Director who shall be a Federal officer or employee of USAID and serve as a liaison to the Administrator and the Executive Office of the President,0
13600,2012-3616,uncompensated service for outside members,The members of the Council who are appointed from outside the Federal Government shall serve without compensation for their work on the Council.,0
13601,2012-5366,President of the United States,By the authority vested in me as President by the Constitution and the laws of the United States of America,0
13604,2012-7636,Federal permitting and review processes,the quality of our Nation's infrastructure depends in critical part on Federal permitting and review processes,0
13606,2012-10034,President of the United States,"By the authority vested in me as President by the Constitution and the laws of the United States of America, including the International Emergency Economic Powers Act (50 U.S.C. 1701 et seq.) (IEEPA), the National Emergencies Act (50 U.S.C. 1601 et seq.), section 212(f) of the Immigration and Nationality Act of 1952, as amended (8 U.S.C. 1182(f)), and section 301 of title 3, United States Code",0
13607,2012-10715,Constitution and the laws of the United States of America,By the authority vested in me as President by the Constitution and the laws of the United States of America,0
13608,2012-10884,"Constitution, IEEPA, National Emergencies Act, Immigration and Nationality Act, Title 3","By the authority vested in me as President by the Constitution and the laws of the United States of America, including the International Emergency Economic Powers Act (50 U.S.C. 1701 et seq.) (IEEPA), the National Emergencies Act (50 U.S.C. 1601 et seq.), section 212(f) of the Immigration and Nationality Act of 1952, as amended (8 U.S.C. 1182(f)), and section 301 of title 3, United States Code",0
13609,2012-10968,Executive Order 13563,"Section 1. Policy. Executive Order 13563 of January 18, 2011 (Improving Regulation and Regulatory Review), states that our regulatory system must protect public health, welfare, safety, and our environment while promoting economic growth, innovation, competitiveness, and job creation.",0
13609,2012-10968,Executive Order 12866,"The Regulatory Working Group (Working Group) established by Executive Order 12866 of September 30, 1993 (Regulatory Planning and Review), which was reaffirmed by Executive Order 13563, shall, as appropriate:",0
13610,2012-11798,Presidential authority under the U.S. Constitution and federal law,By the authority vested in me as President by the Constitution and the laws of the United States of America,0
13613,2012-12882,President,"by the authority vested in me as President by the Constitution and the laws of the United States of America, including the Federal Vacancies Reform Act of 1998, as amended, 5 U.S.C. 3345 et seq. (the “Act”), it is hereby ordered that:",0
13615,2012-12889,Constitution and Federal Vacancies Reform Act of 1998,"the authority vested in me as President by the Constitution and the laws of the United States of America, including the Federal Vacancies Reform Act of 1998, as amended, 5 U.S.C. 3345 et seq. (the “Act”), it is hereby ordered that",0
13616,2012-15183,Section 6409 of the Middle Class Tax Relief and Job Creation Act of 2012 (Public Law 112‑96),Section 6409 of the Middle Class Tax Relief and Job Creation Act of 2012 (Public Law 112-96) contains provisions addressing access to Federal property for the deployment of wireless broadband facilities,0
13616,2012-15183,Presidential memorandum of August 31 2011,"the Federal Infrastructure Projects Dashboard created pursuant to my memorandum of August 31, 2011",0
13617,2012-15954,President,"By the authority vested in me as President by the Constitution and the laws of the United States of America, including the International Emergency Economic Powers Act (50 U.S.C. 1701 et seq.) (IEEPA), the National Emergencies Act (50 U.S.C. 1601 et seq.) (NEA), and section 301 of title 3, United States Code",0
13618,2012-17022,National security and emergency preparedness communications,The Federal Government must have the ability to communicate at all times and under all circumstances to carry out its most critical and time sensitive missions.,0
13619,2012-17264,IEEPA and National Emergencies Act,"including the International Emergency Economic Powers Act (50 U.S.C. 1701 et seq.) (IEEPA), the National Emergencies Act (50 U.S.C. 1601 et seq.)",0
13620,2012-18237,Constitution of the United States,By the authority vested in me as President by the Constitution and the laws of the United States of America,0
13620,2012-18237,International Emergency Economic Powers Act (IEEPA),including the International Emergency Economic Powers Act (50 U.S.C. 1701 et seq.) (IEEPA),0
13620,2012-18237,National Emergencies Act (NEA),the National Emergencies Act (50 U.S.C. 1601 et seq.) (NEA),0
13620,2012-18237,United Nations Participation Act (UNPA),section 5 of the United Nations Participation Act (22 U.S.C. 287c) (UNPA),0
13621,2012-18868,Secretary of Education,"There shall be an Executive Director of the Initiative, to be appointed by the Secretary of Education (Secretary).",0
13622,2012-19055,International Emergency Economic Powers Act (50 U.S.C. 1701 et seq.),including the International Emergency Economic Powers Act (50 U.S.C. 1701 et seq.) (IEEPA),0
13622,2012-19055,National Emergencies Act (50 U.S.C. 1601 et seq.),the National Emergencies Act (50 U.S.C. 1601 et seq.),0
13622,2012-19055,"section 301 of title 3, United States Code","section 301 of title 3, United States Code",0
13623,2012-20259,Presidential constitutional and statutory authority,"By the authority vested in me as President by the Constitution and the laws of the United States of America, it is hereby ordered as follows:",0
13624,2012-22030,convene stakeholders and develop best‑practice policies and investment models,"convene stakeholders, through a series of public workshops, to develop and encourage the use of best practice State policies and investment models",0
13625,2012-22062,Presidential authority under the Constitution and U.S. law,"By the authority vested in me as President by the Constitution and the laws of the United States of America, I hereby order as follows:",0
13626,2012-22807,"Presidential authority under the Constitution, FWPCA, OPA‑1990, and Title 3","by the authority vested in me as President by the Constitution and the laws of the United States of America, including section 311 of the Federal Water Pollution Control Act (FWPCA) (33 U.S.C. 1321), section 1006 of the Oil Pollution Act of 1990 (33 U.S.C. 2706), and section 301 of title 3, United States Code",0
13627,2012-24374,effective date,This order shall become effective immediately,0
13629,2012-27002,Presidential authority under the Constitution and U.S. law,By the authority vested in me as President by the Constitution and the laws of the United States of America,0
13630,2012-30060,Secretary of Commerce,The Task Force shall be chaired by the Secretary of Commerce (Chair),0
13633,2012-31225,Heads of executive branch departments and agencies,"The heads of executive branch departments and agencies may determine that certain offices and installations of their organizations, or parts thereof, must remain open ... for reasons of national security, defense, or other public need.",0
13637,2013-05967,revokes EO 11958,"Executive Order 11958 of January 18, 1977, as amended, is revoked;",0
13637,2013-05967,amends EO 13222,"Executive Order 13222 of August 17, 2001, is amended as follows:",0
13639,2013-07837,President,There is established the Presidential Commission on Election Administration (Commission).,0
13640,2013-08501,Executive Order 13498,"as set forth under the provisions of Executive Order 13498 of February 5, 2009, and reestablished by section 5 of Executive Order 13569 of April 5, 2011",0
13640,2013-08501,Executive Order 13569,"as set forth under the provisions of Executive Order 13498 of February 5, 2009, and reestablished by section 5 of Executive Order 13569 of April 5, 2011",0
13641,2013-08626,"adjusts rates of basic pay for the General Schedule, Foreign Service Schedule, and Veterans Health Administration schedules",the rates of basic pay or salaries of the statutory pay systems (as defined in 5 U.S.C. 5302(1)) are set forth on the schedules attached hereto and made a part hereof,0
13641,2013-08626,supersedes EO 13635,"Executive Order 13635 of December 27, 2012, is superseded as of the effective dates specified in section 7 of this order.",0
13641,2013-08626,sets effective date for Schedule 8,"Schedule 8 is effective January 1, 2013.",0
13641,2013-08626,sets effective dates for all other schedules,"The other schedules contained herein are effective on the first day of the first applicable pay period beginning on or after January 1, 2013.",0
13642,2013-11533,"Director of OMB, in consultation with the Chief Information Officer (CIO), Chief Technology Officer (CTO), and Administrator of the Office of Information and Regulatory Affairs (OIRA)",shall issue an Open Data Policy to advance the management of Government information as an asset,0
13643,2013-12157,"Manual for Courts‑Martial, United States (Parts III and IV) – amendment","Section 1. Parts III and IV of the Manual for Courts‑Martial, United States, are amended as described in the Annex attached and made a part of this order.",0
13645,2013-13523,IEEPA,International Emergency Economic Powers Act (50 U.S.C. 1701 et seq.) (IEEPA),0
13645,2013-13523,National Emergencies Act,National Emergencies Act (50 U.S.C. 1601 et seq.),0
13645,2013-13523,CISADA,"Comprehensive Iran Sanctions, Accountability, and Divestment Act of 2010",1
13645,2013-13523,IFCA,Iran Freedom and Counter‑Proliferation Act of 2012,1
13648,2013-16387,"delegates authority to all executive departments and agencies to take actions, issue rules, and provide technical/financial assistance to combat wildlife trafficking","executive departments and agencies (agencies) shall take all appropriate actions within their authority, including the promulgation of rules and regulations and the provision of technical and financial assistance",0
13651,2013-19520,"Constitution, IEEPA, National Emergencies Act, JADE Act, 28 U.S.C. §301","By the authority vested in me as President by the Constitution and the laws of the United States of America, including the International Emergency Economic Powers Act (50 U.S.C. 1701 et seq.) (IEEPA), the National Emergencies Act (50 U.S.C. 1601 et seq.), the Tom Lantos Block Burmese JADE (Junta's Anti-Democratic Efforts) Act of 2008 (Public Law 110-286) (the ``JADE Act''), and section 301 of title 3, United States Code",0
13653,2013-26785,Presidential authority under the Constitution and U.S. law,"By the authority vested in me as President by the Constitution and the laws of the United States of America, and in order to prepare the Nation for the impacts of climate change by undertaking actions to enhance climate preparedness and resilience, it is hereby ordered as follows:",0
13654,2013-28581,"Railway Labor Act, section 9A(c)","Section 9A(c) of the RLA provides that the President, upon such request, shall appoint an emergency board to investigate and report on the disputes.",0
13655,2013-31445,Presidential authority under the Constitution and the laws of the United States,The rates of basic pay or salaries for the following offices and positions are set forth on the schedules attached hereto,0
13656,2014-01523,Executive Order 12163,"Executive Order 12163 of September 29, 1979, as amended, is further amended, in section 1-701(c), by striking the semicolon and all subsequent text before the period.",0
13658,2014-03805,Secretary of Labor,The Secretary shall have the authority for investigating potential violations of and obtaining compliance with this order.,0
13660,2014-05323,International Emergency Economic Powers Act (IEEPA) and National Emergencies Act (NEA),"All property and interests in property ... are blocked and may not be transferred, paid, exported, withdrawn, or otherwise dealt in",0
13661,2014-06141,International Emergency Economic Powers Act (IEEPA) and National Emergencies Act (NEA),the actions and policies of the Government of the Russian Federation with respect to Ukraine--including the recent deployment of Russian Federation military forces in the Crimea region of Ukraine--undermine democratic processes,0
13662,2014-06612,President of the United States,"by the authority vested in me as President by the Constitution and the laws of the United States of America, including the International Emergency Economic Powers Act (50 U.S.C. 1701 et seq.) (IEEPA), the National Emergencies Act (50 U.S.C. 1601 et seq.) (NEA), section 212(f) of the Immigration and Nationality Act of 1952 (8 U.S.C. 1182(f)), and section 301 of title 3, United States Code",0
13663,2014-06768,section 9A of the Railway Labor Act (45 U.S.C. 159a),including section 9A of the RLA,0
13663,2014-06768,section 9A(e) of the Railway Labor Act (45 U.S.C. 159a),section 9A(e) of the RLA,0
13664,2014-07895,International Emergency Economic Powers Act (IEEPA),"By the authority vested in me as President ... including the International Emergency Economic Powers Act (50 U.S.C. 1701 et seq.) (IEEPA), the National Emergencies Act (50 U.S.C. 1601 et seq.) (NEA), section 212(f) of the Immigration and Nationality Act of 1952 (8 U.S.C. 1182(f)), and section 301 of title 3, United States Code,",0
13664,2014-07895,National Emergencies Act (NEA),"By the authority vested in me as President ... including the International Emergency Economic Powers Act (50 U.S.C. 1701 et seq.) (IEEPA), the National Emergencies Act (50 U.S.C. 1601 et seq.) (NEA), section 212(f) of the Immigration and Nationality Act of 1952 (8 U.S.C. 1182(f)), and section 301 of title 3, United States Code,",0
13664,2014-07895,Immigration and Nationality Act of 1952,"By the authority vested in me as President ... including the International Emergency Economic Powers Act (50 U.S.C. 1701 et seq.) (IEEPA), the National Emergencies Act (50 U.S.C. 1601 et seq.) (NEA), section 212(f) of the Immigration and Nationality Act of 1952 (8 U.S.C. 1182(f)), and section 301 of title 3, United States Code,",0
13664,2014-07895,"Proclamation 8693 of July 24, 2011","The prohibitions in section 1 of this order include but are not limited to: (a) the making of any contribution or provision of funds, goods, or services by, to, or for the benefit of any person whose property and interests in property are blocked pursuant to this order; and (b) the receipt of any contribution or provision of funds, goods, or services from any such person.",0
13664,2014-07895,section 401(c) of the NEA,"submit the recurring and final reports to the Congress on the national emergency declared in the order, consistent with section 401(c) of the NEA (50 U.S.C. 1641(c)) and section 204(c) of IEEPA (50 U.S.C. 1703(c)).",0
13664,2014-07895,section 204(c) of IEEPA,"submit the recurring and final reports to the Congress on the national emergency declared in the order, consistent with section 401(c) of the NEA (50 U.S.C. 1641(c)) and section 204(c) of IEEPA (50 U.S.C. 1703(c)).",0
13665,2014-08426,Presidential authority under the Constitution and 40 U.S.C. §101 et seq.,"By the authority vested in me as President by the Constitution and the laws of the United States of America, including the Federal Property and Administrative Services Act, 40 U.S.C. 101 et seq.",0
13667,2014-11442,International Emergency Economic Powers Act (IEEPA) and related statutes,"All property and interests in property that are in the United States, that hereafter come within the United States, or that are or hereafter come within the possession or control of any United States person (including any foreign branch), of the following persons are blocked and may not be transferred, paid, exported, withdrawn, or otherwise dealt in:",0
13668,2014-12651,"IEEPA, National Emergencies Act, UNPA, Title 3","By the authority vested in me as President by the Constitution and the laws of the United States of America, including the International Emergency Economic Powers Act, as amended (50 U.S.C. 1701 et seq.) (IEEPA), the National Emergencies Act (50 U.S.C. 1601 et seq.), section 5 of the United Nations Participation Act, as amended (22 U.S.C. 287c) (UNPA), and section 301 of title 3, United States Code",0
13670,2014-14432,"Railway Labor Act, section 9A(c)","Section 9A(c) of the RLA provides that the President, upon such request, shall appoint an emergency board to investigate and report on the disputes.",0
13671,2014-16360,International Emergency Economic Powers Act (IEEPA) and United Nations Participation Act (UNPA),"are blocked and may not be transferred, paid, exported, withdrawn, or otherwise dealt in",0
13672,2014-17522,40 U.S.C. 121,including 40 U.S.C. 121,0
13673,2014-18561,Presidential authority under 40 U.S.C. 121,"By the authority vested in me as President by the Constitution and the laws of the United States of America, including 40 U.S.C. 121",0
13674,2014-18682,amends Executive Order 13295,shall be further amended by replacing subsection (b) with the following:,0
13675,2014-18998,Constitution and U.S. law,by the authority vested in me as President by the Constitution and the laws of the United States of America,0
13676,2014-22805,National Strategy for Combating Antibiotic‑Resistant Bacteria,the National Strategy for Combating Antibiotic-Resistant Bacteria (Strategy),0
13676,2014-22805,President's Council of Advisors on Science and Technology,the President's Council of Advisors on Science and Technology,0
13676,2014-22805,WHO Global Action Plan for Antimicrobial Resistance,the World Health Organization (WHO) Global Action Plan for Antimicrobial Resistance,0
13676,2014-22805,Federal Advisory Committee Act,"Insofar as the Federal Advisory Committee Act, as amended (5 U.S.C. App.) (the ``Act''), may apply to the Advisory Council",0
13679,2014-24851,President of the United States,Section 1. Establishment of Emergency Board (Board). There is established … by the President …,0
13679,2014-24851,Railway Labor Act § 9A(e),"Section 9A(e) of the RLA provides that the President, upon such request, shall appoint an emergency board …",0
13681,2014-25439,Presidential constitutional and statutory authority,By the authority vested in me as President by the Constitution and the laws of the United States of America,0
13682,2014-29121,Director of the Office of Personnel Management,The Director of the Office of Personnel Management shall take such actions as may be necessary to implement this order,0
13685,2014-30323,prohibits transactions and investments related to the Crimea region of Ukraine,The following are prohibited:,0
13685,2014-30323,blocks property and interests in property of designated persons,"are blocked and may not be transferred, paid, exported, withdrawn, or otherwise dealt in",0
13685,2014-30323,authorizes the Treasury Secretary (with State) to implement the order,"The Secretary of the Treasury, in consultation with the Secretary of State, is hereby authorized to take such actions",0
13685,2014-30323,allows Treasury to redelegate functions to other officials/agencies,The Secretary of the Treasury may redelegate any of these functions to other officers and agencies of the United States Government,0
13686,2014-30363,Presidential constitutional and statutory authority,"By the authority vested in me as President by the Constitution and the laws of the United States of America, it is hereby ordered as follows:",0
13688,2015-01255,Co‑chairs of the Working Group,The Working Group shall be co-,1
13688,2015-01255,Executive Director of the Working Group,"There shall be an Executive Director of the Working Group, to be appointed by the Attorney General",0
13691,2015-03714,delegates authority to NCCIC,I hereby designate the NCCIC as a critical infrastructure protection program and delegate to it authority to enter into voluntary agreements with ISAOs,0
13692,2015-05677,IEEPA,the International Emergency Economic Powers Act (50 U.S.C. 1701 et seq.) (IEEPA),0
13692,2015-05677,NEA,the National Emergencies Act (50 U.S.C. 1601 et seq.) (NEA),0
13692,2015-05677,Venezuela Defense of Human Rights Act,the Venezuela Defense of Human Rights and Civil Society Act of 2014 (Public Law 113‑278),0
13692,2015-05677,INA,section 212(f) of the Immigration and Nationality Act of 1952 (8 U.S.C. 1182(f)) (INA),0
13693,2015-07016,Presidential constitutional and statutory authority,By the authority vested in me as President by the Constitution and the laws of the United States of America,0
13694,2015-07788,International Emergency Economic Powers Act (IEEPA) and National Emergencies Act (NEA),"are blocked and may not be transferred, paid, exported, withdrawn, or otherwise dealt in:",0
13695,2015-13055,President,"terminate the national emergency declared in Executive Order 13617, revoke that order",0
13696,2015-15495,10 U.S.C. §§ 801‑946,"including chapter 47 of title 10, United States Code (Uniform Code of Military Justice, 10 U.S.C. 801-946)",0
13697,2015-15828,the Constitution and the laws of the United States of America,By the authority vested in me as President by the Constitution and the laws of the United States of America,0
13698,2015-16122,Attorney General (via FBI Director),"The Attorney General, acting through the Director of the Federal Bureau of Investigation (FBI), shall establish within the FBI for administrative purposes an interagency Hostage Recovery Fusion Cell (HRFC).",0
13698,2015-16122,President (via Special Assistant to the President),There shall be a Hostage Response Group (HRG) chaired by the Special Assistant to the President and Senior Director for Counterterrorism,0
13698,2015-16122,President,"There shall be a Special Presidential Envoy for Hostage Affairs (Special Envoy), appointed by the President, who shall report to the Secretary of State.",0
13699,2015-16334,President of the United States,"By the authority vested in me as President by the Constitution and the laws of the United States of America, including the Carl Levin and Howard P. ``Buck'' McKeon National Defense Authorization Act for Fiscal Year 2015 (Public Law 113-291), and to allocate the responsibilities imposed by that Act, it is hereby ordered as follows:",0
13699,2015-16334,Secretary of Labor,"The Secretary of Labor shall provide the Advisory Board with funding and administrative support, including the appointment of staff …",0
13700,2015-17926,President,The Board shall terminate upon the submission of the report provided for in section 2 of this order.,0
13701,2015-18292,President of the United States,"by the authority vested in me as President by the Constitution and the laws of the United States of America, including the Bipartisan Congressional Trade Priorities and Accountability Act of 2015 (the ""Act"") (Public Law 114-26) and section 301 of title 3, United States Code, I hereby order as follows:",0
13702,2015-19183,coordination with National Science and Technology Council (EO 12881),"The Executive Council shall coordinate and collaborate with the National Science and Technology Council established by Executive Order 12881 of November 23, 1993",0
13703,2015-19209,delegates_authority,"The Director of ONAP, in consultation with the Director of the Office of Management and Budget (OMB), shall be responsible for monitoring the implementation of the Updated Strategy.",0
13703,2015-19209,directs_report_or_study,The Director of ONAP shall annually report to the President on the implementation of the Updated,1
13707,2015-23630,"The Social and Behavioral Sciences Team (SBST), under the National Science and Technology Council (NSTC)","The Social and Behavioral Sciences Team (SBST), under the National Science and Technology Council (NSTC) and chaired by the Assistant to the President for Science and Technology, shall provide agencies with advice and policy",1
13709,2015-25744,Presidential,"By virtue of the authority vested in me as President of the United States and as Commander in Chief of the Armed Forces of the United States, it is hereby ordered as follows:",0
13711,2015-29498,President,"There is established, effective 12:01 a.m. eastern standard time on November 13, 2015, a Board of three members to be appointed by the President to investigate and report on these disputes.",0
13712,2015-30191,"Constitution, IEEPA, NEA, INA, Title 3","by the authority vested in me as President by the Constitution and the laws of the United States of America, including the International Emergency Economic Powers Act (50 U.S.C. 1701 et seq.) (IEEPA), the National Emergencies Act (50 U.S.C. 1601 et seq.) (NEA), section 212(f) of the Immigration and Nationality Act of 1952 (8 U.S.C. 1182(f)), and section 301 of title 3, United States Code",0
13713,2015-31749,heads of executive branch departments and agencies,"The heads of executive branch departments and agencies may determine that certain offices and installations of their organizations, or parts thereof, must remain open",0
13715,2015-32582,Presidential constitutional and statutory authority,"By the authority vested in me as President by the Constitution and the laws of the United States of America, it is hereby ordered as follows:",0
13716,2016-01325,International Emergency Economic Powers Act (50 U.S.C. 1701 et seq.) (IEEPA),International Emergency Economic Powers Act (50 U.S.C. 1701 et seq.) (IEEPA),0
13716,2016-01325,National Emergencies Act (50 U.S.C. 1601 et seq.) (NEA),National Emergencies Act (50 U.S.C. 1601 et seq.) (NEA),0
13717,2016-02475,Earthquake Hazards Reduction Act of 1977,"including the Earthquake Hazards Reduction Act of 1977, as amended",0
13717,2016-02475,40 U.S.C. 3312,consistent with the provisions of and to the extent required by 40 U.S.C. 3312.,0
13717,2016-02475,National Institute of Standards and Technology (NIST),"the National Institute of Standards and Technology (NIST), shall lead the ICSSC",0
13718,2016-03038,President of the United States,By the authority vested in me as President by the Constitution and the laws of the United States of America,0
13720,2016-04770,redelegation and further assignment of delegated authority,may redelegate authority delegated by this order and may further assign functions assigned by this order to officers of any other department or agency within the executive branch,0
13723,2016-07703,President of the United States,There is hereby established the Inherent Resolve Campaign Medal with suitable appurtenances.,0
13727,2016-11300,"Presidential Memorandum of July 11, 2001","the term ``President's Management Council'' shall have the same meaning as that term is used in the Presidential Memorandum of July 11, 2001.",0
13727,2016-11300,Presidential Transition Act of 1963,"the Presidential Transition Act of 1963, as amended",0
13728,2016-12155,40 U.S.C. § 3312,consistent with the provisions of and to the extent required by 40 U.S.C. 3312,0
13729,2016-12307,President (designation of Chair),"The Board shall function as an interagency policy committee, or body of equivalent standing, chaired by a member of the National Security Council staff at the Senior Director level or higher who shall be designated by the President (Chair).",0
13729,2016-12307,National Security Advisor (receiving the report),"The Chair shall report, through the National Security Advisor, to the President by April 30 each year on the work of the U.S. Government in mass atrocity prevention and response, including the work of the Board.",0
13730,2016-12579,"chapter 47 of title 10, United States Code (Uniform Code of Military Justice)","including chapter 47 of title 10, United States Code (Uniform Code of Military Justice, 10 U.S.C. 801-946)",0
13732,2016-16295,Presidential Policy Directive 1,consistent with Presidential Policy Directive 1 or its successor,0
13733,2016-17945,President of the United States,"by the authority vested in me as President by the Constitution and the laws of the United States of America, including the Trade Facilitation and Trade Enforcement Act of 2015 (the “Act”) (Public Law 114‑125) and section 301 of title 3, United States Code",0
13736,2016-19724,President of the United States,"by the authority vested in me as President by the Constitution and the laws of the United States of America, including the Federal Vacancies Reform Act of 1998, as amended, 5 U.S.C. 3345 et seq. (the “Act”), it is hereby ordered that:",0
13737,2016-19725,delegates authority to listed officials to act as Administrator,"the following officials of the Environmental Protection Agency, in the order listed, shall act as and perform the functions and duties of the office of the Administrator",0
13740,2016-22962,"chapter 47 of title 10, United States Code (Uniform Code of Military Justice, 10 U.S.C. 801-946)","including chapter 47 of title 10, United States Code (Uniform Code of Military Justice, 10 U.S.C. 801-946)",0
13741,2016-24066,amends EO 13467,"Section 1. Executive Order 13467 of June 30, 2008, is amended as follows:",0
13741,2016-24066,amends EO 12171,"Sec. 3. Amendment to Executive Order 12171. Executive Order 12171 of November 19, 1979, as amended, is further amended by striking",0
13744,2016-25290,Executive Order 12881,"established by Executive Order 12881 of November 23, 1993 (Establishment of the National Science and Technology Council)",0
13744,2016-25290,Executive Order 13642,"in accordance with Executive Order 13642 of May 9, 2013 (Making Open and Machine Readable the New Default for Government Information)",0
13745,2016-26753,5 U.S.C. § 6391,"section 6391 of title 5, United States Code",0
13745,2016-26753,3 U.S.C. § 301,"section 301 of title 3, United States Code",0
13746,2016-27156,USAID designated as lead agency,The United States Agency for International Development (USAID) shall serve as the lead agency to facilitate the implementation of Power Africa,0
13749,2016-29165,heads of executive‑branch agencies may appoint such individuals in the competitive service,served for at least 48 months of continuous service in the Foreign Service of the Department of State under a Limited Non-Career Appointment,0
13749,2016-29165,eligibility requirement for non‑competitive appointment,have received a satisfactory or better performance rating (or equivalent) for service under the qualifying Limited Non-Career Appointment,0
13749,2016-29165,time limit for exercising eligibility,exercise the eligibility for noncompetitive appointment within a period of 1 year after completion of the qualifying Limited Non-Career Appointment,0
13749,2016-29165,extension of eligibility period up to three years under certain circumstances,"Such period may be extended to not more than 3 years in the case of persons who, following such service, are engaged in military service",0
13749,2016-29165,status of persons appointed under this order,A person appointed under section 2 of this order shall become a career conditional employee,0
13749,2016-29165,disqualifying criteria from other laws apply to this appointment,"Any law, Executive Order, or regulation that would disqualify an applicant for appointment in the competitive service shall also disqualify a person for appointment under section 2 of this order",0
13749,2016-29165,OPM may issue implementing regulations,The Office of Personnel Management is authorized to issue such additional regulations as may be necessary to implement this order,0
13750,2016-29169,Secretary of State (or designee) to issue certificates,"The Secretary of State or designee shall issue certificates, upon request, to persons whom the Department of State determines have completed the requirements of a program described in section 1 of this order.",0
13755,2016-31792,President of the United States,"By the authority vested in me as President by the Constitution and the laws of the United States of America, including the Federal Vacancies Reform Act of 1998, as amended, 5 U.S.C. 3345 et seq. (the ""Act""), it is hereby ordered that:",0
13756,2016-31875,5 U.S.C. 5303,"as adjusted under 5 U.S.C. 5303, are set forth on the schedules attached hereto",0
13759,2017-01168,International Organizations Immunities Act (22 U.S.C. 288),"I hereby designate the World Organisation for Animal Health as a public international organization entitled to enjoy the privileges, exemptions, and immunities provided by the International Organizations Immunities Act.",0
13760,2017-01169,Section 1,"It is further determined that chapter 71 of title 5, United States Code, cannot be applied to these subdivisions in a manner consistent with national security requirements and considerations.",0
13761,2017-01197,Secretary of the Treasury,The function of the President under section 6(c)(1) of CPSA is assigned to the Secretary of the Treasury.,0
13761,2017-01197,Secretary of State,The functions of the President under section 6(c)(2) and the last sentence of section 6(d) of CPSA are assigned to the Secretary of State,0
13761,2017-01197,Secretary of Homeland Security,the function of denial of entry is assigned to the Secretary of Homeland Security.,0
13761,2017-01197,Secretary of State,The function of the President under section 8 of DPAA is assigned to the Secretary of State.,0
13761,2017-01197,Secretary of the Treasury and the Secretary of Commerce,"are authorized to issue regulations, licenses, and orders, and conduct such investigations as may be necessary, to implement the provisions of section 906 of TSRA.",0
13762,2017-01487,"Federal Vacancies Reform Act of 1998, 5 U.S.C. 3345 et seq.","including the Federal Vacancies Reform Act of 1998, 5 U.S.C. 3345 et seq.",0
13764,2017-01623,Constitution and the laws of the United States of America,By the authority vested in me as President by the Constitution and the laws of the United States of America,0
13764,2017-01623,"Title 5, United States Code, sections 3301, 7103(b), 7301","including sections 3301, 7103(b), and 7301 of title 5, United States Code",0
13767,2017-02095,U.S. Constitution,By the authority vested in me as President by the Constitution,0
13767,2017-02095,Immigration and Nationality Act (8 U.S.C. 1101 et seq.),including the Immigration and Nationality Act (8 U.S.C. 1101 et seq.) (INA),0
13767,2017-02095,Secure Fence Act of 2006 (Public Law 109-367),the Secure Fence Act of 2006 (Public Law 109-367) (Secure Fence Act),0
13767,2017-02095,Illegal Immigration Reform and Immigrant Responsibility Act of 1996 (Public Law 104-208 Div. C),the Illegal Immigration Reform and Immigrant Responsibility Act of 1996 (Public Law 104-208 Div. C) (IIRIRA),0
13767,2017-02095,Section 287(g) of the Immigration and Nationality Act (8 U.S.C. 1357(g)),section 287(g) of the INA (8 U.S.C. 1357(g)),0
13769,2017-02281,"Presidential authority under the Constitution, INA, and 3 U.S.C. §301","by the authority vested in me as President by the Constitution and laws of the United States of America, including the Immigration and Nationality Act (INA), 8 U.S.C. 1101 et seq., and section 301 of title 3, United States Code",0
13770,2017-02450,President,the President or his designee may grant to any person a waiver of any restrictions contained in the pledge,0
13771,2017-02451,Section 2(a),shall identify at least two existing regulations to be repealed,0
13771,2017-02451,Section 2(b),the total incremental cost of all new regulations ... shall be no greater than zero,0
13771,2017-02451,Section 3(a),"Beginning with the Regulatory Plans ... for fiscal year 2018, ... the head of each agency shall identify ... and provide the agency's best approximation of the total costs or savings",0
13771,2017-02451,Section 3(c),no regulation shall be issued by an agency if it was not included on the most recent version ... unless the issuance ... was approved in advance in writing by the Director,0
13771,2017-02451,Section 2(d) and Section 5(e),The Director shall provide the heads of agencies with guidance on the implementation of this section,0
13772,2017-02762,executive departments and agencies,"Nothing in this order shall be construed to impair or otherwise affect: (i) the authority granted by law to an executive department or agency, or the head thereof;",0
13772,2017-02762,Director of the Office of Management and Budget,"(ii) the functions of the Director of the Office of Management and Budget relating to budgetary, administrative, or legislative proposals.",0
13775,2017-03116,"Federal Vacancies Reform Act of 1998, 5 U.S.C. 3345 et seq.","the following officers, in the order listed, shall act as and perform the functions and duties of the office of Attorney General",0
13776,2017-03118,President,By the authority vested in me as President by the Constitution and the laws of the United States of America,0
13780,2017-04837,Article II of the Constitution; INA §212(f),I exercised my authority under Article II of the Constitution and under section 212(f) of the INA,0
13781,2017-05399,Presidential constitutional and statutory authority,by the authority vested in me as President by the Constitution and the laws of the United States of America,0
13783,2017-06576,President,"By the authority vested in me as President by the Constitution and the laws of the United States of America, it is hereby ordered as follows:",0
13784,2017-06716,U.S. Constitution,By the authority vested in me as President by the Constitution and the laws of the United States of America,0
13784,2017-06716,Federal Advisory Committee Act (5 U.S.C. App.),"Insofar as the Federal Advisory Committee Act, as amended (5 U.S.C. App.) (Act), may apply to the Commission",0
13785,2017-06967,President of the United States,the authority vested in me as President by the Constitution and the laws of the United States of America,0
13786,2017-06968,Presidential authority under the Constitution and U.S. law,By the authority vested in me as President by the Constitution and the laws of the United States of America,0
13788,2017-08311,Secretary of Commerce and Director of the Office of Management and Budget,"Within 60 days of the date of this order, the Secretary of Commerce and the Director of the Office of Management and Budget, in consultation with the Secretary of State, the Secretary of Labor, the United States Trade Representative, and the Federal Acquisition Regulatory Council, shall issue guidance to agencies about how to make the assessments and to develop the policies required by subsection (b) of this section.",0
13789,2017-08586,Executive Order 12866,"earlier determinations of whether a regulation is significant pursuant to Executive Order 12866 of September 30, 1993, as amended (Regulatory Planning and Review), shall not be controlling.",0
13789,2017-08586,Executive Order 12866,"review and, if appropriate, reconsider the scope and implementation of the existing exemption for certain tax regulations from the review process set forth in Executive Order 12866 and any successor order.",0
13791,2017-08905,Executive branch policy,"It shall be the policy of the executive branch to protect and preserve State and local control over the curriculum, program of instruction, administration, and personnel of educational institutions",0
13792,2017-08908,President,"Within 45 days of the date of this order, the Secretary shall provide an interim report to the President, through the Director of the Office of Management and Budget, the Assistant to the President for Economic Policy, the Assistant to the President for Domestic Policy, and the Chairman of the Council on Environmental Quality, summarizing the findings of the review described in subsection (a) of this section",0
13792,2017-08908,President,"Within 120 days of the date of this order, the Secretary shall provide a final report to the President, through the Director of the Office of Management and Budget, the Assistant to the President for Economic Policy, the Assistant to the President for Domestic Policy, and the Chairman of the Council on Environmental Quality, summarizing the findings of the review described in subsection (a) of this section",0
13794,2017-09083,President,"The President, who shall serve as Chairman;",0
13794,2017-09083,Vice President,The Vice President;,0
13794,2017-09083,Secretary of Defense,The Secretary of Defense;,0
13794,2017-09083,Secretary of Commerce,The Secretary of Commerce;,0
13794,2017-09083,Secretary of Homeland Security,The Secretary of Homeland Security;,0
13794,2017-09083,Director of National Intelligence,The Director of National Intelligence;,0
13794,2017-09083,Director of the Office of Management and Budget (OMB),The Director of the Office of Management and Budget (OMB);,0
13794,2017-09083,Director of the Office of Science and Technology Policy,The Director of the Office of Science and Technology Policy;,0
13794,2017-09083,U.S. Chief Technology Officer,The U.S. Chief Technology Officer;,0
13794,2017-09083,Administrator of General Services,The Administrator of General Services;,0
13794,2017-09083,Senior Advisor to the President,The Senior Advisor to the President;,0
13794,2017-09083,Assistant to the President for Intragovernmental and Technology Initiatives,The Assistant to the President for Intragovernmental and Technology Initiatives;,0
13794,2017-09083,Assistant to the President for Strategic Initiatives,The Assistant to the President for Strategic Initiatives;,0
13794,2017-09083,Assistant to the President for National Security Affairs,The Assistant to the President for National Security Affairs;,0
13794,2017-09083,Assistant to the President for Homeland Security and Counterterrorism,The Assistant to the President for Homeland Security and Counterterrorism;,0
13794,2017-09083,Administrator of the U.S. Digital Service,The Administrator of the U.S. Digital Service;,0
13794,2017-09083,Administrator of the Office of Electronic Government (Federal Chief Information Officer),The Administrator of the Office of Electronic Government (Federal Chief Information Officer);,0
13794,2017-09083,Commissioner of the Technology Transformation Service,The Commissioner of the Technology Transformation Service;,0
13794,2017-09083,Director of the American Technology Council,The Director of the American Technology Council (Director).,0
13795,2017-09087,"President, Outer Continental Shelf Lands Act","By the authority vested in me as President by the Constitution and the laws of the United States of America, including the Outer Continental Shelf Lands Act, 43 U.S.C. 1331 et seq.",0
13798,2017-09574,Executive branch,It shall be the policy of the executive branch to vigorously enforce Federal law's robust protections for religious freedom.,0
13800,2017-10004,National Institute of Standards and Technology Framework for Improving Critical Infrastructure Cybersecurity,"Effective immediately, each agency head shall use The Framework for Improving Critical Infrastructure Cybersecurity (the Framework) developed by the National Institute of Standards and Technology, or any successor document, to manage the agency's cybersecurity risk.",0
13800,2017-10004,"Section 3552(b)(6) of title 44, United States Code (National Security System definition)","For any National Security System, as defined in section 3552(b)(6) of title 44, United States Code, the Secretary of Defense and the Director of National Intelligence ... shall implement this order to the maximum extent feasible and appropriate.",0
13801,2017-13012,Presidential authority,By the authority vested in me as President by the Constitution and the laws of the United States of America,0
13802,2017-13458,President of the United States,By the authority vested in me as President by the Constitution and the laws of the United States of America,0
13804,2017-14992,Executive Order 13761,"Section 1 of Executive Order 13761 is hereby amended by striking ``July 12, 2017'' and inserting in lieu thereof ``October 12, 2017''.",0
13804,2017-14992,Executive Order 13761,Section 11 of Executive Order 13761 is hereby revoked.,0
13805,2017-15680,Presidential constitutional and statutory authority,"By the authority vested in me as President by the Constitution and the laws of the United States of America, it is hereby ordered as follows:",0
13806,2017-15860,Presidential constitutional and statutory authority,"By the authority vested in me as President by the Constitution and the laws of the United States of America, it is hereby ordered as follows:",0
13807,2017-18134,Office of Management and Budget (OMB),"Within 180 days of the date of this order, the Director of the Office of Management and Budget (OMB), in consultation with the FPISC, shall establish a CAP Goal on Infrastructure Permitting Modernization",0
13807,2017-18134,Office of Management and Budget (OMB),"Within 180 days of the establishment of the CAP Goal on Infrastructure Permitting Modernization, ... OMB, in consultation with the FPISC, shall issue guidance for establishing a performance accountability system",0
13807,2017-18134,Council on Environmental Quality (CEQ),"Within 30 days of the date of this order, the CEQ shall develop an initial list of actions it will take to enhance and modernize the Federal environmental review and authorization process",0
13808,2017-18468,President,"by the authority vested in me as President by the Constitution and the laws of the United States of America, including the International Emergency Economic Powers Act (50 U.S.C. 1701 et seq.) (IEEPA)",0
13810,2017-20647,imposes_sanctions,"All property and interests in property ... are blocked and may not be transferred, paid, exported, withdrawn, or otherwise dealt in.",0
13813,2017-22677,President,shall provide a report to the President,0
13815,2017-23630,"Constitution, INA, 8 U.S.C. 1101 et seq., 22 U.S.C. §301","By the authority vested in me as President by the Constitution and the laws of the United States of America, including the Immigration and Nationality Act (INA), 8 U.S.C. 1101 et seq., and section 301 of title 3, United States Code",0
13816,2017-27034,Constitution and the laws of the United States of America,By the authority vested in me as President by the Constitution and the laws of the United States of America,0
13817,2017-27899,the Constitution and the laws of the United States of America,By the authority vested in me as President by the Constitution and the laws of the United States of America,0
13818,2017-27925,President of the United States,I hereby determine and order:,0
13819,2017-28160,President of the United States,"By the authority vested in me as President by the Constitution and the laws of the United States of America, it is hereby ordered as follows:",0
13821,2018-00553,Section 6409 of the Middle Class Tax Relief and Job Creation Act of 2012,continue its implementation of section 6409 of the Middle Class Tax Relief and Job Creation Act of 2012 (Public Law 112‑96),0
13822,2018-00630,Presidential authority under the Constitution and U.S. law,"By the authority vested in me as President by the Constitution and the laws of the United States of America, it is hereby ordered as follows:",0
13824,2018-04414,revokes,"Executive Order 13545 of June 22, 2010, is hereby revoked.",0
13824,2018-04414,amends,"Executive Order 13265 of June 6, 2002, is hereby amended as follows:",0
13824,2018-04414,references,"the seal prescribed by Executive Order 10830 of July 24, 1959, as amended, shall be modified",0
13825,2018-04860,Executive Order 12473,"prescribed by Executive Order 12473 of April 13, 1984",0
13826,2018-05113,Council,"The Council shall engage with Federal, State, local, and tribal officials, including correctional officials, to carry out its objectives.",0
13828,2018-07874,welfare system,the welfare system of the United States,0
13829,2018-08272,the Constitution,By the authority vested in me as President by the Constitution,0
13830,2018-08883,supersedes EO 4601,"This order supersedes Executive Order 4601 of March 1, 1927, as amended, and Executive Order 9260 of October 29, 1942, as amended.",0
13830,2018-08883,supersedes EO 9260,"This order supersedes Executive Order 4601 of March 1, 1927, as amended, and Executive Order 9260 of October 29, 1942, as amended.",0
13830,2018-08883,references Proclamation 2714,"the date and time World War II hostilities were terminated pursuant to Proclamation 2714 of December 31, 1946",0
13832,2018-10403,Statutory authority (10 U.S.C. § 1784; 5 U.S.C. § 3301‑3302),"including section 1784 of title 10, United States Code, and sections 3301 and 3302 of title 5, United States Code",0
13833,2018-10855,44 U.S.C. § 3506(a)(2),"Consistent with 44 U.S.C. 3506(a)(2), the CIO of the covered agency reports directly to the agency head",0
13833,2018-10855,40 U.S.C. § 11319(b)(1)(A),"Consistent with 40 U.S.C. 11319(b)(1)(A), the CIO has a significant role … in all annual and multi‑year planning, programming, budgeting, and execution decisions",0
13834,2018-11101,Director of National Intelligence,The Director of National Intelligence may exempt an intelligence activity of the United States ... from the provisions of this order,0
13834,2018-11101,Head of each agency,The head of an agency may exempt law enforcement activities of that agency ... from the provisions of this order,0
13835,2018-11335,imposes_sanctions,"All transactions related to, provision of financing for, and other dealings in the following by a United States person or within the United States are prohibited:",0
13837,2018-11916,Presidential authority under the Constitution and statutes (31 U.S.C. § 301; 5 U.S.C. § 7301).,"By the authority vested in me as President by the Constitution and the laws of the United States of America, including section 301 of title 3, United States Code, and section 7301 of title 5, United States Code, and to ensure the effective functioning of the executive branch, it is hereby ordered as follows:",0
13838,2018-11936,"Executive Order 13658, Section 7(f)",Section 7(f) of Executive Order 13658 is amended by inserting at its end the following language:,0
13839,2018-11939,Presidential authority under the Constitution and statutes,"By the authority vested in me as President by the Constitution and the laws of the United States of America, including sections 1104(a)(1), 3301, and 7301 of title 5, United States Code, and section 301 of title 3, United States Code",0
13840,2018-13640,Constitution and the laws of the United States,By the authority vested in me as President by the Constitution and the laws of the United States of America,0
13843,2018-15202,5 U.S.C. § 3302(1),"Pursuant to my authority under section 3302(1) of title 5, United States Code",0
13845,2018-15955,Co‑Chairs shall convene meetings of the Council at least once per quarter.,The Co‑Chairs shall convene meetings of the Council at least once per quarter.,0
13845,2018-15955,"Council shall terminate 2 years after the date of this order, unless extended by the President.","The Council shall terminate 2 years after the date of this order, unless extended by the President.",0
13845,2018-15955,Members appointed to the Board shall serve for a term of 2 years.,Members appointed to the Board shall serve for a term of 2 years.,0
13845,2018-15955,"The Board shall terminate 2 years after the date of this order, unless extended by the President.","The Board shall terminate 2 years after the date of this order, unless extended by the",1
13846,2018-17068,IEEPA,"by the authority vested in me as President by the Constitution and the laws of the United States of America, including the International Emergency Economic Powers Act (50 U.S.C. 1701 et seq.) (IEEPA)",0
13847,2018-19514,President of the United States,"By the authority vested in me as President by the Constitution and the laws of the United States of America, it is hereby ordered as follows:",0
13848,2018-20203,blocks property of foreign persons involved in election interference,"All property and interests in property … are blocked and may not be transferred, paid, exported, withdrawn, or otherwise dealt in",0
13849,2018-20816,International Emergency Economic Powers Act (IEEPA),including the International Emergency Economic Powers Act (50 U.S.C. 1701 et seq.) (IEEPA),0
13849,2018-20816,National Emergencies Act,the National Emergencies Act (50 U.S.C. 1601 et seq.),0
13849,2018-20816,Countering America's Adversaries Through Sanctions Act (CAATSA),the Countering America's Adversaries Through Sanctions Act (Public Law 115-44) (CAATSA),0
13849,2018-20816,Ukraine Freedom Support Act (UFSA),"the Ukraine Freedom Support Act of 2014 (Public Law 113-272), as amended (UFSA)",0
13850,2018-24254,foreign_policy_and_national_security,actions by the Maduro regime and associated persons to plunder Venezuela's wealth,0
13851,2018-26156,President of the United States,"By the authority vested in me as President by the Constitution and the laws of the United States of America, including the International Emergency Economic Powers Act (50 U.S.C. 1701 et seq.) (IEEPA), the National Emergencies Act (50 U.S.C. 1601 et seq.) (NEA), section 212(f) of the Immigration and Nationality Act of 1952 (8 U.S.C. 1182(f)), and section 301 of title 3, United States Code,",0
13852,2018-26552,heads of executive departments and agencies,"The heads of executive departments and agencies may determine that certain offices and installations of their organizations, or parts thereof, must remain open",0
13852,2018-26552,Director of the Office of Personnel Management,The Director of the Office of Personnel Management shall take such actions as may be necessary to implement this order,0
13854,2018-27945,Presidential authority,"By the authority vested in me as President by the Constitution and the laws of the United States of America, it is hereby ordered as follows:",0
13856,2019-00048,President,"By the authority vested in me as President by the Constitution and the laws of the United States of America, it is hereby ordered as follows:",0
13858,2019-01426,Presidential constitutional and statutory authority,"By the authority vested in me as President by the Constitution and the laws of the United States of America, and to strengthen Buy‑American principles in Federal financial assistance programs, it is hereby ordered as follows:",0
13859,2019-02544,National Security Presidential Memorandum of February 11 2019,"in accordance with the National Security Presidential Memorandum of February 11, 2019 (Protecting the United States Advantage in Artificial Intelligence and Related Critical Technologies) (the NSPM)",0
13860,2019-04298,Presidential authority under the U.S. Constitution and federal law,By the authority vested in me as President by the Constitution and the laws of the United States of America,0
13861,2019-04437,Presidential constitutional and statutory authority,"By the authority vested in me as President by the Constitution and the laws of the United States of America, it is hereby ordered as follows:",0
13864,2019-05934,delegated authority to agency heads to enforce free‑inquiry requirements,"the heads of covered agencies shall, in coordination with the Director of the Office of Management and Budget, take appropriate steps ... to ensure institutions that receive Federal research or education grants promote free inquiry",0
13865,2019-06325,Secretary of State,The Secretary of State shall: (i) lead the coordination of diplomatic efforts with United States allies and international partners regarding enhancing resilience to the effects of EMPs; and,0
13865,2019-06325,Secretary of Defense,"The Secretary of Defense shall: (i) in cooperation with the heads of relevant agencies and with United States allies, international partners, and private‑sector entities as appropriate, improve and develop the ability to rapidly characterize, attribute, and provide warning of EMPs,",0
13865,2019-06325,Secretary of Homeland Security,The Secretary of Homeland Security shall:,1
13866,2019-06548,Presidential,"By the authority vested in me as President by the Constitution and the laws of the United States of America, it is hereby ordered as follows:",0
13867,2019-07645,Presidential authority over foreign affairs,cross‑border infrastructure,0
13868,2019-07656,Section 401 of the Clean Water Act (33 U.S.C. 1341),Section 401 of the Clean Water Act (33 U.S.C. 1341) provides that States and authorized tribes have a direct role in Federal permitting and licensing processes,0
13868,2019-07656,49 CFR part 193 (LNG safety regulations),"the Department of Transportation's safety regulations for Liquefied Natural Gas (LNG) facilities, found in 49 CFR part 193 (Part 193)",0
13868,2019-07656,Employee Retirement Income Security Act of 1974 (ERISA),Employee Retirement Income Security Act of 1974 (ERISA),0
13868,2019-07656,"TSC Industries, Inc. v. Northway, Inc., 426 U.S. 438 (1976)","the Supreme Court held in TSC Industries, Inc. v. Northway, Inc., 426 U.S. 438, 449 (1976)",0
13869,2019-08797,amends EO 13467,"Further Amendments to Executive Order 13467 of June 30, 2008, as amended.",0
13869,2019-08797,amends EO 12171,"Amendment to Executive Order 12171 of November 18, 1979, as amended.",0
13869,2019-08797,references EO 13488,"as defined in Executive Order 13488 of January 16, 2009, as amended",0
13870,2019-09750,Executive Order 13800,"In accordance with Executive Order 13800, the President will continue to hold heads of executive departments and agencies (agencies) accountable for managing cybersecurity risk to their enterprises",0
13870,2019-09750,Executive Order 10694,"recognize performance and achievements ... equivalent to citations issued pursuant to Executive Order 10694 of January 10, 1957",0
13871,2019-09877,"President (IEEPA, NEA, INA, Title 3)","All property and interests in property … are blocked and may not be transferred, paid, exported, withdrawn, or otherwise dealt in",0
13873,2019-10538,Secretary of Commerce,"the Secretary, in consultation with the heads of other agencies as appropriate,",1
13874,2019-12802,Presidential constitutional and statutory authority,By the authority vested in me as President by the Constitution and the laws of the United States of America,0
13875,2019-13175,"Constitution and the laws of the United States of America, and the Federal Advisory Committee Act (5 U.S.C. App.)","By the authority vested in me as President by the Constitution and the laws of the United States of America, and consistent with the Federal Advisory Committee Act (FACA), as amended (5 U.S.C. App.)",0
13876,2019-13793,"Constitution, IEEPA, National Emergencies Act","by the authority vested in me as President by the Constitution and the laws of the United States of America, including the International Emergency Economic Powers Act (50 U.S.C. 1701 et seq.) (IEEPA), the National Emergencies Act (50 U.S.C. 1601 et seq.)",0
13877,2019-13945,Executive Order 13813,"Pursuant to Executive Order 13813 of October 12, 2017 (Promoting Healthcare Choice and Competition Across the United States)",0
13878,2019-14016,President (extension authority),"The Council shall terminate on January 21, 2021, unless extended by the President.",0
13879,2019-15159,Presidential authority under the Constitution and U.S. law,"the authority vested in me as President by the Constitution and the laws of the United States of America, it is hereby ordered as follows:",0
13882,2019-16383,Secretary of the Treasury (in consultation with the Secretary of State),"All property and interests in property ... are blocked and may not be transferred, paid, exported, withdrawn, or otherwise dealt in",0
13882,2019-16383,Secretary of State (determination) / Attorney General (recommendation),"the entry of such persons into the United States, as immigrants or nonimmigrants, is hereby suspended",0
13882,2019-16383,President,I hereby prohibit such donations as provided by section 1 of this order,0
13882,2019-16383,President,"Any transaction that evades or avoids, has the purpose of evading or avoiding, causes a violation of, or attempts to violate any of the prohibitions set forth in this order is prohibited",0
13885,2019-19367,establishment of the Committee,The National Quantum Initiative Advisory Committee (Committee) is hereby established.,0
13886,2019-19895,International Emergency Economic Powers Act,By the authority vested in me as President … including the International Emergency Economic Powers Act (50 U.S.C. 1701 et seq.) (IEEPA),0
13887,2019-20804,Presidential authority under the Constitution and 3 U.S.C. §301,"By the authority vested in me as President by the Constitution and the laws of the United States of America, including section 301 of title 3, United States Code, it is hereby ordered as follows:",0
13888,2019-21505,EO 13780 (Section 6(d)),"Section 6(d) of Executive Order 13780 of March 6, 2017 … directed the Secretary of State to determine the extent to which … State and local jurisdictions could have greater involvement",0
13889,2019-21630,President of the United States,"By the authority vested in me as President, by the Constitution and the laws of the United States of America, and consistent with the provisions of the Federal Advisory Committee Act, as amended (5 U.S.C. App.), it is hereby ordered as follows:",0
13890,2019-22073,Executive Order 13813,"The Medicare program shall adopt and implement those market‑based recommendations developed pursuant to Executive Order 13813 of October 12, 2017",0
13891,2019-22623,Presidential constitutional and statutory authority,By the authority vested in me as President by the Constitution and the laws of the United States of America,0
13892,2019-22624,Justice and Law Enforcement,"Agencies shall act transparently and fairly with respect to all affected parties, as outlined in this order, when engaged in civil administrative enforcement or adjudication.",0
13893,2019-22749,Presidential,"By the authority vested in me as President by the Constitution and the laws of the United States of America, it is hereby ordered as follows:",0
13894,2019-22849,property blocking,"All property and interests in property … are blocked and may not be transferred, paid, exported, withdrawn, or otherwise dealt in",0
13894,2019-22849,entry suspension,"The entry of such persons into the United States, as immigrants or nonimmigrants, is hereby suspended",0
13894,2019-22849,visa denial and exclusion,"The Secretary of State shall direct the denial of a visa to, and the Secretary of Homeland Security shall exclude from the United States, any alien that the Secretary of State determines is a corporate officer or principal of, or a shareholder with a controlling interest in, a sanctioned person",0
13894,2019-22849,loan/credit limitation,"prohibit any United States financial institution … from making loans or providing credits to the sanctioned person totaling more than $10,000,000 in any 12‑month period, unless such person is engaged in activities to relieve human suffering",0
13894,2019-22849,reporting to Congress,"The Secretary of the Treasury, in consultation with the Secretary of State, is hereby authorized to submit the recurring and final reports to the Congress on the national emergency declared in this order",0
13895,2019-23525,Constitution and the laws of the United States of America,By the authority vested in me as President by the Constitution and the laws of the United States of America,0
13896,2019-24040,President of the United States,By the authority vested in me as President by the Constitution and the laws of the United States of America,0
13897,2019-24288,Secretary of Labor,"The Secretary shall terminate, effective immediately, any investigations or compliance actions based on Executive Order 13495.",0
13898,2019-26178,Department of Justice,The Department of Justice shall provide funding and administrative support as may be necessary for the performance and functions of the Task Force.,0
13899,2019-27217,Title VI of the Civil Rights Act of 1964 (42 U.S.C. 2000d et seq.),"Title VI of the Civil Rights Act of 1964 (Title VI), 42 U.S.C. 2000d et seq.",0
13899,2019-27217,the Constitution,By the authority vested in me as President by the Constitution,0
13900,2019-27678,Constitution and the laws of the United States of America,"By the authority vested in me as President by the Constitution and the laws of the United States of America, it is hereby ordered as follows:",0
13900,2019-27678,Executive Order 11582; 5 U.S.C. 5546; 5 U.S.C. 6103(b),"shall be considered as falling within the scope of Executive Order 11582 of February 11, 1971, and of 5 U.S.C. 5546 and 6103(b) and other similar statutes insofar as they relate to the pay and leave of employees of the United States.",0
13902,2020-00534,International Emergency Economic Powers Act (IEEPA),by the authority vested in me as President,1
13902,2020-00534,Executive Order 12957,in order to take further steps with respect to the national emergency declared in Executive Order 12957,0
13904,2020-02439,Secretary of Homeland Security (through the Commissioner of CBP),The Secretary of Homeland Security shall issue a notice of proposed rulemaking to establish criteria importers must meet in order to obtain an importer of record number.,0
13904,2020-02439,Secretary of Homeland Security (through the Commissioner of CBP),"Express consignment operators, carriers, hub facilities, and licensed customs brokers",1
13904,2020-02439,Secretary of Homeland Security (through the Commissioner of CBP),"The Secretary of Homeland Security, through the Commissioner of CBP, shall consider appropriate measures... to ensure that express consignment operators, carriers, hub facilities, and licensed customs brokers cease to facilitate business activity...",0
13904,2020-02439,Secretary of Homeland Security (through the Commissioner of CBP) in consultation with USPS,"Within 90 days of the date of this order, the Secretary of Homeland Security, through the Commissioner of CBP, and in consultation with USPS, shall submit",1
13904,2020-02439,Secretary of Homeland Security (through the Commissioner of CBP) in consultation with the United States Trade Representative,"The Secretary of Homeland Security, through the Commissioner of CBP, and in consultation with the United States Trade Representative, shall develop an International Mail Non‑Compliance metric...",0
13904,2020-02439,Secretary of Homeland Security (through the Commissioner of CBP) in consultation with USPS,"The Secretary of Homeland Security, through the Commissioner of CBP, and in consultation with USPS, shall, to the maximum extent permitted by applicable law, take measures to protect the United States from shipments from any international post that for eight or more consecutive quarters is deemed a non‑compliant international post.",0
13904,2020-02439,Attorney General,"Within 60 days of the date of this order, the Attorney General shall assign appropriate resources to ensure that Federal prosecutors accord a high priority to prosecuting offenses related to import violations...",0
13905,2020-03337,Presidential Policy Directive 21,"The SSAs are those identified in Presidential Policy Directive 21 of February 12, 2013 (Critical Infrastructure Security and Resilience).",0
13907,2020-04730,membership composition and chairmanship,"The Committee shall be composed of the United States Trade Representative (USTR) and representatives of the Department of State, the Department of the Treasury, the Department of Justice, the U.S. Fish and Wildlife Service in the Department of the Interior, the U.S. Forest Service and the Animal and Plant Health Inspection Service in the Department of Agriculture, the National Oceanic Atmospheric Administration in the Department of Commerce, U.S. Customs and Border Protection in the Department of Homeland Security, the Environmental Protection Agency, and the United States Agency for International Development, and representatives from other Federal agencies, as the President determines to be appropriate. The USTR shall serve as Chair.",0
13907,2020-04730,decision‑making by consensus,"The Committee shall endeavor to make any decision on an action or determination under sections 812, 813, and 814 of the Act by consensus, which shall be deemed to exist where no Committee member objects to the proposed action or determination.",0
13907,2020-04730,decision‑making by majority vote when consensus fails,"If the Committee is unable to reach a consensus on a proposed action or determination and the Chair determines that allotting further time will cause a decision to be unduly delayed, the Committee shall decide the matter by majority vote of its members.",0
13907,2020-04730,authority to prescribe implementing regulations,"The heads of the executive departments and agencies set forth in section 2 of this order, in consultation with the Committee, may prescribe such regulations as are necessary to carry out the authorities of the respective department or agency as provided for under subtitle A of title VIII of the Act.",0
13907,2020-04730,expense responsibility,"Each executive department and agency shall bear its own expenses incurred in connection with the Committee's functions described in sections 811, 812, 813, 814, and 816 of the Act.",0
13908,2020-04755,Executive Order 13908,"Executive Order 13908 of February 28, 2020 –",1
13909,2020-06161,section 101 of the Defense Production Act,the authority of the President conferred by section 101 of the Act ... is delegated to the Secretary of Health and Human Services,0
13911,2020-06969,waiver of statutory requirements,"the requirements of section 301(a)(2), section 301(d)(1)(A), and section 303(a)(1) through (a)(6) of the Act are waived during the period of that national emergency",0
13911,2020-06969,consultation requirement for DHS,"Before exercising the authority delegated under this section with respect to health or medical resources, the Secretary of Homeland Security shall consult with the Secretary of Health and Human Services",0
13911,2020-06969,notice requirement for HHS,the Secretary of Health and Human Services shall provide to the Secretary of Homeland Security notice of any use of such delegated authority,0
13911,2020-06969,periodic review and withdrawal notice requirement for DHS,"the Secretary of Homeland Security shall periodically consider whether the designations made by him under section 102 of the Act ... remain necessary. Upon finding that such designation of material is no longer necessary, the Secretary of Homeland Security shall promptly publish a notice of withdrawal of the designation in the Federal Register",0
13912,2020-06985,Proclamation 9994 (national emergency concerning COVID‑19),"in furtherance of Proclamation 9994 of March 13, 2020 (Declaring a National Emergency Concerning the Novel Coronavirus Disease (COVID-19) Outbreak)",0
13912,2020-06985,"10 U.S.C. § 12302; 14 U.S.C. §§ 2127, 2308, 2314, 3735","the authorities under section 12302 of title 10, United States Code, and sections 2127, 2308, 2314, and 3735 of title 14, United States Code, are invoked",0
13913,2020-07530,Attorney General as Chair,the Attorney General shall serve as Chair of the Committee (Chair),0
13913,2020-07530,Composition of Committee Members,the Committee shall be composed of the following members (Committee Members):,1
13914,2020-07800,"the Constitution and the laws of the United States of America, including title IV of the U.S. Commercial Space Launch Competitiveness Act (Public Law 114-90)","By the authority vested in me as President by the Constitution and the laws of the United States of America, including title IV of the U.S. Commercial Space Launch Competitiveness Act (Public Law 114-90)",0
13915,2020-08392,Constitution of the United States,By the authority vested in me as President by the Constitution and the laws of the United States of America,0
13915,2020-08392,"Federal Vacancies Reform Act of 1998, 5 U.S.C. 3345 et seq.","including the Federal Vacancies Reform Act of 1998, 5 U.S.C. 3345 et seq.",0
13916,2020-08846,"section 1318(a) of title 19, United States Code","the authority at section 1318(a) of title 19, United States Code, to extend during the continuance of such emergency the time prescribed therein for the performance of any act is invoked and made available, according to its terms, to the Secretary",0
13917,2020-09536,Executive Order 13603,"Notwithstanding Executive Order 13603 of March 16, 2012 (National Defense Resources Preparedness)",0
13918,2020-09537,"Section 301 of Title 3, U.S.C. and Section 711 of the USMCA Implementation Act","section 301 of title 3, United States Code, and section 711 of the United States‑Mexico‑Canada Agreement Implementation Act (Act) (Public Law 116-113)",0
13919,2020-09645,10 U.S.C. §12304,"section 12304 of title 10, United States Code",0
13920,2020-09695,Secretary of Energy,"The Secretary is hereby authorized to take such actions, including directing the timing and manner of the cessation of pending and future transactions prohibited pursuant to section 1 of this order",0
13921,2020-10315,Presidential constitutional and statutory authority,By the authority vested in me as President by the Constitution and the laws of the United States of America,0
13923,2020-10993,section 741 of the United States‑Mexico‑Canada Agreement Implementation Act,"including section 301 of title 3, United States Code, and section 741 of the United States‑Mexico‑Canada Agreement Implementation Act (Act) (Public Law 116‑113)",0
13924,2020-11301,Emergency authorities previously invoked by the President,"The heads of all agencies are directed to use, to the fullest extent possible and consistent with applicable law, any emergency authorities that I have previously invoked in response to the COVID-19 outbreak",0
13926,2020-12430,Secretary of State,The Secretary shall direct Chiefs of Mission in countries of particular concern ... to develop comprehensive action plans,0
13926,2020-12430,Secretary of State,"The Secretary shall advocate for United States international religious freedom policy in both bilateral and multilateral fora, when appropriate, and shall direct the Administrator of USAID to do the same",0
13927,2020-12584,Presidential constitutional and statutory authority,By the authority vested in me as President by the Constitution and the laws of the United States of America,0
13928,2020-12953,International Emergency Economic Powers Act (IEEPA),including the International Emergency Economic Powers Act (50 U.S.C. 1701 et seq.) (IEEPA),0
13928,2020-12953,National Emergencies Act (NEA),the National Emergencies Act (50 U.S.C. 1601 et seq.) (NEA),0
13928,2020-12953,Immigration and Nationality Act section 212(f),section 212(f) of the Immigration and Nationality Act of 1952 (8 U.S.C. 1182(f)),0
13928,2020-12953,"section 301 of title 3, United States Code","section 301 of title 3, United States Code",0
13930,2020-14077,Indian Child Welfare Act,Nothing in this order shall alter the implementation of the Indian Child Welfare Act or replace the tribal consultation process.,0
13930,2020-14077,Multiethnic Placement Act,"The Howard M. Metzenbaum Multiethnic Placement Act of 1994 (the “Multiethnic Placement Act”) (Public Law 103‑382), as amended, prohibits agencies from denying…",0
13932,2020-14337,delegates_authority,"The Director of OPM, in consultation with ... shall review and revise all job classification and qualification standards for positions within the competitive service",0
13932,2020-14337,delegates_authority,"the Director of OPM shall work with the heads of all agencies to ensure that, within 180 days of the date of this order, ... agencies assess candidates in a manner that does not rely solely on educational attainment",0
13934,2020-14872,establish National Garden of American Heroes,It shall be the policy of the United States to establish a statuary park named the National Garden of American Heroes (National Garden).,0
13935,2020-15338,supersedes EO 13555,"This order supersedes Executive Order 13555 of October 19, 2010 (White House Initiative on Educational Excellence for Hispanics), and section 1(u) of Executive Order 13889 of September 27, 2019 (Continuance of Certain Federal Advisory Committees).",0
13935,2020-15338,supersedes section 1(u) of EO 13889,"This order supersedes Executive Order 13555 of October 19, 2010 (White House Initiative on Educational Excellence for Hispanics), and section 1(u) of Executive Order 13889 of September 27, 2019 (Continuance of Certain Federal Advisory Committees).",0
13936,2020-15646,Treasury Secretary (reporting to Congress),"The Secretary of the Treasury, in consultation with the Secretary of State, is hereby authorized to submit recurring and final reports to the Congress on the national emergency declared in this order",0
13937,2020-16623,section 330(e) of the Public Health Service Act,"future grants available under section 330(e) of the Public Health Service Act, as amended, 42 U.S.C. 254b(e)",0
13938,2020-16624,FDCA §804(j)(2),"pursuant to section 804(j)(2) of the Federal Food, Drug, and Cosmetic Act (FDCA), 21 U.S.C. 384(j)(2)",0
13938,2020-16624,FDCA §801(d),"pursuant to section 801(d) of the FDCA, 21 U.S.C. 381(d)",0
13938,2020-16624,FDCA §§804(b)‑(h),"section 804(b) through (h) of the FDCA, 21 U.S.C. 384(b) through (h)",0
13939,2020-16625,section 1128B(b) of the Social Security Act,"section 1128B(b) of the Social Security Act, 42 U.S.C. 1320a-7b",0
13940,2020-17363,Executive Order 11935,review the employment policies of the agency to assess the agency's compliance with Executive Order 11935,0
13940,2020-17363,"Consolidated Appropriations Act 2020, §704","section 704 of the Consolidated Appropriations Act, 2020, Public Law 116‑93",0
13940,2020-17363,Immigration and Nationality Act §212(n)(1),requirements of section 212(n)(1) of the Immigration and Nationality Act (8 U.S.C. 1182(n)(1)),0
13941,2020-17364,Presidential constitutional and statutory authority,"By the authority vested in me as President by the Constitution and the laws of the United States of America, it is hereby ordered as follows:",0
13942,2020-17699,International Emergency Economic Powers Act (IEEPA) and National Emergencies Act,"by the authority vested in me as President by the Constitution and the laws of the United States of America, including the International Emergency Economic Powers Act (50 U.S.C. 1701 et seq.) (IEEPA), the National Emergencies Act (50 U.S.C. 1601 et seq.), and section 301 of title 3, United States Code",0
13943,2020-17700,International Emergency Economic Powers Act (50 U.S.C. 1701 et seq.),including the International Emergency Economic Powers Act (50 U.S.C. 1701 et seq.) (IEEPA),0
13943,2020-17700,National Emergencies Act (50 U.S.C. 1601 et seq.),the National Emergencies Act (50 U.S.C. 1601 et seq.),0
13943,2020-17700,"section 301 of title 3, United States Code","section 301 of title 3, United States Code",0
13944,2020-18012,delegated procurement authority to limit competition to U.S.-produced items,"Agencies shall, as appropriate, to the maximum extent permitted by applicable law, ... use their respective authorities ... to conduct the procurement of Essential Medicines, Medical Countermeasures, and Critical Inputs",0
13947,2020-20887,the Constitution,By the authority vested in me as President by the Constitution and the laws of the United States of America,0
13948,2020-21129,revokes,"The Executive Order of July 24, 2020 (Lowering Drug Prices by Putting America First), is revoked.",0
13949,2020-21160,"Constitution, CAATSA, IEEPA, NEPA, INA, Title 3","by the authority vested in me as President ... including the Countering America's Adversaries Through Sanctions Act (Public Law 115-44), the International Emergency Economic Powers Act (50 U.S.C. 1701 et seq.) (IEEPA)",0
13950,2020-21534,Department of Labor – Office of Federal Contract Compliance Programs,"The Department of Labor is directed, through the Office of Federal Contract Compliance Programs (OFCCP), to establish a hotline and investigate complaints received under both this order as well as Executive Order 11246",0
13950,2020-21534,Office of Personnel Management,The Director of OPM shall propose regulations providing that agency officials with supervisory authority … shall take appropriate steps to pursue a performance‑based adverse action proceeding,0
13951,2020-21914,Constitution,By the authority vested in me as President by the Constitution,0
13953,2020-22064,"IEEPA, NEA, and 301 of title 3","by the authority vested in me as President by the Constitution and the laws of the United States of America, including the International Emergency Economic Powers Act (50 U.S.C. 1701 et seq.) (IEEPA), the National Emergencies Act (50 U.S.C. 1601 et seq.) (NEA), and section 301 of title 3, United States Code",0
13954,2020-22510,the Constitution and the laws of the United States of America,By the authority vested in me as President by the Constitution and the laws of the United States of America,0
13955,2020-23115,Co‑Chairs (Secretary of the Interior and Secretary of Agriculture) and Vice Chairs,"The Co‑Chairs, in consultation with the Vice Chairs, shall convene meetings of the Council and direct its work.",0
13956,2020-23116,Presidential constitutional and statutory authority,"By the authority vested in me as President by the Constitution and the laws of the United States of America, it is hereby ordered as follows",0
13957,2020-23780,5 U.S.C. § 3302(1),"Pursuant to my authority under section 3302(1) of title 5, United States Code, I find that conditions of good administration make necessary an exception to the competitive hiring rules",0
13959,2020-25459,Secretary of the Treasury,"The Secretary of the Treasury, after consultation with the Secretary of State, the Secretary of Defense, the Director of National Intelligence, and the heads of other executive departments and agencies … is hereby authorized to take such actions, including the promulgation of rules and regulations",0
13960,2020-27065,Executive Order 13859,"In alignment with Executive Order 13859 of February 11, 2019 (Maintaining American Leadership in Artificial Intelligence), executive departments and agencies (agencies) have recognized the power of AI to improve their operations...",0
13961,2020-27353,amends_policy_directive,"To designate a new National Continuity Coordinator (NCC), in section 6 of PPD-40, the second sentence is hereby revised to read as follows: “To advise and assist the President in that function, the Assistant to the President for National Security Affairs, or his or her designee, is designated as the NCC.”",0
13963,2020-27739,President of the United States,"by the authority vested in me as President by the Constitution and the laws of the United States of America, including the Federal Vacancies Reform Act of 1998, as amended, 5 U.S.C. 3345 et seq.",0
13964,2020-27740,waiver authority for logo use,"The Secretary may delegate this waiver authority, but such waiver authority shall not be delegated below the Under Secretary level within the Department of State.",0
13965,2020-27807,President of the United States,"By the authority vested in me as President by the Constitution and the laws of the United States of America, it is hereby ordered as follows:",0
13966,2020-27948,Executive Order 13777,"As expressed in Executive Order 13777 of February 24, 2017 (Enforcing the Regulatory Reform Agenda)",0
13968,2020-28606,Constitution and the laws of the United States of America,By the authority vested in me as President by the Constitution and the laws of the United States of America,0
13970,2021-00040,Constitution and the laws of the United States of America,"By the authority vested in me as President by the Constitution and the laws of the United States of America, it is hereby ordered as follows:",0
13971,2021-00305,"IEEPA, National Emergencies Act, and 3 U.S.C. §301","including the International Emergency Economic Powers Act (50 U.S.C. 1701 et seq.) (IEEPA), the National Emergencies Act (50 U.S.C. 1601 et seq.), and section 301 of title 3, United States Code",0
13972,2021-01013,President of the United States,"By the authority vested in me as President by the Constitution and the laws of the United States of America, it is hereby ordered as follows",0
13974,2021-01228,amends EO 13959,Section 1. Section 1(b) and (c) of Executive Order 13959 are amended to read as follows:,0
13976,2021-01476,President,"By the authority vested in me as President by the Constitution and the laws of the United States of America, it is hereby ordered as follows",0
13977,2021-01635,Presidential authority under the U.S. Constitution and federal law,"By the authority vested in me as President by the Constitution and the laws of the United States of America, it is hereby ordered as follows:",0
13979,2021-01644,Senior‑appointee signature requirement for agency rules,"require that agency rules promulgated under section 553 of title 5, United States Code (section 553), must be signed by a senior appointee",0
13979,2021-01644,Only senior appointees may initiate rulemaking,require that only senior appointees may initiate the rulemaking process for agency rules promulgated under section 553,0
13979,2021-01644,Prohibits delegation of exemption‑determination authority,An agency head may not delegate authority to make the determination allowed by subsection (b) of this section,0
13979,2021-01644,Administrator tasked with guidance and compliance monitoring,The Administrator shall provide guidance on the implementation of this order and shall monitor agency compliance with the order,0
13979,2021-01644,Order does not create enforceable rights,"This order is not intended to, and does not, create any right or benefit, substantive or procedural, enforceable at law or in equity by any party",0
13981,2021-01646,Office of Management and Budget,the Director of the Office of Management and Budget shall work with the heads of all agencies to identify possible sources of funding to replace covered UAS in the Federal fleet in future submissions of the President's Budget request.,0
13982,2021-01712,Constitution and the laws of the United States of America,By the authority vested in me as President by the Constitution and the laws of the United States of America,0
13984,2021-01714,Section 6 amendment,"Section (9) of Executive Order 13694, as amended, is further amended to read as follows: “Sec. 9. The Secretary of the Treasury, in consultation with the Secretary of State, the Attorney General, and the Secretary of Commerce, is hereby authorized to submit the recurring and final reports to the Congress on the national emergency declared in this",1
13986,2021-01755,"Executive Order 13880 of July 11, 2019","Executive Order 13880 of July 11, 2019 (Collecting Information About Citizenship Status in Connection With the Decennial Census), ... are hereby revoked.",0
13986,2021-01755,"Presidential Memorandum of July 21, 2020","the Presidential Memorandum of July 21, 2020 (Excluding Illegal Aliens From the Apportionment Base Following the 2020 Census), are hereby revoked.",0
13989,2021-01762,require signing of ethics pledge,"Every appointee in every executive agency appointed on or after January 20, 2021, shall sign, and upon signing shall be contractually committed to, the following pledge",0
13990,2021-01765,"revokes EO 13834 (except sections 6, 7, 11)","Executive Order 13834 of May 17, 2018 (Efficient Federal Operations), is hereby revoked except for sections 6, 7, and 11.",0
13990,2021-01765,delegates authority to OMB Director and CEQ Chair to consider recommending a replacement order,The Director of OMB and the Chair of the Council on Environmental Quality shall jointly consider whether to recommend that a replacement order be issued.,0
13990,2021-01765,directs agency heads to submit a preliminary list within 30 days,"Within 30 days of the date of this order, heads of agencies shall submit to the Director of the Office of Management and Budget (OMB) a preliminary list of any actions being considered pursuant to section (2)(a) of this order that would be completed by December 31, 2021, and that would be subject to OMB review.",0
13990,2021-01765,directs agency heads to submit an updated list within 90 days,"Within 90 days of the date of this order, heads of agencies shall submit to the Director of OMB an updated list of any actions being considered pursuant to section (2)(a) of this order that would be completed by December 31, 2025, and that would be subject to OMB review.",0
13990,2021-01765,directs the Secretary of the Interior to submit a report within 60 days,"Within 60 days of the date of this order, the Secretary of the Interior shall submit a report to the President summarizing the findings of the review conducted pursuant to subsection",1
13991,2021-01766,Presidential authority under 5 U.S.C. § 7902(c),"by the authority vested in me as President by the Constitution and the laws of the United States of America, including section 7902(c) of title 5, United States Code",0
13994,2021-01849,President,It is the policy of my Administration to respond to the coronavirus disease 2019 (COVID-19) pandemic through effective approaches guided by the best available science and data,0
13996,2021-01854,directs_report_or_study,The Secretary of HHS shall submit to the President ... a plan detailing:,0
13996,2021-01854,delegates_authority,"The Secretary of the Treasury, the Secretary of HHS, and the Secretary of Labor ... shall promptly ... facilitate the provision of COVID-19 testing free of charge",0
13998,2021-01859,Heads of agencies with regulatory authority over transportation,"The Secretary of Labor, the Secretary of Health and Human Services (HHS), the Secretary of Transportation (including through the Administrator of the Federal Aviation Administration (FAA)), the Secretary of Homeland Security (including through the Administrator of the Transportation Security Administration (TSA) and the Commandant of the United States Coast Guard), and the heads of any other executive departments and agencies (agencies) that have relevant regulatory authority (heads of agencies) shall immediately take action",0
14001,2021-01865,Defense Production Act,"including the Defense Production Act of 1950, as amended (50 U.S.C. 4501 et seq.)",0
14004,2021-02034,Presidential constitutional and statutory authority,"By the authority vested in me as President by the Constitution and the laws of the United States of America, it is hereby ordered as follows:",0
14005,2021-02038,revokes EO 13858,"Executive Order 13788 of April 18, 2017",1
14006,2021-02070,Attorney General,The Attorney General shall not renew Department of Justice contracts with privately operated criminal detention facilities,0
14007,2021-02176,establishment of PCAST,There is hereby established the President's Council of Advisors on Science and Technology (PCAST).,0
14008,2021-02177,Special Presidential Envoy for Climate,"I have created a new Presidentially appointed position, the Special Presidential Envoy for Climate, to elevate the issue of climate change and underscore the commitment my Administration will make toward addressing it.",0
14008,2021-02177,White House Office of Domestic Climate Policy (Climate Policy Office),There is hereby established the White House Office of Domestic Climate Policy (Climate Policy Office) within the Executive Office of the President,0
14008,2021-02177,National Climate Task Force,There is hereby established a National Climate Task Force (Task Force).,0
14008,2021-02177,Interagency Working Group on Coal and Power Plant Communities and Economic Revitalization,There is hereby established an Interagency Working Group on Coal and Power Plant Communities and Economic Revitalization (Interagency Working Group).,0
14008,2021-02177,White House Environmental Justice Interagency Council,There is hereby created within the Executive Office of the President a White House Environmental Justice Interagency Council (Interagency Council).,0
14008,2021-02177,White House Environmental Justice Advisory Council,"There is hereby established, within the Environmental Protection Agency, the White House Environmental Justice Advisory Council (Advisory",1
14009,2021-02252,the Constitution and the laws of the United States of America,By the authority vested in me as President by the Constitution and the laws of the United States of America,0
14009,2021-02252,"sections 18031 and 18041 of title 42, United States Code, and section 155.420(d)(9) of title 45, Code of Federal Regulations","pursuant to existing authorities, including sections 18031 and 18041 of title 42, United States Code, and section 155.420(d)(9) of title 45, Code of Federal Regulations",0
14010,2021-02561,APNSA and listed agencies must prepare the Root Causes Strategy and Collaborative Management Strategy,"The Assistant to the President for National Security Affairs (APNSA), in coordination with the Secretary of State, the Attorney General, the Secretary of Homeland Security, and the heads of any other relevant executive departments and agencies, shall as soon as possible prepare:",0
14011,2021-02562,Chair of the Task Force,The Chair shall convene and preside at meetings of the Task Force.,0
14011,2021-02562,Chair (with Vice Chairs) of the Task Force,"The Chair, in consultation with the Vice Chairs, shall direct its work and, as appropriate, establish and direct subgroups of the Task Force.",0
14012,2021-02563,"Secretary of State, Attorney General, and Secretary of Homeland Security","Within 90 days of the date of this order, the Secretary of State, the Attorney General, and the Secretary of Homeland Security shall each submit a plan to the President describing the steps their respective agencies will take to advance the policy set forth in section 1 of this order.",0
14012,2021-02563,"Secretary of State, Attorney General, and Secretary of Homeland Security","Within 180 days of submitting the plan described in subsection (b) of this section, the Secretary of State, the Attorney General, and the Secretary of Homeland Security shall each submit a report to the President describing the progress of their respective agencies towards implementing the",1
14012,2021-02563,"Secretary of State, Attorney General, and Secretary of Homeland Security","Within 60 days of the date of this order, the Secretary of State, the Attorney General, and the Secretary of Homeland Security shall each submit a report to the President describing any agency actions identified pursuant to subsection (a)(ii) of this section and any steps their agencies intend to take or have",1
14012,2021-02563,"Secretary of State, Attorney General, and Secretary of Homeland Security","shall, within 60 days of the date of this order, develop a plan describing any agency actions, in furtherance of the policy set forth in section 1 of this order, that they will take to",1
14012,2021-02563,"Secretary of State, Attorney General, and Secretary of Homeland Security","Within 180 days of the issuance of the plan developed pursuant to subsection (a) of this section, the Secretary of State, the Attorney General, and the Secretary of Homeland Security shall each submit a report to the President describing the progress in implementing the",1
14012,2021-02563,Naturalization Working Group,"Within 90 days of the date of this order, the Naturalization Working Group shall submit a strategy to the President outlining steps the Federal Government should take to promote",1
14013,2021-02804,Presidential authority under the Constitution and the Immigration and Nationality Act,"By the authority vested in me as President by the Constitution and the laws of the United States of America, including the Immigration and Nationality Act, 8 U.S.C. 1101 et seq., I hereby order as follows:",0
14014,2021-03139,"Secretary of the Treasury, in consultation with the Secretary of State","All property and interests in property ... of the following persons are blocked and may not be transferred, paid, exported, withdrawn, or otherwise dealt in",0
14014,2021-03139,All persons subject to U.S. jurisdiction,"the making of any contribution or provision of funds, goods, or services by, to, or for the benefit of any person whose property and interests in property are blocked pursuant to this order",0
14014,2021-03139,Secretary of State and Secretary of Homeland Security,"the entry of such persons into the United States, as immigrants or nonimmigrants, is hereby suspended",0
14014,2021-03139,All persons and entities,"Any transaction that evades or avoids, has the purpose of evading or avoiding, causes a violation of, or attempts to violate any of the prohibitions set forth in this order is prohibited",0
14016,2021-03874,President of the United States,"By the authority vested in me as President by the Constitution and the laws of the United States of America, it is hereby ordered that:",0
14017,2021-04280,Presidential authority under the Constitution and U.S. law,The Assistant to the President for National Security Affairs (APNSA) and the Assistant to the President for Economic Policy (APEP) shall coordinate the executive branch actions necessary to implement this order,0
14019,2021-05087,supersedes_section_3_of_EO_12926,"This order shall supersede section 3 of Executive Order 12926 of September 12, 1994",0
14020,2021-05183,coordinate federal efforts on gender equity,"The Council shall coordinate Federal Government efforts to advance gender equity and equality, including policies and programs to:",0
14020,2021-05183,advise the President on gender‑equity policy,"The Council shall provide legislative and policy recommendations to the President, evaluate other proposed policies and legislation for their potential impact on issues of gender equity and equality",0
14021,2021-05200,Constitution and the laws of the United States of America,By the authority vested in me as President by the Constitution and the laws of the United States of America,0
14021,2021-05200,"Title IX of the Education Amendments of 1972, 20 U.S.C. 1681 et seq.","this guarantee is codified, in part, in Title IX of the Education Amendments of 1972, 20 U.S.C. 1681 et seq.",0
14022,2021-07239,termination and revocation of EO 13928,"I hereby terminate the national emergency declared in Executive Order 13928 of June 11, 2020 (Blocking Property of Certain Persons Associated With the International Criminal Court), and revoke that order",0
14024,2021-08098,national emergency declaration,I hereby declare a national emergency to deal with that threat.,0
14026,2021-09263,revokes EO 13838,"Executive Order 13838 ... is revoked as of January 30, 2022",0
14026,2021-09263,supersedes EO 13658,"Executive Order 13658 ... is superseded, as of January 30, 2022, to the extent it is inconsistent with this order",0
14027,2021-10139,Presidential constitutional and statutory authority,"by the authority vested in me as President by the Constitution and the laws of the United States of America, including section 202 of the Revised Statutes (22 U.S.C. 2656) and section 3161 of title 5, United States Code",0
14029,2021-10691,"title 5, United States Code, sections 3301 and 3302","including sections 3301 and 3302 of title 5, United States Code, it is hereby ordered as follows",0
14030,2021-11168,President of the United States,"By the authority vested in me as President by the Constitution and the laws of the United States of America, it is hereby ordered as follows:",0
14031,2021-11792,President,"The Commission shall terminate 2 years from the date of this order, unless sooner renewed by the President.",0
14032,2021-12019,International Emergency Economic Powers Act (50 U.S.C. 1701 et seq.),International Emergency Economic Powers Act (50 U.S.C. 1701 et seq.) (IEEPA),0
14032,2021-12019,National Emergencies Act (50 U.S.C. 1601 et seq.),National Emergencies Act (50 U.S.C. 1601 et seq.) (NEA),0
14032,2021-12019,section 401(c) of the National Emergencies Act (50 U.S.C. 1641(c)),section 401(c) of the NEA (50 U.S.C. 1641(c)),0
14032,2021-12019,section 204(c) of the International Emergency Economic Powers Act (50 U.S.C. 1703(c)),section 204(c) of IEEPA (50 U.S.C. 1703(c)),0
14035,2021-14127,reestablish a coordinated Government‑wide DEIA initiative,reestablish a coordinated Government-wide initiative to promote diversity and inclusion in the Federal workforce,0
14035,2021-14127,coordinate implementation with EO 13985,coordinate its implementation with the provisions of Executive Order 13985,0
14035,2021-14127,updates the plan required by EO 13583,updates the Government-wide plan required by section 2(b)(i) of Executive Order 13583,0
14036,2021-15069,Sherman Antitrust Act; Clayton Antitrust Act,"the Sherman Antitrust Act (26 Stat. 209, 15 U.S.C. 1 et seq.) (Sherman Act), the Clayton Antitrust Act (Public Law 63-212, 38 Stat. 730, 15 U.S.C. 12 et seq.) (Clayton Act)",0
14036,2021-15069,Dodd-Frank Wall Street Reform and Consumer Protection Act,"the Dodd-Frank Wall Street Reform and Consumer Protection Act (Public Law 111-203, 124 Stat. 1376)",0
14036,2021-15069,Telecommunications Act of 1996,"the Telecommunications Act of 1996 (Public Law 104-104, 110 Stat. 56)",0
14036,2021-15069,Packers and Stockyards Act,"the Packers and Stockyards Act, 1921 (Public Law 67-51, 42 Stat. 159, 7 U.S.C. 181 et seq.)",0
14036,2021-15069,Federal Trade Commission Act,"the Federal Trade Commission Act (Public Law 63-203, 38 Stat. 717, 15 U.S.C. 41 et seq.)",0
14038,2021-17253,President,"I, JOSEPH R. BIDEN JR., President of the United States of America, hereby expand the scope of the national emergency declared in Executive Order 13405",0
14039,2021-18306,President,"I, JOSEPH R. BIDEN JR., President of the United States of America, in order to take additional steps with respect to the national emergency declared in Executive Order 14024 ... hereby order:",0
14040,2021-19578,Attorney General or head of agency,"Consistent with Executive Order 13526 of December 29, 2009 (Classified National Security Information), the Attorney General or the head of any other agency that originated the information … shall be responsible for conducting the declassification reviews and making declassification determinations …",0
14041,2021-19579,"establishes the White House Initiative on Advancing Educational Equity, Excellence, and Economic Opportunity through Historically Black Colleges and Universities","there is established in the Department of Education (Department), the White House Initiative on Advancing Educational Equity, Excellence, and Economic Opportunity through Historically Black Colleges and Universities (Initiative)",0
14043,2021-19927,Each agency,"Each agency shall implement, to the extent consistent with applicable law, a program to require COVID-19 vaccination for all of its Federal employees, with exceptions only as required by law.",0
14043,2021-19927,The Task Force,The Task Force shall issue guidance within 7 days of the date of this order on agency implementation of this requirement for all agencies covered by this order.,0
14045,2021-20165,President,to advance equity in our Nation's schools and to promote the economic opportunity that follows it,0
14046,2021-20508,President,"I, JOSEPH R. BIDEN JR., President of the United States of America, find that the situation in and in relation to northern Ethiopia ... constitutes an unusual and extraordinary threat to the national security and foreign policy of the United States. I hereby declare a national emergency to deal with that threat.",0
14048,2021-21908,"Presidential authority under the Constitution, statutes, and the Federal Advisory Committee Act","By the authority vested in me as President, by the Constitution and the laws of the United States of America, and consistent with the provisions of the Federal Advisory Committee Act, as amended (5 U.S.C. App.), it is hereby ordered as follows:",0
14049,2021-22588,Secretary of Education,"shall, in consultation with the other Co‑Chairs of the Initiative, designate an Executive Director for the Initiative",0
14049,2021-22588,Secretary of the Interior,"shall study, collect information, and publish reports on the education of Native American students",0
14049,2021-22588,Secretary of Labor,"shall study, collect information, and publish reports on the education of Native American students",0
14050,2021-23224,Constitution and the laws of the United States of America,By the authority vested in me as President by the Constitution and the laws of the United States of America,0
14050,2021-23224,Economy Act (31 U.S.C. 1535),including the Economy Act (31 U.S.C. 1535),0
14051,2021-24183,designation,the Under Secretary of Defense for Acquisition and Sustainment (Under Secretary) is designated to have authority to release strategic and critical materials from the National Defense Stockpile.,0
14051,2021-24183,conditional_release,"the Under Secretary may release strategic and critical materials ... only when required for use, manufacture, or production for purposes of national defense. No release is authorized for economic or budgetary purposes.",0
14051,2021-24183,consultation_requirement,"Prior to ordering the release of strategic and critical materials from the National Defense Stockpile, the Under Secretary shall consult with the heads of relevant executive departments and agencies.",0
14053,2021-25287,Delegates authority to the Attorney General and the Secretary of the Interior to develop a coordinated federal law‑enforcement strategy,"The Attorney General, working with the Secretary of the Interior and the heads of other executive departments and agencies (agencies) as appropriate, shall assess and build on existing efforts to develop a coordinated and comprehensive Federal law enforcement strategy",0
14053,2021-25287,Delegates authority to the Attorney General to expand Tribal participation in national crime information systems,"The Attorney General shall take steps, consistent with applicable law, to expand the number of Tribes participating in the Tribal Access Program for National Crime Information",0
14053,2021-25287,Delegates authority to the Secretary of HHS to develop a comprehensive prevention and services plan,"The Secretary of HHS, in consultation with the Secretary of the Interior and Tribal Nations ... shall develop a comprehensive plan to support prevention efforts",0
14054,2021-25548,International Emergency Economic Powers Act (50 U.S.C. 1701 et seq.),including the International Emergency Economic Powers Act (50 U.S.C. 1701 et seq.),0
14054,2021-25548,National Emergencies Act (50 U.S.C. 1601 et seq.),the National Emergencies Act (50 U.S.C. 1601 et seq.),0
14054,2021-25548,Immigration and Nationality Act section 212(f) (8 U.S.C. 1182(f)),section 212(f) of the Immigration and Nationality Act of 1952 (8 U.S.C. 1182(f)),0
14054,2021-25548,"Title 3, United States Code section 301","section 301 of title 3, United States Code",0
14054,2021-25548,National Emergencies Act section 202(a) (50 U.S.C. 1622(a)),Pursuant to section 202(a) of the NEA (50 U.S.C. 1622(a)),0
14055,2021-25715,Secretary of Labor,"The Secretary shall have the authority to investigate potential violations of, and obtain compliance with, this order",0
14055,2021-25715,Contractors and subcontractors,"The contractor and its subcontractors shall, except as otherwise provided herein, in good faith offer service employees ... a right of first refusal of employment",0
14056,2021-26459,President,the authority vested in me as President by the Constitution and the laws of the United States of America,0
14057,2021-27114,creates_body,The Office of the Federal Chief Sustainability Officer is reestablished within CEQ,0
14057,2021-27114,creates_body,"The following Federal Leaders working groups are hereby established, to be housed within CEQ",0
14058,2021-27380,Designation of High‑Impact Service Providers (HISPs) and maintenance of a HISP list,The Director of OMB shall designate as HISPs those Federal entities that provide or fund customer‑facing services … The Director of OMB shall maintain a list of designated HISPS and may update this list at any time.,0
14059,2021-27505,Secretary of the Treasury,The Secretary of the Treasury shall take the following actions as necessary to implement the selected sanctions:,0
14059,2021-27505,Secretary of the Treasury,"block all property and interests in property of the sanctioned person that are in the United States, that hereafter come within the United States, or that are or hereafter come within the possession or control of any United States person",0
14059,2021-27505,Secretary of the Treasury,"prohibit any transfers of credit or payments between financial institutions, or by, through, or to any financial institution, to the extent that such transfers or payments are subject to the jurisdiction of the United States and involve any interest of the sanctioned person",0
14059,2021-27505,Secretary of the Treasury,suspend entry into the United States of,1
14059,2021-27505,Secretary of the Treasury,"The Secretary of the Treasury, in consultation with the Secretary of State, the Attorney General, and the Secretary of Homeland Security, is authorized to",1
14060,2021-27605,establishes USCTOC,There shall be established a United States Council on Transnational Organized Crime (USCTOC),0
14061,2021-28313,Presidential constitutional and statutory authority,"By the authority vested in me as President by the Constitution and the laws of the United States of America, it is hereby ordered as follows:",0
14063,2022-02869,Director of OMB,"The Director of OMB shall, to the extent permitted by law, issue guidance to implement the requirements of sections 5 and 6 of this order.",0
14064,2022-03346,"Secretary of the Treasury, in consultation with the Secretary of State and the Attorney General, is authorized to take such actions, including the promulgation of rules and regulations","The Secretary of the Treasury, in consultation with the Secretary of State and the Attorney General, is authorized to take such actions, including the promulgation of rules and regulations",0
14065,2022-04020,Secretary of the Treasury,"The Secretary of the Treasury, in consultation with the Secretary of State, is hereby authorized to take such actions, including the promulgation of rules and regulations",0
14066,2022-05232,"IEEPA, National Emergencies Act, 31 U.S.C. §301","by the authority vested in me as President by the Constitution and the laws of the United States of America, including the International Emergency Economic Powers Act (50 U.S.C. 1701 et seq.) (IEEPA), the National Emergencies Act (50 U.S.C. 1601 et seq.), and section 301 of title 3, United States Code",0
14068,2022-05554,delegates_authority,"The Secretary of the Treasury and the Secretary of Commerce, in consultation with the Secretary of State, are hereby authorized to take such actions, including the promulgation of rules and regulations, and to employ all powers granted to the President by IEEPA, as may be necessary to carry out the purposes of this order.",0
14069,2022-05949,Constitution of the United States,By the authority vested in me as President by the Constitution and the laws of the United States of America,0
14070,2022-07716,references,Executive Order 14009 (Strengthening Medicaid and the Affordable Care Act),0
14072,2022-09138,Secretary of the Interior,"The Secretary of the Interior, with respect to public lands managed by the Bureau of Land Management, ... shall, within 1 year of the date of this order, define, identify, and complete an inventory of old-growth and mature forests on Federal lands",0
14072,2022-09138,Secretary of Agriculture,"The Secretary of Agriculture, with respect to National Forest System lands, shall, within 1 year of the date of this order, define, identify, and complete an inventory of old-growth and mature forests on Federal lands",0
14072,2022-09138,Secretary of State,"within 1 year of the date of this order, the Secretary of State, ... shall submit a report to the President evaluating options",0
14072,2022-09138,Director of the Office of Management and Budget,shall issue guidance related to the valuation of ecosystem and environmental services and natural assets in Federal regulatory decision‑making,0
14073,2022-10076,section 104(a) of the National Quantum Initiative Act (Public Law 115-368) (NQI Act),section 104(a) of the National Quantum Initiative Act (Public Law 115-368) (NQI Act),0
14073,2022-10076,"section 301 of title 3, United States Code","section 301 of title 3, United States Code",0
14073,2022-10076,the authority vested in me as President by the Constitution,the authority vested in me as President by the Constitution,0
14074,2022-11810,Attorney General,"The Attorney General shall, within 240 days of the date of this order, establish the National Law Enforcement Accountability Database",0
14074,2022-11810,Attorney General,"The Attorney General shall, within 240 days of the date of this order,",1
14074,2022-11810,Attorney General,"The Attorney General shall, within 240 days of the date of this order,",1
14074,2022-11810,Attorney General,"The Attorney General, the Secretary of HHS, and the Secretary of Homeland Security",1
14076,2022-15138,Chair of the Federal Trade Commission,"the Chair of the Federal Trade Commission (FTC) is encouraged to consider actions, as appropriate and consistent with applicable law (including the Federal Trade Commission Act, 15 U.S.C. 41 et seq.), to protect consumers' privacy when seeking information about and provision of reproductive healthcare services.",0
14077,2022-15628,section 10 of the Railway Labor Act (45 U.S.C. 160),including section 10 of the RLA (45 U.S.C. 160),0
14077,2022-15628,National Mediation Board,I have been notified by the National Mediation Board that in its judgment these disputes threaten substantially to interrupt interstate commerce,0
14078,2022-15743,"National emergency declaration under IEEPA, NEA, Levinson Act",I hereby declare a national emergency to deal with this threat.,0
14079,2022-17420,the Constitution and the laws of the United States of America,By the authority vested in me as President by the Constitution and the laws of the United States of America,0
14080,2022-18840,the Constitution and the laws of the United States of America,By the authority vested in me as President by the Constitution and the laws of the United States of America,0
14080,2022-18840,"section 3502(1) of title 44, United States Code","section 3502(1) of title 44, United States Code",0
14081,2022-20167,Assistant to the President for National Security Affairs (APNSA),"The APNSA, in coordination with the Director of OMB, the APEP, the APDP, and the Director of OSTP",1
14081,2022-20167,Director of the Office of Management and Budget (OMB),"Within 90 days of the date of this order, the Director of OMB … shall perform a budget crosscut to identify existing levels of agency spending on biotechnology‑ and biomanufacturing‑related activities",0
14081,2022-20167,President’s Council of Advisors on Science and Technology,"Within 180 days of the date of this order, the President’s Council of Advisors on Science and Technology shall submit to the President and make publicly available a report on the bioeconomy",0
14082,2022-20210,President of the United States,By the authority vested in me as President by the Constitution and the laws of the United States of America,0
14084,2022-21839,advisory role,The Committee shall be solely advisory,0
14084,2022-21839,meeting frequency,The Committee shall meet twice a year.,0
14086,2022-22531,President of the United States,The President may authorize updates to the list of objectives in light of new national security imperatives,0
14087,2022-22834,42 U.S.C. 1315a(b)(2),consistent with the criteria set out in 42 U.S.C. 1315a(b)(2),0
14088,2022-23433,IEEPA,International Emergency Economic Powers Act (50 U.S.C. 1701 et seq.),0
14088,2022-23433,NEA,National Emergencies Act (50 U.S.C. 1601 et seq.),0
14088,2022-23433,Nicaragua Investment Conditionality Act,Nicaragua Investment Conditionality Act of 2018 (50 U.S.C. 1701 note),0
14088,2022-23433,Immigration and Nationality Act,section 212(f) of the Immigration and Nationality Act of 1952 (8 U.S.C. 1182(f)),0
14089,2022-27585,Presidential constitutional and statutory authority,By the authority vested in me as President by the Constitution and the laws of the United States of America,0
14090,2022-28474,adjusts_pay_or_admin,The rates of basic pay or salaries of the statutory pay systems ... are set forth on the schedules attached hereto,0
14091,2023-03779,Presidential constitutional and statutory authority,"By the authority vested in me as President by the Constitution and the laws of the United States of America, it is hereby ordered as follows:",0
14092,2023-05714,Presidential authority under the U.S. Constitution and federal law,"By the authority vested in me as President by the Constitution and the laws of the United States of America, I hereby order as follows:",0
14093,2023-06730,Prohibit operational use of commercial spyware,"Executive departments and agencies (agencies) shall not make operational use of commercial spyware where they determine, based on credible information, that such use poses significant counterintelligence or security risks",0
14094,2023-07760,Executive Order 12866,Section 3(f) of Executive Order 12866 is hereby amended to read as follows:,0
14095,2023-08659,Presidential constitutional and statutory authority,"By the authority vested in me as President by the Constitution and the laws of the United States of America, it is hereby ordered as follows:",0
14096,2023-08955,Presidential constitutional and statutory authority,By the authority vested in me as President by the Constitution and the laws of the United States of America,0
14097,2023-09318,National Emergencies Act (50 U.S.C. 1601 et seq.),including the National Emergencies Act (50 U.S.C. 1601 et seq.),0
14097,2023-09318,"section 12302 of title 10, United States Code","authority under section 12302 of title 10, United States Code",0
14097,2023-09318,the Constitution of the United States,By the authority vested in me as President by the Constitution,0
14100,2023-12974,Executive Order 13583 (2011),"builds upon the Government‑wide plans required by Executive Order 13583 of August 18, 2011 (Establishing a Coordinated Government‑Wide Initiative to Promote Diversity and Inclusion in the Federal Workforce)",0
14100,2023-12974,Executive Order 14035 (2021),"builds upon the Government‑wide plans required by ... Executive Order 14035 of June 25, 2021 (Diversity, Equity, Inclusion, and Accessibility in the Federal Workforce)",0
14100,2023-12974,Executive Order 13832 (2018),"build upon, as appropriate, the reporting requirements of Executive Order 13832 of May 9, 2018 (Enhancing Noncompetitive Civil Service Appointments of Military Spouses)",0
14100,2023-12974,Executive Order 14091 (2023),"as designated by Executive Order 14091 of February 16, 2023 (Further Advancing Racial Equity and Support for Underserved Communities Through the Federal Government)",0
14101,2023-13889,Presidential constitutional and statutory authority,"By the authority vested in me as President by the Constitution and the laws of the United States of America, it is hereby ordered as follows:",0
14102,2023-15347,U.S.C. §121 and §12304,"sections 121 and 12304 of title 10, United States Code",0
14103,2023-16570,President (EO 14103) – authority under 10 U.S.C. 801‑946a,"prescribe additions and amendments to the Manual for Courts‑Martial, United States",0
14104,2023-16636,delegated to agency heads,the heads of agencies identified in section 3(a) of this order shall require recipients of Federal R&D funding agreements to track and update the awarding agency on the location in which subject inventions are manufactured,0
14104,2023-16636,delegated to agency heads,the heads of agencies identified in section 3(a) of this order shall require recipients … to report annually … the names of licensees and manufacturing locations of the applicable subject inventions,0
14105,2023-17449,International Emergency Economic Powers Act (50 U.S.C. 1701 et seq.),"including the International Emergency Economic Powers Act (50 U.S.C. 1701 et seq.) (IEEPA), the National Emergencies Act (50 U.S.C. 1601 et seq.) (NEA), and section 301 of title 3, United States Code",0
14105,2023-17449,National Emergencies Act (50 U.S.C. 1601 et seq.),"including the International Emergency Economic Powers Act (50 U.S.C. 1701 et seq.) (IEEPA), the National Emergencies Act (50 U.S.C. 1601 et seq.) (NEA), and section 301 of title 3, United States Code",0
14105,2023-17449,"Section 301 of title 3, United States Code","including the International Emergency Economic Powers Act (50 U.S.C. 1701 et seq.) (IEEPA), the National Emergencies Act (50 U.S.C. 1601 et seq.) (NEA), and section 301 of title 3, United States Code",0
14107,2023-19798,"section 8425(e) of title 5, United States Code","section 8425(e) of title 5, United States Code",0
14107,2023-19798,the authority vested in me as President by the Constitution and the laws of the United States of America,the authority vested in me as President by the Constitution and the laws of the United States of America,0
14108,2023-21174,holds in abeyance the State of Ohio's request for a major disaster declaration under the Stafford Act,The State of Ohio's request for a major disaster declaration ... shall be held in abeyance to allow the State time to submit information on needs that may arise in the future,0
14109,2023-22250,supersedes sections 1‑2 of Executive Order 14048,"Sections 1 and 2 of Executive Order 14048 of September 30, 2021, are hereby superseded by sections 1 and 2 of this order.",0
14110,2023-24283,Presidential constitutional and statutory authority,"By the authority vested in me as President by the Constitution and the laws of the United States of America, it is hereby ordered as follows:",0
14112,2023-27318,Director of OMB and Domestic Policy Advisor,"The Director of OMB and the Domestic Policy Advisor shall develop, based on the agency reports ... recommendations for the Federal Government to take steps toward better living up to its trust responsibilities",0
14113,2023-28661,President of the United States,"By the authority vested in me as President by the Constitution and the laws of the United States of America, it is hereby ordered as follows:",0
14114,2023-28662,Secretary of the Treasury (in consultation with the Secretary of State and the Secretary of Commerce),Executive Order 14024 is hereby amended by redesignating section 11 of that order as section 12 and adding a new section 11 to read as follows:,0
14114,2023-28662,"Secretary of the Treasury (in consultation with the Secretary of State, the Secretary of Commerce, and the Secretary of Homeland Security)","the importation and entry into the United States ... of: (A) the following products of Russian Federation origin: fish, seafood, and preparations thereof; alcoholic beverages; non‑industrial diamonds;",0
14115,2024-02354,Secretary of State and Secretary of the Treasury (in consultation) to determine foreign persons whose property is blocked,"All property and interests in property ... of the following persons are blocked and may not be transferred, paid, exported, withdrawn, or otherwise dealt in:",0
14115,2024-02354,Secretary of State and Secretary of Homeland Security (as appropriate) to determine entry suspensions,"the entry of such persons into the United States, as immigrants or nonimmigrants, is hereby suspended",0
14115,2024-02354,President (delegated to Treasury/State) to waive prior notice for listings,there need be no prior notice of a listing or determination made pursuant to this order.,0
14116,2024-04012,Captain of the Port,"Captain of the Port may prevent any person, article, or thing, including any data, information, network, program, system, or other digital infrastructure, from boarding or being taken or placed on board any vessel",0
14116,2024-04012,Captain of the Port,The Captain of a Port may establish security zones subject to the terms and conditions specified in Sec. 6.01-5,0
14117,2024-04573,International Emergency Economic Powers Act; National Emergencies Act; 3 U.S.C. §301,"by the authority vested in me as President by the Constitution and the laws of the United States of America, including the International Emergency Economic Powers Act (50 U.S.C. 1701 et seq.) (IEEPA), the National Emergencies Act (50 U.S.C. 1601 et seq.) (NEA), and section 301 of title 3, United States Code",0
14119,2024-05220,revokes_or_amends,"Executive Order 13812 of September 29, 2017 (Revocation of Executive Order Creating Labor-Management Forums), is hereby revoked.",0
14119,2024-05220,revokes_or_amends,"This order supersedes Executive Order 13522 of December 9, 2009 (Creating Labor-Management Forums to Improve Delivery of Government Services).",0
14119,2024-05220,references,"consistent with section 6 of Executive Order 14035 of June 25, 2021 (Diversity, Equity, Inclusion, and Accessibility in the Federal Workforce).",0
14120,2024-06123,"Executive Order 14110, section 8(b)","in implementing section 8(b) of Executive Order 14110 of October 30, 2023 (Safe, Secure, and Trustworthy Development and Use of Artificial Intelligence)",0
14120,2024-06123,Presidential Memorandum of 13 Nov 2023,"the interagency, advisory body established by the Presidential Memorandum of November 13, 2023 (White House Initiative on Women’s Health Research)",0
14121,2024-06931,policy_statement,Women and girls of all backgrounds have shaped our country's history ... It is the policy of my Administration to recognize and honor the diverse trailblazers--including women and girls--who have contributed to the fabric of our Nation.,0
14123,2024-13810,Executive Order 14017,This order supplements and reaffirms the principles governing America's supply chains established in Executive Order 14017.,0
14125,2024-16740,section 9A of the Railway Labor Act,including section 9A of the RLA,0
14126,2024-20712,Presidential constitutional and statutory authority,"By the authority vested in me as President by the Constitution and the laws of the United States of America, it is hereby ordered as follows:",0
14128,2024-27850,Section 9A(e) of the Railway Labor Act (45 U.S.C. § 159a),"Section 9A(e) of the RLA provides that the President, upon such request, shall appoint a second emergency board to investigate and report on the dispute",0
14130,2024-31354,Executive Order 12473 (1984) – original Manual for Courts‑Martial,"prescribed by Executive Order 12473 of April 13, 1984",0
14130,2024-31354,James M. Inhofe National Defense Authorization Act for FY 2023 (Pub. L. 117‑263),"pursuant to section 543 of the James M. Inhofe National Defense Authorization Act for Fiscal Year 2023, Public Law 117‑263 (10 U.S.C. 825(e)(4))",0
14132,2024-31466,Presidential,"By the authority vested in me as President by the Constitution and the laws of the United States of America, it is hereby ordered as follows:",0
14133,2024-31766,Heads of executive departments and agencies,"The heads of executive departments and agencies may determine that certain offices and installations of their organizations, or parts thereof, must remain open and that certain employees must report for duty on January 9, 2025, for reasons of national security, defense, or other public need.",0
14133,2024-31766,Director of the Office of Personnel Management,The Director of the Office of Personnel Management shall take such actions as may be necessary to implement this order.,0
14136,2025-00611,"Federal Vacancies Reform Act of 1998, 5 U.S.C. 3345 et seq.","including the Federal Vacancies Reform Act of 1998, as amended, 5 U.S.C. 3345 et seq.",0
14136,2025-00611,28 U.S.C. 508,pursuant to 28 U.S.C. 508 to act as Attorney General,0
14138,2025-00619,"Federal Vacancies Reform Act of 1998, as amended, 5 U.S.C. 3345 et seq.",shall act as and perform the functions and duties of the office of Director of the Office of Management and Budget,0
14139,2025-00620,"Federal Vacancies Reform Act of 1998, 5 U.S.C. 3345 et seq.","including the Federal Vacancies Reform Act of 1998, as amended, 5 U.S.C. 3345 et seq.",0
14141,2025-01395,Presidential constitutional and statutory authority,"By the authority vested in me as President by the Constitution and the laws of the United States of America, it is hereby ordered as follows:",0
14142,2025-01437,Executive Order 13894,Executive Order 13894 is hereby amended by:,0
14145,2025-01758,Presidential constitutional and statutory authority,"By the authority vested in me as President by the Constitution and the laws of the United States of America, it is hereby ordered as follows:",0
14151,2025-01953,Constitution of the United States,By the authority vested in me as President by the Constitution and the laws of the United States of America,0
14152,2025-01954,revocation of security clearances,this Order directs the revocation of any active or current security clearances held by: (i) the former intelligence officials …; and (ii) John R. Bolton.,0
14153,2025-01955,revokes Secretarial Order 3401 (June 1 2021),"(i) withdraw Secretarial Order 3401 dated June 1, 2021",0
14153,2025-01955,reinstates Public Land Order No. 7899 (Jan 11 2021) and similar orders 7900‑7903,"reinstate the following Public Land Orders in their original form: a. Public Land Order No. 7899, signed by the Secretary of the Interior on January 11, 2021",0
14153,2025-01955,imposes a temporary moratorium on the Dec 8 2024 record of decision,"place a temporary moratorium on all activities and privileges granted to any party pursuant to the record of decision signed on December 8, 2024, entitled “Coastal Plain Oil and Gas Leasing Program Record of Decision,”",0
14153,2025-01955,rescinds the BLM final rule (May 7 2024) on the National Petroleum Reserve in Alaska,"rescind the Bureau of Land Management final rule entitled “Management and Protection of the National Petroleum Reserve in Alaska,” 89 Fed. Reg. 38712 (May 7, 2024)",0
14155,2025-01957,President of the United States,"By the authority vested in me as President by the Constitution and the laws of the United States of America, it is hereby ordered:",0
14156,2025-02003,Federal eminent domain and Defense Production Act authorities,If an agency assesses that use of either Federal eminent domain authorities or authorities afforded under the Defense Production Act ... are necessary ... the agency shall submit recommendations ... to the President,0
14156,2025-02003,Section 2808 construction authority (National Emergencies Act),"the construction authority provided in section 2808 of title 10, United States Code, is invoked and made available, according to its terms, to the Secretary of the Army",0
14157,2025-02004,Constitution of the United States,by the Constitution,0
14157,2025-02004,Immigration and Nationality Act (8 U.S.C. 1101 et seq.),"including the Immigration and Nationality Act (INA), 8 U.S.C. 1101 et seq.",0
14157,2025-02004,International Emergency Economic Powers Act (50 U.S.C. 1701),"the International Emergency Economic Powers Act (IEEPA), 50 U.S.C. 1701 et seq.",0
14158,2025-02005,Agency Heads,each Agency Head shall ... establish ... a DOGE Team ... hired or assigned within thirty days of the date of this Order,0
14158,2025-02005,USDS Administrator,The USDS Administrator shall commence a Software Modernization Initiative to improve the quality and efficiency of government-wide software,0
14159,2025-02006,Executive departments and agencies (agencies),"shall take all appropriate action to promptly revoke all memoranda, guidance, or other policies based on the Executive Orders revoked in section 3(a) of this order",0
14160,2025-02007,prohibit issuance or acceptance of citizenship documents for specified persons,"no department or agency of the United States government shall issue documents recognizing United States citizenship, or accept documents issued by State, local, or other governments or authorities purporting to recognize United States citizenship, to persons: (1) when that person's mother was unlawfully present in the United States and the",1
14160,2025-02007,policy applies only to births occurring more than 30 days after the order,Subsection (a) of this section shall apply only to persons who are born within the United States after 30 days from the date of this order,0
14160,2025-02007,preserve existing citizenship documentation rights for other individuals,"Nothing in this order shall be construed to affect the entitlement of other individuals, including children of lawful permanent residents, to obtain documentation of their United States citizenship",0
14161,2025-02009,"Constitution, Immigration and Nationality Act, 8 U.S.C. 1101 et seq., and 3 U.S.C. §301","By the authority vested in me as President by the Constitution and the laws of the United States of America, including the Immigration and Nationality Act (INA), 8 U.S.C. 1101 et seq., and section 301 of title 3, United States Code",0
14162,2025-02010,President of the United States,"By the authority vested in me as President by the Constitution and the laws of the United States of America, it is hereby ordered as follows:",0
14163,2025-02011,Immigration and Nationality Act sections 212(f) and 215(a),"I hereby proclaim, pursuant to sections 212(f) and 215(a) of the INA, 8 U.S.C. 1182(f) and 1185(a), that entry into the United States of refugees under the USRAP would be detrimental to the interests of the United States.",0
14165,2025-02015,reporting requirement (recommendations to the President within 14 days),"Within 14 days of the date of this order, the Secretary of State, the Attorney General, the Secretary of Health and Human Services, and the Secretary of Homeland Security shall provide recommendations to the President",0
14166,2025-02087,Protecting Americans From Foreign Adversary Controlled Applications Act,"the prohibitions of the Act with respect to these entities became effective on January 19, 2025.",0
14166,2025-02087,Protecting Americans From Foreign Adversary Controlled Applications Act,"Section 2(g) of the Act defines “Foreign Adversary Controlled Application” to include websites, desktop applications, mobile applications, and augmented or immersive technology applications operated directly or indirectly by ByteDance Ltd. or TikTok.",0
14167,2025-02089,Secretary of Defense,The Secretary of Defense shall:,0
14168,2025-02090,Presidential authority under the Constitution and 5 U.S.C. § 7301,"By the authority vested in me as President by the Constitution and the laws of the United States of America, including section 7301 of title 5, United States Code, it is hereby ordered:",0
14169,2025-02091,OMB apportionment authority,The Office of Management and Budget (OMB) shall enforce this pause through its apportionment authority.,0
14169,2025-02091,Guidelines from the Secretary of State and OMB Director,"Reviews of each foreign assistance program shall be ordered by the responsible department and agency heads under guidelines provided by the Secretary of State, in consultation with the Director of OMB.",0
14170,2025-02094,Federal Hiring Plan,"prevent the hiring of individuals based on their race, sex, or religion",0
14170,2025-02094,Federal Hiring Plan,decrease government-wide time-to-hire to under 80 days,0
14170,2025-02094,Office of Personnel Management,establish clear performance metrics to evaluate the success of these reforms,0
14171,2025-02095,"5 U.S.C. §§ 3301, 3302, 7511","including sections 3301, 3302, and 7511 of title 5, United States Code",0
14172,2025-02096,All executive agencies with authority to appoint members to the U.S. Board on Geographic Names,"Within seven days of the date of this order, each agency head with authority to appoint members to the Board on Geographic Names (Board) pursuant to 43 U.S.C. 364a, shall review their respective appointees and consider replacing those appointees",0
14173,2025-02097,President,The following executive actions are hereby revoked:,0
14173,2025-02097,Director of OMB,"The Director of the Office of Management and Budget (OMB), with the assistance of the Attorney General as requested, shall:",0
14174,2025-02098,President of the United States,"By the authority vested in me as President by the Constitution and the laws of the United States of America, it is hereby ordered:",0
14175,2025-02103,8 U.S.C. 1189 – designation of foreign terrorist organizations,consistent with section 219 of the INA (8 U.S.C. 1189),0
14176,2025-02116,President John F. Kennedy Assassination Records Collection Act of 1992,"The President John F. Kennedy Assassination Records Collection Act of 1992 required all records related to the assassination of President Kennedy to be publicly disclosed in full by October 26, 2017, unless the President certifies that: (i) continued postponement is made necessary by an identifiable harm to the military defense, intelligence operations, law enforcement, or conduct of foreign relations; and (ii) the identifiable harm is of such gravity that it outweighs the public interest in disclosure.",0
14178,2025-02123,Constitution of the United States,By the authority vested in me as President by the Constitution and the laws of the United States of America,0
14179,2025-02172,revocation of prior AI policies,This order revokes certain existing AI policies and directives that act as barriers to American AI innovation,0
14179,2025-02172,revokes EO 14110,"revoked Executive Order 14110 of October 30, 2023",0
14181,2025-02174,references Executive Order of January 20 2025 (National Energy Emergency),"In accordance with section 6 of the Executive Order of January 20, 2025 (Declaring a National Energy Emergency)",0
14182,2025-02175,revokes,The following Executive Orders are hereby revoked:,0
14183,2025-02178,revocation of EO 14004,"Executive Order 14004 of January 25, 2021 (Enabling All Qualified Americans To Serve Their Country in Uniform), has been revoked.",0
14184,2025-02180,Secretary of Defense vaccine mandate (2021‑08‑24),"On August 24, 2021, the Secretary of Defense mandated that all service members receive the COVID‑19 vaccine",0
14184,2025-02180,Rescission of vaccine mandate (2023‑01‑10),"The Secretary of Defense later rescinded the mandate on January 10, 2023",0
14184,2025-02180,UCMJ chapter 47 (10 U.S.C. 801‑946a),"Nothing in this order precludes disciplinary or administrative action for conduct that is proscribed by chapter 47 of title 10, United States Code (Uniform Code of Military Justice, 10 U.S.C. 801‑946a)",0
14185,2025-02181,Abolish DEI offices,"The Secretary of Defense and the Secretary of Homeland Security shall abolish every DEI office within the Department of Defense and the Department of Homeland Security with regard to the USCG, respectively",0
14185,2025-02181,Conduct internal DEI review,The Secretary of Defense shall conduct an internal review that documents actions taken in pursuit of DEI initiatives,0
14185,2025-02181,Issue implementation guidance,The Secretary of Defense and the Secretary of Homeland Security shall issue detailed guidance for the implementation of this order,0
14185,2025-02181,Submit implementation progress report,The Secretary of Defense and the Secretary of Homeland Security shall submit a report ... documenting the progress of their respective Departments in implementing this order,0
14186,2025-02182,Presidential constitutional and statutory authority,By the authority vested in me as President by the Constitution and the laws of the United States of America,0
14187,2025-02194,Presidential authority under the U.S. Constitution and federal law,"By the authority vested in me as President by the Constitution and the laws of the United States of America, it is hereby ordered:",0
14188,2025-02230,All available and appropriate legal tools,"to combat anti-Semitism vigorously, using all available and appropriate legal tools",0
14189,2025-02231,reinstates_EO_13934_and_EO_13978,"Executive Order 13934 ... and Executive Order 13978 ... are reinstated as they were prior to issuance of Executive Order 14029 of May 14, 2021.",0
14189,2025-02231,reinstates_EO_13933,"Executive Order 13933 ... is hereby reinstated as it was prior to the issuance of Executive Order 14029 of May 14, 2021.",0
14189,2025-02231,amends_EO_13934_section_3c_ii,Section 3(c)(ii) of Executive Order 13934 is amended by striking ... and inserting ...,0
14190,2025-02232,"Secretary of Education, Secretary of Defense, Secretary of Health and Human Services (with Attorney General) to produce a strategy","Within 90 days of the date of this order,",1
14190,2025-02232,Attorney General to coordinate enforcement with state and local prosecutors,The Attorney General shall coordinate with State attorneys general and local district attorneys in their efforts to enforce the law and file appropriate actions against K‑12 teachers and school officials who violate the,1
14191,2025-02233,President,It is the policy of my Administration to support parents in choosing and directing the upbringing and education of their children.,0
14192,2025-02345,Office of Management and Budget,The Director shall provide the heads of agencies with guidance on the implementation of this section,0
14192,2025-02345,Office of Management and Budget,"During the Presidential budget process, the Director shall identify to agencies a total amount of incremental costs that will be allowed for each agency in issuing new regulations and repealing regulations for each fiscal year after fiscal year 2025",0
14193,2025-02406,National Emergency (NEA & IEEPA),I hereby declare and reiterate a national emergency under the NEA and IEEPA to deal with that threat.,0
14195,2025-02408,Secretary of Homeland Security,The Secretary of Homeland Security shall determine the modifications necessary to the Harmonized Tariff Schedule of the United States (HTSUS) in order to effectuate the objectives of this order,0
14196,2025-02477,Secretary of the Treasury,"The Secretary of the Treasury and the Secretary of Commerce, in close coordination with the Assistant to the President for Economic Policy, shall develop a plan for the establishment of a sovereign wealth fund",0
14196,2025-02477,Secretary of Commerce,"The Secretary of the Treasury and the Secretary of Commerce, in close coordination with the Assistant to the President for Economic Policy, shall develop a plan for the establishment of a sovereign wealth fund",0
14196,2025-02477,Assistant to the President for Economic Policy,"The Secretary of the Treasury and the Secretary of Commerce, in close coordination with the Assistant to the President for Economic Policy, shall develop a plan for the establishment of a sovereign wealth fund",0
14197,2025-02478,International Emergency Economic Powers Act (IEEPA) – section 1702(a)(1)(B),I invoked my authority under section 1702(a)(1)(B) of IEEPA to impose ad valorem tariffs on articles that are products of Canada,0
14198,2025-02479,"President (under IEEPA, NEA, Trade Act, etc.)","the additional 25 percent ad valorem rate of duty shall be paused and will not take effect until March 4, 2025, at 12:01 a.m. eastern time",0
14198,2025-02479,President (amending EO 14194 of 1 Feb 2025),"are amended by striking the term “February 4, 2025,” where it appears in those sections and inserting in lieu thereof the term “March, 4, 2025.”",0
14198,2025-02479,President (withdrawing exceptions in EO 14194),"the exceptions set forth in section 2(a) of the Executive Order of February 1, 2025,",1
14199,2025-02504,Presidential constitutional and statutory authority,the authority vested in me as President by the Constitution and the laws of the United States of America,0
14200,2025-02512,International Emergency Economic Powers Act; National Emergencies Act; Trade Act of 1974; 31 U.S.C. §301,the following shall replace subsection (g) of section 2,0
14201,2025-02513,Secretary of Education,the Secretary of Education shall promptly: (i) ... continue to comply with the vacatur of the rule ... and take other appropriate action,0
14201,2025-02513,Department of Justice,"The Department of Justice shall provide all necessary resources, in accordance with law, to relevant agencies to ensure expeditious enforcement",0
14201,2025-02513,Secretary of State and Secretary of Homeland Security,"The Secretary of State and the Secretary of Homeland Security shall review and adjust, as needed, policies permitting admission to the United States of males seeking to participate in women's sports, and shall issue guidance",0
14201,2025-02513,Secretary of State,The Secretary of State shall use all appropriate and available measures to see that the International Olympic Committee amends the standards governing Olympic sporting events,0
14202,2025-02611,Attorney General,The Attorney General shall serve as Chair of the Task Force.,0
14202,2025-02611,Task Force Chair,The Task Force shall meet as required by the Chair and shall take appropriate action to:,0
14203,2025-02612,"IEEPA, NEA, INA §212(f), 31 U.S.C. §301","by the authority vested in me as President by the Constitution and the laws of the United States of America, including the International Emergency Economic Powers Act (50 U.S.C. 1701 et seq.) (IEEPA), the National Emergencies Act (50 U.S.C. 1601 et seq.) (NEA), section 212(f) of the Immigration and Nationality Act of 1952 (8 U.S.C. 1182(f)), and section 301 of title 3, United States Code",0
14204,2025-02630,President of the United States,"By the authority vested in me as President by the Constitution and the laws of the United States of America, it is hereby ordered as follows:",0
14205,2025-02635,"amends EO 13198, EO 13279, EO 13280, EO 13342, EO 13397",substituting ``White House Faith Office'' for ``White House Office of Faith-Based and Community Initiatives'' or ``White House OFBCI'' each time it appears in those orders,0
14206,2025-02636,does not impair existing agency authority,"Nothing in this order shall be construed to impair or otherwise affect: (i) the authority granted by law to an executive department, agency, or the head thereof;",0
14206,2025-02636,implementation subject to law and appropriations,This order shall be implemented consistent with applicable law and subject to the availability of appropriations.,0
14206,2025-02636,does not create enforceable rights or benefits,"This order is not intended to, and does not, create any right or benefit, substantive or procedural, enforceable at law or in equity by any party against the United States, its departments, agencies, or entities, its officers, employees, or agents, or any other person.",0
14207,2025-02734,revoked_prior_documents,"All prior Presidential or other executive branch documents establishing or requiring the existence of the Federal Executive Institute, including the Presidential Memorandum of May 9, 1968, regarding the Federal Executive Institute, and any applicable provisions of Executive Order 11348 of April 20, 1967 ... are hereby revoked",0
14208,2025-02735,revokes Executive Order 14057,"Executive Order 14057 of December 8, 2021 (Catalyzing Clean Energy Industries and Jobs Through Federal Sustainability), which I revoked on January 20, 2025.",0
14209,2025-02736,Presidential Article II foreign‑policy authority,"By the authority vested in me as President by the Constitution and the laws of the United States of America, it is hereby ordered:",0
14210,2025-02762,Presidential constitutional and statutory authority,"By the authority vested in me as President by the Constitution and the laws of the United States of America, it is hereby ordered:",0
14212,2025-02871,President of the United States,"By the authority vested in me as President by the Constitution and the laws of the United States of America, it is hereby ordered:",0
14214,2025-02931,President of the United States,"By the authority vested in me as President by the Constitution and the laws of the United States of America, it is hereby ordered:",0
14215,2025-03063,Constitution of the United States,By the authority vested in me as President by the Constitution and the laws of the United States of America,0
14216,2025-03064,Presidential constitutional and statutory authority,"By the authority vested in me as President by the Constitution and the laws of the United States of America, it is hereby ordered:",0
14217,2025-03133,revokes_or_amends,"Executive Order 13318 of November 21, 2003, is revoked",0
14217,2025-03133,revokes_or_amends,"Executive Order 13562 of December 27, 2010, is amended by:",0
14217,2025-03133,revokes_or_amends,"The Presidential Memorandum of November 13, 1961 (Need for Greater Coordination of Regional and Field Activities of the Government), is hereby revoked.",0
14219,2025-03138,Administrator of OIRA,The Administrator of OIRA shall consult with agency heads to develop a Unified Regulatory Agenda that seeks to rescind or modify these regulations,0
14219,2025-03138,Director of OMB,"The Director of the Office of Management and Budget shall issue implementation guidance, as appropriate",0
14220,2025-03439,Section 232 of the Trade Expansion Act of 1962,"including section 232 of the Trade Expansion Act of 1962, as amended (19 U.S.C. 1862) (Trade Expansion Act)",0
14221,2025-03440,Executive Order 13877,"Pursuant to Executive Order 13877 of June 24, 2019",0
14222,2025-03527,President of the United States,"By the authority vested in me as President by the Constitution and the laws of the United States of America, it is hereby ordered:",0
14223,2025-03693,"Trade Expansion Act of 1962, 19 U.S.C. 1862",section 232 of the Trade Expansion Act,0
14224,2025-03694,the Constitution and the laws of the United States of America,By the authority vested in me as President by the Constitution and the laws of the United States of America,0
14225,2025-03695,Presidential constitutional and statutory authority,"By the authority vested in me as President by the Constitution and the laws of the United States of America, it is hereby ordered:",0
14226,2025-03728,International Emergency Economic Powers Act (50 U.S.C. 1701 et seq.),is further amended by revising section 2(h) to read as follows:,0
14227,2025-03729,Amends EO 14194,"Executive Order 14194 of February 1, 2025 … is further amended by revising section 2(g) to read as follows:",0
14228,2025-03775,International Emergency Economic Powers Act (IEEPA),including the International Emergency Economic Powers Act (50 U.S.C. 1701 et seq.) (IEEPA),0
14228,2025-03775,National Emergencies Act,the National Emergencies Act (50 U.S.C. 1601 et seq.),0
14228,2025-03775,"section 604 of the Trade Act of 1974, as amended (19 U.S.C. 2483)","section 604 of the Trade Act of 1974, as amended (19 U.S.C. 2483)",0
14229,2025-03869,National Wildlife Refuge System Administration Act,pursuant to authority under the National Wildlife Refuge System Administration Act (16 U.S.C. 668dd-668ee),0
14230,2025-03989,Presidential constitutional and statutory authority,"By the authority vested in me as President by the Constitution and the laws of the United States of America, it is hereby ordered:",0
14231,2025-03990,International Emergency Economic Powers Act (50 U.S.C. 1701 et seq.),including the International Emergency Economic Powers Act (50 U.S.C. 1701 et seq.),0
14231,2025-03990,National Emergencies Act (50 U.S.C. 1601 et seq.),the National Emergencies Act (50 U.S.C. 1601 et seq.),0
14231,2025-03990,"Trade Act of 1974, section 604 (19 U.S.C. 2483)","section 604 of the Trade Act of 1974, as amended (19 U.S.C. 2483)",0
14231,2025-03990,"Title 3, United States Code, section 301","section 301 of title 3, United States Code",0
14232,2025-03991,International Emergency Economic Powers Act; National Emergencies Act; Trade Act of 1974; Title 3 U.S.C.,"by the authority vested in me as President by the Constitution and the laws of the United States of America, including the International Emergency Economic Powers Act (50 U.S.C. 1701 et seq.), the National Emergencies Act (50 U.S.C. 1601 et seq.), section 604 of the Trade Act of 1974, as amended (19 U.S.C. 2483), and section 301 of title 3, United States Code",0
14235,2025-04103,President of the United States,"By the authority vested in me as President by the Constitution and the laws of the United States of America, it is hereby ordered:",0
14236,2025-04866,Constitution and U.S. law,"By the authority vested in me as President by the Constitution and the laws of the United States of America, it is hereby ordered:",0
14237,2025-04867,Constitution of the United States; laws of the United States,By the authority vested in me as President by the Constitution and the laws of the United States of America,0
14238,2025-04868,President of the United States,"By the authority vested in me as President by the Constitution and the laws of the United States of America, it is hereby ordered",0
14239,2025-04973,Presidential constitutional and statutory authority,"By the authority vested in me as President by the Constitution and the laws of the United States of America, it is hereby ordered:",0
14240,2025-05197,40 U.S.C. §101; 40 U.S.C. §501,"pursuant to 40 U.S.C. 101, 40 U.S.C. 501, or other relevant authorities",0
14240,2025-05197,40 U.S.C. §11302(e),pursuant to the authority in 40 U.S.C. 11302(e),0
14241,2025-05212,EO 14156 (National Energy Emergency declaration),"pursuant to Executive Order 14156 of January 20, 2025 (Declaring a National Energy Emergency)",0
14242,2025-05213,the Constitution,By the authority vested in me as President by the Constitution and the laws of the United States of America,0
14243,2025-05214,Executive Order 14192,Regulatory modifications pursuant to this order are exempt from Executive Order 14192.,0
14245,2025-05440,"International Emergency Economic Powers Act, National Emergencies Act, and 31 U.S.C. §301","by the authority vested in me as President by the Constitution and the laws of the United States of America, including the International Emergency Economic Powers Act (50 U.S.C. 1701 et seq.) (IEEPA), the National Emergencies Act (50 U.S.C. 1601 et seq.), and section 301 of title 3, United States Code",0
14247,2025-05522,Presidential constitutional and statutory authority,"By the authority vested in me as President by the Constitution and the laws of the United States of America, it is hereby ordered:",0
14248,2025-05523,President,It is the policy of my Administration to enforce Federal law and to protect the integrity of our election process.,0
14249,2025-05524,Secretary of the Treasury,"The Secretary of the Treasury is directed to minimize administrative barriers to accessing and using data to prevent fraud and improper payments by exercising the authority in 31 U.S.C. 3351 et seq. to waive the requirements of 5 U.S.C. 552(o), in consultation with the OMB Director, in any case or class of cases for computer matching activities, to the extent permissible by law.",0
14249,2025-05524,Heads of agencies with disbursing authority under 31 U.S.C. 3321(c),"The heads of agencies with disbursing authority under 31 U.S.C. 3321(c), including the Secretary of Defense, the Secretary of Homeland Security, and the Attorney General ... will work with the Secretary of the Treasury to delegate the performance of their disbursing activities, other than with respect to classified payments, to the Department of the Treasury's Chief Disbursing Officer",0
14250,2025-05845,Presidential authority under the U.S. Constitution and federal law,"By the authority vested in me as President by the Constitution and the laws of the United States of America, it is hereby ordered:",0
14253,2025-05838,U.S. Constitution,By the authority vested in me as President by the Constitution,0
14253,2025-05838,43 U.S.C. 1451 et seq.; 54 U.S.C. 100101 et seq.,"consistent with 43 U.S.C. 1451 et seq., 54 U.S.C. 100101 et seq.",0
14254,2025-05906,Better Online Ticket Sales Act (15 U.S.C. § 45c),"the Better Online Tickets Sales Act, 15 U.S.C. 45c",0
14254,2025-05906,Internal Revenue Code,the Internal Revenue Code,0
14255,2025-05908,Presidential constitutional and statutory authority,"By the authority vested in me as President by the Constitution and the laws of the United States of America, it is hereby ordered:",0
14256,2025-06027,International Emergency Economic Powers Act (IEEPA),by the authority vested in me as President,1
14256,2025-06027,"Trade Act of 1974, §604","section 604 of the Trade Act of 1974, as amended (19 U.S.C. 2483)",0
14257,2025-06063,International Emergency Economic Powers Act (IEEPA),including the International Emergency Economic Powers Act (50 U.S.C. 1701 et seq.)(IEEPA),0
14257,2025-06063,National Emergencies Act (NEA),the National Emergencies Act (50 U.S.C. 1601 et seq.)(NEA),0
14257,2025-06063,"section 604 of the Trade Act of 1974, as amended (19 U.S.C. 2483)","section 604 of the Trade Act of 1974, as amended (19 U.S.C. 2483)",0
14257,2025-06063,"section 301 of title 3, United States Code","section 301 of title 3, United States Code",0
14259,2025-06378,"IEEPA, National Emergencies Act, Trade Act of 1974, Title 3","by the authority vested in me as President by the Constitution and the laws of the United States of America, including the International Emergency Economic Powers Act (50 U.S.C. 1701 et seq.) (IEEPA), the National Emergencies Act (50 U.S.C. 1601 et seq.), section 604 of the Trade Act of 1974, as amended (19 U.S.C. 2483), and section 301 of title 3, United States Code",0
14260,2025-06379,stop enforcement of identified state laws,The Attorney General shall expeditiously take all appropriate action to stop the enforcement of State laws and continuation of civil actions identified in subsection (a) of this section,0
14261,2025-06380,National Energy Dominance Council (NEDC) Chair,The Chair of the National Energy Dominance Council (NEDC) shall designate coal as a ``mineral'' as defined in section 2 of Executive Order 14241,0
14261,2025-06380,Secretary of the Interior under the Mineral Leasing Acts,"The Secretary of the Interior, pursuant to the authorities in the Mineral Leasing Act of 1920, as amended and supplemented (30 U.S.C. 181 et seq.), the Mineral Leasing Act for Acquired Lands of 1947, as amended (30 U.S.C. 351‑359), and the Multiple Mineral Development Act of 1954 (30 U.S.C. 521‑531 et seq.)",0
14262,2025-06381,Constitution of the United States,By the authority vested in me as President by the Constitution and the laws of the United States of America,0
14262,2025-06381,Federal Power Act,section 202(c) of the Federal Power Act,0
14263,2025-06458,Executive Order 14230,"Nothing in this order shall be construed to limit the action authorized by section 4 of Executive Order 14230 of March 6, 2025",0
14264,2025-06459,President of the United States,"By the authority vested in me as President by the Constitution and the laws of the United States of America, it is hereby ordered:",0
14266,2025-06462,International Emergency Economic Powers Act (50 U.S.C. 1701 et seq.) (IEEPA),International Emergency Economic Powers Act (50 U.S.C. 1701 et seq.) (IEEPA),0
14266,2025-06462,National Emergencies Act (50 U.S.C. 1601 et seq.),National Emergencies Act (50 U.S.C. 1601 et seq.),0
14266,2025-06462,"section 604 of the Trade Act of 1974, as amended (19 U.S.C. 2483)","section 604 of the Trade Act of 1974, as amended (19 U.S.C. 2483)",0
14266,2025-06462,"section 301 of title 3, United States Code","section 301 of title 3, United States Code",0
14267,2025-06463,Constitution and the laws of the United States of America,By the authority vested in me as President by the Constitution and the laws of the United States of America,0
14268,2025-06464,National Security Presidential Memorandum 10 (April 19 2018),"Implement National Security Presidential Memorandum 10 of April 19, 2018 (United States Conventional Arms Transfer Policy), or any successor policy directive.",0
14269,2025-06465,Presidential constitutional and statutory authority,the authority vested in me as President by the Constitution and the laws of the United States of America,0
14270,2025-06466,delegates_authority,"This order directs certain agencies to incorporate a sunset provision into their regulations governing energy production to the extent permitted by law, thus compelling those agencies to reexamine their regulations periodically to ensure that those rules serve the public good.",0
14271,2025-06835,Approval authority (senior procurement executive),"the senior procurement executive, designated pursuant to 41 U.S.C. 1702(c), who is responsible for management direction of the acquisition system of an agency",0
14271,2025-06835,OMB Director,the Director of the Office of Management and Budget (OMB),0
14271,2025-06835,Administrator for Federal Procurement Policy,the Administrator for Federal Procurement Policy,0
14272,2025-06836,Section 232 of the Trade Expansion Act of 1962,"In light of the above risks and realities, an investigation under section 232 of the Act (section 232) is necessary …",0
14273,2025-06837,Constitution and the laws of the United States of America,By the authority vested in me as President by the Constitution and the laws of the United States of America,0
14273,2025-06837,Social Security Act (42 U.S.C. 1320f-1320f-7),consistent with sections 1191 to 1198 of the Social Security Act (42 U.S.C. 1320f-1320f-7),0
14275,2025-06839,Administrator of the Office of Federal Public Procurement Policy,"Within 180 days of the date of this order, the Administrator",1
14275,2025-06839,Director of the Office of Management and Budget,"Within 20 days of the date of this order, the Director of",1
14276,2025-07062,delegates_authority,"The Secretary of Commerce, in consultation with the Secretary of Health and Human Services and with input from the United States fishing industry, shall immediately consider suspending, revising, or rescinding regulations that overly burden America's commercial fishing, aquaculture, and fish processing industries at the fishery‑specific level",0
14276,2025-07062,delegates_authority,The Secretary of Commerce shall direct the National Marine Fisheries Service to incorporate less expensive and more reliable technologies and cooperative research programs into fishery assessments,0
14276,2025-07062,delegates_authority,The Secretary of Commerce shall consider,1
14277,2025-07368,Presidential constitutional and statutory authority,"By the authority vested in me as President by the Constitution and the laws of the United States of America, it is hereby ordered:",0
14278,2025-07369,Presidential constitutional and statutory authority,"By the authority vested in me as President by the Constitution and the laws of the United States of America, it is hereby ordered:",0
14279,2025-07376,the Constitution,By the authority vested in me as President by the Constitution and the laws of the United States of America,0
14279,2025-07376,"Higher Education Act of 1965, section 487A(b)",pursuant to section 487A(b) of the Higher Education Act of 1965 (20 U.S.C. 1094a(b)),0
14280,2025-07377,Executive Order of January 29 2025,"The definitions in the Executive Order of January 29, 2025 (Ending Radical Indoctrination in K‑12 Schooling), shall apply to this order",0
14281,2025-07378,"Presidential approvals of Title VI regulations (1966, 1973) – revoked","the Presidential approval of July 25, 1966, of the Department of Justice Title VI regulations",1
14282,2025-07379,Section 117 of the Higher Education Act of 1965 (20 U.S.C. §1011f),"Section 117 of the Higher Education Act of 1965, 20 U.S.C. 1011f, requires institutions of higher education to report significant sources of foreign funding",0
14282,2025-07379,31 U.S.C. §3729,certification of compliance ... is material for purposes of 31 U.S.C. 3729,0
14283,2025-07380,President of the United States,"By the authority vested in me as President by the Constitution and the laws of the United States of America, it is hereby ordered:",0
14284,2025-07469,Director of the Office of Personnel Management (OPM),The Director of OPM shall within 30 days of the date of this order prepare and publish a rule rescinding subpart H and making conforming amendments.,0
14285,2025-07470,Deep Seabed Hard Mineral Resources Act (30 U.S.C. 1401 et seq.),under the Deep Seabed Hard Mineral Resources Act (30 U.S.C. 1401 et seq.),0
14285,2025-07470,Outer Continental Shelf Lands Act (43 U.S.C. 1331 et seq.),under the Outer Continental Shelf Lands Act (43 U.S.C. 1331 et seq.),0
14285,2025-07470,Strategic and Critical Materials Stock Piling Act (50 U.S.C. 98 et seq.),under the Strategic and Critical Materials Stock Piling Act (50 U.S.C. 98 et seq.),0
14285,2025-07470,Defense Production Act (50 U.S.C. 4501 et seq.),the Defense Production Act (50 U.S.C. 4501 et seq.),0
14286,2025-07786,Presidential constitutional and statutory authority,"the authority vested in me as President by the Constitution and the laws of the United States of America, it is hereby ordered:",0
14287,2025-07789,Attorney General and Secretary of Homeland Security,Immediately following each publication ... the Attorney General and the Secretary of Homeland Security shall notify each sanctuary jurisdiction regarding its defiance of Federal immigration law enforcement and any potential violations of Federal criminal law,0
14287,2025-07789,Heads of executive departments or agencies,"the head of each executive department or agency ... shall identify appropriate Federal funds to sanctuary jurisdictions, including grants and contracts, for suspension or termination",0
14287,2025-07789,Attorney General and Secretary of Homeland Security,the Attorney General and the Secretary of Homeland Security shall pursue all necessary legal remedies and enforcement measures to end these violations and bring such jurisdictions into compliance with the laws of the United States,0
14287,2025-07789,Secretary of Homeland Security and Attorney General,"the Secretary of Homeland Security, in coordination with the Attorney General, shall develop guidance, rules, or other appropriate mechanisms to ensure",1
14287,2025-07789,Attorney General (in consultation with the Secretary of Homeland Security and appropriate agency heads),"the Attorney General, in consultation with the Secretary of Homeland Security and appropriate agency heads, shall identify and take appropriate action to stop the enforcement of State and local laws ... favoring aliens",0
14288,2025-07790,Attorney General,The Attorney General shall take all appropriate action to create a mechanism to provide legal resources and indemnification to law enforcement officers ...,0
14288,2025-07790,Attorney General and heads of executive departments and agencies,The Attorney General and other appropriate heads of executive departments and agencies (agencies) shall take all appropriate action to maximize the use of Federal resources ...,0
14288,2025-07790,Attorney General and Secretary of Defense (with DHS and other heads),"The Attorney General and the Secretary of Defense, in consultation with the Secretary of Homeland Security and the heads of agencies as appropriate, shall increase the provision of excess military and national security assets ...",0
14288,2025-07790,Secretary of Defense,"The Secretary of Defense, in coordination with the Attorney General, shall determine how military and national security assets ... can most effectively be utilized to prevent crime.",0
14288,2025-07790,Attorney General,The Attorney General shall pursue all necessary legal remedies and enforcement measures to enforce the rights of Americans impacted by crime ...,0
14288,2025-07790,Attorney General and Secretary of Homeland Security,The Attorney General and the Secretary of Homeland Security shall utilize the Homeland Security Task Forces (HSTFs) formed in accordance with Executive Order 14159 ...,0
14289,2025-07835,non‑stacking of tariffs,shall not be subject to additional tariffs on that article pursuant to the actions listed in sections 2(b) through 2(e) of this order.,0
14289,2025-07835,conditional additional tariffs between sections 2(d) and 2(e),"shall be subject to additional tariffs on that article pursuant to the actions listed in section 2(e) of this order, provided the article otherwise satisfies all conditions necessary for application of those additional",1
14289,2025-07835,"preservation of other duties, taxes, fees","Nothing in this order shall be interpreted to alter or limit the application of any duties, taxes, fees, or exactions other than those imposed pursuant to the actions listed in section 2 of this order.",0
14290,2025-08133,President of the United States,"By the authority vested in me as President by the Constitution and the laws of the United States of America, it is hereby ordered:",0
14291,2025-08134,President,There is hereby established the Religious Liberty Commission (Commission).,0
14291,2025-08134,President,The Commission shall be composed of up to 14 members appointed by the President.,0
14291,2025-08134,President,Members of the Commission shall serve without any compensation for their work on the Commission.,0
14291,2025-08134,Department of Justice,The Department of Justice shall provide such funding and administrative and technical support as the Commission may,1
14291,2025-08134,Commission,"The Commission shall produce a comprehensive report on the foundations of religious liberty in America, the impact of religious liberty on American society,",1
14292,2025-08266,"Executive Order 14292, Section 3(a)(i)","shall establish guidance for the heads of relevant agencies, to the extent consistent with the terms and conditions of the funding, to immediately: (i) end Federal funding of dangerous gain‑of‑function research conducted by foreign entities in countries of concern (e.g., China)",0
14292,2025-08266,"Executive Order 14292, Section 7(a)","The Secretary of Health and Human Services and the heads of other relevant agencies shall, consistent with existing laws and regulations, include in every life‑science research contract or grant award: (a) a term requiring the contractual counterparty or grant recipient to agree that its compliance ... is material to the Government's payment decisions",0
14293,2025-08267,Presidential constitutional and statutory authority,"By the authority vested in me as President by the Constitution and the laws of the United States of America, it is hereby ordered:",0
14294,2025-08681,Presidential authority under the Constitution and U.S. law,"the head of each agency, in consultation with the Attorney General, shall provide to the Director of the Office of Management and Budget (OMB) a report containing:",0
14294,2025-08681,Executive Order 12866 (Regulatory Planning and Review),"submitted to the Administrator of the Office of Information and Regulatory Affairs for the review applicable to significant regulatory actions under Executive Order 12866 of September 30, 1993",0
14295,2025-08682,Presidential constitutional and statutory authority,"By the authority vested in me as President by the Constitution and the laws of the United States of America, it is hereby ordered:",0
14296,2025-08683,Secretary of Housing and Urban Development,"The Secretary of Housing and Urban Development shall, in consultation with the Secretary, use vouchers to support homeless veterans",0
14296,2025-08683,Secretary of Veterans Affairs,"take appropriate action against individuals who have committed misconduct, making full use of … the Department of Veterans Affairs Accountability and Whistleblower Protection Act of 2017 (Public Law 115‑41)",0
14298,2025-09297,International Emergency Economic Powers Act (IEEPA),including the International Emergency Economic Powers Act (50 U.S.C. 1701 et seq.) (IEEPA),0
14298,2025-09297,National Emergencies Act,the National Emergencies Act (50 U.S.C. 1601 et seq.),0
14298,2025-09297,"section 604 of the Trade Act of 1974, as amended (19 U.S.C. 2483)","section 604 of the Trade Act of 1974, as amended (19 U.S.C. 2483)",0
14298,2025-09297,"section 301 of title 3, United States Code","section 301 of title 3, United States Code",0
14299,2025-09796,Presidential constitutional and statutory authority,"By the authority vested in me as President by the Constitution and the laws of the United States of America, it is hereby ordered:",0
14300,2025-09798,Executive Order 14158,"The NRC shall, in consultation with the NRC's DOGE Team (as defined in Executive Order 14158 of January 20, 2025 (Establishing and Implementing the President's ""Department of Government Efficiency""))",0
14300,2025-09798,Executive Order 14154,"in consultation with the Council on Environmental Quality, NRC regulations governing NRC's compliance with the National Environmental Policy Act to reflect the Congress's 2023 amendments to that statute and the policies articulated in sections 2 and 5 of Executive Order 14154 of January 20, 2025 (Unleashing American Energy)",0
14301,2025-09799,Section 2 definitions and Section 4(a) of EO 14301,the Secretary shall issue guidance regarding what counts as a qualified test reactor for purposes of this order.,0
14301,2025-09799,Section 4(b) of EO 14301,"the Secretary shall take appropriate action to revise the regulations, guidance, and procedures",1
14301,2025-09799,Section 4(c) of EO 14301,the Secretary shall establish a team,1
14301,2025-09799,Section 5(a) of EO 14301,The Secretary shall create a pilot program for reactor construction and operation outside the National Laboratories ...,0
14301,2025-09799,Section 6(a) of EO 14301,"The Secretary shall, in consultation with the Chair of the Council on Environmental Quality, take action to reform the Department's rules governing compliance with the National Environmental Policy Act (NEPA) ...",0
14301,2025-09799,Section 6(b) of EO 14301,"The Secretary shall, consistent with applicable law, use all available authorities to eliminate or expedite the Department's environmental reviews ...",0
14302,2025-09801,Defense Production Act of 1950 (50 U.S.C. 4558(c)(1)),section 708(c)(1) of the Defense Production Act of 1950 (DPA) (50 U.S.C. 4558(c)(1)),0
14302,2025-09801,42 U.S.C. 16271(b)(1)(A),as defined in 42 U.S.C. 16271(b)(1)(A),0
14302,2025-09801,Nuclear Fuel Security Act,the Nuclear Fuel Security Act,0
14302,2025-09801,Federal Credit Reform Act,subject to the requirements of the Federal Credit Reform Act,0
14302,2025-09801,Workforce Innovation and Opportunity Act (Public Law 113-128),Workforce Innovation and Opportunity Act (Public Law 113-128),0
14303,2025-09802,Presidential authority under 5 U.S.C. 7301,"the authority vested in me as President by the Constitution and the laws of the United States of America, including section 7301 of title 5, United States Code",0
14304,2025-10800,Presidential constitutional and statutory authority,"By the authority vested in me as President by the Constitution and the laws of the United States of America, it is hereby ordered",0
14305,2025-10803,49 U.S.C. § 44801,"the term ""unmanned aircraft systems"" or ""UAS"" has the meaning given in 49 U.S.C. 44801;",0
14305,2025-10803,42 U.S.C. § 5195c(e); NSM‑22,"the term ""critical infrastructure"" has the meaning given in 42 U.S.C. 5195c(e), and includes ... National Security Memorandum 22 of April 30, 2024",0
14305,2025-10803,6 U.S.C. § 650,"the term Sector Risk Management Agency or ""SRMA"" has the same meaning given in 6 U.S.C. 650",0
14305,2025-10803,"FAA Extension, Safety, and Security Act of 2016, § 2209(f)","rulemaking required by section 2209(f) of the FAA Extension, Safety, and Security Act of 2016, as amended",0
14306,2025-10804,International Emergency Economic Powers Act (50 U.S.C. 1701 et seq.),International Emergency Economic Powers Act (50 U.S.C. 1701 et seq.),0
14306,2025-10804,National Emergencies Act (50 U.S.C. 1601 et seq.),National Emergencies Act (50 U.S.C. 1601 et seq.),0
14306,2025-10804,section 212(f) of the Immigration and Nationality Act of 1952 (8 U.S.C. 1182(f)),section 212(f) of the Immigration and Nationality Act of 1952 (8 U.S.C. 1182(f)),0
14306,2025-10804,"section 301 of title 3, United States Code","section 301 of title 3, United States Code",0
14307,2025-10814,Presidential constitutional and statutory authority,By the authority vested in me as President by the Constitution and the laws of the United States of America,0
14307,2025-10814,44 U.S.C. 3502(1),the term ``agency'' has the meaning given to the term in 44 U.S.C. 3502(1),0
14307,2025-10814,49 U.S.C. 44801(12),the terms ``unmanned aircraft system'' and ``drone'' have the meaning given to the term ``unmanned aircraft system'' in 49 U.S.C. 44801(12),0
14307,2025-10814,FY 2020 NDAA (Public Law 116-92),section 848 of the National Defense Authorization Act for Fiscal Year 2020 (``FY 2020 NDAA'') (Public Law 116-92),0
14307,2025-10814,OMB Memorandum M-25-21,guidance on Federal use of AI as detailed in Office of Management and Budget Memorandum M-25-21,0
14308,2025-11358,Presidential constitutional and statutory authority,"By the authority vested in me as President by the Constitution and the laws of the United States of America, it is hereby ordered:",0
14309,2025-11473,establishes annual tariff‑rate quota for UK automobiles with a combined 10 % tariff,"I hereby establish an annual tariff-rate quota of 100,000 automobiles ... shall instead be subject to a 7.5 percent tariff, in addition to the most-favored-nation rate for automobiles of 2.5 percent, for a combined tariff of 10 percent.",0
14309,2025-11473,sets 10 % tariff on UK automotive parts used in UK‑origin automobiles,"automotive parts ... shall instead be subject to a total tariff of 10 percent (including any most-favored-nation tariffs), provided that they are products of the United Kingdom and are for use in automobiles that are products of the United Kingdom.",0
14309,2025-11473,"removes aerospace tariffs previously imposed by EO 14257, Proclamation 9704 and Proclamation 9705","the tariffs imposed through the following Presidential actions and subsequent amendments to those actions shall no longer apply, as of the date of publication of the Federal Register notice described in subsection (b) of this section: (i) Executive Order 14257, as amended; (ii) Proclamation 9704, as amended; and (iii) Proclamation 9705, as amended.",0
14309,2025-11473,directs future design and establishment of a tariff‑rate quota for UK aluminum articles,"the Secretary shall design and establish a tariff-rate quota for aluminum articles and derivative aluminum articles that are products of the United Kingdom, consistent with the General",1
14309,2025-11473,directs future design and establishment of a tariff‑rate quota for UK steel articles,"the Secretary shall design and establish a tariff-rate quota for steel articles and derivative steel articles that are products of the United Kingdom, consistent with the General",1
14310,2025-11682,Attorney General,The Attorney General shall exercise all available authority to preserve and defend the Executive's exclusive authority to enforce the Act.,0
14311,2025-12505,President,"the Office for Special Peace Missions shall be headed by a Special Envoy for Peace Missions, who shall be appointed by the President.",0
14312,2025-12506,International Emergency Economic Powers Act,including the International Emergency Economic Powers Act (50 U.S.C. 1701 et seq.),0
14312,2025-12506,National Emergencies Act,the National Emergencies Act (50 U.S.C. 1601 et seq.) (NEA),0
14312,2025-12506,Syria Accountability Act,the Syria Accountability Act,0
14312,2025-12506,Caesar Act,the Caesar Act,0
14312,2025-12506,Chemical and Biological Weapons Control and Warfare Elimination Act,the CBW Act,0
14314,2025-12775,revokes_or_amends,"The Presidential Memorandum of January 12, 2017 (Promoting Diversity and Inclusion in Our National Parks, National Forests, and Other Public Lands and Waters), is hereby revoked.",0
14315,2025-12961,Presidential constitutional and statutory authority,"By the authority vested in me as President by the Constitution and the laws of the United States of America, it is hereby ordered:",0
14316,2025-12962,"President (IEEPA, NEA, Trade Act, etc.)","By the authority vested in me as President by the Constitution and the laws of the United States of America, including the International Emergency Economic Powers Act (50 U.S.C. 1701 et seq.) (IEEPA), the National Emergencies Act (50 U.S.C. 1601 et seq.), section 604 of the Trade Act of 1974, as amended (19 U.S.C. 2483), and section 301 of title 3, United States Code",0
14317,2025-13925,"Constitution and title 5 U.S.C. sections 3301, 3302, and 7511","including sections 3301, 3302, and 7511 of title 5, United States Code",0
14318,2025-14212,revokes_or_amends,"Sec. 4. Revocation of Executive Order 14141. Executive Order 14141 of January 14, 2025 (Advancing United States Leadership in Artificial Intelligence Infrastructure), is hereby revoked.",0
14319,2025-14217,Constitution,by the Constitution,0
14319,2025-14217,laws of the United States of America,the laws of the United States of America,0
14320,2025-14218,"Section 301 of Title 3, United States Code","By the authority vested in me as President by the Constitution and the laws of the United States of America, including section 301 of title 3, United States Code",0
14320,2025-14218,"Chapter 58 of Title 50, United States Code","including chapter 58 of title 50, United States Code, and relevant guidance from the Bureau of Industry and Security within the Department of Commerce",0
14320,2025-14218,Presidential Memorandum of June 21 2024,"the Economic Diplomacy Action Group (EDAG), established in the Presidential Memorandum of June 21, 2024",0
14320,2025-14218,Section 708 of the Championing American Business Through Diplomacy Act of 2019 (CABDA),as described in section 708 of the Championing American Business Through Diplomacy Act of 2019 (Title VII of Division J of Public Law 116‑94) (CABDA),0
14320,2025-14218,Section 708(c)(3) of CABDA,I delegate to the Administrator of the Small Business Administration and the Director of OSTP the authority under section 708(c)(3) of CABDA,0
14321,2025-14391,reversal of judicial precedents and termination of consent decrees,"seek, in appropriate cases, the reversal of Federal or State judicial precedents and the termination of consent decrees that impede the United States' policy of encouraging civil commitment",0
14322,2025-14392,Executive branch policy prohibiting third‑party pay‑for‑play payments,"It is the policy of the executive branch that third‑party, pay‑for‑play payments to collegiate athletes are improper and should not be permitted by universities",0
14322,2025-14392,Executive branch policy to preserve and expand women’s and non‑revenue college sports,"It is the policy of the executive branch that opportunities for scholarships and collegiate athletic competition in women's and non‑revenue sports must be preserved and, where possible, expanded",0
14323,2025-14896,Secretary of State (and listed officials) – reporting to Congress,"The Secretary of State, in consultation with the Secretary of the Treasury, the Secretary of Commerce, the Secretary of Homeland Security, the United States Trade Representative, the Assistant to the President for National Security Affairs, the Assistant to the President for Economic Policy, and the Assistant to the President and Senior Counselor for Trade and Manufacturing, is hereby authorized and directed to submit recurring and final reports to the Congress on the national emergency declared in, and authorities exercised by, this order",0
14324,2025-14897,IEEPA and NEA,"by the authority vested in me as President … including the International Emergency Economic Powers Act (50 U.S.C. 1701 et seq.) (IEEPA), the National Emergencies Act (50 U.S.C. 1601 et seq.)",0
14325,2025-14999,International Emergency Economic Powers Act (50 U.S.C. 1701 et seq.),including the International Emergency Economic Powers Act (50 U.S.C. 1701 et seq.) (IEEPA),0
14325,2025-14999,National Emergencies Act (50 U.S.C. 1601 et seq.),the National Emergencies Act (50 U.S.C. 1601 et seq.),0
14325,2025-14999,"Trade Act of 1974, section 604 (19 U.S.C. 2483)","section 604 of the Trade Act of 1974, as amended (19 U.S.C. 2483)",0
14325,2025-14999,"Title 3, United States Code, section 301","section 301 of title 3, United States Code",0
14326,2025-15010,"IEEPA, National Emergencies Act, Trade Act of 1974, Title 3",by the authority vested in me,1
14328,2025-15193,President of the United States,"By the authority vested in me as President by the Constitution and the laws of the United States of America, and in anticipation of the 2028 Summer Olympics, it is hereby ordered:",0
14329,2025-15267,President,I hereby determine and order:,0
14330,2025-15340,Department of Labor's December 21 2021 Supplemental Private Equity Statement,"consider whether to rescind the Department of Labor's December 21, 2021, Supplemental Private Equity Statement.",0
14333,2025-15550,President,I determine that special conditions of an emergency nature exist that require the use of the Metropolitan Police Department of the District of Columbia (Metropolitan Police force) for Federal purposes,0
14334,2025-15554,"IEEPA, National Emergencies Act, Trade Act of 1974, Title 3","by the authority vested in me as President by the Constitution and the laws of the United States of America, including the International Emergency Economic Powers Act (50 U.S.C. 1701 et seq.) (IEEPA), the National Emergencies Act (50 U.S.C. 1601 et seq.), section 604 of the Trade Act of 1974, as amended (19 U.S.C. 2483), and section 301 of title 3, United States Code",0
14335,2025-15822,"Secretary of Transportation's existing statutory and regulatory powers, including 51 U.S.C. 50905(b)(2)(C) and NEPA exemptions",use all available authorities to eliminate or expedite the Department of Transportation's environmental reviews ...,0
14335,2025-15822,Regulatory authority over Title 14 CFR Part 450,"The Secretary of Transportation shall reevaluate, amend, or rescind ... the regulations at Part 450 of title 14, Code of Federal Regulations.",0
14336,2025-15823,Presidential constitutional and statutory authority,"By the authority vested in me as President by the Constitution and the laws of the United States of America, it is hereby ordered:",0
14337,2025-15824,Constitution and the laws of the United States of America,By the authority vested in me as President by the Constitution and the laws of the United States of America,0
14339,2025-16614,references EO 14333,"In furtherance of Executive Order 14333 of August 11, 2025 (Declaring a Crime Emergency in the District of Columbia), I am now ordering further actions to address the conditions described in that Executive Order",0
14339,2025-16614,references EO 14252,"The D.C. Safe and Beautiful Task Force established in Executive Order 14252 of March 27, 2025 (Making the District of Columbia Safe and Beautiful)",0
14340,2025-16615,Executive departments and agencies,Nothing in this order shall be construed to impair or otherwise affect,1
14342,2025-16618,President,"Federal policies and resources should not be used to support jurisdictions with cashless bail policies, to the maximum extent permitted by law.",0
14343,2025-16924,EO 12171,"Executive Order 12171 of November 19, 1979, as amended, is further amended by:",0
14344,2025-16928,President of the United States,"By the authority vested in me as President by the Constitution and the laws of the United States of America, it is hereby ordered:",0
14345,2025-17389,Secretary of Commerce and Secretary of Homeland Security,The Secretary and the Secretary of Homeland Security are directed and authorized to take all necessary actions,0
14345,2025-17389,"Secretary of Commerce (and Secretary of Homeland Security, in consultation with the ITC and CBP)","Within 7 days of the date of publication of this order in the Federal Register, the Secretary ... shall publish a notice",0
14346,2025-17507,modify HTSUS,the Harmonized Tariff Schedule of the United States (HTSUS) shall be modified as provided in Annex I to this order,0
14347,2025-17508,Presidential authority under the U.S. Constitution and federal law,"By the authority vested in me as President by the Constitution and the laws of the United States of America, it is hereby ordered:",0
14348,2025-17509,Robert Levinson Hostage Recovery and Hostage‑Taking Accountability Act,including the Robert Levinson Hostage Recovery and Hostage‑Taking Accountability Act (22 U.S.C. 1741 et seq.) (Levinson Act),0
14348,2025-17509,International Emergency Economic Powers Act,imposing sanctions available under the International Emergency Economic Powers Act (50 U.S.C. 1701 et seq.),0
14348,2025-17509,"Foreign Operations, and Related Programs Appropriations Act, 2024","making designations under section 7031(c) of the Department of State, Foreign Operations, and Related Programs Appropriations Act, 2024 (division F of Public Law 118‑47; 8 U.S.C. 1182 note)",0
14348,2025-17509,Immigration and Nationality Act,applying inadmissibility available under the Immigration and Nationality Act (8 U.S.C. 1101 et seq.),0
14348,2025-17509,Executive Order 11295,"imposing geographic travel restrictions prohibiting the use of a United States passport for travel to or through the designated country under 22 U.S.C. 211a, Executive Order 11295 of August 5, 1966 (Rules Governing the Granting, Issuing, and Verifying of United States Passports), and 22 CFR 51.63(a)(3)",0
14348,2025-17509,Foreign Assistance Act of 1961,restricting assistance provided to the government of the country under the Foreign Assistance Act of 1961 (22 U.S.C. 2151 et seq.),0
14348,2025-17509,Arms Export Control Act,"restricting the export of certain goods to the country under the Arms Export Control Act (22 U.S.C. 2751 et seq.), the Export Control Reform Act of 2018 (50 U.S.C. 4801 et seq.)",0
14348,2025-17509,Export Control Reform Act of 2018,"the Arms Export Control Act (22 U.S.C. 2751 et seq.), the Export Control Reform Act of 2018 (50 U.S.C. 4801 et seq.)",0
14349,2025-18479,Constitution of the United States,"by the authority vested in me as President by the Constitution and the laws of the United States of America, including section 9A of the RLA",0
14349,2025-18479,section 9A of the Railway Labor Act (45 U.S.C. 159a),"by the authority vested in me as President by the Constitution and the laws of the United States of America, including section 9A of the RLA",0
14350,2025-18482,Department of Justice shall not enforce the Act during the extended period,"During this period, the Department of Justice shall take no action to enforce the Protecting Americans from Foreign Adversary Controlled Applications Act (the ``Act'') ...",0
14351,2025-18602,Constitution and the laws of the United States of America,By the authority vested in me as President by the Constitution and the laws of the United States of America,0
14352,2025-19139,revokes Presidential Memorandum of July 24 2024,"The Presidential Memorandum of July 24, 2024 (Delegation of Authority Under the Protecting Americans from Foreign Adversary Controlled Applications Act), is hereby revoked.",0
14352,2025-19139,amends Section 2(b) of the Divestment Order (August 14 2020 Order),"Section 2(b) of the Divestment Order is amended to read as follows in its entirety: ``The prohibition in subsection (a) of this section shall cease to be in effect if the Committee on Foreign Investment in the United States (CFIUS) executes an agreement with certain investors, consistent with the Executive Order of September 25, 2025 (Saving TikTok While Protecting National Security).''.",0
14352,2025-19139,amends Section 2(g) of the Divestment Order,"Section 2(g) of the Divestment Order is redesignated as section 2(c) and amended to read as follows in its entirety: ``Without limitation on the exercise of authority by any agency under other provisions of law, the Attorney General, in consultation with CFIUS, is authorized to implement measures the Attorney General deems necessary and appropriate to verify compliance with the agreement described in subsection (b) of this section.''.",0
14352,2025-19139,strikes and redesignates sections of the Divestment Order,"Sections 2(d) and 2(e) of the Divestment Order are stricken, and sections 2(f), 2(h), and 2(i) of the Divestment Order are redesignated as sections 2(d), 2(e), and 2(f), respectively.",0
14353,2025-19483,"Secretary of War, in coordination with the Secretary of State and the Director of National Intelligence","The Secretary of War, in coordination with the Secretary of State and the Director of National Intelligence, shall maintain joint contingency planning with the State of Qatar",0
14353,2025-19483,Secretary of State,The Secretary of State shall reaffirm this assurance to the State of Qatar and coordinate with allies and partners to ensure complementary measures of support.,0
14354,2025-19485,President of the United States,"By the authority vested in me as President by the Constitution and the laws of the United States of America, and consistent with chapter 10 of title 5, United States Code (commonly known as the Federal Advisory Committee Act), it is hereby ordered:",0
14355,2025-19495,Executive departments and agencies,"Nothing in this order shall be construed to impair or otherwise affect: (i) the authority granted by law to an executive department or agency, or the head thereof;",0
14356,2025-19614,Merit Hiring Plan,"Any Federal hiring shall be consistent with the Merit Hiring Plan issued by the Assistant to the President for Domestic Policy and the Director of the Office of Personnel Management (OPM) on May 29, 2025, pursuant to Executive Order 14170 of January 20, 2025",0
14357,2025-19825,"International Emergency Economic Powers Act, National Emergencies Act, Trade Act of 1974, and Title 3","by the authority vested in me as President by the Constitution and the laws of the United States of America, including the International Emergency Economic Powers Act (50 U.S.C. 1701 et seq.) (IEEPA), the National Emergencies Act (50 U.S.C. 1601 et seq.), section 604 of the Trade Act of 1974, as amended (19 U.S.C. 2483), and section 301 of title 3, United States Code",0
14358,2025-19826,"delegated authority to implement the order, including rulemaking and use of IEEPA powers","the Secretary of the Treasury, the Secretary of Commerce, the Secretary of Homeland Security, and the United States Trade Representative are directed and authorized to take such actions, including adopting rules, regulations, or guidance, and to employ all powers granted to the President",0
14359,2025-20406,delegated to HHS Secretary,"The Secretary of Health and Human Services shall, within 180 days of the date of this order, take appropriate action to:",0
14360,2025-21203,President,"By the authority vested in me as President by the Constitution and the laws of the United States of America, including the International Emergency Economic Powers Act (50 U.S.C. 1701 et seq.) (IEEPA), the National Emergencies Act (50 U.S.C. 1601 et seq.), section 604 of the Trade Act of 1974, as amended (19 U.S.C. 2483), and section 301 of title 3, United States Code, it is hereby ordered:",0
14362,2025-21664,Immigration and Nationality Act (INA),"including the Immigration and Nationality Act (8 U.S.C. 1101 et seq.) (INA), and the International Emergency Economic Powers Act (50 U.S.C. 1701 et seq.) (IEEPA)",0
14362,2025-21664,International Emergency Economic Powers Act (IEEPA),"including the Immigration and Nationality Act (8 U.S.C. 1101 et seq.) (INA), and the International Emergency Economic Powers Act (50 U.S.C. 1701 et seq.) (IEEPA)",0
14363,2025-21665,the Constitution and the laws of the United States of America,By the authority vested in me as President by the Constitution and the laws of the United States of America,0
14366,2025-23093,Administrative Procedure Act (APA) (5 U.S.C. 551 et seq.),Consistent with the Administrative Procedure Act (APA) (5 U.S.C. 551 et seq.),0
14366,2025-23093,Investment Advisers Act of 1940 (15 U.S.C. 80b‑1 et seq.),the Investment Advisers Act of 1940 (15 U.S.C. 80b‑1 et seq.),0
14366,2025-23093,Federal Trade Commission Act (15 U.S.C. 41 et seq.),the Federal Trade Commission Act (15 U.S.C. 41 et seq.),0
14366,2025-23093,Employee Retirement Income Security Act of 1974 (ERISA) (29 U.S.C. 1001 et seq.),the Employee Retirement Income Security Act of 1974 (ERISA) (29 U.S.C. 1001 et seq.),0
14368,2025-23844,President of the United States,"By the authority vested in me as President by the Constitution and the laws of the United States of America, it is hereby ordered:",0
14369,2025-23845,revokes EO 14056,"This order supersedes Executive Order 14056 of December 1, 2021 (The National Space Council), which is hereby revoked.",0
14370,2025-23846,Attorney General,The Attorney General shall take all necessary steps to complete the rulemaking process related to rescheduling marijuana to Schedule III of the CSA in the most expeditious manner,0
14370,2025-23846,"Assistant to the President and Deputy Chief of Staff for Legislative, Political, and Public Affairs","The Assistant to the President and Deputy Chief of Staff for Legislative, Political, and Public Affairs shall work with the Congress to update the statutory definition of final hemp‑derived cannabinoid products",0
14370,2025-23846,"Secretary of Health and Human Services, Commissioner of Food and Drugs, Administrator of the Centers for Medicare and Medicaid Services, Director of the National Institutes of Health",shall develop research methods and models utilizing real‑world evidence to improve access to hemp‑derived cannabinoid products,0
14371,2025-23847,Presidential authority under the Constitution and the laws of the United States,"All executive departments and agencies of the Federal Government shall be closed and their employees excused from duty on Wednesday, December 24, 2025, and Friday, December 26, 2025",0
14372,2026-00554,Defense Production Act,available enforcement actions under the Defense Production Act (50 U.S.C. 4501 et seq.),0
14372,2026-00554,SEC Rule 10b‑18,The Chairman of the Securities and Exchange Commission shall consider whether to adopt amended regulations governing stock buy‑backs under Rule 10b‑18,0
14373,2026-00831,National emergency declaration under IEEPA and NEA,I hereby declare a national emergency to deal with that threat.,0
14374,2026-01061,Section 9A(e) of the Railway Labor Act,"Section 9A(e) of the RLA provides that the President, upon such request, shall appoint a second emergency board to investigate and report on the disputes",0
14375,2026-01271,International Organizations Immunities Act (22 U.S.C. 288),including section 1 of the International Organizations Immunities Act (22 U.S.C. 288),0
14376,2026-01424,Secretary of the Treasury,"Within 30 days of the date of this order, the Secretary of the Treasury shall develop, in consultation with the Assistant to the President for Economic Policy, definitions of ``large institutional investor'' and ``single-family home'' for the purpose of implementing this order",0
14376,2026-01424,"Secretary of Agriculture, Secretary of Housing and Urban Development, Secretary of Veterans Affairs, Administrator of General Services, Director of the Federal Housing Finance Agency","Within 60 days of the date of this order, the Secretary of Agriculture, the Secretary of Housing and Urban Development, the Secretary of Veterans Affairs, the Administrator of General Services, and the Director of the Federal Housing Finance Agency, as appropriate, shall issue guidance to:",0
14376,2026-01424,Secretary of the Treasury,"The Secretary of the Treasury shall review the rules and guidance that relate to large institutional investors acquiring or holding single-family homes and consider revising them, in accordance with applicable law, if appropriate to advance the policy set forth in section 1 of this order",0
14376,2026-01424,Attorney General and Chairman of the Federal Trade Commission,"The Attorney General and the Chairman of the Federal Trade Commission shall review substantial acquisitions, including series of acquisitions, by large institutional investors of single-family homes in local single-family housing markets for anti‑competitive effects and prioritize enforcement of the antitrust laws, as appropriate, against coordinated vacancy and pricing strategies by large institutional investors in local single-family home rental markets",0
14376,2026-01424,Secretary of Housing and Urban Development,"The Secretary of Housing and Urban Development shall, to the maximum extent permitted by law, require owners and managing agents of single-family home rentals participating in Federal housing assistance programs to disclose to the Department of Housing and Urban Development direct or indirect owners, managers, or affiliates, including changes in ownership or control of single-family rentals, to the extent necessary to determine any involvement of large institutional investors",0
14376,2026-01424,"Deputy Chief of Staff for Legislative, Political and Public Affairs","The Deputy Chief of Staff for Legislative, Political and Public Affairs shall prepare a legislative recommendation to codify the policy set forth in section 1 of this order so that large institutional investors do not acquire single-family homes that could otherwise be purchased by families",0
14377,2026-01871,"National Environmental Protection Act, Endangered Species Act, National Historic Preservation Act","the heads of relevant executive departments and agencies (agencies) shall seek to use all authorities available under Federal environmental, historic preservation, natural resource laws, or other similar laws, including the National Environmental Protection Act (42 U.S.C. 4321 et seq.), the Endangered Species Act (16 U.S.C. 1531 et seq.), and the National Historic Preservation Act (54 U.S.C. 300101 et seq.)",0
14378,2026-01872,Constitution,By the authority vested in me as President by the Constitution,0
14378,2026-01872,Federal Advisory Committee Act (5 U.S.C. chapter 10),"consistent with chapter 10 of title 5, United States Code (commonly known as the Federal Advisory Committee Act)",0
14380,2026-02250,supersedes prior provisions,Any provision of previous proclamations and Executive Orders that is inconsistent with the actions directed in this order is superseded to the extent of such inconsistency.,0
14382,2026-02813,President,"I may modify this order, including in light of additional information, recommendations from senior officials, or changed circumstances",0
14384,2026-02818,"IEEPA, National Emergencies Act, Trade Act of 1974, and other statutes","By the authority vested in me as President by the Constitution and the laws of the United States of America, including the International Emergency Economic Powers Act (50 U.S.C. 1701 et seq.) (IEEPA), the National Emergencies Act (50 U.S.C. 1601 et seq.), section 604 of the Trade Act of 1974, as amended (19 U.S.C. 2483), and section 301 of title 3, United States Code",0
14387,2026-03628,Executive Order 13603,"Notwithstanding Executive Order 13603 of March 16, 2012 (National Defense Resources Preparedness), the authority of the President conferred by section 101 of the Act ... is delegated to the Secretary of Agriculture …",0
14388,R1-2026-03829,revokes_or_amends,Section 2 of Executive Order 14324 is revised to read as follows:,0
14388,R1-2026-03829,delegates_authority,The Secretary of Homeland Security is directed and authorized to take all necessary actions to implement and effectuate this order,0
14389,2026-03832,International Emergency Economic Powers Act (50 U.S.C. 1701 et seq.),including the International Emergency Economic Powers Act (50 U.S.C. 1701 et seq.) (IEEPA),0
14389,2026-03832,National Emergencies Act (50 U.S.C. 1601 et seq.),the National Emergencies Act (50 U.S.C. 1601 et seq.),0
14389,2026-03832,"Trade Act of 1974, section 604 (19 U.S.C. 2483)","section 604 of the Trade Act of 1974, as amended (19 U.S.C. 2483)",0
14389,2026-03832,"Title 3, United States Code, section 301","section 301 of title 3, United States Code",0
14390,2026-04826,President,"by the authority vested in me as President by the Constitution and the laws of the United States of America, it is hereby ordered:",0
14393,2026-05384,Presidential constitutional and statutory authority,"By the authority vested in me as President by the Constitution and the laws of the United States of America, it is hereby ordered:",0
14394,2026-05388,primary_topic,Removing Regulatory Barriers to Affordable Home Construction,0
14395,2026-05497,Vice President – Chairman,The Vice President of the United States shall serve as the Chairman of the Task Force.,0
14395,2026-05497,FTC Chairman – Vice Chairman,"The Chairman of the Federal Trade Commission shall serve as Vice Chairman of the Task Force, shall preside over the Task Force at the direction of the Chairman or in his absence, and shall exercise all powers of the Chairman herein defined at his direction or in his absence.",0
14395,2026-05497,Assistant to the President for Homeland Security – Senior Advisor,The Assistant to the President for Homeland Security shall serve as the Senior Advisor to the Task Force.,0
14396,2026-05867,the Constitution and the laws of the United States of America,By the authority vested in me as President by the Constitution and the laws of the United States of America,0
14398,2026-06286,Director of the Office of Management and Budget,The Director of the Office of Management and Budget shall issue guidance to contracting agencies,0
14398,2026-06286,Attorney General (in consultation with relevant contracting agencies),"The Attorney General, in consultation with relevant contracting agencies, shall",1
14399,2026-06601,"Presidential authority under the Constitution and federal statutes (Help America Vote Act, National Voter Registration Act)","By the authority vested in me as President by the Constitution and the laws of the United States of America, including the Help America Vote Act of 2002 ... the National Voter Registration Act of 1993 ...",0
14400,2026-06961,interstate intercollegiate athletic governing body,"the interstate intercollegiate athletic governing body for higher education institutions should, in consultation with student‑athletes and in its discretion, update or clarify its rules before August 1, 2026, as appropriate, to adequately protect opportunities for scholarships and collegiate athletic competition in women's and Olympic sports and ensure the financial stability of higher education institutions, including by establishing the following, to the extent permitted by law and applicable court orders:",0
14402,2026-08900,Presidential constitutional and statutory authority,"By the authority vested in me as President by the Constitution and the laws of the United States of America, it is hereby ordered:",0
14403,2026-08908,Executive Order policy statement,"It is the policy of the United States to promote high‑quality, low‑cost individual retirement accounts (IRAs) offered by private‑sector financial institutions that meet objective standards of cost, transparency, and fiduciary responsibility.",0
14404,2026-09173,International Emergency Economic Powers Act (50 U.S.C. 1701 et seq.),International Emergency Economic Powers Act (50 U.S.C. 1701 et seq.) (IEEPA),0
14404,2026-09173,National Emergencies Act (50 U.S.C. 1601 et seq.),National Emergencies Act (50 U.S.C. 1601 et seq.) (NEA),0
14404,2026-09173,Immigration and Nationality Act section 212(f) (8 U.S.C. 1182(f)),section 212(f) of the Immigration and Nationality Act of 1952 (8 U.S.C. 1182(f)),0
14404,2026-09173,"28 U.S.C. § 301 (title 3, United States Code)","section 301 of title 3, United States Code",0
14406,2026-10400,Defines which agencies are considered Federal functional financial regulators for purposes of this order.,"The term ""Federal functional financial regulator"" means the Board of Governors of the Federal Reserve System, the Office of the Comptroller of the Currency, the Federal Deposit Insurance Corporation, and the National Credit Union Administration.",0
14407,2026-11180,Constitution of the United States,By the authority vested in me as President by the Constitution and the laws of the United States of America,0
14408,2026-11181,rescinds Executive Order 11644,Executive Order 11644 and Executive Order 11989 are hereby rescinded.,0
14408,2026-11181,rescinds Executive Order 11989,Executive Order 11644 and Executive Order 11989 are hereby rescinded.,0
14410,2026-11594,Civil Service Rule I,Civil Service Rule I is amended by removing the text of 5 CFR 1.3(d),0
14410,2026-11594,Civil Service Rule III,Civil Service Rule III is amended by adding at the end of 5 CFR 3.1(a) a new paragraph 5,0
14410,2026-11594,5 CFR 6.2,5 CFR 6.2 is amended by,1
14410,2026-11594,5 CFR 6.8,5 CFR 6.8 is amended by adding a new subsection (e) to read: ``(e) An employee in the competitive service serving a probationary period when his position is first listed under Schedule Policy/Career ... shall acquire competitive status upon satisfactorily completing 1 year of current continuous service in that position.'',0
14410,2026-11594,Civil Service Rule XI,Civil Service Rule XI is amended by revising 5 CFR 11.3(a) by removing the period at the end and inserting ...,0
14410,2026-11594,Schedule Policy/Career placement,The positions set forth in the Appendix to this order are hereby placed in Schedule Policy/Career of the excepted service.,0
14410,2026-11594,Agency bonus pool for Schedule Policy/Career employees,"the head of each agency with employees in Schedule Policy/Career is directed to set aside a separate bonus pool, and use existing award authorities, to ensure that Schedule Policy/Career employees are appropriately recognized and rewarded for outstanding work.",0
14410,2026-11594,Presidential award program for Schedule Policy/Career employees,The Director of the Office of Personnel Management shall promptly initiate a rulemaking pursuant to 5 U.S.C. 4504 and 4506 to create a Presidential award program for Schedule Policy/Career employees.,0
14411,2026-11595,"19 U.S.C. §§ 66, 1484, 1498, 1623, 1624, 4320","pursuant to 19 U.S.C. 66, 1484, 1498, 1623, 1624, and 4320",0
14412,2026-12909,Secretary of State,"The Secretary of State shall work with the Director of NIST, the Secretary of Homeland Security, the National Cyber Director, the Secretary of War, and the Director of National Intelligence (DNI) to identify and engage foreign governments and industry groups in key countries to encourage their transition to PQC algorithms standardized by NIST",0
14413,2026-12910,the Constitution and the laws of the United States of America,By the authority vested in me as President by the Constitution and the laws of the United States of America,0
14413,2026-12910,National Quantum Initiative Act,"In 2018, I laid the foundation for United States leadership in QIST by signing into law the National Quantum Initiative Act",0
14414,2026-13254,Presidential constitutional and statutory authority,"By the authority vested in me as President by the Constitution and the laws of the United States of America, it is hereby ordered:",0
14415,2026-15003,Presidential constitutional and statutory authority,"By the authority vested in me as President by the Constitution and the laws of the United States of America, it is hereby ordered:",0
14418,2026-16403,International Emergency Economic Powers Act (50 U.S.C. 1701 et seq.),"International Emergency Economic Powers Act, 50 U.S.C. 1701 et seq.",0
14418,2026-16403,8 U.S.C. 1189,designated Foreign Terrorist Organization under 8 U.S.C. 1189,0
14419,2026-16404,delegated,"the authority granted to the President under section 215(a) of the Immigration and Nationality Act, 8 U.S.C. 1185(a), is hereby delegated to the Secretary of State and the Secretary of Homeland Security to the extent necessary to implement this order",0
14420,2026-16730,Constitution of the United States and United States federal law,By the authority vested in me as President by the Constitution and the laws of the United States of America,0
14421,2026-17843,Secretary of Energy,"The Secretary is hereby authorized to take such actions, including directing the timing and manner of the cessation of pending and future transactions prohibited pursuant to section 1 of this order, ordering the replacement of equipment posing an unacceptable risk to national security, adopting appropriate rules and regulations, and employing all other powers granted to the President by IEEPA, as may be necessary to implement this order.",0
14422,2026-18020,Presidential constitutional and statutory authority,"By the authority vested in me as President by the Constitution and the laws of the United States of America, it is hereby ordered:",0
14423,2026-18141,President,The Administrator of the National Aeronautics and Space Administration (NASA) shall serve as Chair of the Commission.,0
