eo_number,document_number,due_description,due_date,responsible_party,source_quote,quote_trimmed
12892,94-1532,Within 180 days of the publication of final regulations,,head of each executive agency,"Within 180 days of the publication of final regulations by the Secretary of Housing and Urban Development under section 4-401 of this order, the head of each executive agency shall publish proposed regulations",0
12892,94-1532,at least 30 days prior to public announcement,,executive agencies,All executive agencies shall formally submit all such proposed and final regulations ... to the Secretary of Housing and Urban Development at least 30 days prior to public announcement,0
12893,94-2261,"by March 15, 1994",1994-03-15,Executive departments and agencies,"Agencies shall submit initial plans to implement these principles to the Director of the Office of Management and Budget (``OMB'') by March 15, 1994.",0
12898,94-3685,Creation of the Interagency Working Group on Environmental Justice,,EPA Administrator (or designee),Within 3 months of the date of this order,0
12898,94-3685,Identify internal administrative process for agency‑wide strategy,,All Federal agencies,Within 4 months of the date of this order,0
12898,94-3685,Provide Working Group with outline of proposed strategy,,All Federal agencies,Within 6 months of the date of this order,0
12898,94-3685,Provide Working Group with proposed environmental justice strategy,,All Federal agencies,Within 10 months of the date of this order,0
12898,94-3685,Finalize and submit environmental justice strategy,,All Federal agencies,Within 12 months of the date of this order,0
12898,94-3685,Working Group submits report to the President,,Interagency Working Group,Within 14 months of the date of this order,0
12898,94-3685,Agency reports progress on strategy implementation,,All Federal agencies,Within 24 months of the date of this order,0
12899,94-3853,Parties must submit final settlement offers within 30 days of board creation.,,Parties to the dispute,"Within 30 days after creation of the board, the parties to the dispute shall submit to the board final offers for settlement of the dispute.",0
12899,94-3853,Board must submit its report within 30 days after receiving final offers.,,Emergency board,"Within 30 days after submission of final offers for settlement of the dispute, the board shall submit a report to the President setting forth its selection of the most reasonable offer.",0
12899,94-3853,Parties may not change dispute‑originating conditions for 60 days after the board’s report.,,Parties to the dispute,"from the time a request to establish a board is made until 60 days after the board makes its report, the parties shall make no changes in the conditions out of which the dispute arose, except by agreement.",0
12901,94-5434,Within 6 months of the submission of the National Trade Estimate Report for 1994 and 1995,,United States Trade Representative,Within 6 months of the submission of the National Trade Estimate Report,1
12901,94-5434,Within 21 days of the submission of the report required by paragraph (a) of section 1,,United States Trade Representative,"Within 21 days of the submission of the report required by paragraph (a) of section 1, the Trade Representative shall initiate",1
12902,94-5834,Prioritization survey for each agency,18 months after order date,Each agency,"Each agency responsible for managing Federal facilities shall conduct a prioritization survey, within 18 months of the date of this order",0
12902,94-5834,Report redesignations of exempt/industrial facilities,21 months after order date,Each agency,"Within 21 months of the date of this order, each agency shall report to FEMP and to the Office of Management and Budget (``OMB'') the redesignations that the agency is making",0
12902,94-5834,Identify high‑priority facilities and complete first 10 % of audits,1 year after order date,Each agency,"Within 1 year of the date of this order, agencies shall identify, based on preliminary recommendations from the prioritization surveys … high priority facilities to audit and shall complete the first 10 percent of the required comprehensive facility audits",0
12902,94-5834,Begin implementing audit recommendations after each audit,180 days after each audit’s completion,Each agency,"Within 180 days of the completion of the comprehensive facility audit of each facility, agencies shall begin implementing cost‑effective recommendations",0
12902,94-5834,Implement recommendations from recent audits,180 days after order date,Each agency,"Within 180 days of the date of this order, agencies shall begin to implement cost‑effective recommendations from comprehensive audits of facilities performed within the past 3 years",0
12902,94-5834,Task Force to set energy‑performance standards for new facilities,120 days after order date,Task Force,design and construct such facility … as determined by the Task Force within 120 days of the date of this order,0
12902,94-5834,Create facility commissioning program for new construction,270 days after order date,Each agency,"establish and implement, within 270 days of the date of this order, a facility commissioning program",0
12902,94-5834,Develop and implement showcase‑facility plans,180 days after order date,Each agency,"Within 180 days of the date of this order, each agency shall develop and implement plans … to determine the most effective and cost‑effective strategies to implement these demonstrations",0
12902,94-5834,DOE to provide technical‑assistance resources,180 days after order date,DOE,"Within 180 days of the date of this order,",1
12902,94-5834,Develop procurement techniques for energy‑water projects,18 months after order date,Administrator of General Services,"Within 18 months of the date of this order, the Administrator of General Services, in consultation with the Secretary of Energy, shall develop procurement techniques, methods, and contracts …",0
12902,94-5834,Complete studies on incentives and value‑engineering,270 days after order date,Secretary of Energy and Administrator of General Services,The studies shall be completed within 270 days of the date of this order,0
12902,94-5834,OFPP guidance on life‑cycle value engineering,6 months after study completion,OFPP,The OFPP will issue guidance to agencies on life cycle value engineering within 6 months of the completion of the studies,0
12902,94-5834,Periodic reporting by President's Management Council,"1 year after order date, then every 2 years",President's Management Council,"One year after the date of this order, and every 2 years thereafter, the President's Management Council shall report to the President about efforts and actions by agencies to meet the requirements of this order",0
12902,94-5834,Develop guidelines for retaining utility rebates,Reasonable time after order date,"Director of OMB, Secretary of Energy, Secretary of Defense, Administrator of General Services","Within a reasonable time after the date of this order, the Director of OMB, along with the Secretary of Energy, the Secretary of Defense, and the Administrator of General Services, … shall develop guidelines and implement procedures to allow agencies, in fiscal year 1995 and beyond, to retain utility rebates and incentives",0
12903,94-5915,extension of the nuclear‑cooperation period,1995-03-10,,"extend the duration of that period to March 10, 1995",0
12905,94-7635,Committee termination deadline (2 years from order date),,,the Committee shall terminate after 2 years from the date of this order unless otherwise extended,0
12906,94-9117,Establish an electronic National Geospatial Data Clearinghouse.,within 6 months of the date of this order,Secretary (through FGDC),"shall take steps within 6 months of the date of this order, to establish an electronic National Geospatial Data Clearinghouse",0
12906,94-9117,Document all new geospatial data using FGDC‑developed standards.,Beginning 9 months from the date of this order,Each agency,"Beginning 9 months from the date of this order, each agency shall document all new geospatial data it collects or produces",0
12906,94-9117,Adopt a schedule for documenting historic geospatial data and uploading it to the Clearinghouse.,Within 1 year of the date of this order,Agencies,"Within 1 year of the date of this order, agencies shall adopt a schedule, developed in consultation with the FGDC",0
12906,94-9117,Adopt a public‑access plan for geospatial data.,Within 1 year of the date of this order,Each agency,"Within 1 year of the date of this order, each agency shall adopt a plan, in consultation with the FGDC, establishing procedures to make geospatial data available to the public",0
12906,94-9117,Adopt internal procedures to check the Clearinghouse before spending on new data collection.,Within 1 year of the date of this order,Each agency,"Within 1 year of the date of this order, each agency shall adopt internal procedures to ensure that the agency accesses the Clearinghouse before it expends Federal funds",0
12906,94-9117,FGDC to submit a plan and schedule to OMB for a national digital geospatial data framework.,within 9 months of the date of this order,FGDC,"within 9 months of the date of this order, the FGDC shall submit a plan and schedule to OMB for completing the initial implementation of a national digital geospatial data framework",0
12906,94-9117,Secretary (under FGDC) to develop strategies for cooperative acquisition of geospatial data.,within 9 months of the date of this order,"Secretary, under the auspices of the FGDC","within 9 months of the date of this order, shall develop, to the extent permitted by law, strategies for maximizing cooperative participatory efforts",0
12910,94-10249,Date on which the closures must occur,1994-04-27,,"All executive departments, independent establishments, and other governmental agencies, including their field services, shall be closed on April 27, 1994",0
12912,94-10794,new reporting deadline for the Bipartisan Commission on Entitlement Reform,1994-12-15,,"inserting the date ``December 15, 1994'' in lieu thereof",0
12913,94-10932,"effective February 2, 1987",1987-02-02,,"Executive Order No. 12582 is revoked and shall be treated as void, effective February 2, 1987.",0
12914,94-11547,effective date,1994-05-08T23:59:00-04:00,,"This order shall take effect at 11:59 p.m., eastern daylight time on May 8, 1994.",0
12917,94-12880,Effective date and time,1994-05-21T23:59:00-04:00,,"This order shall take effect at 11:59 p.m. eastern daylight time on May 21, 1994.",0
12922,94-15498,effective date,1994-06-21T22:09:00-04:00,,"This order shall take effect at 10:09 p.m., eastern daylight time on June 21, 1994.",0
12924,94-20873,effective date,1994-08-20T24:00:00,,"This order shall be effective as of midnight between August 20, 1994, and August 21, 1994",0
12930,94-24617,effective date,1994-09-29T23:59:00,,"this order shall take effect at 11:59 p.m. on September 29, 1994",0
12930,94-24617,continuation of existing regulations,,,"Any rules, regulations, orders, licenses, or other forms of administrative action ... are hereby continued in effect unless altered, modified, or rescinded by the Secretary of Commerce pursuant to section 1 of this order",0
12932,94-25940,effective date,1994-10-16T04:01:00Z,,"This order shall take effect at 12:01 a.m. eastern daylight time on October 16, 1994.",0
12933,94-26516,Secretary of Labor must issue regulations implementing the order,180 days after 20 Oct 1994,Secretary of Labor,within 180 days of the date of this order,0
12933,94-26516,Federal Acquisition Regulatory Council must issue FAR regulations to include the clause,180 days after 20 Oct 1994,Federal Acquisition Regulatory Council,within 180 days of the date of this order,0
12934,94-26834,effective date,1994-10-25T23:59:00-04:00,,"This order shall take effect at 11:59 p.m. eastern daylight time on October 25, 1994.",0
12935,94-27135,Effective date of the amendments,1994-10-28T12:01:00-04:00,,"The amendments to Executive Order No. 11157 made in this order shall take effect at 12:01 a.m., eastern daylight time on October 28, 1994.",0
12937,94-28431,30 days from the date of this Order,,,no later than 30 days from the date of this Order,0
12941,94-30035,Agencies must develop building inventories and cost estimates within 4 years of the order’s issuance.,,All Federal departments and agencies,"within 4 years of the issuance of this order, develop an inventory of their owned and leased buildings and shall estimate the costs of mitigating unacceptable seismic risks in those buildings.",0
12941,94-30035,ICSSC must issue guidance within 1 year of the order’s signing.,,Interagency Committee on Seismic Safety in Construction (ICSSC),Guidance for the development of the inventory and cost estimates will be issued by the ICSSC no later than 1 year after the signing of this order.,0
12941,94-30035,Agencies must submit cost estimates to FEMA within 4 years of the order’s signing.,,All Federal departments and agencies,Cost estimates with supporting documentation shall be submitted to the Director of the Federal Emergency Management Agency (FEMA) no later than 4 years after the signing of this order.,0
12941,94-30035,FEMA must deliver a comprehensive seismic‑safety report to Congress within 6 years of the order’s issuance.,,Federal Emergency Management Agency (FEMA),"preparing for the Congress, in consultation with the ICSSC, no later than 6 years after the issuance of this order, a comprehensive report on how to achieve an adequate level of seismic safety …",0
12941,94-30035,FEMA must submit a report on order execution to Congress every two years (biennial).,,Federal Emergency Management Agency (FEMA),"preparing for the Congress on a biennial basis, a report on the execution of this order.",0
12941,94-30035,ICSSC must update the seismic‑safety standards at least once every 5 years.,,Interagency Committee on Seismic Safety in Construction (ICSSC),The ICSSC shall update the Standards at least every 5 years.,0
12941,94-30035,ICSSC must update the standards within 2 years after FEMA publishes its first Guidelines for Seismic Rehabilitation of Buildings.,,Interagency Committee on Seismic Safety in Construction (ICSSC),It shall also update the Standards within 2 years of the publication of the first edition of FEMA's Guidelines for Seismic Rehabilitation of Buildings and Commentary.,0
12944,94-32388,effective date for uniformed services pay and allowances,1995-01-01,,"are effective on January 1, 1995",0
12944,94-32388,effective date for all other schedules,first day of the first applicable pay period on or after 1995-01-01,,"are effective on the first day of the first applicable pay period beginning on or after January 1, 1995",0
12946,95-1925,Board termination – 30 days after the President submits the final report of the Board to Congress,,,The Board shall terminate 30 days after the date on which the President submits the final report of the Board to the Congress.,0
12947,X95-110125,effective date,1995-01-24,,"This order is effective at 12:01 a.m., eastern standard time on January 24, 1995.",0
12948,95-2687,"By March 24, 1995",1995-03-24,,"By March 24, 1995",0
12950,95-4908,Report to the President within 30 days of the board’s creation,,Emergency Board,Sec. 2. Report. The board shall report to the President with respect to the disputes within 30 days of its creation.,0
12950,95-4908,Maintain existing conditions for 120 days after the board’s creation,,Carrier and employees,"for 120 days thereafter, no change, except by agreement of the parties, shall be made by the carrier or the employees in the conditions out of which the disputes arose.",0
12951,95-5050,within 18 months of the date of this order,,National Archives and Records Administration,"shall, within 18 months of the date of this order, be declassified and transferred to the National Archives and Records Administration",0
12951,95-5050,within 5 years of the date of this order,,Director of Central Intelligence,this review shall be completed within 5 years of the date of this order,0
12953,95-5146,60 days from order date,1995-04-28,All Federal agencies,"Within 60 days from the date of this order, every Federal agency shall review its procedures for wage withholding",0
12953,95-5146,First publication no later than July 1 1995; thereafter annually,1995-07-01,Office of Personnel Management (OPM),"Beginning no later than July 1, 1995, the Director of the Office of Personnel Management (OPM) shall publish annually ... the list of agents ...",0
12953,95-5146,First publication no later than July 1 1995; thereafter annually,1995-07-01,Office of Personnel Management (OPM),"The OPM shall publish a list of these officials annually in the Federal Register, beginning no later than July 1, 1995",0
12953,95-5146,90 days from order date,1995-05-27,All Federal agencies,"Within 90 days of the date of this order, all Federal agencies shall report to the Director of the Office of Management and Budget (OMB)",0
12953,95-5146,180 days from order date,1995-08-25,Department of Defense (DOD),"Within 180 days of the date of this order, DOD shall submit to OMB a report based on this review",0
12953,95-5146,180 days from order date,1995-08-25,OPM and HHS,The recommendations are due within 180 days of the date of this order,0
12955,95-6211,"December 31, 1995",1995-12-31,,"extend the duration of that period to December 31, 1995",0
12957,95-6849,Effective date of the order,1995-03-16,,"This order is effective at 12:01 a.m., eastern standard time, on March 16, 1995.",0
12958,95-9941,effective 180 days from the date of this order,1995-10-14,President,shall become effective 180 days from the date of this order,0
12958,95-9941,automatic declassification within 5 years from the date of this order,2000-04-17,Agency heads,"within 5 years from the date of this order, all classified information contained in records ... shall be automatically declassified",0
12958,95-9941,notify the President no later than the effective date of this order,1995-10-14,Agency heads,"No later than the effective date of this order, an agency head shall notify the President",0
12958,95-9941,notify the Director at least 180 days before automatic declassification,1999-10-19,Agency heads or senior officials,"At least 180 days before information is automatically declassified under this section, an agency head or senior agency official shall notify the Director",0
12958,95-9941,review existing special access programs within 180 days after the effective date,1996-04-12,Agency heads or principal deputies,"Within 180 days after the effective date of this order, each agency head or principal deputy shall review all existing special access programs",0
12959,95-11694,Effective date of the order,1995-05-07,,"This order is effective at 12:01 a.m., eastern daylight time, on May 7, 1995",0
12959,95-11694,Delayed applicability for sections 1(b)‑(d),1995-06-06,,"section 1(b), (c), and (d) of this order shall not apply until 12:01 a.m., eastern daylight time, on June 6, 1995",0
12960,95-12285,Effective date of the amendments,1995-06-10,,"These amendments shall take effect on June 10, 1995",0
12964,95-15760,Report due on or before February 1 1996,1996-02-01,Commission on United States‑Pacific Trade and Investment Policy,"On or before February 1, 1996, the Commission shall report to the President",0
12964,95-15760,Commission terminates 30 days after final report submission,,Commission on United States‑Pacific Trade and Investment Policy,The Commission shall terminate 30 days after submitting its final report.,0
12965,95-16320,expiration date for the Council’s charter,"June 29, 1997",,"until June 29, 1997, unless otherwise extended",0
12967,95-19174,Parties must submit final offers within 30 days of board creation,,Parties to the disputes,"Within 30 days after creation of the board, the parties to the disputes shall submit to the board final offers for settlement of the disputes.",0
12967,95-19174,Board must submit report within 30 days of receiving final offers,,Emergency board,"Within 30 days after submission of final offers for settlement of the disputes, the board shall submit a report to the President setting forth its selection of the most reasonable offer.",0
12968,95-19654,Agency heads must designate employees (Sec 1.3 (a)),180 days after effective date,Agency heads,Not later than 180 days after the effective date of this order,0
12968,95-19654,Security Policy Board shall develop procedures and a standard financial‑disclosure form (Sec 1.3 (c)),180 days after effective date,Security Policy Board,Not later than 180 days after the effective date of this order,0
12968,95-19654,Security Policy Board shall develop a common set of adjudicative guidelines (Sec 3.1 (f)),180 days after effective date,Security Policy Board,Not later than 180 days after the effective date of this order,0
12968,95-19654,Security Policy Board shall develop a common set of investigative standards (Sec 3.2 (b)),180 days after effective date,Security Policy Board,Not later than 180 days after the effective date of this order,0
12968,95-19654,Security Policy Board shall develop a common set of reinvestigative standards (Sec 3.4 (c)),180 days after effective date,Security Policy Board,Not later than 180 days after the effective date of this order,0
12969,95-19972,EPA must publish guidance in the Federal Register,1995-09-30,EPA,"Not later than September 30, 1995, the EPA shall publish in the Federal Register guidance for compliance with this order",0
12969,95-19972,Federal agencies must add the required eligibility provisions to acquisition solicitations,30 days after EPA guidance issuance,All Federal agencies,"Within 30 days of the issuance of the guidance provided for in subsection 4-401 above, each Federal agency shall include in all acquisition solicitations issued on or after the effective date of this order, the provisions necessary to effect this order",0
12969,95-19972,Incorporate the order’s requirements into the Federal Acquisition Regulations (FAR),90 days after effective date,All Federal agencies,within 90 days after the effective date of this order,0
12970,95-23338,charter expiration date for the United States Advisory Council on the National Information Infrastructure,1996-06-01,,"inserting in lieu thereof ``until June 1, 1996, unless otherwise extended.''",0
12970,95-23338,none,,,"inserting in lieu thereof ``until June 1, 1996, unless otherwise extended.''",0
12974,95-24754,continuance deadline,"September 30, 1997",,"Each advisory committee listed below is continued until September 30, 1997.",0
12974,95-24754,effective date of the order,"September 30, 1995",,"This order shall be effective September 30, 1995.",0
12975,95-24921,Departments and agencies must report the results of their review of human‑subject protections to NBAC,Within 120 days of the date of this order,"All executive‑branch departments and agencies that conduct, support, or regulate research involving human subjects","Within 120 days of the date of this order, each department and agency ... shall report the results",0
12975,95-24921,NBAC will automatically terminate two years after the order’s effective date unless extended,Two years from the date of this order,National Bioethics Advisory Commission,NBAC shall terminate two years from the date of this order unless extended prior to that date.,0
12979,95-26944,Report findings to the President,2 years after October 25 1995,Administrator for Federal Procurement Policy,within 2 years from the date of this order,0
12979,95-26944,Amend the Federal Acquisition Regulation,180 days after October 25 1995,"Administrator of General Services, Secretary of Defense, Administrator of NASA",within 180 days of the date of this order,0
12981,95-30106,License applications must be resolved or referred to the President,90 calendar days after registration,Secretary of Commerce,no later than 90 calendar days after registration of the completed license application,0
12981,95-30106,"Secretary must request additional information, refer the application, and make an initial determination",9 days after registration,Secretary of Commerce,Within 9 days of registration of any license application,0
12981,95-30106,Reviewing department or agency must specify any additional information needed,10 days after receipt of referral,Reviewing department or agency,within 10 days of receipt of a referral as specified in subsection 3(b),0
12981,95-30106,Department or agency must provide a recommendation to the Secretary,30 days after receipt of referral and required information,Reviewing department or agency,Within 30 days of receipt of a referral and all required information,0
12981,95-30106,Appeal deadline for a disagreeing department or agency,5 days after the decision,Disagreeing department or agency,a department or agency must appeal a matter within 5 days of such a decision,0
12981,95-30106,ACEP must communicate its majority‑vote decision,11 days after receipt of appeal notice,Chair of the ACEP,the Chair of the ACEP shall inform the reviewing departments and agencies of the majority vote decision of the ACEP within 11 days from the date of receiving notice of the appeal,0
12981,95-30106,Final appeal window after ACEP majority decision,5 days after majority vote decision,Dissenting department or agency,"Within 5 days of the majority vote decision, any dissenting department or agency may appeal the decision",0
12981,95-30106,Effective date for the new review process,60 days after the order date (December 5 1995),Secretary of Commerce,The license review process in this order shall take effect beginning with those license applications registered by the Secretary 60 days after the date of this order,0
12983,95-31437,by October 1996,,National Partnership Council,(6) reporting to the President by October 1996 on the progress of and results achieved through labor-management partnership throughout the executive branch.,0
12990,96-5263,"effective on January 1, 1996",1996-01-01,,"The adjustments in rates of pay and allowances set forth on the attached schedule are effective on January 1, 1996.",0
12993,96-7460,Head of agency shall certify to the Chairperson of the PCIE/ECIE that the report has been reviewed and any action taken or to be taken.,within sixty 60 days,Head of the agency or entity,the head of the agency or entity shall certify to the Chairperson of the PCIE/ECIE within sixty 60 days that he has personally reviewed the report,0
12993,96-7460,Chairperson may grant a 30‑day extension when circumstances necessitate.,30‑day extension,Chairperson of the PCIE/ECIE,The PCIE/ECIE Chairperson may grant the head of the entity or agency a 30‑day extension when circumstances necessitate such extension.,0
12995,96-7773,minimum content standard of 20 percent post‑consumer materials begins,1994-12-31,,"the minimum content standard shall be no less than 20 percent postconsumer materials beginning December 31, 1994",0
12995,96-7773,minimum content standard increased to 30 percent begins,1998-12-31,,"This minimum content standard shall be increased to 30 percent beginning on December 31, 1998",0
12999,96-9866,agencies must submit an implementation plan to the Office of Science and Technology Policy,within 6 months of the date of this order,All agencies,"shall submit to the Office of Science and Technology Policy, within 6 months of the date of this order, an implementation plan",0
13002,96-12535,termination date,1996-06-30,,"June 30, 1996, as of midnight thereof, is hereby designated as the date of termination of combatant activities in the zone",0
13002,96-12535,termination date,1996-06-30,,"June 30, 1996, as of midnight thereof, is hereby designated as the date of termination of combatant activities in the zone",0
13003,96-12720,Report due 30 days after the Board’s creation,,Emergency Board,The Board shall report to the President with respect to the dispute within 30 days of its creation.,0
13003,96-12720,No changes allowed for 30 days after the Board’s report,,Railroads and employees,"from the date of the creation of the Board and for 30 days after the Board has made its report to the President, no change, except by agreement of the parties shall be made by the railroads or the employees",0
13005,96-13306,December 1 of each year,December 1 (annual),Secretary of Commerce,"by December 1 of each year, issue a report to the President on the status and effectiveness of the program.",0
13005,96-13306,within 90 days of the order date,90 days after May 21 1996,Secretary of Commerce,"draft all rules, regulations, and guidelines necessary to implement this order within 90 days of the date of this order;",0
13007,96-13597,Within 1 year of the effective date of the order,,Agency heads (through the Assistant to the President for Domestic Policy),"Within 1 year of the effective date of this order, the head of each executive branch agency ... shall report to the President ... on the implementation of this order",0
13011,96-18555,Evaluation of the order’s management structure after three years,,Director of OMB,evaluate the effectiveness of the management structure set out in this order after 3 years and make recommendations for any appropriate changes.,0
13012,96-18846,Board must submit report to the President,,Emergency Board,within 30 days of its creation,0
13012,96-18846,No change to dispute conditions may be made,,Carrier and employees,for 120 days thereafter,0
13017,96-23187,preliminary report to the President,1997-09-30,Advisory Commission on Consumer Protection and Quality in the Health Care Industry,"The Commission shall make a preliminary report to the President by September 30, 1997.",0
13017,96-23187,final report to the President,18 months after the Commission's first meeting,Advisory Commission on Consumer Protection and Quality in the Health Care Industry,A final report shall be submitted to the President 18 months after the Commission's first meeting.,0
13017,96-23187,termination of the Commission,30 days after final report (no later than 2 years from order date),Advisory Commission on Consumer Protection and Quality in the Health Care Industry,"The Commission shall terminate 30 days after submitting its final report, but not later than 2 years from the date of this order, unless extended by the President.",0
13019,96-25577,120 days after order date,,Secretary of Health and Human Services,"shall, within 120 days of the date of this order, implement procedures necessary to report to the Secretary of the Treasury information on past‑due child support claims",0
13019,96-25577,30 days after order date (for means‑tested program classes),,Heads of executive departments and agencies,such submission shall be made within 30 days of the date of this order,0
13019,96-25577,annual report,,Secretary of the Treasury,The Secretary shall report annually to the President concerning the implementation by departments and agencies of this order,0
13020,96-26837,Decision must be communicated within 14 days after the recommendation deadline.,,,inform them of his or her decision on any such matters within 14 days after the deadline for receiving department and agency recommendations.,0
13020,96-26837,Appeal must be filed within 5 days of the licensing decision.,,,A department or agency must appeal a matter within 5 days of such a decision.,0
13020,96-26837,ACEP must notify of its decision within 11 days after receiving the appeal.,,,the Chair of the ACEP shall inform the reviewing departments and agencies of the majority vote decision of the ACEP within 11 days from the date of receiving notice of the appeal.,0
13020,96-26837,Dissenting agency may appeal within 5 days after the ACEP’s majority‑vote decision.,,,"Within 5 days of the majority vote decision, any dissenting department or agency may appeal the decision by submitting a letter from the head of the department or agency to the Secretary in his or her capacity as the Chair of the Board.",0
13020,96-26837,Secretary may convene a meeting within the same 5‑day window.,,,"Within the same 5‑day period, the Secretary may call a meeting on his or her own initiative to consider a license application.",0
13021,96-27352,Termination 2 years after 19 Oct 1996 (unless renewed),2 years after 1996‑10‑19,President's Board of Advisors on Tribal Colleges and Universities,The Board shall terminate 2 years after the date of this Executive order unless the Board is renewed by the President prior to the end of that 2-year period.,0
13027,96-29815,Parties must submit final settlement offers within 30 days of board creation.,,Parties to the dispute,"Within 30 days after creation of the board, the parties to the dispute shall submit to the board final offers for settlement of the dispute.",0
13027,96-29815,Board must submit its report within 30 days of receiving the final offers.,,Emergency board,"Within 30 days after submission of final offers for settlement of the dispute, the board shall submit a report to the",1
13029,96-31165,Renaming of the organization,"January 1, 1995",,"Effective January 1, 1995, the Conference on Security and Cooperation in Europe will henceforth be called the Organization for Security and Cooperation in Europe.",0
13031,96-32195,Report due 60 days after order issuance; thereafter annually as part of the agency’s budget submission.,,All Federal agencies,"Sixty (60) days after the date of this Executive order, and annually thereafter ... each agency shall submit a report on its compliance with sections 303 and 304 of the Act.",0
13034,97-2818,status report,1997-04-30,,"shall submit by letter a status report by April 30, 1997",0
13034,97-2818,final supplemental report,1997-10-31,,"and a final supplemental report by October 31, 1997",0
13035,97-3992,Committee terminates 2 years after 11 February 1997 unless extended,2 years from 11 February 1997,President,The Committee shall terminate 2 years from the date of this order unless extended by the President prior to such date.,0
13036,97-4302,Report due within 30 days of board creation,,Emergency Board,The Board shall report to the President with respect to the dispute within 30 days of its creation.,0
13036,97-4302,Status‑quo period of 30 days after report submission,,Parties to the dispute,"for 30 days after the Board has submitted its report to the President, no change in the conditions out of which the dispute arose shall be made by the parties to the controversy, except by agreement of the parties.",0
13037,97-5728,Report to the National Economic Council,1998-03-15,Commission,"The Commission shall report to the National Economic Council by March 15, 1998, or within 1 year from its first meeting.",0
13037,97-5728,Commission termination,30 days after report submission,Commission,The Commission shall terminate 30 days after submitting its report.,0
13038,97-6571,Committee must submit its report to the Vice President,"June 1, 1998",Advisory Committee,"On or before June 1, 1998, the Committee shall report to the Vice President",0
13040,97-8123,preliminary report,1998-01-31,The Commission,"preliminary report to the President by January 31, 1998",0
13040,97-8123,final report,1998-03-30,The Commission,"final report shall be submitted to the President by March 30, 1998",0
13045,97-10695,within 6 months of the date of this order,,Task Force on Environmental Health Risks and Safety Risks to Children,"Within 6 months of the date of this order, the Task Force shall develop or direct to be developed a review of existing and planned data resources",0
13045,97-10695,July 31 1997,1997-07-31,Interagency Forum on Child and Family Statistics,"The Forum shall present the first annual Report to the President, through the Director, by July 31, 1997.",0
13046,97-13450,Termination date for the National Bioethics Advisory Commission,1999-10-03,,"NBAC shall terminate on October 3, 1999, unless extended by the President prior to that date.",0
13047,97-13704,effective date,1997-05-21T05:01:00Z,,"This order shall take effect at 12:01 a.m., eastern daylight time, May 21, 1997.",0
13050,97-16080,termination date,1998-09-30,President,"The Advisory Board shall terminate on September 30, 1998, unless extended by the President prior to such date.",0
13053,97-17566,new termination date for the Council,1999-02-28,,"inserting in lieu thereof the following text: ``February 28, 1999.''",0
13055,97-19341,Develop coordinated strategy and issue report,1 year from the date of this order,Interagency Working Group,"No later than 1 year from the date of this order, develop initially and thereafter assess annually a coordinated strategy for all United States Government‑sponsored international exchange and training programs, and issue a report on such strategy;",0
13055,97-19341,Develop performance‑measure recommendations and issue report,2 years from the date of this order,Interagency Working Group,"No later than 2 years from the date of this order, develop recommendations on performance measures for all United States Government‑sponsored international exchange and training programs, and issue a report thereon;",0
13058,97-21607,no later than 1 year after the date of this order,,,Implementation of the policy set forth in this order shall be achieved no later than 1 year after the date of this order.,0
13060,97-22703,within 30 days of its creation,1997-09-20,Board,The Board shall report to the President with respect to these disputes within 30 days of its creation.,0
13062,97-26364,Continuation deadline for the listed advisory committees,1999-09-30,,"Each advisory committee listed below is continued until September 30, 1999.",0
13064,97-27644,"termination of the Principals Committee, the Steering Committee, and the Advisory Committee; retention of certain Commission staff","March 15, 1998",,"The Principals Committee, the Steering Committee, and the Advisory Committee shall terminate no later than March 15, 1998",0
13067,97-29464,effective date,1997-11-04,,"This order shall take effect at 12:01 a.m. eastern standard time on November 4, 1997",0
13067,97-29464,final date for existing trade contracts,1997-12-04,,"trade transactions under contracts in force as of the effective date of this order may be performed pursuant to their terms through 12:01 a.m. eastern standard time on December 4, 1997",0
13068,97-31456,date on which departments and agencies are to be closed,1997-12-26,,"Friday, December 26, 1997",0
13069,97-33034,effective date,1997-12-15T05:01:00Z,,"This order is effective at 12:01 a.m. eastern standard time on December 15, 1997",0
13075,98-4816,interim report due 9 months after the board’s first meeting,,Special Oversight Board,The Special Oversight Board shall submit an interim report within 9 months of its first meeting,0
13075,98-4816,final report due 18 months after the board’s first meeting (unless the President directs otherwise),,Special Oversight Board,"a final report within 18 months of its first meeting, unless otherwise directed by the President",0
13075,98-4816,board terminates 30 days after its final report is submitted,,Special Oversight Board,The Special Oversight Board shall terminate 30 days after submitting its final report,0
13078,98-7139,first report to the President,1998-11-15,National Task Force,"The Task Force shall issue its first report to the President by November 15, 1998.",0
13078,98-7139,annual reports and final report,1999-11-15,National Task Force,"The Task Force shall issue a report to the President on November 15, 1999, November 15, 2000, and a final report on July 26, 2002",0
13078,98-7139,annual reports and final report,2000-11-15,National Task Force,"The Task Force shall issue a report to the President on November 15, 1999, November 15, 2000, and a final report on July 26, 2002",0
13078,98-7139,final report,2002-07-26,National Task Force,"final report on July 26, 2002",0
13078,98-7139,termination of the Task Force (30 days after final report),,National Task Force,The Task Force shall terminate 30 days after submitting its final report.,0
13078,98-7139,agency reviews to be submitted to the Task Force,1998-11-15,"OPM, Labor, EEOC","by November 15, 1998, the Office of Personnel Management, the Department of Labor, and the Equal Employment Opportunity Commission shall submit to the Task Force a review of Federal Government personnel laws, regulations, and policies",0
13078,98-7139,agency reports to the Task Force,1998-11-15,"DOJ, Labor, Education, HHS","The Departments of Justice, Labor, Education, and Health and Human Services shall report to the Task Force by November 15, 1998",0
13078,98-7139,agency reports to the Task Force,1998-11-15,"Education, Labor, Commerce, HHS, SBA, President's Committee","The Departments of Education, Labor, Commerce, and Health and Human Services, the Small Business Administration, and the President's Committee on Employment of People with Disabilities shall work together and report to the Task Force by November 15, 1998",0
13078,98-7139,agency reports to the Task Force,1998-11-15,"DOT, HUD","The Departments of Transportation and Housing and Urban Development shall report to the Task Force by November 15, 1998",0
13078,98-7139,agency reports to the Task Force,1998-11-15,"DOJ, Education, Labor, EEOC, SSA","The Departments of Justice, Education, and Labor, the Equal Employment Opportunity Commission, and the Social Security Administration shall work together and report to the Task Force by November 15, 1998",0
13078,98-7139,development of employment measurement methodology,,"BLS, Census Bureau","the Bureau of Labor Statistics ... shall design and implement a statistically reliable and accurate method to measure the employment rate of adults with disabilities as soon as possible, but no later than the date of termination of the Task Force.",0
13078,98-7139,non‑Task‑Force agency reports,1998-11-15,All other executive agencies,"All executive agencies that are not members of the Task Force shall ... file a report with the Task Force on the results of its review on November 15, 1998.",0
13081,98-11922,reporting deadline for the Advisory Committee on Public Interest Obligations of Digital Television Broadcasters,"October 1, 1998",,"inserting ``October 1, 1998'' in lieu thereof.",0
13083,98-13552,Effective 90 days after the date of this order.,,,This order shall be effective 90 days after the date of this order.,0
13083,98-13552,Agencies must decide on waiver applications within 120 days of receipt.,,Each agency,"Each agency shall, to the extent practicable and permitted by law, render a decision upon a complete application for a waiver within 120 days of receipt of such application by the agency.",0
13084,98-13553,Effective date of the order,"90 days after May 14, 1998",Executive Branch,This order shall be effective 90 days after the date of this order.,0
13084,98-13553,Decision on tribal waiver applications,120 days after receipt of the application,Each agency,render a decision upon a complete application for a waiver within 120 days of receipt of such application by the agency.,0
13086,98-14688,"Report of the prisoner’s name, offenses, and ordering authority must be made",within 24 hours after the commitment of a prisoner,Commander of the prisoner,"within 24 hours after that commitment, cause a report to be made to the commander that shall contain the name of the prisoner",0
13086,98-14688,Commander must decide whether pre‑trial confinement will continue,Not later than 72 hours after the commander’s ordering of a prisoner into pre‑trial confinement,Commander of the prisoner,Not later than 72 hours after the commander's ordering of a prisoner into pretrial confinement … the commander shall decide whether pretrial confinement will continue,0
13086,98-14688,Neutral and detached officer must make a 48‑hour probable‑cause determination,within 48 hours of imposition of confinement,Neutral and detached officer,Review of the adequacy of probable cause … shall be made by a neutral and detached officer within 48 hours of imposition of confinement,0
13086,98-14688,7‑day reviewing officer must complete the review of probable cause and necessity for continued confinement,Within 7 days of the imposition of confinement,7‑day reviewing officer (neutral and detached),"Within 7 days of the imposition of confinement, a neutral and detached officer … shall review the probable cause determination and necessity for continued pretrial confinement",0
13086,98-14688,7‑day reviewing officer may extend the review period,up to 10 days after the imposition of pre‑trial confinement (good‑cause extension),7‑day reviewing officer,"The 7‑day reviewing officer may, for good cause, extend the time limit for completion of the review to 10 days after the imposition of pretrial confinement",0
13086,98-14688,Military judge must conduct the post‑trial hearing,not later than forty days following the finding of not‑guilty only by reason of a lack of mental responsibility,Military judge,The military judge shall conduct a hearing not later than forty days following the finding that an accused is not guilty only by reason of a lack of mental responsibility,0
13086,98-14688,Party offering evidence under M.R.E. 412 must file a written motion,at least 5 days prior to entry of pleas,Any party offering evidence under M.R.E. 412,file a written motion at least 5 days prior to entry of pleas specifically describing the evidence and stating the purpose for which it is offered,0
13086,98-14688,Government must disclose evidence to the accused before offering it under M.R.E. 413 and 414,at least 5 days before the scheduled date of trial (or later if the judge allows for good cause),Government,"the Government shall disclose the evidence to the accused … at least 5 days before the scheduled date of trial, or at such later time as the military judge may allow for good cause",0
13088,98-15888,effective date,1998-06-10T05:01:00Z,,"This order is effective at 12:01 a.m. eastern daylight time on June 10, 1998.",0
13090,98-17828,final report to the President,1999-03-01,President's Commission on the Celebration of Women in American History,"The Commission shall report its recommendations, through the Co‑Chairs of the Commission, in a final report to the President by March 1, 1999.",0
13090,98-17828,termination of the Commission,,President's Commission on the Celebration of Women in American History,The Commission shall terminate 60 days after the submission of its final report.,0
13096,98-21643,Heads of each participating agency shall designate a senior official to serve as a member of the Task Force,30 days,Heads of each participating agency,"Within 30 days of the date of this order, the head of each participating agency shall designate a senior official who is responsible for management or program administration to serve as a member of the Task Force.",0
13096,98-21643,Task Force shall develop a Federal interagency plan with recommendations,90 days,Task Force,"The Task Force shall, within 90 days of the date of this order, develop a Federal interagency plan with recommendations identifying initiatives, strategies, and ideas for future interagency action supportive of the goals of this order.",0
13096,98-21643,Each participating agency shall report to the Task Force regarding the strategies it has developed,6 months,Each participating agency,"Within 6 months, each participating agency shall report to the Task Force regarding the strategies it has developed to ensure such consultation.",0
13096,98-21643,"Task Force, in conjunction with the Department of Education, shall develop, publish, and widely distribute a guide describing education-related programs and resources",12 months,Task Force and Department of Education,"Within 12 months, the Task Force, in conjunction with the Department of Education, shall develop, publish, and widely distribute a guide that describes those programs and resources and how American Indians and Alaska Natives can benefit from them.",0
13096,98-21643,"Secretary of Education shall submit the research agenda, including proposed timelines, to the Task Force",1 year,Secretary of Education,"Within 1 year, the Secretary of Education shall submit the research agenda, including proposed timelines, to the Task Force.",0
13096,98-21643,Task Force shall develop a comprehensive Federal Indian education policy,2 years,Task Force,"The Task Force shall, within 2 years of the date of this order, develop a comprehensive Federal Indian education policy to support the accomplishment of the goals of this order.",0
13096,98-21643,Departments of Education and the Interior shall jointly convene a series of regional partnership forums,18 months,Departments of Education and the Interior,"shall jointly convene, within 18 months, a series of regional forums to identify promising practices and approaches on how to share information, provide assistance to schools, develop partnerships, and coordinate intergovernmental strategies supportive of accomplishing the goals of this order.",0
13096,98-21643,Task Force shall terminate not later than 5 years from the date of this order,5 years,Task Force,The Task Force established under section 2 of this order shall terminate not later than 5 years from the date of this order.,0
13099,98-22940,effective date,1998-08-21,,"This order is effective at 12:01 a.m., eastern daylight time on August 21, 1998.",0
13101,98-25023,Designation of Agency Environmental Executives (AEEs) by each major procuring agency,90 days after the date of this order,Agency heads,"Within 90 days after the date of this order, the head of each major procuring agency shall designate an AEE",0
13101,98-25023,Initial development of the Government‑wide Waste Prevention and Recycling Strategic Plan,180 days after the date of this order,Federal Environmental Executive (FEE),The Strategic Plan should be initially developed within 180 days of the date of this order,0
13101,98-25023,EPA to develop guidance on environmentally preferable purchasing,90 days from the date of this order,Environmental Protection Agency (EPA),The EPA shall develop guidance within 90 days from the date of this order,0
13101,98-25023,USDA to publish the Biobased Products List,180 days after the date of this order,USDA,The Biobased Products List shall be published in the Federal Register by the USDA within 180 days after the date of this order,0
13101,98-25023,Compliance deadline for agencies to meet minimum recycled‑content standards for paper,"January 1, 1999",All executive agencies,"Effective January 1, 1999, no executive branch agency shall purchase ... paper that fails to meet the minimum requirements of this section",0
13101,98-25023,EPA’s annual report to the FEE on inspection results for the prior fiscal year,February 1 each year,EPA,The EPA shall report annually ... not later than February 1st for those inspections conducted during the previous fiscal year,0
13101,98-25023,Submission of agency waste‑prevention/recycling goals to the FEE,180 days after the date of this order,Agency heads,Each agency shall ... submit ... to the FEE within 180 days after the date of this order,0
13101,98-25023,GSA to complete review and revision of specifications that impede paper recycling,6 months after the date of this order,General Services Administration (GSA),The GSA shall complete the review and revision of such specifications within 6 months after the date of this order,0
13102,98-26250,Reporting deadline for the Advisory Committee on Public Interest Obligations of Digital Television Broadcasters,"December 31, 1998",,"deleting ``October 1, 1998'' in section 2 and inserting ``December 31, 1998'' in lieu thereof.",0
13103,98-26799,within 6 months of the date of this order,,Chief Information Officers Council,The Council shall issue its initial recommendations within 6 months of the date of this order.,0
13104,98-28471,Board termination date unless renewed,"September 30, 1999",,"The Board shall terminate on September 30, 1999, unless the Board is renewed by the President prior to that date.",0
13105,98-30054,open enrollment period ends,1999-04-30,participants in the Foreign Service Retirement and Disability System,"from November 1, 1998, to April 30, 1999",0
13106,98-32953,effective date for Schedule 8,"January 1, 1999",,"Schedule 8 is effective on January 1, 1999.",0
13106,98-32953,effective date for the remaining schedules,"first day of the first applicable pay period beginning on or after January 1, 1999",,"The other schedules contained herein are effective on the first day of the first applicable pay period beginning on or after January 1, 1999.",0
13108,98-33382,new expiration date for the Commission,1999-02-01,,"""by February 1, 1999""",0
13108,98-33382,new reporting deadline for the Commission’s report,1999-09-30,,"""on September 30, 1999""",0
13110,99-980,within 1 year,2000-01-11,Working Group,report to the Congress within 1 year,0
13110,99-980,3 years from the date of this Executive order,2002-01-11,Working Group,The Working Group shall terminate 3 years from the date of this Executive order,0
13111,99-1185,within 30 days of the date of this order,,head of each agency or council,"Within 30 days of the date of this order, the head of each agency or council shall designate a senior official to serve as a representative to the Task Force.",0
13112,99-3184,Council must issue the first Management Plan within 18 months of the order,18 months after order issuance,Invasive Species Council,"Within 18 months after issuance of this order, the Council shall prepare and issue the first edition of a National Invasive Species Management Plan",0
13112,99-3184,Council must assess effectiveness at least every 5 years,Every 5 years after order issuance,Invasive Species Council,The Council shall assess the effectiveness of this order no less than once each 5 years after the order is issued,0
13112,99-3184,Council must update the Management Plan every 2 years,Every 2 years,Invasive Species Council,The Council shall update the Management Plan biennially,0
13112,99-3184,Federal agencies must act on or explain any recommended measures within 18 months,18 months after recommendation,Each Federal agency,Within 18 months after measures have been recommended by the Council,1
13114,99-5164,new termination date for the President’s Council on Sustainable Development,"June 30, 1999",,"inserting in lieu thereof ``June 30, 1999''",0
13115,99-7999,Task Force existence limited to 6 months from first meeting (extendable),,Task Force / Secretary of Transportation,The Task Force shall exist for a period of 6 months from its first meeting unless extended by the Secretary of Transportation,0
13115,99-7999,Submit a final written report at the end of the 6‑month period,,Task Force,"and, at the conclusion, submit a written report as discussed in section 2 of this order.",0
13115,99-7999,Provide an interim report for FY 2001 budget preparation,Fiscal Year 2001,Task Force,The Task Force may provide an interim report for use in preparation of the Federal budget for Fiscal Year 2001.,0
13116,99-8433,Within 30 days of the submission of the National Trade Estimate Report,,United States Trade Representative,Within 30 days of the submission of the National Trade Estimate Report,1
13116,99-8433,Within 90 days of the submission of the report required by paragraph (a) of section 1 of this part,,United States Trade Representative,"Within 90 days of the submission of the report required by paragraph (a) of section 1 of this part, the Trade Representative shall initiate ... investigations",0
13118,99-8547,effective date of the order,1999-04-01,,"The provisions of this order shall become effective as of April 1, 1999,",0
13118,99-8547,effective date of section 1‑100(d) and amendment in section 5(2),1999-10-01,,"shall become effective as of October 1, 1999.",0
13122,99-13825,interim report to the Vice President,1999-11-15,Task Force,"The Task Force shall issue an interim report to the Vice President by November 15, 1999.",0
13122,99-13825,first annual report to the Vice President,2000-04-15,Task Force,"The Task Force shall issue its first annual report to the Vice President by April 15, 2000, with subsequent reports to follow yearly and a final report on April 15, 2002.",0
13122,99-13825,final report to the Vice President,2002-04-15,Task Force,"The Task Force shall issue its first annual report to the Vice President by April 15, 2000, with subsequent reports to follow yearly and a final report on April 15, 2002.",0
13123,99-14633,annual reports due January 1 each year beginning 2000,2000-01-01,All Federal Agencies,Annual reports to the President are due on January 1 of each year beginning in the year 2000,0
13123,99-14633,designation reported within 30 days of order date,,Cabinet Secretaries or agency heads,Such designation shall be reported by each Cabinet Secretary or agency head to the Deputy Director for Management of OMB within 30 days of the date of this order,0
13123,99-14633,form agency energy team within 90 days,,All Federal Agencies,"Within 90 days of the date of this order, each agency shall form a technical support team consisting of appropriate procurement, legal, budget, management, and technical representatives",0
13123,99-14633,OMB guidance issued within 120 days,,Director of OMB,"Within 120 days of this order, the Director of OMB shall:",1
13123,99-14633,DOE guidelines issued within 180 days,,Secretary of Energy,"Within 180 days of this order, the Secretary of Energy, in collaboration with other agency heads, shall:",1
13123,99-14633,DOE guidance provided within 1 year,,Secretary of Energy,"Within 1 year of this order, the Secretary of Energy, in collaboration with other agency heads, shall:",1
13123,99-14633,DOE report within 9 months,,Department of Energy,"Within 9 months of the date of this order, DOE shall report back to the President's Management Council on the viability of such alternative financing options",0
13125,99-14901,2 years after the date of this Executive order,,Commission,The Commission shall terminate 2 years after the date of this Executive order unless the Commission is renewed by the President prior to the end of that 2-year period.,0
13126,99-15491,120 days after the date of this order,,Department of Labor,"Within 120 days after the date of this order, the Department of Labor ... shall publish in the Federal Register a list of products ...",0
13126,99-15491,120 days after the date of this order,,Federal Acquisition Regulatory Council,"Within 120 days after the date of this order, the Federal Acquisition Regulatory Council shall issue proposed rules ...",0
13126,99-15491,2 years after implementation of any final rule,,Administrator of General Services,"Within 2 years after implementation of any final rule under this order, the Administrator of General Services ... shall submit ... a report on the actions taken pursuant to this order.",0
13128,99-16634,effective date,1999-06-26T12:01:00-04:00,,"This order shall take effect at 12:01 a.m. eastern daylight time, June 26, 1999.",0
13130,99-18476,Termination 2 years after the order’s effective date,,President,"The Council shall terminate 2 years from the date of this order, unless extended by the President prior to that date.",0
13132,99-20729,Agency heads must designate an official within 90 days after the order’s effective date,90 days after effective date,Agency heads,"Within 90 days after the effective date of this order, the head of each agency shall designate an official",0
13132,99-20729,Agencies must render a waiver decision within 120 days of receiving the application,120 days after receipt of application,Agencies,within 120 days of receipt of such application by the agency,0
13132,99-20729,OMB Director and Assistant to the President must confer with State and local officials within 180 days after the order’s effective date,180 days after effective date,OMB Director and Assistant to the President for Intergovernmental Affairs,"Within 180 days after the effective date of this order, the Director of the Office of Management and Budget and the Assistant to the President for Intergovernmental Affairs shall confer with State and local officials",0
13132,99-20729,Order becomes effective 90 days after its date,90 days after order date,All agencies,This order shall be effective 90 days after the date of this order,0
13133,99-20924,within 120 days of the date of this order,,Working Group,present its report and recommendations to the President and Vice President within 120 days of the date of this order,0
13134,99-21392,first annual strategic plan due within 8 months of the order,,Interagency Council on Biobased Products and Bioenergy,The first annual strategic plan shall be submitted to the President within 8 months from the date of this order.,0
13134,99-21392,Coordination Office to be established within 120 days of the order,,Secretaries of Agriculture and Energy,"Within 120 days of this order, the Secretaries of Agriculture and Energy shall establish a joint National Biobased Products and Bioenergy Coordination Office",0
13136,99-23508,new termination date for the President's Commission on the Celebration of Women in American History,"December 31, 2000",,"inserting ``December 31, 2000.'' in lieu thereof",0
13138,99-25958,Continuation deadline for the listed advisory committees,"September 30, 2001",,"Section 1. Each advisory committee listed below is continued until September 30, 2001.",0
13139,99-26078,waiver expires at the end of 1 year (or alternative period not to exceed 1 year),,President,"The waiver will expire at the end of 1 year (or an alternative time period not to exceed 1 year, specified by the President at the time of",1
13139,99-26078,make congressional notifications as soon as practicable,,Secretary of Defense,"The Secretary shall, as soon as practicable, make the congressional notifications required by 10 U.S.C. 1107(f)(2)(B).",0
13142,99-30687,within six and one half years from the date of this order,2006-05-19,,within six and one half years from the date of this order,0
13142,99-30687,within 8 years from the date of this order,2007-11-19,,within 8 years from the date of this order,0
13142,99-30687,within 60 days of the request for access,,the affected agency head or the senior agency official,within 60 days of the request for access,0
13144,99-33511,effective date for Schedule 8,2000-01-01,,"Schedule 8 is effective on January 1, 2000. The other schedules contained herein are effective on the first day of the first applicable pay period beginning on or after January 1, 2000.",0
13144,99-33511,effective date for all other schedules,"first day of the first applicable pay period beginning on or after January 1, 2000",,"Schedule 8 is effective on January 1, 2000. The other schedules contained herein are effective on the first day of the first applicable pay period beginning on or after January 1, 2000.",0
13147,00-6126,Commission termination 2 years from the date of this order,,President,The Commission shall terminate 2 years from the date of this order unless extended by the President prior to such date.,0
13149,00-10551,Reduce each agency’s entire vehicle fleet’s annual petroleum consumption by at least 20 percent compared with FY 1999 levels.,FY 2005,All agencies operating 20 or more motor vehicles,"Each agency operating 20 or more motor vehicles within the United States shall reduce its entire vehicle fleet's annual petroleum consumption by at least 20 percent by the end of FY 2005, compared with FY 1999 petroleum consumption levels.",0
13149,00-10551,Increase average EPA fuel‑economy rating of passenger cars and light trucks acquired by at least 1 mpg.,FY 2002,All agencies operating 20 or more motor vehicles,Agencies shall increase the average EPA fuel economy rating of passenger cars and light trucks acquired by at least 1 mile per gallon (mpg) by the end of FY 2002,0
13149,00-10551,Increase average EPA fuel‑economy rating of passenger cars and light trucks acquired by at least 3 mpg (relative to FY 1999 acquisitions).,FY 2005,All agencies operating 20 or more motor vehicles,and at least 3 mpg by the end of FY 2005 compared to FY 1999 acquisitions.,0
13149,00-10551,DOE must issue guidance to agencies on preparation and submission of agency strategies and on data collection/reporting.,90 days after order issuance,Department of Energy (DOE),"DOE shall: (1) issue guidance to agencies, within 90 days of the issuance of this order, on preparation and submission of agency strategies for complying with this order and the collection and annual reporting of data to demonstrate compliance with this order;",0
13149,00-10551,Each agency head must designate a senior official to oversee AFV and fleet‑fuel‑efficiency programs.,90 days after order issuance,Head of each agency,"Within 90 days of the date of this order, the head of each agency shall designate a senior official to assume responsibility for the agency's AFV and fleet fuel efficiency programs, and for meeting the requirements of this order.",0
13149,00-10551,Agency senior officials must submit their agency’s compliance strategy to DOE.,180 days after order issuance,Senior agency official,submitting the agency strategy to DOE within 180 days of the issuance of this order for evaluation and submission to OMB;,0
13149,00-10551,GSA Administrator must provide AFV acquisition summaries to manufacturers and develop fleet‑efficiency methods.,120 days after order issuance,General Services Administration (GSA),"Within 120 days of this order, the Administrator of GSA, in consultation with other agencies, shall: (A) provide a summary of agency AFV acquisition plans to potential AFV manufacturers … (B) develop, in coordination with DOE and EPA, methods that will help Federal fleet managers to select vehicles to improve fleet fuel efficiency and to meet Tier 2 vehicle standards;",0
13150,00-10552,implementation of the transportation fringe benefit program,2000-10-01,All federal agencies,"By no later than October 1, 2000, Federal agencies shall implement a transportation fringe benefit program",0
13151,00-11070,at least annually,,Committee,"provide reports, through the Co‑chairpersons of the Committee, to the President as requested or at least annually.",0
13153,00-11531,"Report to be published in September of each year, beginning in 2000","September of each year, beginning in 2000",Secretary of Education,"The Secretary shall prepare an annual School Improvement Report, to be published in September of each year, beginning in 2000.",0
13158,00-13830,Each Federal agency that is required to take actions under this order shall prepare and make public annually a concise description of actions taken by it in the previous year to implement the order,,All Federal agencies,Each Federal agency that is required to take actions under this order shall prepare and make public annually a concise description of actions taken,0
13159,00-16252,effective date,2000-06-22T00:01:00-04:00,,"This order is effective at 12:01 a.m. eastern daylight time on June 22, 2000.",0
13160,00-16434,Establish complaint‑handling procedures,Within 90 days of final rule publication,Executive departments and agencies,"Within 90 days of the publication of final rules, regulations, policies, or guidance by the Attorney General, each executive department and agency shall establish a procedure to receive and address complaints",0
13160,00-16434,Annual reporting on complaints for first three years,"Annually, within 90 days after each year",Executive departments and agencies,"For the first 3 years after the date of this order, such reports shall be submitted annually within 90 days of the end of the preceding year's activities",0
13160,00-16434,Triennial reporting thereafter,"Every 3 years, within 90 days after the period",Executive departments and agencies,Subsequent reports shall be submitted every 3 years and within 90 days of the end of each 3‑year period,0
13161,00-17174,April 1 of each year (recommendations),April 1 (annual),Attorney General,recommended to the President by the Attorney General by April 1 of each year.,0
13161,00-17174,May 15 of each year (designation of Peace Officers Memorial Day),May 15 (annual),President,the President designates May 15 of each year as ``Peace Officers Memorial Day'',0
13161,00-17174,"December 1, 2000 (design submission deadline)",2000‑12‑01,Attorney General,"no later than December 1, 2000.",0
13163,00-19322,within 60 days from the date of this order,,Each Federal agency,Each agency shall submit that plan to the Office of Personnel Management within 60 days from the date of this order.,0
13164,00-19323,within 1 year from the date of this order,2001-07-26,Each agency,"Within 1 year from the date of this order, each agency shall submit its procedures to the EEOC.",0
13164,00-19323,within 90 days from the date of this order,2000-10-24,EEOC,The EEOC shall issue guidance for the implementation of this order within 90 days from the date of this order.,0
13166,00-20938,Agencies must develop and begin to implement their plans,120 days after 11 August 2000,All Federal agencies,within 120 days of the date of this order,0
13166,00-20938,Agencies must submit agency‑specific guidance to the DOJ for review,120 days after 11 August 2000,All Federal agencies providing financial assistance,within 120 days of the date of this order,0
13169,00-26397,Task force must be established,60 days after 2000‑10‑06,"Secretaries of Commerce and Labor, SBA Administrator, USTR, Export‑Import Bank Chairman",within 60 days from the date of this order,0
13170,00-26446,Plan submission to OMB within 90 days of order date,90 days after October 6 2000,Each department and agency with procurement authority,submit this plan to the Director of the Office of Management and Budget (OMB) within 90 days of the date of this order,0
13170,00-26446,Annual assessment due by April 30 each year,April 30 (each fiscal year),Each department and agency with procurement authority,"annually, by April 30 each year, assess its efforts and the results of those efforts to increase utilization of 8(a)s, SDBs, and MBEs",0
13170,00-26446,Feasibility study to be presented within 90 days of order date,90 days after October 6 2000,Secretary of Commerce and Administrator of the SBA,The Secretary of Commerce and the Administrator of the SBA shall jointly undertake a feasibility study … presented to the President within 90 days of the date of this order,0
13170,00-26446,Semi‑annual evaluation of prime and subcontract goals,Every six months,Administrator of the SBA,"evaluate on a semi‑annual basis, using the Federal Procurement Data System (FPDS), the achievement of government‑wide prime and subcontract goals",0
13171,00-26716,Prescribe necessary regulations,within 180 days of 12 Oct 2000,Office of Personnel Management (OPM),"within 180 days from the date of this order, prescribe such regulations as may be necessary to carry out the purposes of this order;",0
13171,00-26716,Establish Interagency Task Force,within 60 days of 12 Oct 2000,Office of Personnel Management (OPM),"within 60 days from the date of this order, establish an Interagency Task Force, chaired by the Director and composed of agency officials at the Deputy Secretary level, or the equivalent.",0
13171,00-26716,Issue first annual report,no later than 12 Oct 2001,Office of Personnel Management (OPM),The first annual report shall be issued no later than 1 year from the date of this order.,0
13173,00-27893,"by January 15, 2001",2001-01-15,Task Force,"The Task Force shall issue an interim report to the President by January 15, 2001.",0
13173,00-27893,"by September 15, 2001",2001-09-15,Task Force,"The Task Force shall issue its first annual report to the President by September 15, 2001",0
13173,00-27893,one month before the reports are due to the President,,Agencies represented on the Task Force,report their actions and progress ... to the Task Force Chair one month before the reports are due to the President,0
13174,00-28299,Commission shall prepare and submit a report to the President and Congress,Not later than 12 months after the first meeting of the Commission,Commission,"Not later than 12 months after the first meeting of the Commission, the Commission shall prepare and submit to the President and the Congress a report that contains a detailed statement of the findings and conclusions of the Commission's study carried out under section 2 of this order, and includes:",0
13174,00-28299,Commission shall terminate,30 days after submitting its report,Commission,The Commission shall terminate 30 days after submitting its report.,0
13175,00-29003,within 30 days after the effective date of this order,2001-02-04,Each agency,"Within 30 days after the effective date of this order, the head of each agency shall designate an official with principal responsibility for the agency's implementation of this order.",0
13175,00-29003,within 60 days after the effective date of this order,2001-03-06,Each agency,"Within 60 days of the effective date of this order, the designated official shall submit to the Office of Management and Budget (OMB) a description of the agency's consultation process.",0
13175,00-29003,within 120 days of receipt of a complete waiver application,,Each agency,"Each agency shall, to the extent practicable and permitted by law, render a decision upon a complete application for a waiver within 120 days of receipt of such application by the agency...",0
13175,00-29003,within 180 days after the effective date of this order,2001-07-04,Director of OMB and the Assistant to the President for Intergovernmental Affairs,Within 180 days after the effective date of this order the Director of OMB and the Assistant to the President for Intergovernmental Affairs shall confer with tribal officials...,0
13175,00-29003,effective 60 days after the date of this order,2001-01-05,,This order shall be effective 60 days after the date of this order.,0
13176,00-30690,Executive departments and agencies shall prepare a set of orientation materials for new political appointees before the inauguration of the President‑elect.,before the inauguration of the President‑elect,Executive departments and agencies,Executive departments and agencies shall prepare a set of orientation materials for new political appointees before the inauguration of the President‑elect.,0
13177,00-31252,Commission report due within 12 months of its establishment,,National Commission on the Use of Offsets in Defense Trade,"Not later than 12 months after the Commission is established, it will report to the appropriate congressional committees.",0
13177,00-31252,Commission terminates 30 days after it transmits its report,,National Commission on the Use of Offsets in Defense Trade,The Commission will terminate 30 days after transmitting the report required in section 1248(b) of Public Law 106-113,0
13177,00-31252,Council terminates when its required report is transmitted,,President's Council on the Use of Offsets in Commercial Trade,The Council shall terminate on the date of the transmission of the report required by section 1248(b) of Public Law 106-113,0
13179,00-31692,Secretary of Labor to promulgate regulations for the Program,2001-05-31,Secretary of Labor,"No later than May 31, 2001, promulgate regulations for the administration of the Program",0
13179,00-31692,Secretary of Labor to ensure forms are available,2001-07-31,Secretary of Labor,"No later than July 31, 2001, ensure the availability",1
13179,00-31692,Secretary of Health and Human Services to promulgate guidelines,2001-05-31,Secretary of Health and Human Services,"No later than May 31, 2001, promulgate regulations establishing",1
13179,00-31692,Secretary of Energy to publish facility lists,2001-01-15,Secretary of Energy,"No later than January 15, 2001, publish in the Federal Register a list of atomic weapons employer facilities",0
13179,00-31692,Interagency Working Group to develop legislative proposal,2001-01-01,Interagency Working Group,"By January 1, 2001, develop a legislative proposal to ensure the Program's fairness and efficiency",0
13179,00-31692,"Secretaries of Labor, HHS, and Energy to report to OMB",2001-03-01,"Secretaries of Labor, Health and Human Services, and Energy","no later than March 1, 2001, on the manner in which they will carry out their respective responsibilities",0
13180,00-31697,Report on ATO operation and effectiveness,5 years after the date of this order,Aviation Management Advisory Committee,"Not later than 5 years after the date of this order, the Aviation Management Advisory Committee shall provide to the Secretary and the Administrator a report on the operation and effectiveness of the ATO",0
13181,00-33004,annual,,Department of Justice,"On an annual basis, the Department of Justice, in",1
13182,00-33450,"Schedule 8 is effective on January 1, 2001.",2001-01-01,,"Schedule 8 is effective on January 1, 2001.",0
13183,00-33451,"May 1, 2001",2001-05-01,The Task Force,"The Task Force shall report on its actions to the President not later than May 1, 2001",0
13184,01-255,effective date of revocation,2001-01-20,,"effective at noon January 20, 2001",0
13186,01-1387,MOUs must be finalized within 2 years of the order’s date,2 years after 10 January 2001,Each Federal agency,"within 2 years, a Memorandum of Understanding (MOU) with the Fish and Wildlife Service",0
13186,01-1387,Service must develop schedule for MOUs within 180 days,180 days after 10 January 2001,Fish and Wildlife Service,within 180 days of the date of this order,0
13187,01-1438,annual written reports,,President's Disability Employment Partnership Board,"The Board shall submit annual written reports to the President, who may apprise the Congress and other interested organizations and individuals on its activities, progress, and problems relating to maximizing employment opportunities for people with disabilities.",0
13190,01-1814,Commission must prepare and submit a report to the President and Congress,2001-08-31,President's Commission on Educational Resource Equity,"Not later than August 31, 2001, the Commission shall prepare and submit a report for the President and the Congress on the issue of resource equity in education.",0
13193,01-2139,Deadline for the pilot tobacco‑use assessment,2001-12-31,"HHS (with State, Commerce, Agriculture)","Such assessment shall be prepared and provided to interested agencies and other parties not later than December 31, 2001",0
13196,01-2214,30‑day comment period,,,initiated a 30‑day comment period on this proposal,0
13196,01-2214,5‑year continuation period,5 years after 18 January 2001,,shall be allowed to continue for a period of 5 years from the date of this order,0
13198,01-2851,45 days from the date of this order,,Each executive department Center,Each department's Center shall begin operations no later than 45 days from the date of this order.,0
13199,01-2852,Operations must start within 30 days of the order (by approximately February 28 2001).,,White House Office of Faith‑Based and Community Initiatives,The White House OFBCI operations shall begin no later than 30 days from the date of this order.,0
13201,01-4621,Effective date,"60 days after February 17, 2001",,This order shall become effective 60 days after the date of this order.,0
13202,01-4622,within 60 days of the issuance of the order,"60 days after February 17, 2001",Federal Acquisition Regulatory Council,"Within 60 days of the issuance of this order, the Federal Acquisition Regulatory Council shall take whatever action is required to amend the Federal Acquisition Regulation",0
13204,01-4624,Termination of investigations or other compliance actions based on EO 12933,2001-02-17,Secretary of Labor,"Sec. 3. The Secretary shall terminate, effective today, any investigations or other compliance actions based on Executive Order 12933 of October 20, 1994.",0
13205,01-6558,Report to the President within 30 days of the Board’s creation,,Emergency Board,The Board shall report to the President with respect to this dispute within 30 days of its creation.,0
13205,01-6558,Maintain status‑quo conditions for 30 days after the report is submitted,,Parties to the dispute,"for 30 days after the Board has submitted its report to the President, no change in the conditions out of which the dispute arose shall be made by the parties",0
13209,01-11210,new reporting deadline for the President’s Task Force on Puerto Rico’s Status,2001-08-01,President’s Task Force on Puerto Rico’s Status,"``August 1, 2001''",0
13210,01-11505,final report – fall of 2001,,Commission (co‑chairs in consultation with the President),The Commission shall submit its final report during the fall of 2001.,0
13210,01-11505,termination – 30 days after final report,,Commission,The Commission shall terminate 30 days after submitting its final report.,0
13214,01-13869,interim report,9 months after first meeting,Task Force,The Task Force shall issue an interim report in 9 months from the date of the first meeting of the Task Force.,0
13214,01-13869,final report,by the end of the second year of operation,Task Force,The Task Force shall issue a final report prior to the end of the second year of operation.,0
13214,01-13869,termination of the Task Force,30 days after final report (no later than 2 years from order date),Task Force,"The Task Force shall terminate 30 days after submitting its final report, but no later than 2 years from the date of this order.",0
13216,01-14862,new expiration date for the President’s Advisory Commission on Asian Americans and Pacific Islanders,2003-06-07,,"on June 7, 2003, unless renewed by the President prior to that date.",0
13217,01-15758,120 days after the order,,Each agency head,"Each agency head should report to the President, through the Secretary of Health and Human Services, with the results of their evaluation within 120 days.",0
13218,01-15958,Termination of the Council 2 years after the order (June 20 2003) unless extended,,President,The Council shall terminate 2 years from the date of this order unless extended by the President prior to such date.,0
13218,01-15958,Termination deadline,,President,The Council shall terminate 2 years from the date of this order unless extended by the President prior to such date.,0
13221,01-19562,"December 31, 2001",2001-12-31,Department of Energy,"By December 31, 2001, and on an annual basis thereafter, the Department of Energy ... shall compile a preliminary list of products to be subject to these requirements.",0
13224,01-24205,effective date,2001-09-24,,"This order is effective at 12:01 a.m. eastern daylight time on September 24, 2001.",0
13226,01-24983,2 years from the date of this order,,President,The PCAST shall terminate 2 years from the date of this order unless extended by the President prior to that date.,0
13227,01-25344,Commission report due,2002-04-30,President's Commission on Excellence in Special Education,"Not later than April 30, 2002, the Commission shall prepare and submit a report to the President",0
13230,01-26339,"by September 30, 2002",2002-09-30,Executive branch departments and agencies,"shall report to the President through the Initiative by September 30, 2002",0
13230,01-26339,"no later than September 30, 2002",2002-09-30,The Commission,"The Commission shall submit an Interim Report no later than September 30, 2002",0
13230,01-26339,"no later than March 31, 2003",2003-03-31,The Commission,"The Commission shall issue a Final Report no later than March 31, 2003",0
13230,01-26339,30 days after submitting its final report,,The Commission,The Commission shall terminate 30 days after submitting its final report,0
13231,01-26509,2 years from the date of this order,,President,"The Council shall terminate 2 years from the date of this order, unless extended by the President prior to that date.",0
13233,01-27917,Former President must indicate privilege decision within 21 days of notice,,Former President,"within 21 days of receiving notice from the Archivist, indicate to the Archivist his decision with respect to any privilege",0
13233,01-27917,Incumbent President must indicate privilege decision within 21 days after former President’s decision,,Incumbent President,the incumbent President shall indicate his decision with respect to any privilege within 21 days after the former President has indicated his decision,0
13233,01-27917,Former President’s review period limited to 90 days unless burdensome,,Former President,"the former President shall review those records as expeditiously as possible, and for no longer than 90 days for requests that are not unduly burdensome",0
13234,01-28762,Submit recommendations to the President,within 40 days from the date of this order,Presidential Task Force on Citizen Preparedness,The Task Force shall submit its recommendations to the President within 40 days from the date of this order.,0
13234,01-28762,Terminate the Task Force,30 days after submitting its report to the President,Presidential Task Force on Citizen Preparedness,The Task Force shall terminate 30 days after submitting its report to the President.,0
13237,01-29948,terminate 2 years from the date of this order,2003-11-28,Council,The Council shall terminate 2 years from the date of this order unless extended by the President prior to that date,0
13238,01-30624,"Monday, December 24, 2001",2001-12-24,,"All executive branch departments and agencies of the Federal Government shall be closed and their employees excused from duty on Monday, December 24, 2001",0
13248,01-31959,Board must submit its report to the President,within 30 days of the Board’s creation,Emergency Board,The Board shall report to the President with respect to this dispute within 30 days of its creation.,0
13248,01-31959,Parties may not change dispute‑originating conditions,30 days after the Board’s report is submitted,United Airlines and the International Association of Machinists and Aerospace Workers,"for 30 days after the Board has submitted its report to the President, no change in the conditions out of which the dispute arose shall be made by the parties",0
13249,02-448,Effective date for Schedule 8,2002-01-01,,"Schedule 8 is effective on January 1, 2002.",0
13249,02-448,Effective date for all other schedules,first applicable pay period on or after 2002-01-01,,"The other schedules contained herein are effective on the first day of the first applicable pay period beginning on or after January 1, 2002.",0
13255,02-3337,new reporting date for the President’s Commission on Excellence in Special Education,2002-07-01,,"inserting in lieu thereof ``July 1, 2002''",0
13260,02-07086,"Termination of the PHSAC, any SACs, and any SAC subcommittees.",2 years from the date of this order,,"the PHSAC, any SACs, and any SAC subcommittees shall terminate 2 years from the date of this order unless extended by the President",0
13262,02-9536,Rule 415 ceases to apply to the Military Rules of Evidence thirty days after the order’s date.,30 days after 2002‑04‑11,,"Thirty days after the date of this Executive Order, the provisions of Federal Rule of Evidence 415, adopted September 13, 1994, will no longer be applicable to the Military Rules of Evidence.",0
13262,02-9536,All amendments in the order become effective on May 15 2002.,2002‑05‑15,,"These amendments shall take effect on May 15, 2002.",0
13262,02-9536,Rules 806(d) and 1001(b)(3)(A) apply only to cases with arraignment on/after May 15 2002.,2002‑05‑15,,"The amendments made to Rules for Courts‑Martial 806(d) and 1001(b)(3)(A) shall only apply in cases in which arraignment has been completed on or after May 15, 2002.",0
13262,02-9536,These rules apply only to offenses committed after 18 Nov 1997.,1997‑11‑18,,The amendments made to Rules for Courts‑Martial,1
13262,02-9536,Rule 615 applies only to cases with arraignment on/after May 15 2002.,2002‑05‑15,,"The amendment made to Military Rules of Evidence 615 shall apply only in cases in which arraignment has been completed on or after May 15, 2002.",0
13262,02-9536,No retroactive criminalization for acts before May 15 2002.,2002‑05‑15,,"Nothing in these amendments shall be construed to make punishable any act done or omitted prior to May 15, 2002, that was not punishable when done or omitted.",0
13262,02-9536,Same as above – reiterated for clarity.,2002‑05‑15,,"The amendments made to Rules for Courts‑Martial 806(d) and 1001(b)(3)(A) shall only apply in cases in which arraignment has been completed on or after May 15, 2002.",0
13263,02-11166,Interim Report due within 6 months of the order date,,Commission,"Within 6 months from the date of this order, an interim report shall describe the extent of unmet needs and barriers to care within the mental health system",0
13263,02-11166,Commission termination 1 year after the order date (unless extended),,Commission,"The Commission shall terminate 1 year from the date of this order, unless extended by the President prior to that date",0
13266,02-16040,within 90 days of the date of the order,,Each department and office included in section 2(a),"Each department and office included in section 2(a) shall report to the President, through the Secretary of Health and Human Services, its proposed actions within 90 days of the date of this order.",0
13267,02-16041,Termination 90 days after DHS legislation enacted,,Transition Planning Office,shall terminate within 90 days after the date on which legislation creating the Department of Homeland Security is enacted,0
13267,02-16041,Termination no later than 1 year after order issuance,,Transition Planning Office,"or within 1 year of the date of this order, whichever occurs first",0
13271,02-17640,within 10 days of the date of this order,,Deputy Attorney General,The Deputy Attorney General shall convene the first meeting of the Task Force within 10 days of the date of this order,0
13272,02-21056,Notification to agency heads,90 days after 13 August 2002,Advocacy,shall notify agency heads ... within 90 days of the date of this order,0
13272,02-21056,Issue written procedures and policies,180 days after 13 August 2002,All Federal Agencies,"Within 180 days of the date of this order, issue written procedures and policies",0
13272,02-21056,Submit procedures and policies to Advocacy,90 days after 13 August 2002,Agency Heads,"Agency heads shall submit, no later than 90 days from the date of this order, their written procedures and policies to Advocacy for comment",0
13272,02-21056,Consider Advocacy comments,60 days after each agency's submission to Advocacy,All Federal Agencies,agencies shall consider any such comments received within 60 days from the date of the submission of the agencies' procedures and policies to Advocacy,0
13272,02-21056,Annual compliance report,Annually (no later than 12 months after the prior report),Advocacy,Advocacy shall submit a report not less than annually to the Director of the Office of Management and Budget,0
13274,02-24252,At least once each year,,Task Force,"At least once each year, the Task Force shall submit to the President a report",0
13275,02-25900,Report due,2002-10-08,Board of Inquiry,"The Board shall report to me ... no later than October 8, 2002.",0
13278,02-31624,Report submission to the President,2003-07-31,President's Commission on the United States Postal Service,"The Commission shall submit its report ... to the President, through the Secretary of the Treasury, not later than July 31, 2003.",0
13278,02-31624,Commission termination (no later than),2003-08-30,President's Commission on the United States Postal Service,"The Commission shall terminate 30 days after submitting its report and in no event later than August 30, 2003.",0
13279,02-31831,90 days after the date of the order,,Specified agency heads,"Within 90 days after the date of this order, each specified agency head shall report to the President, through the Director of the White House OFBCI, the actions it proposes to undertake",0
13280,02-31832,Centers must start operating within 45 days of the order’s effective date.,,Each Center,Each Center shall begin operations no later than 45 days from the date of this order.,0
13280,02-31832,First report due 180 days after the order; subsequent reports due each year thereafter.,,Both Centers,"Not later than 180 days from the date of this order and annually thereafter, each of the two Centers described in section 1 of this order shall prepare and submit a report to the White House OFBCI.",0
13284,03-2069,effective date,2003-01-24,,"This order shall become effective on January 24, 2003.",0
13284,03-2069,end of responsibility period for coordinating domestic response efforts,2003-03-01,Secretary of Homeland Security,"until March 1, 2003, the Secretary of Homeland Security shall have the responsibility",0
13285,03-2606,Expiration of the order unless extended by the President,2 years from the date of this order,President,"Unless extended by the President, this order shall expire 2 years from the date of this order.",0
13286,03-5343,Order effective date,2003-03-01,,"Sec. 92. This order shall become effective on March 1, 2003.",0
13286,03-5343,Revocation of EO 13260,2003-03-31,,"Executive Order 13260 of March 19, 2002, is hereby revoked effective as of March 31, 2003.",0
13286,03-5343,NIAC termination deadline,2003-10-15,President,"(ii) The NIAC shall terminate on October 15, 2003, unless extended by the President.",0
13287,03-05344,assessment report due,2004-09-30,covered agencies,"No later than September 30, 2004, each covered agency shall complete a report of the assessment …",0
13287,03-05344,regulatory compliance review results due,2004-09-30,agencies with real‑property management responsibilities,"No later than September 30, 2004, each agency with real property management responsibilities shall review its regulations …",0
13287,03-05344,advisory guidelines for agencies due,2003-09-30,Advisory Council on Historic Preservation,"the Council, in consultation with the Secretary, shall, by September 30, 2003, prepare advisory guidelines for agencies to use at their discretion.",0
13287,03-05344,Council recommendations to President and agency heads due,2004-03-31,Advisory Council on Historic Preservation,"By March 31, 2004, the Council shall submit to the President and the heads of agencies recommendations …",0
13287,03-05344,designation of senior historic‑preservation official due,2003-06-30,heads of agencies,"No later than June 30, 2003, the head of each agency shall designate a senior policy level official …",0
13288,03-5848,effective date,2003-03-07T12:01:00-05:00,,"This order is effective at 12:01 eastern standard time on March 7, 2003",0
13291,03-7313,effective date,,,"effective on the first day of the first applicable pay period beginning on or after January 1, 2003.",0
13292,03-7736,Section 1.6 becomes effective 180 days after the order’s date.,,,"except for section 1.6, which shall become effective 180 days from the date of this order.",0
13292,03-7736,Agency head must submit justification within 60 days of a request for access.,,agency head,shall submit a written justification recommending the denial of access to the President through the Assistant to the President for National Security Affairs within 60 days of the request for access.,0
13298,03-11713,effective date of the order,2003-05-07,,"effective 12:01 a.m. eastern daylight time on May 7, 2003",0
13300,03-12071,Nomination must be submitted within 180 days after notice of a vacancy (or intended retirement).,,President,"within 180 days after the President receives notice of a vacancy or intended retirement, absent extraordinary circumstances.",0
13304,03-13694,effective date,2003-05-29,,"This order is effective at 12:01 a.m. eastern daylight time on May 29, 2003.",0
13305,03-13750,"June 1, 2005","June 1, 2005",,"section 4(b) of Executive Order 13035, as amended, is further amended by deleting ``June 1, 2003,'' and inserting in lieu thereof ``June 1, 2005,''.",0
13305,03-13750,"September 30, 2005","September 30, 2005",,"section 4(b) of Executive Order 13226 is amended by deleting ``2 years from the date of this order,'' and inserting in lieu thereof ``September 30, 2005,''.",0
13309,03-19572,Committee continuation deadline,2005-09-30,,"The Committee is continued until September 30, 2005.",0
13310,03-19573,30 days after the effective date (July 29 2003),2003-08-28,,"Beginning 30 days after the effective date of this order, ... the importation into the United States of any article that is a product of Burma is hereby prohibited.",0
13316,03-24217,Continuation deadline for the listed advisory committees,"September 30, 2005",,"continued until September 30, 2005.",0
13316,03-24217,Effective date of the order,"September 30, 2003",,"This order shall be effective September 30, 2003.",0
13317,03-24919,30 days after order date,,Each agency establishing an Office,begin operations no later than 30 days from the date of this order,0
13317,03-24919,180 days after order date (initial report),,USAID,within 180 days after the date of this order,0
13317,03-24919,annual reports thereafter,,USAID,and annually thereafter,0
13320,03-30913,date on which departments and agencies shall be closed,2003-12-26,,"Friday, December 26, 2003",0
13320,03-30913,heads may keep offices open for national security or other public need,,,"The heads of executive branch departments and agencies may determine that certain offices and installations of their organizations, or parts thereof, must remain open",0
13322,03-32328,Effective date for Schedule 8 (Uniformed Services pay).,2004-01-01,,"Schedule 8 is effective on January 1, 2004.",0
13322,03-32328,Effective date for all other schedules.,on or after 2004-01-01 (first applicable pay period),,"The other schedules contained herein are effective on the first day of the first applicable pay period beginning on or after January 1, 2004.",0
13325,04-1941,Effective date of the salary rates,"first day of the first applicable pay period beginning on or after January 1, 2004",,"effective on the first day of the first applicable pay period beginning on or after January 1, 2004",0
13326,04-2408,Final report due within 120 days of the Commission’s first meeting,,Commission,The Commission shall submit its final report to the President through the Administrator within 120 days of the first meeting of the Commission.,0
13326,04-2408,Commission must terminate within 60 days after its final report is submitted,,Commission,The Commission shall terminate within 60 days after submitting its final report.,0
13327,04-2773,Designation of Senior Real Property Officer,within 30 days after the date of this order,All executive‑branch departments and agencies,The designation of the Senior Real Property Officer shall be made by agencies within 30 days after the date of this order.,0
13327,04-2773,First meeting of the Federal Real Property Council,within 60 days of the date of this order,Federal Real Property Council,The Council shall be organized and hold its first meeting within 60 days of the date of this order.,0
13327,04-2773,Annual reporting of real‑property information to OMB and GSA,annual basis,Senior Real Property Officer,"The Senior Real Property Officer shall, on an annual basis, provide to the Director of the Office of Management and Budget and the Administrator of General Services:",0
13327,04-2773,Council meeting frequency,not less often than once a quarter each fiscal year,Federal Real Property Council,The Council shall hold meetings not less often than once a quarter each fiscal year.,0
13328,04-3170,Report due by March 31 2005,2005-03-31,Commission,"The Commission shall submit to the President by March 31, 2005, a report of the findings of the Commission",0
13328,04-3170,President must consult Congress within 90 days of receiving the report,,President,"Within 90 days of receiving the Commission's report, the President will consult with the Congress concerning the Commission's report and recommendations",0
13328,04-3170,Commission must terminate within 60 days after its report is submitted,,Commission,The Commission shall terminate within 60 days after submitting its report.,0
13330,04-4451,1 calendar year from the date of this order,2025‑02‑24,Interagency Transportation Coordinating Council,present to me a report not later than 1 calendar year from the date of this order.,0
13331,04-4884,Report to the President on proposed actions,180 days after 27 February 2004,"Chief Executive Officer, Corporation for National and Community Service","Within 180 days after the date of this order, the Chief Executive Officer shall report to the President",0
13334,04-8616,Report to the President within 30 days of the Board’s creation,,Board,The Board shall report to the President with respect to this dispute within 30 days of its creation.,0
13334,04-8616,No change in the conditions for 120 days after the Board’s creation,,Parties to the dispute,"from the date of the creation of the Board and for 120 days thereafter, no change in the",1
13335,04-10024,Operations must begin within 90 days of April 27 2004,,Department of Health and Human Services,within 90 days of the date of this order,0
13335,04-10024,HHS report to the President,,Department of Health and Human Services,within 90 days of this order,0
13335,04-10024,OPM report to the President,,Office of Personnel Management,report within 90 days of this order,0
13335,04-10024,VA‑DoD joint report to the President,,Department of Veterans Affairs; Department of Defense,"Within 90 days, the Secretary of Veterans Affairs and the Secretary of Defense shall jointly report",0
13336,04-10377,Develop a Federal interagency plan,90 days after 30 April 2004,Interagency Working Group,"The Working Group shall, within 90 days of the date of this order, develop a Federal interagency plan",0
13336,04-10377,Termination of the Working Group,no later than 5 years after 30 April 2004,Interagency Working Group,"The Working Group established under section 2 of this order shall terminate not later than 5 years from the date of this order, unless extended by the President.",0
13337,04-10378,Federal officials must provide their views within 90 days of the request,,Federal Government officials consulted by the Secretary of State,but not to exceed 90 days from the date of the request,0
13337,04-10378,An official may object to the Secretary’s proposed determination within 15 days after notification,,Any official required to be consulted under paragraph (b)(ii),within 15 days after notification pursuant to paragraphs (g) or (h) of this section,0
13338,04-11058,effective date,2004-05-12T12:01:00-04:00,,"This order is effective at 12:01 eastern daylight time on May 12, 2004.",0
13339,04-11271,Commission termination,2006-05-13,President,"The Commission shall terminate 2 years from the date of this order, unless renewed by the President.",0
13340,04-11592,Report to the President,2005-05-31,Great Lakes Interagency Task Force,"Submit a report to the President by May 31, 2005, and thereafter as appropriate",0
13342,04-12745,Operations must commence within 45 days of the order’s effective date.,45 days from the date of this order,Each Center,(d) Each Center shall begin operations no later than 45 days from the date of this order.,0
13342,04-12745,First report due 180 days after the order; subsequent reports due annually.,180 days from the date of this order (initial report); annually thereafter (subsequent reports),Each Center,"(a) Report. Not later than 180 days from the date of this order and annually thereafter, each of the three Centers described in section 1 of this order shall prepare and submit a report to the President through the White House OFBCI.",0
13343,04-13123,"June 11, 2004",2004-06-11,,"All executive departments, independent establishments, and other governmental agencies shall be closed on June 11, 2004",0
13347,04-17150,"annual report due each year, starting one year after the order’s effective date",,Interagency Coordinating Council on Emergency Preparedness and Individuals with Disabilities,each year beginning 1 year after the date of this order,0
13347,04-17150,"annual report due each year, starting one year after the order’s effective date",,Interagency Coordinating Council on Emergency Preparedness and Individuals with Disabilities,"The Council shall submit to the President each year beginning 1 year after the date of this order, through the Assistant to the President for Homeland Security, a report that describes:",0
13351,04-18575,Parties must submit final settlement offers 30 days after the Board is created,,Parties to the dispute,"Within 30 days after the creation of the Board, the parties to the dispute shall submit to the Board final offers for settlement of the dispute.",0
13351,04-18575,Board must submit its report 30 days after receiving the final offers,,Emergency Board,"Within 30 days after the submission of final offers for settlement of the dispute, the Board shall submit a report to the President setting forth its selection of the most reasonable offer.",0
13351,04-18575,Parties may not change dispute conditions for 60 days after the Board’s report,,Parties to the dispute,"until 60 days after the Board submits its report to the President, the parties to the controversy shall make no change in the conditions out of which the dispute arose except by agreement of the parties.",0
13352,04-19909,Conference must be convened not later than one year after the order’s date,,Chairman of the Council on Environmental Quality,"convene not later than 1 year after the date of this order, and thereafter at such times as the Chairman deems appropriate, a White House Conference on Cooperative Conservation (Conference)",0
13358,04-22212,Effective date,2004-10-01,,"This order shall take effect on October 1, 2004.",0
13360,04-24098,Agency heads must report annually to the Administrator of the Small Business Administration on implementation of their strategy.,annually,Agency heads,report annually to the Administrator of the Small Business Administration,0
13369,05-771,Report due no later than July 31 2005,2005-07-31,President’s Advisory Panel on Federal Tax Reform,"The Advisory Panel shall submit to the Secretary of the Treasury a report ... not later than July 31, 2005.",0
13369,05-771,Panel terminates 30 days after report submission,,President’s Advisory Panel on Federal Tax Reform,The Advisory Panel shall terminate 30 days after submitting its report pursuant to section 5 of this order.,0
13371,05-1886,order expiration,2007-01-29,,"(b) Unless further extended by the President, this order shall expire on January 29, 2007.",0
13371,05-1886,order expiration,2007-01-29,,"(b) Unless further extended by the President, this order shall expire on January 29, 2007.",0
13379,05-12284,reporting deadline,"September 30, 2005",,"Section 5 of Executive Order 13369 of January 7, 2005, is amended by deleting ``July 31, 2005'' and inserting in lieu thereof ``September 30, 2005''.",0
13381,05-13098,Report to the President on implementation of the order,2006-04-01,Director of the Office of Management and Budget,"The Director shall submit a report to the President, on or before April 1, 2006, on the implementation of this order and the policy set forth in section 1 of this order.",0
13381,05-13098,Expiration of the order (unless extended),2006-07-01,President,"Unless extended by the President, this order shall expire on July 1, 2006.",0
13382,05-13214,effective date,2005-06-29T00:01:00-04:00,,"This order is effective at 12:01 a.m. eastern daylight time on June 29, 2005.",0
13386,05-20156,new reporting deadline for Section 5,2005-11-01,,"deleting ``September 30, 2005'' and inserting in lieu thereof ``November 1, 2005''",0
13386,05-20156,new reporting deadline for Section 7,2005-11-15,,"deleting ``30 days after submitting its report pursuant to section 5 of this order'' and inserting in lieu thereof ``November 15, 2005''",0
13387,05-20944,30 days from the date of this order,,,These amendments shall take effect 30 days from the date of this order.,0
13387,05-20944,30 days from the date of this order,,,These amendments shall take effect 30 days from the date of this order.,0
13389,05-22132,Termination of the Council 3 years after the order date,,Gulf Coast Recovery and Rebuilding Council,"The Council shall terminate 3 years from the date of this order, unless extended by the President.",0
13391,05-23412,Effective date,2005-11-23,,"Sec. 4. This order shall take effect at 12:01 a.m. eastern standard time, November 23, 2005.",0
13392,05-24255,Agency heads must submit a report to the Attorney General and OMB Director summarizing the FOIA review and plan,6 months from order date,Agency heads,no later than 6 months from the date of this order,0
13392,05-24255,Attorney General must submit a report on agency FOIA implementation to the President,10 months from order date,Attorney General,"shall submit to the President, no later than 10 months from the date of this order, a report on agency FOIA implementation",0
13392,05-24255,Attorney General must submit two additional annual FOIA implementation reports,"June 1, 2007; June 1, 2008",Attorney General,"shall thereafter submit two further annual reports, by June 1, 2007, and June 1, 2008",0
13397,06-2362,Center must begin operations,45 days from the date of this order,Center for Faith-Based and Community Initiatives,The Center shall begin operations no later than 45 days from the date of this order.,0
13397,06-2362,First report to WHOFBCI Director,180 days from the date of this order,Center for Faith-Based and Community Initiatives,"Not later than 180 days from the date of this order and annually thereafter, the Center shall prepare and submit a report to the WHOFBCI Director.",0
13397,06-2362,Subsequent reports to WHOFBCI Director,annually thereafter,Center for Faith-Based and Community Initiatives,"Not later than 180 days from the date of this order and annually thereafter, the Center shall prepare and submit a report to the WHOFBCI Director.",0
13398,06-3865,preliminary report to the President,2007-01-31,National Mathematics Advisory Panel,"the Panel shall submit to the President, through the Secretary, a preliminary report not later than January 31, 2007, and a final report not later than February 28, 2008.",0
13398,06-3865,final report to the President,2008-02-28,National Mathematics Advisory Panel,"the Panel shall submit to the President, through the Secretary, a preliminary report not later than January 31, 2007, and a final report not later than February 28, 2008.",0
13398,06-3865,termination of the Advisory Panel (unless extended),2008-04-18,National Mathematics Advisory Panel,this Advisory Panel shall terminate 2 years after the date of this order.,0
13399,06-4085,effective date,2006-04-26T00:01:00-04:00,,"This order is effective at 12:01 a.m. eastern daylight time on April 26, 2006.",0
13401,06-4132,Agency heads must designate a Liaison,20 days after the order’s date,Head of each agency,within 20 days after the date of this order,0
13401,06-4132,Each agency Liaison must submit a report to the USA Freedom Corps,"180 days after the order’s date, then each year",Agency Liaison,Not later than 180 days from the date of this order and annually thereafter,0
13402,06-4552,Submit a coordinated strategic plan to the President,,Identity Theft Task Force,within 180 days after the date of this order,0
13409,06-6101,Board must submit its report to the President,within 30 days of its creation,Emergency Board,The Board shall report to the President with respect to this dispute within 30 days of its creation.,0
13409,06-6101,"No change in the conditions that gave rise to the dispute may be made by the parties, except by agreement",120 days after the Board’s creation,Parties to the dispute,"from the date of the creation of the Board and for 120 days thereafter, no change in the conditions out of which the dispute arose shall be made by the parties to the controversy, except by agreement of the parties.",0
13410,06-7220,Compliance with all directives in the order,2007-01-01,All Federal agencies that administer or sponsor a Federal health care program,"Agencies shall comply with the requirements of this order by January 1, 2007.",0
13411,06-7492,Plan submission to the President,2007-03-01,Secretary of Homeland Security,"Not later than March 1, 2007, the Secretary of Homeland Security shall submit the Plan to the President",0
13411,06-7492,Phased implementation of the Plan,2008-12-31,Secretary of Homeland Security,"include an implementation schedule for the Plan's recommendations that provides for the phased implementation of the Plan by December 31, 2008",0
13414,06-9148,"by February 9, 2007, or as soon as practicable thereafter",2007-02-09,Chairman and Co-Chairman,"prepare and submit in writing to the President by February 9, 2007, or as soon as practicable thereafter",0
13416,06-9619,December 31 2006,2006-12-31,Secretary of Homeland Security,"not later than December 31, 2006, develop a comprehensive transportation systems sector specific plan",0
13416,06-9619,90 days after the comprehensive plan is completed,,Secretary of Homeland Security,"not later than 90 days after the comprehensive transportation systems sector specific plan is completed, develop an annex to such plan",0
13416,06-9619,180 days after the order date (by 2007‑03‑03),2007-03-03,Secretary of Homeland Security,"not later than 180 days after the date of this order, identify surface transportation modes, or components thereof, that are subject to high risk of terrorist attack",0
13416,06-9619,180 days after the order date (by 2007‑03‑03),2007-03-03,Secretary of Homeland Security,"not later than 180 days after the date of this order,",1
13417,06-9632,Board must submit report to the President,within 30 days of board creation,Emergency Board,The Board shall report to the President with respect to the disputes within 30 days of its creation.,0
13417,06-9632,Prohibition on changing dispute conditions,120 days after board creation,Parties to the dispute,"from the date of the creation of the Board and for 120 days thereafter, no change in the conditions out of which the disputes arose shall be made by the parties to the controversy, except by agreement of the parties.",0
13419,06-9895,Submit the initial national aeronautics R&D plan,1 year after the date of this order,"Director, Office of Science and Technology Policy",not later than 1 year after the date of this order,0
13419,06-9895,Submit any changes to the plan,biennially,"Director, Office of Science and Technology Policy",not less often than biennially,0
13420,06-9896,"effective on February 16, 2007",2007-02-16,,"Rates for the Congress, under Schedule 6, are effective on February 16, 2007.",0
13420,06-9896,"effective on January 1, 2007",2007-01-01,,"Schedule 8 is effective on January 1, 2007.",0
13420,06-9896,"effective on the first day of the first applicable pay period beginning on or after January 1, 2007",,,"The other schedules contained herein are effective on the first day of the first applicable pay period beginning on or after January 1, 2007.",0
13421,06-9993,Closure date,2007-01-02,,"All executive departments, independent establishments, and other governmental agencies shall be closed on January 2, 2007",0
13422,07-293,Each agency head shall designate one of the agency's Presidential Appointees to be its Regulatory Policy Officer,Within 60 days of the date of this Executive order,Each agency head,"Within 60 days of the date of this Executive order, each agency head shall designate one of the agency's Presidential Appointees to be its Regulatory Policy",1
13423,07-374,within 30 days after the date of this order,,Each agency head,within 30 days after the date of this order,1
13423,07-374,once every 2 years,,Federal Environmental Executive,"submit a report to the President, through the Chairman of the Council, not less often than once every 2 years",0
13423,07-374,not later than January 1 of each year through and including 2010,,Secretary of Defense,"not later than January 1 of each year through and including 2010, the Secretary of Defense shall submit",1
13426,07-1137,Final report of the Commission,2007-06-30 (or 2007-07-31 if extended),President's Commission on Care for America's Returning Wounded Warriors,"The Commission shall issue a final report by June 30, 2007, unless the Co‑Chairs provide written notice to the President that an extension is necessary, in which case the Commission shall issue the final report by July 31, 2007.",0
13426,07-1137,Submission of the Task Force action plan,2007-04-20,Interagency Task Force on Returning Global War on Terror Heroes,The Task Force shall submit the action plan to the President within 45 days of the date of this order.,0
13426,07-1137,Termination of the Commission (30 days after final report),30 days after the final report date,President's Commission on Care for America's Returning Wounded Warriors,"The Commission shall terminate 30 days after submitting its final report, unless extended by the President prior to that date.",0
13426,07-1137,Termination of the Task Force (upon completion of duties),,Interagency Task Force on Returning Global War on Terror Heroes,"The Secretary, with the approval of the President, shall terminate the Task Force upon the completion of its duties.",0
13429,07-1816,Parties must submit final settlement offers within 30 days of Board creation,,Parties to the dispute,"Within 30 days after the creation of the Board, the parties to the dispute shall submit to the Board final offers for settlement of the dispute",0
13429,07-1816,Board must submit its report within 30 days after receiving final offers,,Emergency Board,"Within 30 days after the submission of final offers for settlement of the dispute, the Board shall submit a report to the President setting forth its selection of the most reasonable offer",0
13429,07-1816,Parties must maintain existing conditions for 60 days after the Board’s report,,Parties to the dispute,"until 60 days after the Board submits its report to the President, the parties to the controversy shall make no change in the conditions out of which the dispute arose except by agreement of the parties",0
13430,07-2027,30 days from the date of this order,,,Sec. 5. These amendments shall take effect 30 days from the date of this order.,0
13432,07-2462,Concurrence from other agency heads must be obtained at least 30 days before a regulatory action is published.,,Agency heads,in no event later than 30 days prior to publication of such action.,0
13432,07-2462,OMB Director must report to the President at least twice per year.,,Director of the Office of Management and Budget,"not less often than semiannually,",0
13433,07-2518,Each agency head shall notify the Attorney General and OMB of any contingency fee agreements that are in effect as of the date of this order.,Within 90 days after the date of this order,Agency heads,"Within 90 days after the date of this order,",1
13434,07-2570,Submit National Strategy,60 days after 17 May 2007,Assistant to the President for Homeland Security and Counterterrorism (APHS/CT) (in coordination with APNSA),"Not later than 60 days after the date of this order, the Assistant to the President for Homeland Security and Counterterrorism (APHS/CT) ... shall submit ... a National Strategy",0
13434,07-2570,Submit implementation plan for the National Strategy,120 days after the President’s approval of the National Strategy,Security Professional Development Executive Steering Committee,"Not later than 120 days after the approval of the National Strategy by the President, the Steering Committee shall submit ... an implementation plan",0
13434,07-2570,Submit annual status report on implementation of the plan,Annually after the first implementation‑plan submission,Security Professional Development Executive Steering Committee,and annually thereafter shall submit ... a status report on the implementation of the plan,0
13435,07-3112,Secretary shall issue an implementation plan,Within 90 days of this order,Secretary of Health and Human Services,"Within 90 days of this order, the Secretary, after such consultation with the Director of the National Institutes of Health (Director), shall issue a plan, … to implement subsection (a) of this section",0
13435,07-3112,Secretary shall submit annual report to the President,Not later than December 31 of each year,Secretary of Health and Human Services,"Not later than December 31 of each year, the Secretary shall report to the President on the activities carried out under this order during the past fiscal year",0
13443,07-4115,Plan to be prepared no later than 1 year after the Conference concludes,,Chairman of the Council on Environmental Quality,"shall prepare ... not later than 1 year following the conclusion of the Conference, a comprehensive Recreational Hunting and Wildlife Conservation Plan",0
13445,07-4890,first report to the President on the Working Group’s work,9 months after the date of this order,Chair of the Interagency Adult Education Working Group,with the first such report to be submitted no later than 9 months after the date of this order,0
13446,07-4906,continuance deadline for the listed advisory committees,2009-09-30,,"Each advisory committee listed below is continued until September 30, 2009.",0
13446,07-4906,effective date of the order,2007-09-30,,"Sec. 6. This order shall be effective September 30, 2007.",0
13447,07-4907,effective date,2007-10-01,,"These amendments shall take effect on October 1, 2007.",0
13452,07-5919,Board must submit its report within 30 days of creation,,Emergency Board,The Board shall report to the President with respect to the disputes within 30 days of its creation.,0
13452,07-5919,No change in conditions for 30 days after the Board’s report,,Parties to the dispute,"from the date of the creation of the Board and for 30 days after the Board has submitted its report to the President, no change in the conditions out of which the disputes arose shall be made by the parties to the controversy",0
13453,07-6022,Closure of all executive branch departments and agencies,2007-12-24,,"All executive branch departments and agencies of the Federal Government shall be closed and their employees excused from duty on Monday, December 24, 2007",0
13457,08-483,Publish written congressional earmark communications on the Internet,30 days after receipt of the communication,Receiving agency,"shall be made publicly available on the Internet by the receiving agency, not later than 30 days after receipt of such communication",0
13462,08-970,Members appointed under the transition provisions must serve until 15 months after 29 February 2008.,2020-05-29,Members of the PIAB and IOB transitioning from EO 12863,to serve as such consistent with this order until the date that is 15 months following the date of this order.,0
13464,08-1215,effective date,2008-05-01T00:01:00-04:00,,"effective at 12:01 a.m. eastern daylight time on May 1, 2008",0
13468,08-1472,30 days from the date of this order,,,These amendments shall take effect 30 days from the date of this order.,0
13468,08-1472,30 days from the date of this order,,,These amendments shall take effect 30 days from the date of this order.,0
13471,E8-20436,Expiration of the order,2009-06-30,,"(b) Unless further extended by the President, this order shall expire on June 30, 2009.",0
13472,E8-21651,within 30 days from the date of this order,2008-10-11,each agency for which presidential action is required to establish an order of succession,"not later than 30 days from the date of this order, send such proposed draft order to the Counsel to the President",0
13472,E8-21651,within 30 days from the date of this order,2008-10-11,each agency described in subsection 4(a),Not later than 30 days from the date of this order,0
13472,E8-21651,within 7 days from the issuance date of any subsequent final revision to an existing order of succession,,each agency described in subsection 4(a),not later than 7 days from the issuance date of any subsequent final revision to an existing order of succession,0
13476,E8-24465,order expiration,2009-02-20,,"Unless extended by the President, this order shall expire on February 20, 2009.",0
13479,E8-27777,establish support staff,60 days after order date,Secretary of Transportation,not later than 60 days after the date of this order,0
13479,E8-27777,establish advisory committee,180 days after order date,Secretary of Transportation,not later than 180 days after the date of this order,0
13479,E8-27777,Senior Policy Committee reporting,every 2 years,Senior Policy Committee,report not less often than every 2 years to the President,0
13482,E8-30042,"Friday, December 26, 2008",2008-12-26,,"All executive branch departments and agencies of the Federal Government shall be closed and their employees excused from duty on Friday, December 26, 2008",0
13483,E8-30700,Effective date for Schedule 8,2009-01-01,,"Schedule 8 is effective January 1, 2009.",0
13483,E8-30700,Effective date for all other schedules,2009-01-01,,"The other schedules contained herein are effective on the first day of the first applicable pay period beginning on or after January 1, 2009.",0
13486,E9-818,Report to the President not later than 180 days after the date of this order,,Working Group,"submit a report to the President, through the Co‑Chairs, not later than 180 days after the date of this order that is unclassified, with a classified annex as required",0
13486,E9-818,Termination of the Working Group 60 days after the date of the report submitted under subsection 3(c),,Working Group,The Working Group shall terminate 60 days after the date of the report submitted under subsection 3(c) of this order.,0
13488,E9-1574,Applicability to individuals newly appointed to excepted service positions or hired as contractor employees,90 days from the effective date,All executive agencies,This order is effective upon issuance and is applicable to individuals newly appointed ... beginning 90 days from the effective date of this order.,0
13489,E9-1712,30 days after receipt by the incumbent and former Presidents of a notice of intent to disclose Presidential records,,Archivist,"Upon the passage of 30 days after receipt by the incumbent and former Presidents of a notice of intent to disclose Presidential records, the Archivist may disclose the records covered by the notice",0
13489,E9-1712,at least 30 days prior to disclosure of the Presidential records,,Archivist,The Archivist shall notify the incumbent and former Presidents of his determination at least 30 days prior to disclosure of the Presidential records,0
13490,E9-1719,annual public report on the administration of the pledge and this order,,Office of Government Ethics,provide an annual public report on the administration of the pledge and this order,0
13491,E9-1885,The Special Task Force shall provide a report to the President within 180 days of the date of this order.,180 days after 2009-01-22,Special Task Force,The Special Task Force shall provide a report to the President ... within 180 days of the date of this order,0
13492,E9-1893,closure of Guantánamo detention facilities no later than 1 year from the order date,,,"shall be closed as soon as practicable, and no later than 1 year from the date of this order.",0
13492,E9-1893,review of detention conditions to be completed within 30 days,,,Such review shall be completed within 30 days,0
13493,E9-1895,Report to the President on the task force’s findings,,Special Interagency Task Force on Detainee Disposition,within 180 days of the date of this order,0
13494,E9-2483,FAR Council must adopt rules and regulations within 150 days of the order’s effective date,,Federal Acquisition Regulatory Council (FAR Council),"Within 150 days of the effective date of this order, the Federal Acquisition Regulatory Council (FAR Council) shall adopt such rules and regulations and issue such orders as are deemed necessary and appropriate to carry out this order.",0
13495,E9-2484,Secretary of Labor (in consultation with the Federal Acquisition Regulatory Council) must issue regulations to implement the order,180 days after the date of this order,Secretary of Labor,"the Secretary shall, in consultation with the Federal Acquisition Regulatory Council, issue regulations, within 180 days of the date of this order",0
13496,E9-2485,"Secretary shall initiate rulemaking to prescribe the notice size, form, and content",Within 120 days of the effective date of this order,Secretary of Labor,"Within 120 days of the effective date of this order, the Secretary shall initiate a rulemaking to prescribe the size, form, and content of the notice to be posted by a contractor under paragraph 1 of the contract clause described in section 2 of this order.",0
13498,E9-2893,Termination of the Council unless extended by the President,2 years from the date of this order,President,The Council shall terminate 2 years from the date of this order unless extended by the President.,0
13502,E9-3113,within 120 days of the order date,2009-06-06,Federal Acquisition Regulatory Council (FAR Council),"Within 120 days of the date of this order, the Federal Acquisition Regulatory Council (FAR Council)",1
13502,E9-3113,within 180 days of the order date,2009-08-05,Director of OMB,"shall provide the President within 180 days of this order, recommendations about whether broader use of project labor agreements",1
13505,E9-5441,review existing NIH guidance and other recognized guidelines on human stem cell research and issue new NIH guidance,Within 120 days from the date of this order,"Secretary of Health and Human Services, through the Director of NIH","Within 120 days from the date of this order, the Secretary, through the Director of NIH, shall review existing NIH guidance and other",1
13506,E9-5802,Develop and submit a Federal interagency plan to the President,within 150 days of the date of this order,White House Council on Women and Girls,"within 150 days of the date of this order, develop and submit to the President a Federal interagency plan",0
13508,E9-11547,120 days from the order date,,Lead agencies,"Within 120 days from the date of this order, the agencies identified in this section as the lead agencies shall prepare and submit draft reports to the Committee",0
13508,E9-11547,180 days from the order date,,Lead agencies,The lead agencies shall provide final reports to the Committee within 180 days of the date of this order.,0
13508,E9-11547,180 days from the order date,,Committee,the draft strategy shall be published for public review and comment within 180 days of the date of this order,0
13508,E9-11547,1 year from the order date,,Committee,a final strategy shall be published within 1 year.,0
13508,E9-11547,1 year from the order date,,EPA Administrator,"The Administrator of the EPA shall, within 1 year of the date of this order ... publish guidance for Federal land management in the Chesapeake Bay watershed",0
13511,E9-23886,Continuation deadline for the listed advisory committees,"September 30, 2011",,"Each advisory committee listed below is continued until September 30, 2011.",0
13511,E9-23886,Effective date of the order,"September 30, 2009",,"Sec. 4. This order shall be effective September 30, 2009.",0
13513,E9-24203,"90 days from the order date (October 1, 2009) – i.e., by December 30, 2009",2009-12-30,All executive‑branch agencies,"Within 90 days of the date of this order, each agency is directed, consistent with all applicable laws and regulations: (i) to take appropriate measures to implement this order, (ii) to adopt measures to ensure compliance with section 2 of this order, including through appropriate disciplinary actions, and (iii) to notify the Secretary of Transportation of the measures it undertakes hereunder.",0
13514,E9-24518,Agency heads must set and report a scope 1‑2 GHG‑reduction target,within 90 days of the date of this order,Agency heads,"within 90 days of the date of this order, establish and report to the",1
13514,E9-24518,Agency heads must set and report a scope 3 GHG‑reduction target,within 240 days of the date of this order,Agency heads,within 240 days of the date of this order and concurrent with submission of the Strategic Sustainability Performance Plan ... establish and report ... a percentage reduction target for reducing agency‑wide scope 3 greenhouse gas emissions,0
13514,E9-24518,"Submit a comprehensive inventory of absolute GHG emissions (scope 1, 2, 3)",within 15 months of the date of this order (first inventory) and annually thereafter,Agency heads,"within 15 months of the date of this order for fiscal year 2010, and",1
13514,E9-24518,Designate a Senior Sustainability Officer,within 30 days of the date of this order,Agency heads,"within 30 days of the date of this order, the head of each agency shall designate ... a Senior Sustainability Officer",0
13514,E9-24518,Submit the Strategic Sustainability Performance Plan,within 240 days of the date of this order (first plan) and annually thereafter,Agency Senior Sustainability Officers,"within 240 days of the date of this order, and annually thereafter, preparing and submitting to the CEQ Chair and",1
13514,E9-24518,CEQ Chair to give President aggregate scope 1‑2 target,within 120 days of the date of this order,CEQ Chair,"within 120 days of the date of this order, provide the President with an aggregate Federal Government‑wide target for reducing scope 1 and 2 greenhouse gas emissions",0
13514,E9-24518,CEQ Chair to give President aggregate scope 3 target,within 270 days of the date of this order,CEQ Chair,"within 270 days of the date of this order, provide the President with an aggregate Federal Government‑wide target for reducing scope 3 greenhouse gas emissions",0
13514,E9-24518,DOE to develop GHG reporting and accounting procedures,within 180 days of the date of this order,Department of Energy (FEMP),within 180 days of the date of this order develop and provide to the CEQ Chair recommended Federal greenhouse gas reporting and accounting procedures,0
13514,E9-24518,DOE to provide electronic GHG accounting capability,within 1 year of the date of this order,Department of Energy (FEMP),"within 1 year of the date of this order, to ensure consistent and accurate reporting ... provide electronic accounting and reporting capability for the Federal greenhouse gas reporting procedures",0
13514,E9-24518,DOE to update GHG reporting guidance every 3 years,every 3 years from initial guidance issuance,Department of Energy (FEMP),every 3 years from the date of the CEQ Chair's issuance of the initial version of the reporting guidance ... develop and provide recommendations to the CEQ Chair for revised Federal greenhouse gas reporting procedures,0
13514,E9-24518,DOT to recommend sustainable location strategies for Federal facilities,within 180 days of the date of this order,Department of Transportation,"within 180 days of the date of this order, the Department of Transportation",1
13514,E9-24518,GSA to recommend improvements to Federal transportation logistics,within 180 days of the date of this order,General Services Administration,"within 180 days of the date of this order, the General Services Administration",1
13514,E9-24518,DOE to issue fleet‑management guidance,within 180 days of the date of this order,Department of Energy,"within 180 days of the date of this order, the Department of Energy ... shall issue guidance on Federal fleet management",0
13514,E9-24518,GSA to recommend vendor/contractor emissions tracking,within 180 days of the date of this order,General Services Administration,"within 180 days of the date of this order, the General Services Administration",1
13514,E9-24518,EPA to issue stormwater‑guidance,within 60 days of the date of this order,Environmental Protection Agency,"within 60 days of the date of this order, the Environmental Protection Agency ... shall issue guidance on the implementation of section 438 of the Energy Independence and Security Act of 2007",0
13514,E9-24518,Federal Environmental Executive to develop regional implementation plan,within 180 days of the date of this order,Federal Environmental Executive,"within 180 days of the date of this order, the Federal Environmental Executive shall develop and implement a regional implementation plan",0
13514,E9-24518,CEQ Chair to report on climate‑change adaptation progress,within 1 year of the date of this order,CEQ Chair,within 1 year of the date of this order the CEQ Chair shall provide to the President ... a progress report on agency actions in support of the national adaptation strategy,0
13517,E9-26834,Task Force report due within one year of the order’s date,,Task Force,The Task Force shall submit to the President a report on the actions it has taken to perform the functions set forth in section 3 no later than 1 year from the date of this order.,0
13519,E9-28022,first meeting of the Task Force,within 30 days of November 17 2009,Attorney General,The Attorney General shall convene the first meeting of the Task Force within 30 days of the date of this order,0
13520,E9-28493,Within 90 days of the date of this order,,Director of OMB,"Within 90 days of the date of this order, the Director of the Office of Management and Budget (OMB) shall:",0
13520,E9-28493,Within 180 days of the date of this order,,Secretary of the Treasury (in coordination with Attorney General and OMB),"Within 180 days of the date of this order, the Secretary of the Treasury in coordination with the Attorney General and the Director of OMB, shall publish on the Internet information about improper payments",0
13520,E9-28493,Within 180 days of the date of this order,,Secretary of the Treasury,"Within 180 days of the date of this order, the Secretary of the Treasury ... shall establish a central Internet‑based method to collect from the public information concerning suspected incidents of waste, fraud, and abuse",0
13520,E9-28493,Within 180 days of the date of this order,,Chief Financial Officers Council (CFOC),"Within 180 days of the date of this order, the Chief Financial Officers Council (CFOC) ... shall make recommendations to the Director of OMB and the Secretary of the Treasury",0
13520,E9-28493,Within 180 days of the date of this order,,Federal Acquisition Regulatory Council,"Within 180 days of the date of this order, the Federal Acquisition Regulatory Council ... shall recommend to the President actions designed to enhance contractor accountability",0
13520,E9-28493,Within 120 days of the date of this order,,Head of each agency,"Within 120 days of the date of this order, the head of each agency responsible for operating a high‑priority program shall designate an official",0
13520,E9-28493,Within 180 days of the date of this order,,Designated agency officials,"Within 180 days of the date of this order, each agency official ... shall provide the agency's Inspector General a report containing",0
13520,E9-28493,"Within 180 days of the date of this order, and at least once every quarter thereafter",,Head of each agency,"at least once every quarter thereafter, the head of each agency shall submit ... a report on any high‑dollar improper payments identified by the agency",0
13520,E9-28493,Within 30 days of the date of this order,,Director of OMB,"Within 30 days of the date of this order, the Director of OMB shall establish a working group consisting of Federal and elected State and local officials to make recommendations to the Director of OMB designed to improve the effectiveness of single audits",0
13520,E9-28493,Within 30 days of the date of this order,,Director of OMB,"Within 30 days of the date of this order, the Director of OMB shall establish a working group (which may be separate from the group established under subsection (b) of this section) consisting of Federal and elected State and local officials to make recommendations to the Director of OMB for administrative actions designed to improve the incentives and accountability",0
13520,E9-28493,(No specific deadline),,Director of OMB,"The Director of OMB, in consultation with the appropriate agencies and the CIGIE, shall develop policy recommendations, including potential legislative proposals",0
13522,E9-29781,Heads of departments/agencies must submit a written implementation plan to the Council.,,,within 90 days of the date of this order,0
13522,E9-29781,The Council shall review each implementation plan.,,,within 30 days of receipt,0
13522,E9-29781,Certified implementation plans must be in place.,,,no later than 150 days after the date of this order,0
13522,E9-29781,The Council shall present its recommendations to the President.,,,within 150 days after the date of this order,0
13522,E9-29781,The Council shall submit a report evaluating the pilot projects.,,,No later than 18 months after implementation of the pilot projects,0
13523,E9-30020,half‑day closure of agencies,2009-12-24,Heads of executive branch departments and agencies (to determine exceptions),"on Thursday, December 24, 2009, the day before Christmas Day",0
13526,E9-31418,Fundamental classification guidance review,2 years after effective date,,the initial fundamental classification guidance review shall be completed within 2 years of the effective date of this order.,0
13526,E9-31418,Declassification of exempted records,3 years after effective date,,"Not later than 3 years from the effective date of this order, all records exempted from automatic declassification",1
13527,2010-38,180 days after 30 December 2009 (≈ 28 June 2010),,"Secretaries of Health and Human Services and Homeland Security; Secretaries of Homeland Security, Health and Human Services, Defense, and the Attorney General",within 180 days of the date of this order,0
13527,2010-38,90 days after 30 December 2009 (≈ 30 March 2010),,Secretaries of Homeland Security and Health and Human Services (with the Secretary of Defense),within 90 days of the date of this order,0
13531,2010-3725,Final report vote deadline,2010-12-01,National Commission on Fiscal Responsibility and Reform,"No later than December 1, 2010, the Commission shall vote on the approval of a final report …",0
13531,2010-3725,Commission termination (30 days after final report),relative to final report submission,National Commission on Fiscal Responsibility and Reform,The Commission shall terminate 30 days after submitting its final report.,0
13534,2010-5837,180 days after the order date (March 11 2010),2010-09-07,Export Promotion Cabinet,"Not later than 180 days after the date of this order, the Export Promotion Cabinet, through the TPCC, shall provide the President a comprehensive plan to carry out the goals of the NEI.",0
13535,2010-7154,180 days after 2010‑03‑24,2010-09-20,OMB and HHS,within 180 days of the date of this order,0
13538,2010-9451,PMAB termination 2 years after order date,,,The PMAB shall terminate 2 years after the date of this order unless extended by the President.,0
13539,2010-9796,2 years from the date of this order unless extended by the President,2012-04-21,President's Council of Advisors on Science and Technology (PCAST),The PCAST shall terminate 2 years from the date of this order unless extended by the President,0
13540,2010-10172,Report to the President on the performance of the Task Force,,Task Force,not later than 1 year after its first meeting and annually thereafter,0
13543,2010-12805,final public report due within 6 months of the Commission's first meeting,,,submit a final public report to the President with its findings and options for consideration within 6 months of the date of the Commission's first meeting.,0
13543,2010-12805,Commission termination 60 days after final report submission,,,The Commission shall terminate 60 days after submitting its final report.,0
13544,2010-14613,"Chair must develop and make public a national prevention, health promotion, and public health strategy","March 23, 2011",Chair of the Council,"Not later than March 23, 2011, the Chair, in consultation with the Council, shall develop and make public a national prevention, health promotion, and public health strategy (national strategy), and shall review and revise it periodically.",0
13544,2010-14613,Council must submit its first report to the President and relevant congressional committees,"July 1, 2010","National Prevention, Health Promotion, and Public Health Council","Not later than July 1, 2010, and annually thereafter until January 1, 2015, the Council shall submit to the President and the relevant committees of the Congress, a report that:",0
13545,2010-15851,Council termination unless extended,"2 years from June 22, 2010",President,"The Council shall terminate 2 years from the date of this order, unless extended by the President.",0
13546,2010-16864,Designation of Tier 1 agents,18 months from the date of this order,Secretaries of Health and Human Services and Agriculture,no later than 18 months from the date of this order:,0
13546,2010-16864,Propose amendments to the Select Agent Regulations,15 months from the date of this order,Secretaries of Health and Human Services and Agriculture,"no later than 15 months from the date of this order, propose amendments",0
13546,2010-16864,Promulgate final rules and guidance for Tier 1 security,27 months from the date of this order,Secretaries of Health and Human Services and Agriculture,"no later than 27 months from the date of this order, promulgate final rules and guidance",0
13546,2010-16864,Develop and implement a coordination plan for BSAT security oversight,6 months from the date of this order,Heads of executive departments and agencies identified in section 7(a)(ii),"no later than 6 months from the date of this order, develop and implement a plan",0
13546,2010-16864,Provide consensus recommendations on Tier 1 designation and related issues,4 months from the date of this order,Federal Experts Security Advisory Panel,"no later than 4 months from the date of this order, provide consensus recommendations",0
13546,2010-16864,Develop a process and criteria for sharing Select Agent Program information,6 months from the date of this order,"Secretaries of Health and Human Services, Agriculture, and the Attorney General","no later than 6 months from the date of this order, develop a process and the criteria for making SAP information available",0
13546,2010-16864,Review implementation and effectiveness of the order,Biennial (every two years),National Security Staff,"shall, on a biennial basis, review the implementation and effectiveness of this order",0
13548,2010-18988,Model recruitment and hiring strategies must be designed within 60 days of the order’s date.,"60 days after July 26, 2010",Office of Personnel Management,"Within 60 days of the date of this order, the Director of the Office of Personnel Management … shall design model recruitment and hiring strategies",0
13548,2010-18988,Agency‑specific employment plans must be developed within 120 days after OPM issues the strategies.,120 days after OPM’s issuance of strategies (which must occur within 60 days of the order),All federal agencies,"Within 120 days of the date the Office of Personnel Management sets forth strategies and programs required under subsection (a), each agency shall develop an agency‑specific plan",0
13548,2010-18988,OPM must review and possibly revise the definition of targeted disability no earlier than one year after the order’s date.,"≥ 1 year after July 26, 2010",Office of Personnel Management,"Not less than 1 year after the date of this order … the Office of Personnel Management shall review the effectiveness of the definition of targeted disability … and replace, update, or revise it as appropriate.",0
13549,2010-21016,Implementing directive to be issued,180 days after order date,Secretary of Homeland Security,Procedures for uniform implementation of these standards by SLTPS entities shall be set forth in an implementing directive to be issued by the Secretary of Homeland Security within 180 days of the date of this order,0
13549,2010-21016,Order effective date,180 days after order date,,"This order is effective 180 days from the date of this order with the exception of section 3, which is effective immediately.",0
13552,2010-22279,effective date of the amendments,2010-09-30,,These amendments shall take effect 30 days from the date of this order.,0
13554,2010-25578,The Task Force shall prepare a Gulf of Mexico Regional Ecosystem Restoration Strategy (Strategy).,within 1 year of the date of this order,Task Force,"Within 1 year of the date of this order, the Task Force shall prepare a Strategy",0
13554,2010-25578,The first meeting of the Task Force shall be held.,within 90 days of the date of this order,Task Force,The first meeting of the Task Force shall be held within 90 days of the date of this order.,0
13556,2010-28360,Agency heads must review and submit CUI catalogue within 180 days of the order date,180 days after 4 Nov 2010,Agency heads,"Each agency head shall, within 180 days of the date of this",1
13556,2010-28360,NARA must issue initial implementation directives within 180 days of the order date,180 days after 4 Nov 2010,National Archives and Records Administration,The Executive Agent shall issue initial directives for the implementation of this order within 180 days of the date of this order,0
13556,2010-28360,NARA must create a public CUI registry within 1 year of the order date,1 year after 4 Nov 2010,National Archives and Records Administration,"Within 1 year of the date of this order, the Executive Agent shall establish and maintain a public CUI registry reflecting authorized CUI categories and subcategories, associated markings, and applicable safeguarding, dissemination, and decontrol procedures",0
13556,2010-28360,NARA must publish an implementation status report annually for the first five years and every two years thereafter,"Annually for years 1‑5, then every 2 years",National Archives and Records Administration,"In each of the first 5 years following the date of this order and biennially thereafter, the Executive Agent shall publish a report on the status of agency implementation of this order",0
13559,2010-29579,120 days after the order date,,Interagency Working Group on Faith‑Based and Other Neighborhood Partnerships,"Within 120 days of the date of this order, the Working Group shall submit a report to the President",0
13560,2010-31878,"terminate 2 years from the date of this order, unless renewed by the President",2012-12-14,Council,"The Council shall terminate 2 years from the date of this order, unless renewed by the President.",0
13561,2010-32960,Effective date for Schedule 8,2011-01-01,,"Schedule 8 is effective January 1, 2011.",0
13561,2010-32960,Effective date for all other schedules,on or after 2011-01-01 (first applicable pay period),,"The other schedules contained herein are effective on the first day of the first applicable pay period beginning on or after January 1, 2011.",0
13562,2010-33169,within 45 days of the date of this order,2011-02-10,agencies,"within 45 days of the date of this order, designate a Pathways Programs Officer (at the agency level, or at bureaus or components within the agency) to administer Pathways Programs",0
13563,2011-1385,"120 days from the order’s date (January 18, 2011) to submit a preliminary plan",120 days after 2011‑01‑18,Each agency,"Within 120 days of the date of this order, each agency shall develop and submit to the Office of Information and Regulatory Affairs a preliminary plan",0
13564,2011-2577,Termination 2 years after the order date,,,The PCJC shall terminate 2 years after the date of this order unless extended by the President.,0
13565,2011-3257,first meeting of the Senior Advisory Committee,90 days after February 8 2011,Intellectual Property Enforcement Coordinator,The Coordinator shall convene the first meeting of the Senior Advisory Committee within 90 days of the date of this order,0
13567,2011-5728,Initial review must begin no later than one year after the order’s date,,Secretary of Defense,initial review shall commence as soon as possible but no later than 1 year from the date of this order,0
13567,2011-5728,"PRB must provide a written summary of its final determination within 30 days, when practicable",,Periodic Review Board,within 30 days of the determination when practicable,0
13567,2011-5728,File reviews must occur every six months between full reviews,,Periodic Review Board,the continued detention of each detainee shall also be subject to a file review every 6 months,0
13567,2011-5728,Full reviews must be conducted every three years,,Periodic Review Board,subsequent full reviews and hearings by the PRB on a triennial basis,0
13567,2011-5728,The Review Committee must conduct an annual review of transfer efforts,,Review Committee,The Committee shall conduct an annual review of sufficiency and efficacy of transfer efforts,0
13567,2011-5728,The Committee must review the continued law‑of‑war detention policy at least once every four years,,Review Committee,at least once every 4 years thereafter,0
13569,2011-8642,termination 2 years from the date of this order,,,shall terminate 2 years from the date of this order unless extended by the President,0
13571,2011-10732,Develop a Customer Service Plan within 180 days of the order date,180 days after 27 April 2011,Each executive department and agency,"Within 180 days of the date of this order, each agency shall develop, in consultation with the Office of Management and Budget (OMB), a Customer Service Plan",0
13573,2011-12645,Effective date of the order,"May 18, 2011 1:00 p.m. eastern daylight time",,"This order is effective at 1:00 p.m. eastern daylight time on May 18, 2011.",0
13576,2011-15181,6 months after the date of the order,,Government Accountability and Transparency Board,"Not later than 6 months after the date of this order, the Board shall submit a report to the President",0
13579,2011-17953,Within 120 days of the date of this order,"120 days after July 11, 2011",each independent regulatory agency,"Within 120 days of the date of this order, each independent regulatory agency should develop and release to the public a plan",0
13583,2011-21704,Develop and issue the Government‑wide Diversity and Inclusion Strategic Plan,within 90 days of the date of this order,Director of OPM and Deputy Director for Management of OMB,within 90 days of the date of this order,0
13583,2011-21704,Agency heads must develop and submit agency‑specific Diversity and Inclusion Strategic Plans,within 120 days of the issuance of the Government-wide Plan,Heads of executive departments and agencies,within 120 days of the issuance of the Government-wide Plan,0
13583,2011-21704,Update the Government‑wide Diversity and Inclusion Strategic Plan,minimum every 4 years,Director of OPM and Deputy Director for Management of OMB,to be updated as appropriate and at a minimum every 4 years,0
13585,2011-26141,effective date,2011-09-30,,"This order shall be effective September 30, 2011.",0
13585,2011-26141,continuance deadline for the listed advisory committees,2013-09-30,,"Each advisory committee listed below is continued until September 30, 2013.",0
13586,2011-26574,Report to the President within 30 days of the Board’s creation,,Emergency Board,The Board shall report to the President with respect to the disputes within 30 days of its creation.,0
13589,2011-29683,within 45 days of the date of this order,,Each agency,Agency plans for meeting this target shall be submitted to the Office of Management and Budget (OMB) within 45 days of the date of this order.,0
13589,2011-29683,by Fiscal Year 2013,,Each agency,"by not less than 20 percent below Fiscal Year 2010 levels, in Fiscal Year 2013.",0
13591,2011-30990,continuance of committees listed in Sec. 1,"September 30, 2013",,"Each advisory committee listed below is continued until September 30, 2013.",0
13591,2011-30990,"continuance of the Advisory Group on Prevention, Health Promotion, and Integrative and Public Health","September 30, 2012",,"The following advisory committee is continued until September 30, 2012:",0
13591,2011-30990,termination date for the President's Advisory Council on Financial Capability (as amended),"January 29, 2013",,"Unless extended by the President, the Council shall terminate on January 29, 2013.",0
13592,2011-31624,120 days from the order date,,Executive Director (Education) and BIE Director (Interior),The MOU shall be completed within 120 days of the date of this order.,0
13593,2011-32486,Effective date of the amendments,2012-01-12,,Sec. 2. These amendments shall take effect 30 days from the date of this order.,0
13594,2011-33087,Effective date for Schedule 8,2012-01-01,,"Schedule 8 is effective January 1, 2012.",0
13594,2011-33087,Effective date for all other schedules,first pay period on/after 2012-01-01,,"The other schedules contained herein are effective on the first day of the first applicable pay period beginning on or after January 1, 2012.",0
13595,2011-33089,Within 150 days of the date of the release of the National Action Plan,,"Secretary of State, Secretary of Defense, Administrator of USAID","(ii) within 150 days of the date of the release of the National Action Plan, develop and submit to the Assistant to the President and National Security Advisor an agency-specific implementation plan ...",0
13595,2011-33089,First review of the National Action Plan,2015,Assistant to the President and National Security Advisor,The first review will take place in 2015;,0
13597,2012-1568,implementation plan by the Secretaries of State and Homeland Security,60 days after 19 January 2012,Secretaries of State and Homeland Security,within 60 days of the date of this order,0
13597,2012-1568,progress report to the President,180 days after 19 January 2012,Secretaries of State and Homeland Security,"Within 180 days of the date of this order, and periodically thereafter",0
13597,2012-1568,delivery of the National Travel and Tourism Strategy to the President,90 days after 19 January 2012,Task Force on Travel and Competitiveness,within 90 days of the date of this order,0
13599,2012-3097,effective date,2012-02-06,,"This order is effective at 12:01 a.m. eastern standard time on February 6, 2012.",0
13600,2012-3616,"Council termination (2 years after order date, unless renewed)",,President,"The Council shall terminate 2 years after the date of this order, unless renewed by the President.",0
13602,2012-6797,Within 1 year of the order’s date; then annually thereafter,,Executive Director of the Council,"Within 1 year of the date of this order, and annually thereafter, the Executive Director shall provide a report to the Co‑Chairs on the work of the Council",0
13604,2012-7636,Submit list of national or regional infrastructure projects to the CPO,2012-04-30,Member Agencies,"select, submit to the CPO by April 30, 2012, and periodically update thereafter, a list of infrastructure projects of national or regional significance",0
13604,2012-7636,CPO evaluates and reports on implementation of the Federal Plan,2013-01-31,Chief Performance Officer (CPO),"by January 31, 2013, and annually thereafter, after input from interested agencies, evaluate and report to the President on the implementation of the Federal Plan and Agency Plans",0
13604,2012-7636,Steering Committee to develop and publish the Federal Plan on the Dashboard,2012-05-31,Steering Committee,"By May 31, 2012, the Steering Committee shall, following coordination with Member Agencies and other interested agencies, develop and publish on the Dashboard a Federal Plan",0
13604,2012-7636,Each Member Agency to submit its Agency Plan to the CPO,2012-06-30,Member Agencies,"by June 30, 2012, submit to the CPO an Agency Plan identifying those permitting and review processes the Member Agency views as most critical",0
13604,2012-7636,Each Member Agency to publish its Agency Plan on the Dashboard,2012-07-31,Member Agencies,"by July 31, 2012, following coordination with other Member Agencies and interested agencies, publish its Agency Plan on the Dashboard",0
13604,2012-7636,Each Member Agency to report progress on its Agency Plan to the CPO (and every six months thereafter),2012-12-31,Member Agencies,"by December 31, 2012, and every 6 months thereafter, report progress to the CPO on implementing its Agency Plan",0
13607,2012-10715,within 90 days from the date of this order,2012-07-26,"Secretaries of Defense, Veterans Affairs, and Education","shall take immediate action to implement this order, and, within 90 days from the date of this order, report to the President their progress on implementation",0
13610,2012-11798,Initial draft report due September 10 2012; thereafter drafts due the second Monday of January and July each year,2012-09-10,All federal agencies,"Agencies shall submit draft reports to OIRA on September 10, 2012, and on the second Monday of January and July for each year thereafter",0
13610,2012-11798,Final reports must be posted no later than three weeks after each draft report submission,Within 21 days of each draft submission,All federal agencies,Agencies shall make final reports available to the public within a reasonable period (not to exceed three weeks from the date of submission of draft reports to OIRA),0
13616,2012-15183,Report to the Steering Committee within 1 year of the order date,,Broadband Deployment on Federal Property Working Group,"Within 1 year of the date of this order, the Working Group shall report to the Steering Committee on Federal Infrastructure Permitting and Review Process Improvement",0
13616,2012-15183,Submit the strategy to the Co‑Chairs within 180 days of the order date,,Each Broadband Member Agency,is provided to the Co‑Chairs within 180 days of the date of this order,0
13616,2012-15183,"Develop and use template contracts, applications, and permits within 1 year of the order date",,"Each Broadband Member Agency with responsibility for managing Federal lands, buildings, or rights of way","within 1 year of the date of this order, develop and use one or more templates for uniform contract, application, and permit terms",0
13616,2012-15183,"Various actions in Sec. 5 (e.g., review dig‑once requirements, create online platform) to be completed within 1 year of the order date",,Department of Transportation and other agencies as specified,within 1 year of the date of this order:,0
13618,2012-17022,Develop and submit a detailed DHS communications plan within 60 days of the order’s date.,60 days after July 6 2012,Secretary of Homeland Security,"within 60 days of the date of this order, ... develop and submit to the President ... a detailed plan that describes the Department of Homeland Security's organization and management structure for its NS/EP communications functions",0
13623,2012-20259,First meeting of the Working Group,120 days after 2012‑08‑10,Co‑Chairs,"Within 120 days of the date of this order, the Co‑Chairs shall convene the first meeting of the Working Group",0
13623,2012-20259,Progress report on implementation of the Strategy,18 months after 2012‑08‑10,Working Group,"Within 18 months of the date of this order, the Working Group shall complete a progress report for submission to the Co‑Chairs",0
13623,2012-20259,Final evaluation of the Strategy,3 years after 2012‑08‑10,Working Group,"Within 3 years of the date of this order, the Working Group shall complete a final evaluation for submission to the Co‑Chairs",0
13623,2012-20259,Update or revision of the Strategy,180 days after the final evaluation is completed,Working Group,Within 180 days of completing its final evaluation of the Strategy … the Working Group shall update or revise the Strategy,0
13625,2012-22062,Expand Veterans Crisis Line capacity 50 % by 2012‑12‑31,2012-12-31,Department of Veterans Affairs,"By December 31, 2012, the Department of Veterans Affairs … shall expand the capacity of the Veterans Crisis Line by 50 percent",0
13625,2012-22062,Start national suicide‑prevention campaign on 2012‑09‑01 (12‑month duration),2012-09-01,Veterans Affairs & Department of Defense,"The Departments of Veterans Affairs and Defense shall jointly develop … campaign … shall begin on September 1, 2012",0
13625,2012-22062,Realign program resources by FY 2014 end,FY2014‑09‑30,Department of Defense,"By the end of Fiscal Year 2014, existing program resources shall be realigned …",0
13625,2012-22062,Establish at least 15 pilot projects within 180 days,2013-02-27,Veterans Affairs & HHS,Within 180 days of the date of this order … establish pilot projects … No fewer than 15 pilot projects shall be established,0
13625,2012-22062,Hire/train 800 peer‑to‑peer counselors by 2013‑12‑31,2013-12-31,Veterans Affairs,"The Secretary of Veterans Affairs shall, by December 31, 2013, hire and train 800 peer‑to‑peer counselors",0
13625,2012-22062,"Recruit/place 1,600 mental‑health professionals by 2013‑06‑30",2013-06-30,Veterans Affairs,"recruiting, hiring, and placing 1,600 mental health professionals by June 30, 2013",0
13625,2012-22062,Create National Research Action Plan within 8 months,2013-04-30,"Defense, VA, HHS, Education, OSTP",shall establish a National Research Action Plan within 8 months of the date of this order,0
13625,2012-22062,Submit Task Force recommendations within 180 days,2013-02-27,Interagency Task Force,"Not later than 180 days after the date of this order, the Task Force shall submit recommendations to the President",0
13626,2012-22807,Termination of the Task Force must occur within 60 days after the Gulf Restoration Council begins its work.,,Gulf Coast Ecosystem Restoration Task Force,The Task Force shall terminate no later than 60 days after the Gulf Restoration Council commences its work.,0
13627,2012-24374,180 days after the order date,,FAR Council,"Within 180 days of the date of this order, the Federal Acquisition Regulatory (FAR) Council ... shall take steps necessary to amend the Federal Acquisition Regulation",0
13627,2012-24374,1 year after the order date,,PITF member agencies,"Not later than 1 year after the date of this order, the member agencies of the President's Interagency Task Force to Monitor and Combat Trafficking in Persons (PITF) ... shall jointly establish a process",0
13628,2012-25236,Divest or terminate business with the entity by this date to avoid penalties.,2013-02-06,,"not later than February 6, 2013",0
13629,2012-27002,Report on the Council’s work to the President within one year of member selection and annually thereafter,,Steering Committee (through the Chair),"within 1 year of the selection of the Council members, and annually thereafter, provide a report on the work of the Council to the President through the Chair",0
13630,2012-30060,progress report every 180 days,,Task Force (via the Advocacy Center at the Department of Commerce),submit a progress report to the Export Promotion Cabinet every 180 days,0
13631,2012-30170,termination date for the reestablished Advisory Group,2013-09-30,,"shall terminate on September 30, 2013, unless extended by the President",0
13633,2012-31225,Closure of departments and agencies; employees excused from duty,2012-12-24,,"All executive branch departments and agencies of the Federal Government shall be closed and their employees excused from duty on Monday, December 24, 2012",0
13634,2012-31574,Commission termination date,2013-09-30,President,"shall terminate on September 30, 2013, unless extended by the President",0
13636,2013-03915,Issue instructions for unclassified cyber‑threat reports,120 days after order date,"Attorney General, Secretary of Homeland Security, Director of National Intelligence","Within 120 days of the date of this order, the Attorney General, the Secretary of Homeland Security (the ``Secretary''), and the Director of National Intelligence shall each issue instructions",0
13636,2013-03915,Establish procedures to expand Enhanced Cybersecurity Services program,120 days after order date,Secretary of Homeland Security,"The Secretary, consistent with 6 U.S.C. 143 ... shall, within 120 days of the date of this order, establish procedures to expand the Enhanced Cybersecurity Services program",0
13636,2013-03915,Publish privacy and civil‑liberties risk report,1 year after order date,DHS Chief Privacy Officer / Officer for Civil Rights and Civil Liberties,The Chief Privacy Officer and the Officer for Civil Rights and Civil Liberties of the Department of Homeland Security,1
13636,2013-03915,Publish preliminary Cybersecurity Framework,240 days after order date,NIST Director,"Within 240 days of the date of this order, the Director shall publish a preliminary version of the Cybersecurity Framework",0
13636,2013-03915,Publish final Cybersecurity Framework,1 year after order date,NIST Director,"Within 1 year of the date of this order, ... the Director shall publish a final version of the Cybersecurity Framework",0
13636,2013-03915,Identify critical infrastructure at greatest risk,150 days after order date,Secretary of Homeland Security,"Within 150 days of the date of this order, the Secretary shall use a risk‑based approach to identify critical infrastructure ...",0
13636,2013-03915,Report on authority to use the Framework (preliminary),90 days after preliminary Framework publication,Regulating agencies,"Within 90 days of the publication of the preliminary Framework, these agencies shall submit a report to the President ...",0
13636,2013-03915,Propose risk‑based actions after final Framework,90 days after final Framework publication,Regulating agencies,"within 90 days of publication of the final Framework, agencies ... shall propose ... actions ... to mitigate cyber risk",0
13636,2013-03915,Report to OMB on burdensome cybersecurity requirements,2 years after final Framework publication,Regulating agencies,"Within 2 years after publication of the final Framework, ... agencies ... shall ... report to OMB on any critical infrastructure subject to ineffective, conflicting, or excessively burdensome cybersecurity requirements",0
13639,2013-07837,final report submission,within 6 months of the Commission's first public meeting,Presidential Commission on Election Administration,shall submit a final report to the President within 6 months of the date of the Commission's first public meeting.,0
13639,2013-07837,termination of the Commission,30 days after the final report is presented to the President,Presidential Commission on Election Administration,The Commission shall terminate 30 days after it presents its final report to the President.,0
13640,2013-08501,terminate 2 years from the date of this order,,,is hereby extended and shall terminate 2 years from the date of this order unless further extended by the President.,0
13640,2013-08501,unless further extended by the President (no fixed date),,President,is hereby extended and shall terminate 2 years from the date of this order unless further extended by the President.,0
13642,2013-11533,CIO and CTO shall publish an open online repository of tools and best practices to assist agencies in integrating the Open Data Policy into their operations,Within 30 days of the issuance of the Open Data Policy,Chief Information Officer (CIO) and Chief Technology Officer (CTO),"Within 30 days of the issuance of the Open Data Policy, the CIO and CTO shall publish an open online repository of tools and best practices",0
13642,2013-11533,"Administrator for Federal Procurement Policy, Controller of the Office of Federal Financial Management, CIO, and Administrator of OIRA shall work with various councils to identify and initiate implementation measures",Within 90 days of the issuance of the Open Data Policy,"Administrator for Federal Procurement Policy, Controller of the Office of Federal Financial Management, CIO, Administrator of OIRA","Within 90 days of the issuance of the Open Data Policy, the Administrator for Federal Procurement Policy, Controller of the Office of Federal Financial Management, CIO, and Administrator of OIRA shall work with the Chief Acquisition Officers Council",0
13642,2013-11533,Chief Performance Officer (CPO) shall work with the President's Management Council to establish a Cross‑Agency Priority (CAP) Goal,Within 90 days of the date of this order,Chief Performance Officer (CPO),"Within 90 days of the date of this order, the Chief Performance Officer (CPO) shall work with the President's Management Council to establish a Cross‑Agency Priority (CAP) Goal",0
13642,2013-11533,Agencies shall report progress on the implementation of the CAP Goal to the CPO; thereafter agencies shall report progress quarterly,Within 180 days of the date of this order,All federal agencies,"Within 180 days of the date of this order, agencies shall report progress on the implementation of the CAP Goal to the CPO",0
13645,2013-13523,effective date,2013-07-01,,"This order is effective at 12:01 a.m. eastern daylight time on July 1, 2013.",0
13646,2013-15782,Council termination 2 years after the order’s effective date,,,"Unless extended by the President, the Council shall terminate 2 years after the date of this order.",0
13648,2013-16387,first meeting no later than 60 days after the order date,60 days after July 1 2013,Presidential Task Force on Wildlife Trafficking,The Task Force shall meet not later than 60 days from the date of this order and periodically thereafter.,0
13648,2013-16387,produce National Strategy within 180 days,180 days after July 1 2013,Presidential Task Force on Wildlife Trafficking,"not later than 180 days after the date of this order, produce a National Strategy for Combating Wildlife Trafficking",0
13648,2013-16387,review the 2011 trans‑national organized‑crime strategy within 90 days,90 days after July 1 2013,Presidential Task Force on Wildlife Trafficking,"not later than 90 days from the date of this order, review the Strategy to Combat Transnational Organized Crime of July 19, 2011",0
13648,2013-16387,establish Advisory Council within 180 days,180 days after July 1 2013,Secretary of the Interior,"Not later than 180 days from the date of this order, the Secretary of the Interior ... shall establish an Advisory Council on Wildlife Trafficking",0
13652,2013-24388,continuance deadline for the listed advisory committees,2015-09-30,,"Each advisory committee listed below is continued until September 30, 2015.",0
13653,2013-26785,Within 9 months of the date of this order,,"Heads of the Departments of Defense, the Interior, and Agriculture, the Environmental Protection Agency, NOAA, the Federal Emergency Management Agency, the Army Corps of Engineers, and other agencies as recommended by the Council","Within 9 months of the date of this order ... shall work with ... to complete an inventory and assessment of proposed and completed changes to their land- and water-related policies, programs, and regulations ...",0
13653,2013-26785,Within 1 year of the date of this order,,"State, Local, and Tribal Leaders Task Force","Within 1 year of the date of this order, the Task Force shall provide, through its Co-Chairs, recommendations to the President and the Council ...",0
13653,2013-26785,No later than 6 months after providing its recommendations,,"State, Local, and Tribal Leaders Task Force",The Task Force shall terminate no later than 6 months after providing its recommendations.,0
13653,2013-26785,No later than 30 days after the first meeting of the Council,,Interagency Climate Change Adaptation Task Force,"The Adaptation Task Force shall terminate no later than 30 days after the first meeting of the Council, which shall continue and build upon the Adaptation Task Force's work.",0
13653,2013-26785,First update within 120 days of the date of this order,,All Federal Agencies,"Agencies shall regularly update their Adaptation Plans, completing the first update within 120 days of the date of this order, with additional regular updates thereafter due not later than 1 year after the publication of each quadrennial National Climate Assessment report required by section 106 of the Global Change Research Act of 1990 (15 U.S.C. 2936).",0
13653,2013-26785,Annual reporting through the Strategic Sustainability Performance Plan process,,All Federal Agencies,"Agencies will report on progress made on their Adaptation Plans, as well as any updates made to the plans, through the annual Strategic Sustainability Performance Plan process.",0
13654,2013-28581,Board must submit its report to the President within 30 days of its creation.,,Emergency Board,The Board shall report to the President ... within 30 days of its creation.,0
13654,2013-28581,No change in the conditions that gave rise to the disputes may be made for 120 days after the Board’s creation.,,Parties to the dispute,"for 120 days from the date of the creation of the Board, no change in the conditions out of which the disputes arose shall be made",0
13655,2013-31445,Schedule 8 effective date,2014-01-01,,"Schedule 8 is effective January 1, 2014.",0
13655,2013-31445,Effective date for all other schedules,first pay period on/after 2014-01-01,,"The other schedules contained herein are effective on the first day of the first applicable pay period beginning on or after January 1, 2014.",0
13658,2014-03805,Secretary of Labor must issue regulations,2014-10-01,Secretary of Labor,"The Secretary shall issue regulations by October 1, 2014",0
13658,2014-03805,FAR Council must issue implementing regulations,60 days after Secretary’s regulations,Federal Acquisition Regulatory Council,"within 60 days of the Secretary issuing such regulations, the Federal Acquisition Regulatory Council shall issue regulations",0
13658,2014-03805,Agencies must take steps to ensure compliance,60 days after Secretary’s regulations,All executive agencies,Within 60 days of the Secretary issuing regulations ... agencies shall take steps,0
13658,2014-03805,Minimum hourly wage for contractors takes effect,2015-01-01,Contractors,"$10.10 per hour beginning January 1, 2015",0
13658,2014-03805,Annual wage adjustment to be published 90 days before it becomes effective,2016-01-01 (and each subsequent year),Secretary of Labor,"beginning January 1, 2016, and annually thereafter, an amount determined by the Secretary of Labor ... shall be published by the Secretary at least 90 days before such new minimum wage is to take effect",0
13658,2014-03805,Minimum cash wage for tipped workers,2015-01-01,Contractors employing tipped workers,"$4.90 an hour, beginning on January 1, 2015",0
13663,2014-06768,within 30 days after the creation of the Board,,Parties to the disputes,Within 30 days after the creation of the Board,0
13663,2014-06768,within 30 days after the submission of final offers,,Emergency Board,Within 30 days after the submission of final offers,0
13663,2014-06768,until 60 days after the Board submits its report,,Parties to the disputes,60 days after the Board submits its report,0
13665,2014-08426,160 days from the date of the order,,Secretary of Labor,"Within 160 days of the date of this order, the Secretary of Labor shall propose regulations to implement the requirements of this order.",0
13670,2014-14432,Report to the President within 30 days of Board creation,,Emergency Board,The Board shall report to the President with respect to the disputes within 30 days of its creation.,0
13670,2014-14432,No change in dispute‑originating conditions for 120 days from Board creation,,Parties to the dispute,"for 120 days from the date of the creation of the Board, no change in the conditions out of which the disputes arose shall be made by the parties to the controversy, except by agreement of the parties.",0
13672,2014-17522,within 90 days of the date of this order,2014-10-19,Secretary of Labor,"Within 90 days of the date of this order, the Secretary of Labor shall prepare regulations to implement the requirements of section 2 of this order.",0
13673,2014-18561,quarterly,,Labor Compliance Advisors,"meet quarterly with the Deputy Secretary, Deputy Administrator, or equivalent agency official",0
13673,2014-18561,annually,,Labor Compliance Advisors,"publicly report, on an annual basis, a summary of agency actions taken to promote greater labor compliance",0
13673,2014-18561,within 30 days,,Contracting officers,information may be reviewed within 30 days of subcontract award,0
13675,2014-18998,establish the Advisory Council,,Secretary of Commerce,Not later than 180 days after the date of this order,0
13675,2014-18998,termination of the Advisory Council,,,shall terminate 2 years after the date of this order,0
13676,2014-22805,Submit 5‑year National Action Plan,2015-02-15,Task Force,"By February 15, 2015, the Task Force shall submit a 5-year National Action Plan (Action Plan) to the President",0
13676,2014-22805,Provide annual update on implementation,180 days after Action Plan release (recurring annually),Task Force,"Within 180 days of the release of the Action Plan and each year thereafter, the Task Force shall provide the President with an update on Federal Government actions",0
13676,2014-22805,HHS review and propose regulations for antibiotic stewardship,2016-12-31,HHS,"By the end of calendar year 2016, HHS shall review existing regulations and propose new regulations or other actions",0
13676,2014-22805,DoD and VA review and propose regulations for antibiotic stewardship,2016-12-31,"DoD, VA","By the end of calendar year 2016, the Department of Defense (DoD) and the Department of Veterans Affairs (VA) shall review their existing regulations and, as appropriate, propose new regulations and other actions",0
13676,2014-22805,Designate representatives for international cooperation,"30 days after 2014-09-18 (i.e., 2014-10-18)","Secretaries of State, USDA, HHS","Within 30 days of the date of this order, the Secretaries of State, USDA, and HHS shall designate representatives to engage in international action",0
13677,2014-23228,National Security Council must convene relevant agencies within one year of the order’s date,within 1 year of the date of this order,National Security Council,"Within 1 year of the date of this order, ... the National Security Council shall convene relevant agencies and entities to explore further mitigation opportunities ...",0
13679,2014-24851,30 days after board creation – parties must submit final settlement offers,,Parties to the dispute,"Within 30 days after the creation of the Board, the parties to the dispute shall submit to the Board final offers for settlement of the dispute.",0
13679,2014-24851,30 days after final offers are submitted – board must submit report to President,,Board,"Within 30 days after the submission of final offers for settlement of the dispute, the Board shall submit a report to the President setting forth its selection of the most reasonable offer.",0
13679,2014-24851,60 days after board report – parties may not change dispute‑originating conditions,,Parties to the dispute,"from the time a request to establish a second emergency board is made until 60 days after the Board submits its report to the President, no change in the conditions out of which the dispute arose shall be made by the parties to the controversy, except by agreement of the parties.",0
13681,2014-25439,All new payment‑processing terminals must have hardware for enhanced security features,2015-01-01,Secretary of the Treasury,"No later than January 1, 2015, all new payment processing terminals acquired in these ways shall include hardware necessary to support such enhanced security features",0
13681,2014-25439,Treasury to develop software‑enabling plan,2015-01-01,Secretary of the Treasury,"By January 1, 2015, the Department of the Treasury shall develop a plan for agencies to install enabling software that supports enhanced security features",0
13681,2014-25439,Begin replacement of non‑enhanced cards,2015-01-01,Administrator of GSA,"shall begin replacing credit, debit, and other payment cards without enhanced security features no later than January 1, 2015",0
13681,2014-25439,Develop plan for Direct Express card replacement,2015-01-01,Secretary of the Treasury,"by January 1, 2015, the Department of the Treasury shall develop a plan for the replacement of Direct Express prepaid debit cards without enhanced security features",0
13681,2014-25439,Submit enhanced‑security‑card plans to OMB,2015-01-01,All other agencies with card programs,"By January 1, 2015, other agencies with credit, debit, and other payment card programs shall provide to the Office of Management and Budget (OMB) plans for ensuring that their credit, debit, and other payment cards have enhanced security features",0
13681,2014-25439,Issue guidance on compromised‑credential submissions,2015-02-15,Attorney General (with DHS),"by February 15, 2015, the Attorney General, in coordination with the Secretary of Homeland Security, shall issue guidance to promote regular submissions ... to the National Cyber-Forensics and Training Alliance's Internet Fraud Alert System",0
13681,2014-25439,Provide FTC with identity‑theft resource information,2015-03-15,"DOJ, Department of Commerce, SSA","shall provide to the Federal Trade Commission (FTC) information about such resources no later than March 15, 2015",0
13681,2014-25439,Make enhanced IdentityTheft.gov site publicly available,2015-05-15,OMB and GSA,"making the enhanced site available to the public by May 15, 2015",0
13681,2014-25439,Present authentication‑and‑identity‑proofing plan to the President,2014-12-?? (90 days after 2014‑10‑17),"NSC staff, OSTP, OMB","within 90 days of the date of this order, the National Security Council staff, the Office of Science and Technology Policy, and OMB shall present to the President a plan ...",0
13681,2014-25439,Complete implementation steps from the authentication plan,2016-04-?? (18 months after 2014‑10‑17),All relevant agencies,"Within 18 months of the date of this order, relevant agencies shall complete any required implementation steps set forth in the plan prepared pursuant to this section",0
13682,2014-29121,Date on which the closure and pay/leave provisions apply,2014-12-26,,"Friday, December 26, 2014, shall be considered as falling within the scope of Executive Order 11582 of February 11, 1971, and of 5 U.S.C. 5546 and 6103(b) and other similar statutes insofar as they relate to the pay and leave of employees of the United States",0
13683,2014-29625,Proposed proclamations must be submitted at least sixty days before the observance date.,,,at least sixty days before the date of the specified observance.,0
13684,2014-30195,Report to the President,2015-03-02,President's Task Force on 21st Century Policing,"The Task Force shall be solely advisory and shall submit a report to the President by March 2, 2015.",0
13686,2014-30363,Effective date for Schedule 8 (uniformed services pay),2015-01-01,,"Schedule 8 is effective January 1, 2015.",0
13686,2014-30363,"Effective date for Schedules 1‑7, 9‑10 (all other pay schedules)",first applicable pay period on/after 2015-01-01,,"The other schedules contained herein are effective on the first day of the first applicable pay period beginning on or after January 1, 2015.",0
13688,2015-01255,Working Group to provide the President with recommendations and implementation plans,60 days after the order date,Law Enforcement Equipment Working Group,"Within 60 days of the date of this order, the Working Group shall provide the President with any recommendations and implementation plans",0
13688,2015-01255,Working Group to provide the President with additional recommendations and implementation plans,120 days after the order date,Law Enforcement Equipment Working Group,"Within 120 days of the date of this order, the Working Group shall provide the President with any additional recommendations and implementation plans",0
13690,2015-02379,guidance issuance deadline,1977-10-01,Water Resources Council,"The Water Resources Council shall issue guidance on this information not later than October 1, 1977",0
13690,2015-02379,agency implementation‑plan submission deadline,,Each agency,Within 30 days of the closing of the public comment period for the draft amendments to the Guidelines ... each agency shall submit an implementation plan,0
13690,2015-02379,recurring update deadline,,Water Resources Council,The Water Resources Council shall issue an update to the Standard at least every 5 years.,0
13693,2015-07016,Agency heads must submit greenhouse‑gas reduction targets,within 90 days of the date of this order,Heads of agencies,"within 90 days of the date of this order, propose to the Chair of the Council on Environmental Quality (CEQ) and the Director of the Office of Management and Budget (OMB)",0
13693,2015-07016,Chair of CEQ must issue implementing instructions,within 45 days of the date of this order,Chair of the Council on Environmental Quality,"within 45 days of the date of this order and thereafter as necessary, after consultation with the Director of OMB, issue implementing instructions or other guidance",0
13693,2015-07016,Chair of CEQ must issue revised Guiding Principles for buildings,within 150 days of the date of this order,Chair of the Council on Environmental Quality,"within 150 days of the date of this order, prepare and issue revised Guiding Principles for both new and existing Federal buildings",0
13693,2015-07016,Chair of CEQ must issue guidance for climate‑preparedness provisions,within 150 days of the date of this order,Chair of the Council on Environmental Quality,"within 150 days of the date of this order, prepare and issue guidance to assist agencies in the implementation of section 13 of this order",0
13693,2015-07016,Principal agencies must designate a Chief Sustainability Officer,within 45 days of the date of this order,Heads of Principal Agencies,"within 45 days of the date of this order, an agency Chief Sustainability Officer, who shall be a senior civilian officer of the United States,",1
13693,2015-07016,Contributing agencies must designate a Chief Sustainability Officer,within 45 days of the date of this order,Heads of Contributing Agencies,"Within 45 days of the date of this order,",1
13693,2015-07016,Regional offices must convene interagency workgroups on sustainability topics,within 180 days of the date of this order,EPA and GSA Regional offices,"Within 180 days of the date of this order, each EPA and GSA Regional office shall ... convene regional interagency workgroups",0
13693,2015-07016,OPM must begin employee‑education and training actions,within 180 days of the date of this order,Office of Personnel Management,"Within 180 days of the date of this order, the Office of Personnel Management, in coordination with DOE, GSA, EPA, and other agencies as appropriate, shall:",0
13693,2015-07016,Fleet acquisition target for zero‑emission vehicles,"December 31, 2020",All agencies,"by December 31, 2020, zero emission vehicles or plug‑in hybrid vehicles account for 20 percent of all new agency passenger vehicle acquisitions",0
13693,2015-07016,Fleet acquisition target for zero‑emission vehicles,"December 31, 2025",All agencies,"by December 31, 2025, zero emission vehicles or plug‑in hybrid vehicles account for 50 percent of all new agency passenger vehicles",0
13693,2015-07016,Clean‑energy electricity target for agency buildings,fiscal year 2025,All agencies,not less than 25 percent by fiscal year 2025 and each year thereafter,0
13693,2015-07016,Renewable electric energy target for agency buildings,fiscal year 2025,All agencies,not less than 30 percent by fiscal year 2025 and each year thereafter,0
13698,2015-16122,HRG must submit a status report on HRFC establishment and policy implementation,180 days after 24 June 2015,Hostage Response Group (HRG),"Within 180 days of the date of this order, the HRG shall provide a status report to the Assistant to the President for Homeland Security and Counterterrorism on the establishment of the HRFC and its implementation of policy guidance communicated through the HRG.",0
13698,2015-16122,National Counterterrorism Center Director must submit a status report on the order’s implementation,1 year after 24 June 2015,Director of the National Counterterrorism Center,"Within 1 year of the date of this order, the Director of the National Counterterrorism Center, in consultation with the Secretary of State, Secretary of Defense, Attorney General, and Director of the FBI, shall provide a status report to the Assistant to the President for Homeland Security and Counterterrorism on the implementation of this order.",0
13699,2015-16334,Termination 5 years after enactment of the FY 2015 National Defense Authorization Act,,Advisory Board (via Department of Labor),The Advisory Board shall terminate on the date that is 5 years after the enactment of the National Defense Authorization Act for Fiscal Year 2015.,0
13700,2015-17926,The Board shall report to the President with respect to the disputes within 30 days of its creation.,within 30 days of its creation,Board,The Board shall report to the President with respect to the disputes within 30 days of its creation.,0
13700,2015-17926,"No change in the conditions out of which the disputes arose shall be made by the parties to the controversy, except by agreement of the parties.",120 days from the date of the creation of the Board,Parties to the controversy,"for 120 days from the date of the creation of the Board, no change in the conditions out of which the disputes arose shall be made by the parties to the controversy, except by agreement of the parties.",0
13702,2015-19183,Implementation plan must be established within 90 days of the order’s date.,90 days after 29 July 2015,NSCI Executive Council,"shall, within 90 days of the date of this order, establish an implementation plan to support and align efforts across agencies in support of the NSCI objectives.",0
13702,2015-19183,Annual updates to the implementation plan for five years.,once per year for five years after the initial 90‑day plan,NSCI Executive Council,"Annually thereafter for 5 years, the Executive Council shall update the implementation plan as required and document the progress made in implementing the plan, engaging with the private sector, and taking actions to implement this order.",0
13702,2015-19183,Executive Council must meet at least twice per year during the first year.,first year after 29 July 2015,NSCI Executive Council,The Executive Council shall meet no less often than twice yearly in the first year after issuance of this order.,0
13702,2015-19183,Annual status report to the President for five years.,once per year for five years after 29 July 2015,Co‑Chairs of the NSCI Executive Council,The Co‑Chairs shall prepare a report each year until 5 years from the date of this order on the status of the NSCI for the President.,0
13703,2015-19209,100‑day deadline for lead‑agency action‑plan reports,2015-11-08,Lead agencies,"Within 100 days of the date of this order, the head of each lead agency shall submit a report to ONAP and OMB on the agency's action plan for implementing the Updated Strategy.",0
13703,2015-19209,100‑day deadline for State Department recommendations,2015-11-08,Department of State,"Within 100 days of the date of this order, the Secretary of State shall submit to ONAP and OMB recommendations for improving the Government-wide response to the domestic HIV/AIDS",1
13703,2015-19209,100‑day deadline for EEOC recommendations,2015-11-08,EEOC Chair,"Within 100 days of the date of this order, the Chair of the Commission shall submit to ONAP and OMB recommendations for increasing employment opportunities for people living with",1
13703,2015-19209,100‑day deadline for Federal Interagency Working Group recommendations,2015-11-08,Federal Interagency Working Group,"Within 100 days of the date of this order, the Federal Interagency Working Group shall provide recommendations to the President on actions that agencies should take to implement the Updated Strategy through 2020.",0
13706,2015-22998,Regulations must be issued by 30 September 2016,2016-09-30,Secretary of Labor,"The Secretary of Labor (Secretary) shall issue such regulations by September 30, 2016",0
13706,2015-22998,Agencies must act within 60 days after the Secretary’s regulations are issued,,All executive departments and agencies,"Within 60 days of the Secretary issuing regulations pursuant to subsection (a) of this section, agencies shall take steps ...",0
13706,2015-22998,Paid‑sick‑leave requirements apply to contracts issued or awarded on or after 1 January 2017,2017-01-01,All federal contracting entities,"This order is effective immediately and shall apply to covered contracts ... on or after: (i) January 1, 2017",0
13707,2015-23630,"The Chair of the SBST shall, within 45 days of the date of this order and thereafter as necessary, issue guidance to assist agencies in implementing this order.","within 45 days of September 15, 2015",Chair of the SBST,"The Chair of the SBST shall, within 45 days of the date of this order and thereafter as necessary, issue guidance to assist agencies in implementing this order.",0
13707,2015-23630,The NSTC shall release a yearly report summarizing agency implementation of section 1 of this order each year until 2019.,each year until 2019,National Science and Technology Council (NSTC),The NSTC shall release a yearly report summarizing agency implementation of section 1 of this order each year until 2019.,0
13708,2015-25489,Continuation deadline for the listed advisory committees,2017-09-30,,"Each advisory committee listed below is continued or, to the extent necessary, reestablished until September 30, 2017.",0
13711,2015-29498,Parties shall submit final offers for settlement of the disputes to the Board.,Within 30 days after the creation of the Board,Parties to the disputes,"Within 30 days after the creation of the Board, the parties to the disputes shall submit to the Board final offers for settlement of the disputes.",0
13711,2015-29498,Board shall submit a report to the President.,Within 30 days after the submission of final offers for settlement of the disputes,Emergency Board,"Within 30 days after the submission of final offers for settlement of the disputes, the Board shall submit a report to the",1
13711,2015-29498,"Parties shall make no change in the conditions out of which the disputes arose, except by agreement of the parties.",Until 60 days after the Board submits its report to the President,Parties to the controversy,"until 60 days after the Board submits its report to the President, the parties",1
13713,2015-31749,Half‑day closure on 24 December 2015,2015-12-24,All executive branch departments and agencies,All executive branch departments and agencies,1
13715,2015-32582,Effective date for Schedule 8 (uniformed services pay schedule).,2016-01-01,,"Schedule 8 is effective January 1, 2016.",0
13715,2015-32582,"Effective date for all other schedules (GS, FS, VHA, SES, Executive Schedule, etc.).",first pay period on/after 2016-01-01,,"The other schedules contained herein are effective on the first day of the first applicable pay period beginning on or after January 1, 2016.",0
13717,2016-02475,within 90 days after the date of this order,,each agency,"Commencing within 90 days after the date of this order, each agency shall ensure that every new building",1
13717,2016-02475,no later than 90 days from the date of this order,,any agency,Any agency that has not adopted the Standards at the time of this order shall adopt the Standards no later than 90 days from the date of this order.,0
13717,2016-02475,no later than 2 years following issuance of subsequent editions of the Standards,,all agencies,"All agencies shall adopt subsequent editions of the Standards as expeditiously as practicable, but no later than 2 years following their issuance.",0
13717,2016-02475,not later than 2 years after the release of the new version,,each agency that constructs buildings,"When the ICC releases a new version of the IRC or IBC, each agency that constructs buildings shall determine whether the new version is a nationally recognized code ... as expeditiously as practicable, but not later than 2 years after the release of the new version.",0
13717,2016-02475,within 30 days of the date of this order,,each agency,"Within 30 days of the date of this order, each agency shall identify its Seismic Safety Coordinator(s) to the Director of NIST.",0
13717,2016-02475,within 8 months of the date of this order,,Director of NIST,"The Director of NIST, on behalf of the ICSSC, shall issue implementing guidelines ... within 8 months of the date of this order.",0
13717,2016-02475,commencing 2 years from the date of this order,,agencies whose activities are covered,Agencies whose activities are covered by this order shall submit biennial reports ... commencing 2 years from the date of this order.,0
13717,2016-02475,within 30 days of issuance of the exemption,,the agency issuing an exemption,the agency must notify the Director of OMB in writing within 30 days of issuance of the exemption under this subsection.,0
13718,2016-03038,final report to the President,2016-12-01,Commission on Enhancing National Cybersecurity,"The Commission shall be advisory in nature and shall submit a final report to the President by December 1, 2016.",0
13718,2016-03038,termination of the Commission (15 days after final report),,Commission on Enhancing National Cybersecurity,"The Commission shall terminate within 15 days after it presents its final report to the President, unless extended by the President.",0
13719,R1-2016-03141,120 days from the order’s effective date (February 9 2016),2016‑06‑08,Director of the Office of Management and Budget,"Within 120 days of the date of this order, the Director of the Office of Management and Budget (Director) shall issue a revised policy on the role and designation of the Senior Agency Officials for Privacy.",0
13725,2016-09346,30 days from the date of this order,,All executive departments and agencies,"Not later than 30 days from the date of this order, agencies shall submit to the Director of the National Economic Council an initial list of",1
13725,2016-09346,60 days from the date of this order,,All executive departments and agencies,"Not later than 60 days from the date of this order, agencies shall report to the President, through the Director of the National Economic Council, recommendations on agency-specific",1
13727,2016-11300,Materials and information for transition must be prepared no later than November 1 of the election year.,November 1 of the election year,Agency Transition Directors Council (through agencies),ensure materials and information described in subparagraph (v) of this subsection are prepared not later than November 1 of the year during which a Presidential election is held;,0
13728,2016-12155,MitFLG must create implementing guidelines,240 days after 18 May 2016,Mitigation Framework Leadership Group (MitFLG),within 240 days of the date of this order,0
13728,2016-12155,Agencies must bring new qualifying federal buildings into compliance with IWUIC,90 days after the MitFLG guidelines are completed,All executive departments and agencies,Commencing within 90 days of the completion of the implementing guidelines as described in section 3(b)(i) of this order,0
13728,2016-12155,Biennial progress reports to the MitFLG,First report due 2 years after 18 May 2016; thereafter every 2 years,Heads of agencies that own qualifying federal buildings,shall submit a report once every 2 years … commencing 2 years from the date of this order,0
13729,2016-12307,April 30 each year,April 30 (annual),Chair of the Atrocities Prevention Board,"The Chair shall report, through the National Security Advisor, to the President by April 30 each year on the work of the U.S. Government in mass atrocity prevention and response, including the work of the Board.",0
13731,2016-15542,Steering Group report to Secretary of State,2020-12-24,Global Connect International Connectivity Steering Group,"Not later than 6 months after the date of this order, the Steering Group shall report to the Secretary of State",0
13732,2016-16295,First annual report deadline,"May 1, 2017",Director of National Intelligence (or designee),"no later than May 1, 2017",0
13732,2016-16295,Annual report deadline for each subsequent year,May 1 of each subsequent year,Director of National Intelligence (or designee),"By May 1 of each subsequent year, ... the DNI shall publicly release a report with the same information for the preceding calendar year",0
13741,2016-24066,Council must review and update executive‑level authorities within 90 days of the order’s date,,the Council,"Within 90 days of the date of this order, ... the Council shall review and update executive-level authorities",0
13744,2016-25290,Secretary of Energy (with DHS) to develop a mitigation‑device testing plan,120 days after order date,"Secretary of Energy, Secretary of Homeland Security","Within 120 days of the date of this order, the Secretary of Energy, in consultation with the Secretary of Homeland Security, shall develop a plan to test and evaluate available devices that mitigate the effects of geomagnetic disturbances on the electrical power grid",0
13744,2016-25290,Sector‑specific agency heads to assess authority over critical‑infrastructure operations,120 days after order date,Heads of sector‑specific agencies,"Within 120 days of the date of this order, the heads of the sector‑specific agencies ... shall assess their executive and statutory authority, and limits of that authority, to direct, suspend, or control critical infrastructure operations, functions, and services before, during, and after a space weather event",0
13744,2016-25290,Subcommittee to report assessment findings and recommendations,90 days after receipt of the assessments,"Space Weather Operations, Research, and Mitigation Subcommittee","Within 90 days of receipt of the assessments ordered in section 5(b) of this order, the Subcommittee shall provide a report on the findings of these assessments with recommendations to the Director of OSTP, the Assistant to the President for Homeland Security and Counterterrorism, and the Director of OMB",0
13744,2016-25290,"Identify mechanisms to advance space‑weather observations, models, and predictions",60 days after order date,"Secretaries of Defense & Commerce, NASA Administrator, NSF Director","Within 60 days of the date of this order, the Secretaries of Defense and Commerce, the Administrator of NASA, and the Director of NSF, in collaboration with other agencies as appropriate, shall identify mechanisms for advancing space weather observations, models, and predictions",0
13744,2016-25290,Make GPS and other satellite historical data publicly available,120 days after order date,Secretaries of Defense and Commerce,"Within 120 days of the date of this order, the Secretaries of Defense and Commerce shall make historical data from the GPS constellation and other U.S. Government satellites publicly available, in accordance with Executive Order 13642 of May 9, 2013",0
13744,2016-25290,Develop a coordinated federal operating concept and checklist for space‑weather response,120 days after order date,Secretary of Homeland Security (via FEMA),"Within 120 days of the date of this order, the Secretary of Homeland Security, through the Administrator of the Federal Emergency Management Agency and in coordination with relevant agencies, shall lead the development of a coordinated Federal operating concept and associated checklist to coordinate Federal assets and activities to respond to notification of, and protect against, impending space weather events",0
13744,2016-25290,Agencies to develop operational plans based on the operating concept and checklist,180 days after operating concept publication,All federal agencies,"Within 180 days of the publication of the operating concept and checklist, agencies shall develop operational plans documenting their procedures and responsibilities to prepare for, protect against, and mitigate the effects of impending space weather events",0
13750,2016-29169,"Appointment must occur within 1 year after program completion, extendable up to 3 years under specified conditions.",,,Any appointment under this order shall be effected within a period of 1 year after completion of the appointee's participation in the programs described in section 1. Such period may be extended to not more than 3 years …,0
13756,2016-31875,Effective date for Schedule 8,2017-01-01,,"Schedule 8 is effective January 1, 2017.",0
13756,2016-31875,Effective date for all other schedules,first day of the first applicable pay period on or after 2017-01-01,,"The other schedules contained herein are effective on the first day of the first applicable pay period beginning on or after January 1, 2017.",0
13761,2017-01197,"Report on Sudan's sustained positive actions due on or before July 12, 2017",2017-07-12,Secretary of State,"On or before July 12, 2017, the Secretary of State ... shall provide to the President a report on whether the Government of Sudan has sustained the positive actions",0
13766,2017-02029,CEQ must decide high‑priority status,within 30 days after a request is made,Chairman of the CEQ,"the Chairman of the White House Council on Environmental Quality (CEQ) shall, within 30 days after a request is made, decide whether an infrastructure project qualifies as a ``high priority'' infrastructure project.",0
13767,2017-02095,within 180 days of this order,2017-07-24,Secretary of Homeland Security,to be completed within 180 days of this order,0
13767,2017-02095,Within 30 days of the date of this order,2017-02-24,heads of each executive department and agency,"Within 30 days of the date of this order, the head of each executive department and agency shall submit this information to the Secretary of State.",0
13767,2017-02095,Within 60 days of the date of this order,2017-03-26,Secretary of State,"Within 60 days of the date of this order, the Secretary shall submit to the President a consolidated report",0
13767,2017-02095,within 90 days of the date of this order,2017-04-25,Secretary of Homeland Security,"the Secretary, within 90 days of the date of this order,",1
13767,2017-02095,within 180 days,2017-07-24,Attorney General,"the Attorney General, within 180 days, shall each submit to the President a report",0
13769,2017-02281,Report on review of information needed for visa adjudications,30 days after 27 January 2017,Secretary of Homeland Security,submit to the President a report on the results of the review described in subsection (a) … within 30 days of the date of this order,0
13769,2017-02281,Series of progress reports on implementation of the order,"30, 60, 90, 120 days after 27 January 2017",Secretaries of State and Homeland Security,"shall submit to the President a joint report on the progress in implementing this order within 30 days of the date of this order, a second report within 60 days of the date of this order, a third report within 90 days of the date of this order, and a fourth report within 120 days of the date of this order",0
13769,2017-02281,Progress reports on uniform screening standards program,"60, 100, 200 days after 27 January 2017","Secretary of Homeland Security (with State, DNI, FBI)","shall submit to the President an initial report on the progress of this directive within 60 days of the date of this order, a second report within 100 days of the date of this order, and a third report within 200 days of the date of this order",0
13769,2017-02281,Duration of USRAP suspension,120 days after 27 January 2017,Secretary of State,The Secretary of State shall suspend the U.S. Refugee Admissions Program (USRAP) for 120 days,0
13769,2017-02281,Reports on prioritization of refugee claims based on religious persecution,"100, 200 days after 27 January 2017",Secretary of State,shall submit to the President an initial report … within 100 days of the date of this order and shall submit a second report within 200 days of the date of this order,0
13769,2017-02281,Reports on biometric entry‑exit tracking system,"100, 200, 365 days after 27 January 2017 and every 180 days thereafter",Secretary of Homeland Security,"shall submit to the President periodic reports on the progress of the directive contained in subsection (a) … The initial report shall be submitted within 100 days of the date of this order, a second report shall be submitted within 200 days of the date of this order, and a third report shall be submitted within 365 days of the date of this order. Further, the Secretary shall submit a report every 180 days thereafter",0
13769,2017-02281,Public data collection on terrorism‑related offenses and related metrics,180 days after 27 January 2017 and every 180 days thereafter,Secretary of Homeland Security (with Attorney General),"collect and make publicly available within 180 days, and every 180 days thereafter",0
13769,2017-02281,Report on long‑term costs of the refugee admissions program,1 year after 27 January 2017,Secretary of State,"The Secretary of State shall, within one year of the date of this order, provide a report on the estimated long‑term costs of the USRAP at the Federal, State, and local levels",0
13771,2017-02451,Fiscal year 2017 (in progress),FY2017,,the total incremental cost of all new regulations ... shall be no greater than zero,0
13771,2017-02451,Annual regulatory‑cost submissions start FY2018 and each fiscal year thereafter,FY2018 onward,Agency heads,"Beginning with the Regulatory Plans ... for fiscal year 2018, ... the head of each agency shall identify ...",0
13772,2017-02762,120 days after 3 February 2017,2017-05-04,Secretary of the Treasury,shall report to the President within 120 days of the date of this order,0
13776,2017-03118,within 1 year from the date of this order,,Task Force,The Task Force shall submit at least one report to the President within 1 year from the date of this order,0
13776,2017-03118,at least once per year thereafter while the Task Force remains in existence,,Task Force,and a subsequent report at least once per year thereafter while the Task Force remains in existence,0
13779,2017-04357,Agency Plans must be submitted within 90 days after an agency is identified.,,head of each agency identified,no later than 90 days after being so identified,0
13780,2017-04837,within 20 days of the effective date,,Secretary of Homeland Security,shall submit to the President a report ... within 20 days of the effective date of this order,0
13780,2017-04837,"within 60 days, 90 days, 120 days, and 150 days of the effective date",,Secretary of State and Secretary of Homeland Security,"shall submit to the President a joint report ... within 60 days of the effective date of this order, a second report within 90 days ..., a third report within 120 days ..., and a fourth report within 150 days",0
13780,2017-04837,"within 60 days, 100 days, and 200 days of the effective date",,"Secretary of Homeland Security, Secretary of State, Attorney General, Director of National Intelligence","shall submit to the President an initial report ... within 60 days of the effective date of this order, a second report within 100 days ..., and a third report within 200 days",0
13780,2017-04837,"within 100 days, 200 days, 365 days, then every 180 days thereafter",,Secretary of Homeland Security,"initial report shall be submitted within 100 days of the effective date of this order, a second report shall be submitted within 200 days ..., and a third report shall be submitted within 365 days ... further reports every 180 days thereafter",0
13780,2017-04837,"within 180 days of the effective date, then every 180 days thereafter",,Secretary of Homeland Security,shall release the initial report ... within 180 days of the effective date of this order ... Subsequent reports shall be issued every 180 days thereafter,0
13781,2017-05399,Agency heads must submit their proposed reorganization plans to the Director,Within 180 days of the date of this order,Agency heads,"Within 180 days of the date of this order, the head of each agency shall submit to the Director a proposed plan",0
13781,2017-05399,Director must submit the consolidated proposed plan to the President,Within 180 days after the closing date for the submission of suggestions pursuant to subsection (b) of this section,Director of the Office of Management and Budget,"Within 180 days after the closing date for the submission of suggestions pursuant to subsection (b) of this section, the Director shall submit to the President a proposed plan",0
13783,2017-06576,Agency heads must develop and submit a plan to the OMB Director,45 days after order date,Agency heads,"Within 45 days of the date of this order, the head of each agency ... shall develop and submit ... a plan",0
13783,2017-06576,"Agency heads must submit a draft final report to the Vice President, OMB Director, and other officials",120 days after order date,Agency heads,"Within 120 days of the date of this order, the head of each agency shall submit a draft final report",0
13783,2017-06576,Final report must be finalized (unless extended by OMB Director),180 days after order date,Agency heads,The report shall be finalized within 180 days of the date of this order,0
13784,2017-06716,within 90 days of the order date,2017-06-27,Commission,"Within 90 days of the date of this order, the Commission shall submit to the President a report on its interim recommendations",0
13784,2017-06716,"by October 1, 2017",2017-10-01,Commission,"shall submit a report containing its final findings and recommendations by October 1, 2017, unless the Chair provides written notice to the President that an extension is necessary.",0
13784,2017-06716,30 days after submitting its final report,,Commission,"The Commission shall terminate 30 days after submitting its final report, unless extended by the President prior to that date.",0
13785,2017-06967,Within 90 days of the date of this order,,Secretary of Homeland Security,"Within 90 days of the date of this order, the Secretary of Homeland Security shall, in consultation with the Secretary of the Treasury, the Secretary of Commerce, and the United States Trade Representative, develop a plan",0
13785,2017-06967,Within 90 days of the date of this order,,Secretary of Homeland Security,"Within 90 days of the date of this order, the Secretary of Homeland Security, through the Commissioner of CBP, shall develop and implement a strategy and plan for combating violations of United States trade and customs laws",0
13786,2017-06968,Report must be prepared and submitted within 90 days of the order,"90 days after March 31, 2017",Secretary of Commerce and USTR,Within 90 days of the date of this order,0
13788,2017-08311,Heads of agencies must submit findings to the Secretary of Commerce and OMB Director.,Within 150 days of the date of this order,Heads of agencies,"Within 150 days of the date of this order, the heads of all agencies shall submit findings made pursuant to the assessments required by subsection (b) of this section to the Secretary of Commerce and the Director of the Office of Management and Budget.",0
13788,2017-08311,Secretary of Commerce and USTR must assess impacts of FTAs on Buy American Laws.,Within 150 days of the date of this order,Secretary of Commerce and United States Trade Representative,"Within 150 days of the date of this order, the Secretary of Commerce and the United States Trade Representative shall assess the impacts of all United States free trade agreements and the World Trade Organization Agreement on Government Procurement on the operation of Buy American Laws, including their impacts on the implementation of domestic procurement preferences.",0
13788,2017-08311,Secretary of Commerce must submit a report to the President on Buy American.,Within 220 days of the date of this order,Secretary of Commerce,"The Secretary of Commerce, in consultation with the Secretary of State, the Director of the Office of Management and Budget, and the United States Trade Representative, shall submit to the President a report on Buy American that includes findings from subsections (b), (d), and (e) of this section. This report shall be submitted within 220 days of the date of this order and shall include specific recommendations to strengthen implementation of Buy American Laws, including domestic procurement preference policies and programs.",0
13788,2017-08311,Agency heads must submit annual reports on implementation of Buy American Laws to the Secretary of Commerce and OMB Director.,"November 15, 2018, 2019, 2020, and subsequent years",Agency heads,"Subsequent reports on implementation of Buy American Laws shall be submitted by each agency head annually to the Secretary of Commerce and the Director of the Office of Management and Budget, on November 15, 2018, 2019, and 2020, and in subsequent years as directed by the Secretary of Commerce and the Director of the Office of Management and Budget.",0
13788,2017-08311,Secretary of Commerce shall submit an annual report to the President based on agency submissions.,"January 15, 2019",Secretary of Commerce,"The Secretary of Commerce shall submit to the President an annual report based on these submissions beginning January 15, 2019.",0
13789,2017-08586,Interim report to the President,60 days from order date,Secretary of the Treasury,This interim report shall be completed no later than 60 days from the date of this order.,0
13789,2017-08586,Report recommending mitigation actions,150 days from order date,Secretary of the Treasury,"No later than 150 days from the date of this order, the Secretary shall prepare and submit a report to the President that recommends specific actions to mitigate the burden imposed by regulations identified in the interim report",0
13789,2017-08586,Summary of actions after finalization,10 days after finalization of actions,Secretary of the Treasury,The Secretary shall submit for publication in the Federal Register a summary of the actions taken in response to the report no later than 10 days following the finalization of such actions.,0
13789,2017-08586,Initial report if actions not finalized within 180 days,180 days after submission of the 150‑day report,Secretary of the Treasury,"Should all such actions not be finalized within 180 days following the submission of the report to the President, the Secretary shall submit for publication in the Federal Register an initial report summarizing the actions taken to that point.",0
13790,2017-08818,Report to the President,180 days after 25 April 2017,Secretary of Agriculture,"Within 180 days of the date of this order, the Secretary of Agriculture, in coordination with the other members of the Task Force, shall submit a report to the President",0
13791,2017-08905,300 days after the date of this order,,Secretary of Education,"The Secretary shall, to the extent consistent with law, publish any proposed regulations and withdraw or modify any guidance documents pursuant to this subsection no later than 300 days after the date of this order.",0
13792,2017-08908,interim report to the President,45 days after order date,Secretary of the Interior,"Within 45 days of the date of this order, the Secretary shall provide an interim report to the President",0
13792,2017-08908,final report to the President,120 days after order date,Secretary of the Interior,"Within 120 days of the date of this order, the Secretary shall provide a final report to the President",0
13793,2017-08990,45 days after the date of the order,,Secretary of Veterans Affairs,"Within 45 days of the date of this order,",1
13794,2017-09083,Termination of the American Technology Council,2021-01-20,Executive Order 13794,"shall terminate on January 20, 2021.",0
13795,2017-09087,within 180 days of the date of this order,,Secretary of Commerce,"Within 180 days of the date of this order, the Secretary of Commerce, in consultation with the Secretary of Defense and the Secretary of the Interior, shall report the results of the review",0
13796,2017-09156,"180 days from the date of the order (April 29, 2017)",180 days after 2017‑04‑29,Secretary of Commerce and USTR,Each performance review shall be submitted to the President ... within 180 days of the date of this order,0
13800,2017-10004,Agency heads must submit risk‑management reports to DHS and OMB.,within 90 days of the date of this order,All Agency Heads,Each agency head shall provide a risk management report ... within 90 days of the date of this order.,0
13800,2017-10004,"OMB Director (with DHS, Commerce, GSA) must submit the determination and plan to the President.",within 60 days of receipt of the agency risk management reports,"Director of OMB (with DHS, Commerce, GSA support)",within 60 days of receipt of the agency risk management reports ... shall submit to the President ...,0
13800,2017-10004,Secretary of Homeland Security must provide a report on supporting critical‑infrastructure entities at greatest risk.,within 180 days of the date of this order,"Secretary of Homeland Security (with DHS, DOJ, DNI, sector‑specific agencies)",provide a report to the President ... within 180 days of the date of this order,0
13800,2017-10004,Commerce and Homeland Security must make a preliminary report on botnet and automated‑threat resilience publicly available.,within 240 days of the date of this order,Secretary of Commerce and Secretary of Homeland Security,"Within 240 days of the date of this order, the Secretary of Commerce and the Secretary of Homeland Security shall make publicly available a preliminary report on this effort.",0
13800,2017-10004,Commerce and Homeland Security must submit a final version of the botnet‑resilience report to the President.,within 1 year of the date of this order,Secretary of Commerce and Secretary of Homeland Security,"Within 1 year of the date of this order, the Secretaries shall submit a final version of this report to the President.",0
13800,2017-10004,Energy and Homeland Security must provide the electricity‑disruption assessment to the President.,within 90 days of the date of this order,Secretary of Energy and Secretary of Homeland Security,The assessment shall be provided to the President ... within 90 days of the date of this order,0
13800,2017-10004,"Defense, Homeland Security, and FBI must report on defense‑industrial‑base cybersecurity risks.",within 90 days of the date of this order,"Secretary of Defense, Secretary of Homeland Security, Director of FBI (with DNI coordination)",shall provide a report to the President ... within 90 days of the date of this order,0
13800,2017-10004,"State, Treasury, Defense, AG, Commerce, DHS, and USTR must jointly submit a report on strategic options for cyber deterrence and protection.",within 90 days of the date of this order,"Secretary of State, Treasury, Defense, Attorney General, Commerce, Homeland Security, U.S. Trade Representative",shall jointly submit a report to the President,1
13800,2017-10004,"State, Treasury, Defense, Commerce, and Homeland Security must submit reports on international cybersecurity priorities.",within 45 days of the date of this order,"Secretary of State, Treasury, Defense, Commerce, Homeland Security (with AG and FBI coordination)",shall submit reports to the President,1
13800,2017-10004,State must provide a report documenting an engagement strategy for international cooperation in cybersecurity.,within 90 days of the submission of the reports,Secretary of State,shall provide a report to the President ... within 90 days of the submission of the reports,0
13800,2017-10004,Commerce and Homeland Security must report on market transparency of cybersecurity risk‑management practices by critical‑infrastructure entities.,within 90 days of the date of this order,Secretary of Commerce and Secretary of Homeland Security,shall provide a report to the President ... within 90 days of the date of this order,0
13800,2017-10004,Commerce and Homeland Security must report on findings and recommendations for supporting the cybersecurity workforce.,within 120 days of the date of this order,Secretary of Commerce and Secretary of Homeland Security,"within 120 days of the date of this order, provide a report to the President ...",0
13800,2017-10004,Director of National Intelligence must report on foreign cybersecurity workforce development practices.,within 60 days of the date of this order,Director of National Intelligence (with other agency heads),"within 60 days of the date of this order, provide a report to the President ...",0
13800,2017-10004,Secretary of Defense must report on U.S. national‑security‑related cyber capabilities.,within 150 days of the date of this order,"Secretary of Defense (with Commerce, Homeland Security, DNI coordination)","within 150 days of the date of this order, provide a report to the President ...",0
13801,2017-13012,Secretary must establish an Excellence in Apprenticeship Program,2 years after the date of this order,Secretary of Labor,"Not later than 2 years after the date of this order, the Secretary shall, consistent with applicable law, and in consultation with the Secretaries of Education and Commerce, establish an Excellence in Apprenticeship Program",0
13801,2017-13012,Task Force must terminate,30 days after it submits its report to the President,Task Force on Apprenticeship Expansion,The Task Force shall terminate 30 days after it submits its report to the President.,0
13805,2017-15680,Secretary of Commerce must submit questions to the Council within 60 days of the order date.,,Secretary of Commerce,"the Secretary of Commerce shall, within 60 days of the date of this order, submit questions to the Council for consideration in its work and report.",0
13805,2017-15680,Council termination date is December 31 2018 (or earlier if a report is submitted and 60 days elapse).,2018-12-31,President (for possible extension),"The Council shall terminate on December 31, 2018, unless extended by the President before that date, or within 60 days after submitting its report pursuant to section 6 of this order, whichever occurs first.",0
13806,2017-15860,Report must be delivered within 270 days of the order’s issuance,,Secretary of Defense,Within 270 days of the date of this order,0
13807,2017-18134,OMB must establish a CAP Goal on Infrastructure Permitting Modernization,Within 180 days of the date of this order,Office of Management and Budget (OMB),"Within 180 days of the date of this order, the Director of the Office of Management and Budget (OMB), in consultation with the FPISC, shall establish a CAP Goal on Infrastructure Permitting Modernization",0
13807,2017-18134,OMB must issue guidance for a performance accountability system,Within 180 days of the establishment of the CAP Goal on Infrastructure Permitting Modernization,Office of Management and Budget (OMB),"Within 180 days of the establishment of the CAP Goal on Infrastructure Permitting Modernization, ... OMB, in consultation with the FPISC, shall issue guidance for establishing a performance accountability system",0
13807,2017-18134,CEQ must develop an initial list of actions to enhance and modernize the federal environmental review and authorization process,Within 30 days of the date of this order,Council on Environmental Quality (CEQ),"Within 30 days of the date of this order, the CEQ shall develop an initial list of actions it will take to enhance and modernize the Federal environmental review and authorization process",0
13810,2017-20647,within 180 days after departure from North Korea,,,No aircraft in which a foreign person has an interest that has landed at a place in North Korea may land at a place in the United States within 180 days after departure from North Korea.,0
13810,2017-20647,within the previous 180 days,,,"No vessel in which a foreign person has an interest that has called at a port in North Korea within the previous 180 days, and no vessel ... may call at a port in the United States.",0
13811,2017-21555,Continuation deadline for the listed advisory committees,2019-09-30,,"Each advisory committee listed below is continued until September 30, 2019.",0
13813,2017-22677,Secretary of Labor to consider proposing regulations or revising guidance,60 days after order issuance,Secretary of Labor,Within 60 days of the date of this order,0
13813,2017-22677,"Secretaries of Treasury, Labor, and HHS to consider proposing regulations or revising guidance",60 days after order issuance,"Secretaries of Treasury, Labor, and HHS",Within 60 days of the date of this order,0
13813,2017-22677,"Secretaries of Treasury, Labor, and HHS to consider proposing regulations or revising guidance for HRAs",120 days after order issuance,"Secretaries of Treasury, Labor, and HHS",Within 120 days of the date of this order,0
13813,2017-22677,Secretary of Health and Human Services to provide a report to the President,180 days after order issuance,Secretary of Health and Human Services,Within 180 days of the date of this order,0
13813,2017-22677,Secretary of Health and Human Services to provide a report to the President every two years,Every 2 years after the initial 180‑day report,Secretary of Health and Human Services,and every 2 years thereafter,0
13815,2017-23630,Within 90 days of the order (recurring annually),,Secretary of Homeland Security,"Within 90 days of the date of this order and annually thereafter, the Secretary of Homeland Security ... shall determine ...",0
13815,2017-23630,Within 180 days of the order,,Attorney General,"Within 180 days of the date of this order, the Attorney General",1
13817,2017-27899,not later than 60 days after the date of this order,2018-02-18,Secretary of the Interior,not later than 60 days after the date of this order,0
13817,2017-27899,Within 180 days of the date that the Secretary of the Interior publishes a list of critical minerals,,Secretary of Commerce,Within 180 days of the date that the Secretary of the Interior publishes a list of critical minerals,0
13819,2017-28160,"January 1, 2018",2018-01-01,,"Schedule 8 is effective January 1, 2018.",0
13819,2017-28160,"first day of the first applicable pay period beginning on or after January 1, 2018",,,"The other schedules contained herein are effective on the first day of the first applicable pay period beginning on or after January 1, 2018.",0
13821,2018-00553,Evaluation of the GSA Common Form Application,180 days after 8 January 2018,GSA Administrator,Within 180 days of the date of this order,0
13821,2018-00553,First aggregated summary report to OMB,90 days after 8 January 2018,GSA Administrator,Ninety days after the date of this order,0
13821,2018-00553,Recommendation of improvements to the Common Form Application,by 8 January 2019,GSA Administrator,Not later than 1 year from the date of this order,0
13822,2018-00630,Joint Action Plan submission,60 days after 9 January 2018,"Secretary of Defense, Secretary of Veterans Affairs, Secretary of Homeland Security",Within 60 days of the date of this order,0
13822,2018-00630,Status report submission,180 days after 9 January 2018,"Secretary of Defense, Secretary of Veterans Affairs, Secretary of Homeland Security",Within 180 days of the date of this order,0
13825,2018-04860,Effective date of Annex 1 amendments,2018-03-01,,shall take effect on the date of this order,0
13825,2018-04860,Effective date of the Military Justice Act provisions,2019-01-01,,"the MJA shall take effect on January 1, 2019",0
13825,2018-04860,Effective date of Annex 2 amendments,2019-01-01,,"shall take effect on January 1, 2019",0
13825,2018-04860,Effective date of Article 146 amendment (latest possible),2018-12-01,,"shall take effect on the day after the report for fiscal year 2017 required by Article 146(c) ... but in no event later than December 1, 2018",0
13826,2018-05113,initial report within 90 days of the order date,90 days after order date,Federal Interagency Council on Crime Prevention and Improving Reentry,"an initial report, submitted within 90 days of the date of this order",0
13826,2018-05113,full report within 1 year of the order date,1 year after order date,Federal Interagency Council on Crime Prevention and Improving Reentry,a full report ... submitted within 1 year of the date of this order,0
13828,2018-07874,Submit agency report to the President,2018-07-09,Secretaries,"within 90 days of the date of this order, the Secretaries shall each submit a report to the President",0
13828,2018-07874,Submit list of recommended regulatory and policy changes,2018-07-09,Secretaries,"within 90 days of the date of this order, the Secretaries",1
13828,2018-07874,Implement recommended administrative actions,90 days after the submission of recommendations (relative deadline),Secretaries,not later than 90 days after submission of the recommendations ... take steps to implement the recommended administrative actions,0
13829,2018-08272,not later than 120 days after the date of this order,2018-08-10,Task Force on the United States Postal Service,"shall submit a report to the President, ... not later than 120 days after the date of this order.",0
13832,2018-10403,Within 180 days of the order date,,OPM,"Within 180 days of the date of this order, OPM shall post to its website, and circulate to each agency's Chief Human Capital Officer or the agency's equivalent officer, information about the military spouse hiring authority.",0
13832,2018-10403,Within 180 days of the order date,,OPM,"Within 180 days of the date of this order, OPM shall educate agencies concerning the military spouse hiring authority",0
13832,2018-10403,"By December 31 of each fiscal year, beginning FY 2019",,All federal agencies,"Beginning in Fiscal Year 2019, agencies shall report annually (by December 31 of each year) to OPM and the Department of Labor ...",0
13833,2018-10855,"Within 30 days of an affirmative determination of a severe shortage of candidates, the OPM Director must grant the agency direct hiring authority for IT positions.",30 days after affirmative determination,Office of Personnel Management,"the Director shall, within 30 days, grant that agency direct hiring authority for IT positions",0
13833,2018-10855,"Within 30 days of the order’s issuance, the OPM Director must submit the proposed rule for publication.",30 days after May 15 2018,Office of Personnel Management,The Director shall submit the proposed rule for publication within 30 days of the date of this order,0
13834,2018-11101,Secretaries shall review guidance and develop a plan within 90 days of the order,90 days after order date,"Secretary of Agriculture, Secretary of Energy, Administrator of General Services, Administrator of EPA","Within 90 days of the date of this order, the Secretary of Agriculture, Secretary of Energy, Administrator of General Services, and the Administrator of the Environmental Protection Agency (EPA) shall review relevant Government‑wide guidance",0
13834,2018-11101,Secretary of Energy and partners shall review vehicle‑fleet requirements and report within 120 days,120 days after order date,"Secretary of Energy (with Secretary of Defense, Administrator of General Services, and other agency heads)","Within 120 days of the date of this order, the Secretary of Energy ... shall review existing Federal vehicle fleet requirements and report",0
13834,2018-11101,Chairman of CEQ and OMB Director shall review and revise CEQ guidance within 150 days,150 days after order date,Chairman of CEQ and Director of OMB,"Within 150 days of the date of this order, the Chairman of CEQ, in coordination with the Director of OMB, shall review and, where needed, revise existing CEQ guidance",0
13834,2018-11101,Heads of agencies shall designate an agency Chief Sustainability Officer within 45 days,45 days after order date,Heads of agencies,"within 45 days of the date of this order, designate an agency Chief Sustainability Officer",0
13834,2018-11101,Agencies must notify CEQ in writing within 30 days of issuing an exemption,30 days after exemption issuance,Agency heads,the agency must notify the Chairman of CEQ in writing within 30 days of issuance of that exemption,0
13837,2018-11916,Section 4(c) requirements become effective 45 days after the order’s date.,45 days after order date,,The requirements of this section shall become effective 45 days from the date of this order.,0
13837,2018-11916,OPM Director must review existing regulations for consistency within 45 days of the order’s date.,45 days after order date,OPM Director,"Within 45 days of the date of this order, the OPM Director shall examine whether existing regulations are consistent with the rules set forth in this section.",0
13837,2018-11916,Each agency must develop and implement a procedure for authorizing taxpayer‑funded union time no later than 180 days after the order’s date.,180 days after order date,Each agency,"As soon as practicable, but not later than 180 days from the date of this order, each agency shall develop and implement a",1
13837,2018-11916,Each agency must develop and implement a monitoring system for taxpayer‑funded union time no later than 180 days after the order’s date.,180 days after order date,Each agency,"As soon as practicable, but not later than 180 days from the date of this order, each agency shall develop and implement a system to monitor the use of taxpayer‑funded union",1
13837,2018-11916,OPM Director must publish a standardized reporting form within 180 days of the order’s date.,180 days after order date,OPM Director,"Within 180 days of the date of this order, the OPM Director shall publish a standardized form that each agency shall use in preparing the reports required by section 6 of this order.",0
13837,2018-11916,Agency heads must designate an implementation official and report the official’s identity to OPM within 30 days of the order’s date.,30 days after order date,Head of each agency,"The head of each agency shall designate an official within the agency tasked with ensuring implementation of this order, and shall report the identity of such official to OPM within 30 days of the date of this order.",0
13837,2018-11916,All agencies must implement the order’s requirements within 45 days of the order’s date (with a limited exception for subsection 4(b)).,45 days after order date,Each agency,"Each agency shall implement the requirements of this order within 45 days of the date of this order, except for subsection 4(b) of this order, which shall be effective for employees at an agency when such agency implements the procedure required by section 5(b) of this",1
13837,2018-11916,"OPM Director must publish an annual report by June 30 each year; the first report is due June 30, 2020 covering FY 2019.",June 30 annually (first by June 30 2020),OPM Director,"The OPM Director shall publish the annual report required by this section by June 30 of each year. The first report shall cover fiscal year 2019 and shall be published by June 30, 2020.",0
13839,2018-11939,OPM Director must issue guidance within 60 days of the order’s date,60 days after order date,OPM Director,"Within 60 days of the date of this order, the OPM Director shall issue guidance regarding the implementation of this section",0
13839,2018-11939,OPM Director must examine existing regulations within 45 days of the order’s date,45 days after order date,OPM Director,"Within 45 days of the date of this order, the OPM Director shall examine whether existing regulations effectuate the principles set forth",0
13839,2018-11939,Agency heads must provide an explanation within 30 days after a failed collective bargaining agreement,30 days after adoption of the agreement,Agency heads,"Within 30 days after the adoption of any collective bargaining agreement that fails to achieve this goal, the agency head shall provide an explanation",0
13839,2018-11939,Agency heads must revise discipline and performance policies within 45 days of the order,45 days after order date,Agency heads,"within 45 days of this order, revise its discipline and unacceptable performance policies to conform to the principles and requirements of this order",0
13839,2018-11939,OPM Director must submit a report within 15 months of final rule adoption,15 months after final rules are adopted,OPM Director,Within 15 months of the adoption of any final,1
13840,2018-13640,Within 90 days of the date of this order,2018-09-17,Federal agencies,"Within 90 days of the date of this order, agencies shall review their regulations, guidance, and policies for consistency with this order",0
13843,2018-15202,Effective date for Schedule E listing,2018-07-10,,"(d) Effective on July 10, 2018, the position of administrative law judge appointed under 5 U.S.C. 3105 shall be listed in Schedule E",0
13845,2018-15955,"Council must complete its initial tasks, including developing a national campaign, a plan for recognizing companies, and examining apprenticeship recommendations.",180 days after the date of this order,President's National Council for the American Worker,"Within 180 days of the date of this order, the Council shall:",0
13846,2018-17068,Re‑impose all sanctions lifted or waived in connection with the JCPOA no later than 180 days from May 8 2018,"180 days from May 8, 2018",President,"no case later than 180 days from May 8, 2018",0
13847,2018-19514,180 days from the date of the order,2029-02-27,Secretary of Labor,"Within 180 days of the date of this order, the Secretary of Labor shall consider, ...",0
13847,2018-19514,180 days from the date of the order,2029-02-27,Secretary of the Treasury,"Within 180 days of the date of this order, the Secretary of the Treasury shall consider proposing amendments ...",0
13847,2018-19514,1 year from the date of the order,2019-08-31,Secretary of Labor,"Within 1 year of the date of this order, the Secretary of Labor shall, in consultation with the Secretary of the Treasury, complete a review ...",0
13847,2018-19514,180 days from the date of the order,2029-02-27,Secretary of the Treasury,"Within 180 days of the date of this order, the Secretary of the Treasury shall, consistent with applicable law ... examine the life expectancy and distribution period tables ...",0
13848,2018-20203,assessment by the Director of National Intelligence (Sec 1(a)),,Director of National Intelligence,Not later than 45 days after the conclusion of a United States election,0
13848,2018-20203,report to the President and cabinet (Sec 1(b)),,Attorney General / Secretary of Homeland Security,Within 45 days of receiving the assessment … the Attorney General and the Secretary of Homeland Security … shall deliver … a report,0
13848,2018-20203,framework for agency responsibilities (Sec 1(f)),,"Secretary of State, Treasury, Attorney General, Homeland Security, DNI","Not later than 30 days following the date of this order, the Secretary of State, the Secretary of the Treasury, the Attorney General, the Secretary of Homeland Security, and the Director of National Intelligence shall develop a framework",0
13852,2018-26552,Closure of all executive departments and agencies,2018-12-05,,"All executive departments and agencies of the Federal Government shall be closed on December 5, 2018",0
13853,2018-27515,Submit detailed work plan,,Assistant to the President for Domestic Policy,"Within 90 days of the date of this order, a detailed work plan for how, and by when, the Council will accomplish the goals detailed in section 3 of this order;",0
13853,2018-27515,Submit list of recommended statutory and regulatory changes,,Assistant to the President for Domestic Policy,"Within 210 days of the date of this order, a list of recommended changes to Federal statutes, regulations, policies, and programs that would encourage public and private investment in urban and economically distressed communities, including qualified opportunity zones;",0
13853,2018-27515,"Submit list of recommended changes to aid state, local, tribal governments",,Assistant to the President for Domestic Policy,"Within 1 year of the date of this order, a list of recommended changes to Federal statutes, regulations, policies, and programs that would help State, local, and tribal governments to better identify, use, and administer Federal resources in urban and economically distressed communities, including qualified opportunity zones;",0
13853,2018-27515,Submit list of best practices,,Assistant to the President for Domestic Policy,"Within 1 year of the date of this order, a list of best practices that could be integrated into public and private investments in urban and economically distressed communities, including qualified opportunity zones, in order to increase economic growth, encourage new business formation, and revitalize communities;",0
13854,2018-27945,Closure of departments and agencies,"December 24, 2018",,"All executive departments and agencies of the Federal Government shall be closed and their employees excused from duty on Monday, December 24, 2018",0
13855,2019-00014,Develop joint wildfire strategy,2020-12-31,Secretary of the Interior and Secretary of Agriculture,"the Secretaries shall jointly develop, by December 31, 2020, a strategy",0
13855,2019-00014,Identify salvage and log recovery options for 2017‑2018 fire‑damaged lands,2019-03-31,Secretary of the Interior and Secretary of Agriculture,"by no later than March 31, 2019, the Secretaries shall identify salvage and log recovery options",0
13856,2019-00048,Schedule 8 effective January 1 2019,2019-01-01,,"Schedule 8 is effective January 1, 2019.",0
13856,2019-00048,Other schedules effective on the first day of the first applicable pay period beginning on or after January 1 2019,,,"The other schedules contained herein are effective on the first day of the first applicable pay period beginning on or after January 1, 2019.",0
13858,2019-01426,Agency heads must encourage use of domestically‑produced goods in covered programs,Within 90 days of the date of this order,Heads of executive departments and agencies,"Within 90 days of the date of this order, the head of each executive department and agency (agency) administering a covered program shall",1
13858,2019-01426,Agency heads must submit a report identifying tools/techniques to maximize Buy‑American use,Within 120 days of the date of this order,Heads of agencies administering covered programs,"Within 120 days of the date of this order, the head of each agency administering a covered program shall identify in a report to the President",1
13859,2019-02544,OMB notice on data/model access,90 days after order enactment,OMB Director,"Within 90 days of the date of this order, the OMB Director shall publish a notice in the Federal Register",0
13859,2019-02544,OMB investigation of data/model barriers,90 days after order enactment,OMB Director,"Within 90 days of the date of this order, OMB, in conjunction with the Select Committee, shall investigate barriers to access or quality limitations of Federal data and models",0
13859,2019-02544,OMB update of data inventory guidance,120 days after order enactment,OMB Director,"Within 120 days of the date of this order, OMB, including through its interagency councils and the Select Committee, shall update implementation guidance for Enterprise Data Inventories and Source Code Inventories",0
13859,2019-02544,Select Committee cloud‑computing report,180 days after order enactment,Select Committee,"Within 180 days of the date of this order, the Select Committee, in coordination with the General Services Administration (GSA), shall submit a report to the President",0
13859,2019-02544,OMB memorandum on AI regulatory guidance,180 days after order enactment,OMB Director,"Within 180 days of the date of this order, the OMB Director, in coordination with the OSTP Director, the Director of the Domestic Policy Council, and the Director of the National Economic Council,",1
13859,2019-02544,Agency plans for AI regulatory consistency,180 days after memorandum issuance,Heads of implementing agencies,"Within 180 days of the date of the memorandum described in subsection (a) of this section, the heads of implementing agencies ... shall submit to OMB plans to achieve consistency with the memorandum",0
13859,2019-02544,NIST technical standards plan,180 days after order enactment,Secretary of Commerce / NIST,"Within 180 days of the date of this order, the Secretary of Commerce, through the Director of the National Institute of Standards and Technology (NIST), shall issue a plan for Federal engagement in the development of technical standards",0
13859,2019-02544,Select Committee STEM education recommendations,90 days after order enactment,Select Committee,"Within 90 days of the date of this order, the Select Committee shall provide recommendations to the NSTC Committee on STEM Education regarding AI-related educational and workforce development considerations",0
13859,2019-02544,Delivery of AI protection action plan,120 days after order enactment,Assistant to the President for National Security Affairs,The action plan shall be provided to the President within 120 days of the date of this order,0
13859,2019-02544,Agency identification of AI‑priority programs after appropriations,90 days after appropriations enactment,Heads of AI R&D agencies,"Within 90 days of the enactment of appropriations for their respective agencies, heads of such agencies shall identify each year ... the programs to which the AI R&D priority will apply",0
13860,2019-04298,Identify and submit qualifying training within one year of the order’s issuance,1 year from March 4 2019,Secretary of Defense and Secretary of Homeland Security,"Within 1 year from the date of this order, identify all military training and experience ...",0
13860,2019-04298,Provide certification/verification within one month after a service member’s discharge or release,1 month after each individual’s discharge or release,Secretary of Defense and Secretary of Homeland Security,no later than 1 month after discharge or release;,0
13860,2019-04298,Submit an annual status report,"Yearly, beginning one year after the order’s issuance",United States Committee on the Marine Transportation System,shall provide a yearly status report on its efforts ...,0
13861,2019-04437,Within 365 days of the order’s date (by 5 March 2020),,"Veteran Wellness, Empowerment, and Suicide Prevention Task Force","Within 365 days of the date of this order, the Task Force shall develop and submit to the President the roadmap",0
13861,2019-04437,Within 365 days of the order’s date (by 5 March 2020),,"Veteran Wellness, Empowerment, and Suicide Prevention Task Force","Within 365 days of the date of this order, the Task Force shall submit a legislative proposal to the President",0
13861,2019-04437,Within 365 days of the order’s date (by 5 March 2020),,"Veteran Wellness, Empowerment, and Suicide Prevention Task Force","Within 365 days of the date of this order, the Task Force shall, in coordination with the Director of the Office of Science and Technology Policy, develop a national research strategy",0
13861,2019-04437,2 years after the roadmap is submitted to the President,,"Veteran Wellness, Empowerment, and Suicide Prevention Task Force",The Task Force shall terminate 2 years following the submission to the President of the roadmap,0
13864,2019-05934,Website and mobile app for Federal student loan borrowers,2020-01-01,Secretary of Education,"make available, by January 1, 2020, ... a secure and confidential website and mobile application",0
13864,2019-05934,Report on policy options for sharing Federal student loan risk,2020-01-01,"Secretary of Education (in consultation with Treasury, OMB, CEAC)","By January 1, 2020, the Secretary ... shall submit to the President ... a report identifying and analyzing policy options for sharing the risk associated with Federal student loan debt",0
13864,2019-05934,Policy recommendations for loan‑collections reform,2020-01-01,Secretary of Education (in consultation with Treasury),"By January 1, 2020, the Secretary ... shall submit ... policy recommendations for reforming the collections process for Federal student loans in default",0
13864,2019-05934,First annual progress update to the National Council for the American Worker,2019-07-01,Secretary of Education,"Beginning July 1, 2019, the Secretary shall provide an annual update on the Secretary's progress ... to the National Council for the American Worker",0
13864,2019-05934,Compilation of successful state and institutional efforts,2020-03-21,Secretary of Education,"Within 1 year of the date of this order, the Secretary shall compile information about successful State and institutional efforts ...",0
13865,2019-06325,Identify and list national critical functions,90 days after order date,Secretary of Homeland Security,"Within 90 days of the date of this order, the Secretary of Homeland Security, in coordination with the heads of SSAs and other agencies as appropriate, shall identify and list the national critical functions",0
13865,2019-06325,Assess vulnerability of identified critical infrastructure,1 year after the 90‑day identification,Secretary of Homeland Security,"Within 1 year of the identification described in subsection (a)(i) of this section, the Secretary of Homeland Security, in coordination with the heads of other agencies as appropriate, shall, using appropriate government and private‑sector standards for EMPs, assess which identified critical infrastructure systems, networks, and assets are most vulnerable to the effects of EMPs.",0
13865,2019-06325,Review EMP test data and identify gaps,180 days after vulnerability assessment,Secretary of Homeland Security,"Within 180 days of the identification described in subsection (a)(ii) of this section, the Secretary of Homeland Security, in coordination with the heads of SSAs and in consultation with the Director of OSTP and the heads of other appropriate agencies, shall review test data--identifying any gaps in such data--regarding the effects of EMPs on critical infrastructure systems, networks, and assets representative of those throughout the Nation.",0
13865,2019-06325,Develop integrated cross‑sector plan to address data gaps,180 days after test‑data‑gap identification,Secretary of Homeland Security,"Within 180 days of identifying the gaps in existing test data, as directed by subsection (b)(i) of this section, the Secretary of Homeland Security, in coordination with the heads of SSAs and in consultation with the Director of OSTP and the heads of other appropriate agencies, shall use the sector partnership structure identified in the National Infrastructure Protection Plan to develop an integrated cross‑sector plan to address the identified gaps.",0
13865,2019-06325,Review and update EMP standards and quantitative benchmarks,1 year after order date,Secretary of Energy,"Within 1 year of the date of this order, and as appropriate thereafter, the Secretary of Energy, in consultation with the heads of other agencies and the private sector, as appropriate, shall review existing standards for EMPs and develop or update, as necessary, quantitative benchmarks that sufficiently describe the physical characteristics of EMPs, including waveform and intensity, in a form that is useful to and can be shared with owners and operators of critical infrastructure.",0
13865,2019-06325,Complete magnetotelluric survey of the contiguous United States,4 years after order date,Secretary of the Interior,"Within 4 years of the date of this order, the Secretary of the Interior shall complete a magnetotelluric survey of the contiguous United States to help critical infrastructure owners and operators conduct EMP vulnerability assessments.",0
13865,2019-06325,Submit technology‑options report on EMP resilience,1 year after order date; then every 2 years,Secretary of Homeland Security,"Within 1 year of the date of this order, and every 2 years thereafter, the Secretary of Homeland Security, in coordination with the Secretaries of Defense and Energy, and in consultation with the Director of OSTP, the heads of other appropriate agencies, and private‑sector partners as appropriate, shall submit to the President, through the APNSA, a report that analyzes the technology options available to improve the resilience of critical infrastructure to the effects of EMPs.",0
13865,2019-06325,Develop and implement pilot test of engineering mitigation approaches,180 days after technology‑options report and standards review,Secretary of Homeland Security,"Within 180 days of the completion of the activities directed by subsections (b)(iii) and (c)(i) of this section, the Secretary of Homeland Security, in coordination with the heads of other agencies and in consultation with the private sector as appropriate, shall develop and implement a pilot test to evaluate available engineering approaches for mitigating the effects of EMPs on the most vulnerable",1
13865,2019-06325,Identify regulatory and non‑regulatory mechanisms for private‑sector engagement,1 year after order date,Secretary of Homeland Security,"Within 1 year of the date of this order, the Secretary of Homeland Security, in coordination with the heads of relevant SSAs, and in consultation with appropriate regulatory and utility commissions and other stakeholders, shall identify regulatory and non‑regulatory mechanisms, including cost recovery measures, that can enhance private‑sector engagement to address the effects of EMPs.",0
13865,2019-06325,Develop mitigation plan for vulnerable critical infrastructure,90 days after pilot‑test development,Secretary of Homeland Security,"Within 90 days of completing the actions directed in subsection (c)(ii) of this section, the Secretary of Homeland Security, in coordination with the Secretaries of Defense and Energy and in consultation with the heads of other appropriate agencies and with the private sector as appropriate, shall develop a plan to mitigate the effects of EMPs on the vulnerable priority critical infrastructure systems, networks, and assets identified under subsection (a)(ii) of this section.",0
13865,2019-06325,Conduct pilot test to harden strategic military installation,180 days after mitigation‑plan development,Secretary of Defense,"Within 180 days of the completion of the actions identified in subsection (c)(i) of this section, the Secretary of Defense, in consultation with the Secretaries of Homeland Security and Energy, shall conduct a pilot test to evaluate engineering approaches used to harden a strategic military installation, including infrastructure that is critical to supporting that installation, against the effects of EMPs.",0
13865,2019-06325,Report cost and effectiveness of pilot‑test approaches,180 days after pilot test completion,Secretary of Defense,"Within 180 days of completing the pilot test described in subsection (d)(ii) of this section, the Secretary of Defense shall report to the President, through the APNSA, regarding the cost and effectiveness of the evaluated approaches.",0
13865,2019-06325,Review and update Federal response plans for EMPs,180 days after order date,Secretary of Homeland Security,"Within 180 days of the date of this order, the Secretary of Homeland Security, through the Administrator of the Federal Emergency Management Agency, in coordination with the heads of appropriate SSAs, shall review and update Federal response plans, programs, and procedures to account for the effects of EMPs.",0
13865,2019-06325,Update operational plans of agencies supporting National Essential Functions,180 days after response‑plan update,Relevant agencies,"Within 180 days of the completion of actions directed by subsection (e)(i) of this section, agencies that support National Essential Functions shall update operational plans documenting their procedures and responsibilities to prepare for, protect against, and mitigate the effects of EMPs.",0
13865,2019-06325,Provide assessment of EMP effects on critical communications infrastructure,180 days after vulnerability identification,Secretary of Homeland Security,"Within 180 days of identifying vulnerable priority critical infrastructure systems, networks, and assets as directed by subsection (a)(ii) of this section, the Secretary of Homeland Security, in consultation with the Secretaries of Defense and Commerce, and the Chairman of the Federal Communications Commission, shall provide the Deputy Assistant to the President for Homeland Security and Counterterrorism and the Director of OSTP with an assessment of the effects of EMPs on critical communications infrastructure, and recommend changes to operational plans to enhance national response and recovery efforts after an EMP.",0
13865,2019-06325,Deliver first quadrennial EMP risk assessment,1 year after order date,Secretary of Homeland Security,the first risk assessment delivered within 1 year of the date of this order,0
13866,2019-06548,Effective date for Schedule 8,2019-01-01,,"Schedule 8 is effective January 1,",1
13866,2019-06548,Effective date for all other schedules,,,"The other schedules ... are effective on the first day of the first applicable pay period beginning on or after January 1, 2019.",0
13867,2019-07645,within 60 days of receipt of an application,,Secretary of State,can be completed within 60 days of the receipt of an application,0
13867,2019-07645,agency heads must provide views within 30 days of a request,,Agency heads,not to exceed 30 days from the date of a request,0
13867,2019-07645,Secretary shall seek responses within 30 days of a request,,Secretary of State,within no more than 30 days from the date of a request,0
13867,2019-07645,review and amend Department of State regulations,2020-05-29,Secretary of State,"by no later than May 29, 2020",0
13868,2019-07656,60 days after the order date,2020-06-09,EPA Administrator,"but no later than 60 days after the date of this order, the Administrator of the EPA shall ... issue new guidance to States and authorized tribes to supersede the Section 401 Interim Guidance",0
13868,2019-07656,120 days after the order date (review & proposed rules); 13 months after the order date (finalization),2020-08-08 (120‑day review) / 2020-05-10 (13‑month finalization),EPA Administrator,"but no later than 120 days after the date of this order, the Administrator of the EPA shall review EPA's regulations ... and shall publish for notice and comment proposed rules ... The Administrator of the EPA shall finalize such rules no later than 13 months after the date of this order",0
13868,2019-07656,90 days after completion of EPA's guidance issuance (subsection b),Variable – 90 days after EPA completes the 60‑day guidance process,Heads of 401 Implementing Agencies,"Within 90 days of completion of the processes described in subsection (b) of this section, the heads of the 401 Implementing Agencies shall update their respective agencies' guidance",0
13868,2019-07656,90 days after EPA completes the 120‑day review and proposed‑rule process (subsection c),Variable – 90 days after EPA completes the 120‑day review,Heads of 401 Implementing Agencies,"Within 90 days of completion of the processes described in subsection (c) of this section, ... the heads of each 401 Implementing Agency shall initiate a rulemaking",0
13868,2019-07656,13 months after the order date,2020-05-10,Secretary of Transportation,the Secretary of Transportation shall initiate a rulemaking to update Part 193 and shall finalize such rulemaking no later than 13 months after the date of this order,0
13868,2019-07656,100 days after the order date (proposal); 13 months after the order date (finalization),2020-01-18 (proposal) / 2020-05-10 (finalization),Secretary of Transportation,"the Secretary of Transportation shall propose for notice and comment a rule, no later than 100 days after the date of this order, ... The Secretary shall finalize such rulemaking no later than 13 months after the date of this order",0
13868,2019-07656,180 days after the order date,2020-09-06,Secretary of Labor,"the Secretary of Labor shall, within 180 days of the date of this order, complete a review of available data ... The Secretary of Labor shall also, within 180 days of the date of this order, complete a review of existing Department of Labor guidance",0
13868,2019-07656,1 year after the order date,2020-04-10,"Secretaries of the Interior, Agriculture, and Commerce","within 1 year of the date of this order, initiate renewal or reauthorization processes for all expired energy rights‑of‑way grants, leases, permits, and agreements",0
13868,2019-07656,180 days after the order date,2020-09-06,Secretary of Transportation (with Energy),"Within 180 days of the date of this order, the Secretary of Transportation, in consultation with the Secretary of Energy, shall submit a report to the President ...",0
13868,2019-07656,180 days after the order date,2020-09-06,Secretary of Energy (with Transportation),"Within 180 days of the date of this order, the Secretary of Energy, in consultation with the Secretary of Transportation, shall submit a report to the President ...",0
13868,2019-07656,30 days after the order date,2020-05-10,Heads of agencies,"within 30 days of the date of this order, report to the Director of the Office of Management and Budget and the Assistant to the President for Economic Policy on how those authorities can be most efficiently and effectively used",0
13868,2019-07656,180 days after the order date,2020-09-06,Secretary of Energy (with other agencies),"Within 180 days of the date of this order, the Secretary of Energy, in consultation with the heads of other agencies, ... shall submit a report to the President ... describing opportunities ... to promote economic growth of the Appalachian region",0
13869,2019-08797,initial report and subsequent reports every 180 days,2019-06-24,Secretary of Defense,"no later than June 24, 2019, and every 180 days thereafter until the transfer is complete, provide a report to the President",0
13869,2019-08797,Council review report on vetting policies,2019-07-24,Council Principals (as identified in EO 13467),"No later than July 24, 2019, the Council Principals ... shall ... submit to the President ... a report",0
13869,2019-08797,final date for NBIB to continue investigations,2019-09-30,National Background Investigations Bureau,"throughout the transition period ending on or before September 30, 2019, as described in sections 2.6(d)(vi) and 2.6(e)(viii) of this order, the National Background Investigations Bureau and its personnel may continue to perform background investigations for the Defense Counterintelligence and Security Agency",0
13870,2019-09750,90 days from order date,2020-02-01,Secretary of Homeland Security,"Within 90 days of the date of this order, the Secretary of Homeland Security ... shall provide a report to the President",0
13870,2019-09750,1 year from order date,2020-05-02,Administrator of General Services,"Provide a report to the President, within 1 year of the date of this order",0
13870,2019-09750,180 days from order date,2019-10-29,Director of OPM,"Within 180 days of the date of this order, the Director of OPM ... shall identify a list of cybersecurity aptitude assessments",0
13870,2019-09750,Plan submission: 90 days from order date; First competition: by Dec 31 2019,2020-02-01,Secretary of Homeland Security,"shall be submitted to the President within 90 days of the date of this order. The first competition shall be held no later than December 31, 2019",0
13870,2019-09750,Annual list submission beginning Sep 1 2019,2019-09-01 (recurring annually),Director of OMB,"every year starting September 1, 2019",0
13870,2019-09750,1 year from order date,2020-05-02,Secretary of Education,"Within 1 year of the date of this order, the Secretary of Education ... shall develop and implement ... an annual Presidential Cybersecurity Education Award",0
13873,2019-10538,Secretary of Commerce to publish rules or regulations implementing the order,,Secretary of Commerce,Within 150 days of the date of this order,0
13873,2019-10538,Initial threat assessment by the Director of National Intelligence,,Director of National Intelligence,within 40 days of the date of this order,0
13873,2019-10538,Written assessment by the Secretary of Homeland Security,,Secretary of Homeland Security,within 80 days of the date of this order,0
13873,2019-10538,Assessment and report to the President on the sufficiency of actions taken,,Secretary of Commerce (in consultation with other heads),Within 1 year of the date of this order,0
13874,2019-12802,180 days from order date,180 days after 2019‑06‑11,"Secretary of Agriculture, Administrator of EPA, Commissioner of FDA","within 180 days of the date of this order, identify relevant regulations and guidance documents",0
13874,2019-12802,180 days from order date,180 days after 2019‑06‑11,"Department of Agriculture, EPA, FDA","within 180 days of the date of this order, work together to design a plan to establish a web‑based platform",0
13874,2019-12802,Updates every 90 days for 2 years,First update due 90 days after 2019‑06‑11; subsequent updates every 90 days through 2021‑06‑11,All three agencies,"Every 90 days after the date of this order, for a period of 2 years, each of the agencies shall provide an update regarding its progress",0
13874,2019-12802,180 days from order date,180 days after 2019‑06‑11,"Secretary of Agriculture (with EPA, FDA, etc.)","Within 180 days of the date of this order, the Secretary ... shall develop an action plan to facilitate engagement with consumers",0
13874,2019-12802,120 days from order date,120 days after 2019‑06‑11,Secretary of Agriculture and Secretary of State,"Within 120 days of the date of this order, the Secretary and the Secretary of State ... shall develop an international communications and outreach strategy",0
13874,2019-12802,120 days from order date,120 days after 2019‑06‑11,USTR (with Secretaries and Trade Policy Staff Committee),"Within 120 days of the date of this order, the United States Trade Representative ... shall develop an international strategy to remove unjustified trade barriers",0
13875,2019-13175,"by September 30, 2019",2019-09-30,each agency,"Each agency shall, by September 30, 2019, terminate at least one-third of its current committees established under section 9(a)(2) of FACA",0
13875,2019-13175,"on or before August 1, 2019",2019-08-01,head of each agency,"The head of each agency shall submit to the Director on or before August 1, 2019:",1
13875,2019-13175,"By September 1, 2019",2019-09-01,Director of the Office of Management and Budget,"By September 1, 2019, the Director shall make appropriate recommendations to the President about terminating committees",0
13877,2019-13945,60 days after order issuance,,Secretary of Health and Human Services,"Within 60 days of the date of this order, the Secretary of Health and Human Services shall propose a regulation",0
13877,2019-13945,90 days after order issuance,,"Secretaries of HHS, Treasury, Labor","Within 90 days of the date of this order, the Secretaries of Health and Human Services, the Treasury, and Labor shall issue an advance notice of proposed rulemaking",0
13877,2019-13945,120 days after order issuance,,Secretary of the Treasury,"Within 120 days of the date of this order, the Secretary of the Treasury, to the extent consistent with law, shall issue guidance",0
13877,2019-13945,180 days after order issuance,,Secretary of Health and Human Services,"Within 180 days of the date of this order, the Secretary of Health and Human Services, in consultation with the Attorney General and the Federal Trade Commission, shall issue a report",0
13877,2019-13945,180 days after order issuance,,"Secretaries of HHS, Defense, Veterans Affairs","Within 180 days of the date of this order, the Secretaries of Health and Human Services, Defense, and Veterans Affairs shall develop a Health Quality Roadmap",0
13877,2019-13945,180 days after order issuance,,Secretary of Health and Human Services,"Within 180 days of the date of this order, the Secretary of Health and Human Services, in consultation with the Secretaries of the Treasury, Defense, Labor, and Veterans Affairs, and the Director of the Office of Personnel Management, shall increase access to de‑identified claims data",0
13877,2019-13945,180 days after order issuance,,Secretary of the Treasury,"Within 180 days of the date of this order, the Secretary of the Treasury, to the extent consistent with law, shall propose regulations to treat expenses related to certain types of arrangements … as eligible medical expenses",0
13877,2019-13945,180 days after order issuance,,Secretary of the Treasury,"Within 180 days of the date of this order, the Secretary of the Treasury, to the extent consistent with law, shall issue guidance to increase the amount of funds that can carry over without penalty at the end of the year for flexible spending arrangements",0
13877,2019-13945,180 days after order issuance,,Secretary of Health and Human Services,"Within 180 days of the date of this order, the Secretary of Health and Human Services shall submit a report to the President on additional steps my Administration may take to implement the principles on surprise medical billing",0
13878,2019-14016,Submit a report to the President on the Council’s implementation of section 4,within 12 months of the date of this order,Vice Chairs (on behalf of the Council),"within 12 months of the date of this order, submit to the President a report on the Council's implementation of section 4 of this order;",0
13879,2019-15159,120 days from the order date,,Secretary of Health and Human Services,"Within 120 days of the date of this order, the Secretary of Health and Human Services (Secretary) shall launch an awareness initiative at the Department of Health and Human Services (Department)",0
13879,2019-15159,30 days from the order date,,Secretary of Health and Human Services,"Within 30 days of the date of this order, the Secretary shall select a payment model to test innovations in compensation for providers of kidney care services",0
13879,2019-15159,30 days from the order date,,Secretary of Health and Human Services,"Within 30 days of the date of this order, the Secretary shall select a payment model to evaluate the effects of creating payment incentives for greater use of home dialysis and kidney transplants for Medicare beneficiaries on dialysis",0
13879,2019-15159,120 days from the order date,,Secretary of Health and Human Services,"Within 120 days of the date of this order, the Secretary",1
13879,2019-15159,120 days from the order date,,Secretary of Health and Human Services,"Within 120 days of the date of this order, the Secretary",1
13879,2019-15159,90 days from the order date,,Secretary of Health and Human Services,"Within 90 days of the date of this order, the Secretary shall propose a regulation to enhance the procurement and utilization of organs available through deceased donation by revising Organ Procurement Organization (OPO) rules and evaluation metrics",0
13879,2019-15159,180 days from the order date,,Secretary of Health and Human Services,"Within 180 days of the date of this order, the Secretary shall streamline and expedite the process of kidney matching and delivery to reduce the discard rate",0
13879,2019-15159,90 days from the order date,,Secretary of Health and Human Services,"Within 90 days of the date of this order, the Secretary shall propose a regulation to remove financial barriers to living organ donation",0
13881,2019-15449,FAR Council must consider proposing rule amendments within 180 days,,Federal Acquisition Regulatory Council (FAR Council),"Within 180 days of the date of this order, the FAR Council shall consider proposing for notice and public comment:",0
13881,2019-15449,Secretary of Commerce and OMB Director must submit a report to the President within 180 days,,Secretary of Commerce; Director of the Office of Management and Budget,"Within 180 days of the date of this order, the Secretary of Commerce and the Director of the Office of Management and Budget shall",0
13887,2019-20804,Report to the President within 120 days of the order’s date,120 days after 19 September 2019,National Influenza Vaccine Task Force,"Within 120 days of the date of this order, the Task Force shall submit a report to the President",0
13887,2019-20804,"Annual update on the 5‑year plan, due each June 1 for five years after the initial report",June 1 for each of the five years after the initial report,National Influenza Vaccine Task Force,"Not later than June 1 of each of the 5 years following submission of the report described in subsection (f) of this section, the Task Force shall submit an update on implementation of the Plan",0
13888,2019-21505,90 days from the order date (September 26 2019),2020-01-24,Secretary of State and Secretary of Health and Human Services,"Within 90 days of the date of this order, the Secretary of State and the Secretary of Health and Human Services shall develop and implement a process …",0
13889,2019-21630,Continuation deadline for all listed advisory committees,2021-09-30,,"Each advisory committee listed below is continued until September 30, 2021.",0
13889,2019-21630,Effective date of the order,2019-09-30,,"This order shall be effective September 30, 2019.",0
13890,2019-22073,Within 1 year of the order date,,Secretary of Health and Human Services,"Within 1 year of the date of this order, the Secretary shall propose a regulation and implement other administrative actions",0
13890,2019-22073,Within 180 days of the order date,,Secretary of Health and Human Services,shall submit to the President ... a report within 180 days from the date of this order,0
13890,2019-22073,Within 1 year of the order date,,Secretary of Health and Human Services,"Within 1 year of the date of this order, the Secretary shall propose a regulation to provide beneficiaries with improved access to providers and plans",0
13890,2019-22073,Effective by January 1 2021,2021-01-01,Secretary of Health and Human Services,"to take effect by January 1, 2021",0
13890,2019-22073,Annually thereafter,,Secretary of Health and Human Services,shall propose such changes annually thereafter,0
13890,2019-22073,Within 180 days of the order date,,Secretary of Health and Human Services,"Within 180 days of the date of this order, the Secretary, in coordination with the Commissioner of Social Security, shall revise current rules or policies",0
13891,2019-22623,120 days after OMB issues implementing memorandum,,All agencies,"Within 120 days of the date on which the Office of Management and Budget (OMB) issues an implementing memorandum ... each agency ... shall establish or maintain on its website a single, searchable, indexed database",0
13891,2019-22623,120 days after OMB issues implementing memorandum,,All agencies,Within 120 days of the date on which OMB issues an implementing memorandum ... each agency shall review its guidance documents and ... rescind those guidance documents that it determines should no longer be in effect,0
13891,2019-22623,240 days after OMB issues implementing memorandum,,All agencies,Within 240 days of the date on which OMB issues an implementing memorandum ... an agency may reinstate a guidance document rescinded under this subsection ... and shall include the guidance document in the relevant database,0
13891,2019-22623,240 days after OMB issues implementing memorandum,,Agency heads,Within 240 days of the date on which OMB issues an implementing memorandum ... an agency head shall submit a report to the Director with the reasons for maintaining in effect any guidance documents identified by the Director,0
13891,2019-22623,300 days after OMB issues implementing memorandum,,All agencies,"Within 300 days of the date on which OMB issues an implementing memorandum ... each agency shall, consistent with applicable law, finalize regulations, or amend existing regulations as necessary, to set forth processes and procedures for issuing guidance documents",0
13892,2019-22624,Publish rule governing civil administrative inspections,120 days after order date,All federal agencies conducting civil administrative inspections,"Within 120 days of the date of this order, each agency that conducts civil administrative inspections shall publish a rule of agency procedure governing such inspections, if such a rule does not already exist.",0
13892,2019-22624,"Propose procedures to encourage voluntary self‑reporting, information sharing, and pre‑enforcement rulings",270 days after order date,"All federal agencies, as appropriate","Within 270 days of the date of this order, each agency, as appropriate, shall, to the extent practicable and permitted by law, propose procedures:",0
13892,2019-22624,"Submit a report to the President describing existing procedures, resource needs, or other basis",270 days after order date,All federal agencies,"shall, within 270 days of the date of this order, submit a report to the President describing, as appropriate, its existing procedures, its need for more resources, or any other basis for its conclusion.",0
13892,2019-22624,Submit a report to the President demonstrating SBREFA compliance,180 days after order date,All federal agencies,"Within 180 days of the date of this order, each agency shall submit a report to the President demonstrating that its civil administrative enforcement activities, investigations, and other actions comply with SBREFA...",0
13893,2019-22749,within 90 days of the order date,,Director of OMB,"Within 90 days of the date of this order, the Director shall issue instructions regarding the implementation of this order",0
13893,2019-22749,within 90 days of the order date,,Director of OMB,"within 90 days of the date of this order, the Director shall revoke OMB Memorandum M-05-13",0
13895,2019-23525,2 years from the date of this order,2021-10-22,PCAST,The PCAST shall terminate 2 years from the date of this order unless extended by the President.,0
13896,2019-24040,Commission report to Attorney General,1 year after 28 Oct 2019,Commission,The Commission shall submit a report and recommendations to the Attorney General no later than 1 year from the date of this order.,0
13896,2019-24040,Attorney General report to President,60 days after the Commission’s report to the Attorney General,Attorney General,"the Attorney General, following consultation with the Director of the Office of Management and Budget, shall submit a report and recommendations to the President no later than 60 days thereafter.",0
13896,2019-24040,Commission termination,90 days after the Commission’s report to the Attorney General,Commission,"The Commission shall terminate no later than 90 days after submitting its report and recommendations to the Attorney General, unless extended by the President.",0
13898,2019-26178,1 year after the date of this order,,Task Force,"No later than 1 year after the date of this order, the Task Force shall develop and submit to the President, through the Assistant to the President for Domestic Policy, a written report",0
13898,2019-26178,2 years after the date of this order,,Task Force,"No later than 2 years after the date of this order, the Task Force shall develop and submit to the President, through the Assistant to the President for Domestic Policy, a final written report",0
13898,2019-26178,2 years after the date of this order (termination),,Task Force,"The Task Force shall terminate 2 years after the date of this order, unless otherwise directed by the President.",0
13899,2019-27217,within 120 days of the date of this order,2020-04-09,head of each agency charged with enforcing Title VI,"Within 120 days of the date of this order, the head of each agency charged with enforcing Title VI shall submit a report to the President",0
13900,2019-27678,"on Tuesday, December 24, 2019",2019-12-24,Executive departments and agencies,"All executive departments and agencies of the Federal Government shall be closed and their employees excused from duty on Tuesday, December 24, 2019, the day before Christmas Day.",0
13901,2019-28286,Schedule 8 is effective,2020-01-01,,"Schedule 8 is effective January 1, 2020.",0
13901,2019-28286,"All other schedules are effective on the first day of the first applicable pay period beginning on or after January 1, 2020",2020-01-01,,"The other schedules contained herein are effective on the first day of the first applicable pay period beginning on or after January 1, 2020.",0
13903,2020-02438,Attorney General and Secretary of Homeland Security shall propose legislative and executive actions to the President,180 days from order date (January 31 2020),"Attorney General, Secretary of Homeland Security",within 180 days of the date of this order,0
13904,2020-02439,"Express consignment operators, carriers, hub facilities, and licensed customs brokers must notify CBP of any attempt to re‑establish business activity.",within 60 days of the publication in the System for Award Management by CBP of the name of any debarred or suspended person,Secretary of Homeland Security (through the Commissioner of CBP),"within 60 days of the publication in the System for Award Management by CBP of the name of any debarred or suspended person, express consignment operators, carriers, hub facilities, and licensed customs brokers notify CBP...",0
13904,2020-02439,Submit to the President a report on any appropriate measures the Federal Government could take to prevent illicit international‑postal shipments.,within 90 days from the date of this order,Secretary of Homeland Security (through the Commissioner of CBP) in consultation with USPS,"Within 90 days from the date of this order, the Secretary of Homeland Security, through the Commissioner of CBP, and in consultation with USPS, shall submit to the President a report on any appropriate measures...",0
13904,2020-02439,Publish and regularly update guidance related to CBP's implementation of the International Mail Non‑Compliance provisions.,within 90 days of the date of this order,Secretary of Homeland Security (through the Commissioner of CBP),"Within 90 days of the date of this order, the Secretary of Homeland Security, through the Commissioner of CBP, shall publish and regularly update appropriate guidance...",0
13904,2020-02439,Attorney General shall assign resources to prioritize prosecution of import‑related offenses.,within 60 days of the date of this order,Attorney General,"Within 60 days of the date of this order, the Attorney General shall assign appropriate resources to ensure that Federal prosecutors accord a high priority...",0
13904,2020-02439,Secretary of Homeland Security shall submit a report to the President analyzing CBP fee sufficiency and recommending adjustments.,within 210 days of the date of this order,Secretary of Homeland Security (in coordination with other agencies),"Within 210 days of the date of this order, the Secretary of Homeland Security, in coordination with the heads of other executive departments and agencies, as appropriate, shall submit a report to the President...",0
13905,2020-03337,within 1 year of the order’s date,,Secretary of Commerce,"Within 1 year of the date of this order, the Secretary of Commerce … shall develop and make available … PNT profiles.",0
13905,2020-03337,within 1 year of the order’s date,,Secretary of Homeland Security,"Within 1 year of the date of this order, the Secretary of Homeland Security … shall develop a plan to test the vulnerabilities …",0
13905,2020-03337,first report within 1 year of PNT profiles being made available; subsequent reports every 2 years,,Heads of SSAs (via Secretary of Homeland Security),"Within 1 year of the PNT profiles being made available, and biennially thereafter, the heads of SSAs … shall submit a report …",0
13905,2020-03337,within 1 year of the order’s date,,Director of OSTP,"Within 1 year of the date of this order, the Director of OSTP shall coordinate the development of a national plan …",0
13905,2020-03337,within 180 days of the order’s date,,"Secretaries of Transportation, Energy, and Homeland Security","Within 180 days of the date of this order, the Secretary of Transportation, Secretary of Energy, and Secretary of Homeland Security shall each develop plans …",0
13905,2020-03337,within 180 days of the order’s date,,Secretary of Commerce,"Within 180 days of the date of this order, the Secretary of Commerce shall make available a GNSS‑independent source of Coordinated Universal Time …",0
13913,2020-07530,Committee Members must execute a Memorandum of Understanding within 90 days of the order’s effective date.,90 days after order date,Committee Members,"Within 90 days from the date of this order, the Committee Members shall enter into a Memorandum of Understanding",0
13913,2020-07530,Initial review of an application must be finished within 120 days of the Chair’s determination that applicant responses are complete.,120 days after Chair’s determination,Committee,any initial review shall be completed before the end of the 120‑day period,0
13913,2020-07530,"If a secondary assessment is warranted, it must be finished within 90 days of that determination.",90 days after secondary‑assessment determination,Committee,Any secondary assessment of an application shall be completed no more than 90 days after the Committee's determination,0
13913,2020-07530,The Director of National Intelligence must deliver the required threat analysis to the Committee within 30 days (whichever trigger occurs first).,30 days (earliest trigger),Director of National Intelligence,shall be provided to the Committee within the earlier of 30 days,0
13913,2020-07530,Committee Advisors must inform the Chair within 21 days whether they oppose a recommendation.,21 days after Chair’s notification,Committee Advisors,"Within 21 days of the notification, the Committee Advisors shall advise the Chair",0
13913,2020-07530,The Chair must notify the President of any intended recommendation (or opposition) within 7 days of the vote.,7 days after vote,Committee Chair,shall notify the President ... within 7 days,0
13913,2020-07530,The FCC may receive notice of the Committee’s recommendation no sooner than 15 days after the President is notified.,≥ 15 days after President notification,FCC,not earlier than 15 days after the date on which the President is notified,0
13913,2020-07530,The Administrator of the NTIA must forward the Committee’s recommendation to the FCC within 7 days of receiving it from the Chair.,7 days after Chair’s notification,Administrator of NTIA,shall notify the FCC of the recommendation within 7 days,0
13913,2020-07530,"The Chair, in coordination with Committee Members and Advisors, must submit an annual report to the President.",annually,Committee Chair,provide a report to the President on an annual basis,0
13914,2020-07800,No later than 180 days after the date of this order,2020-10-03,Secretary of State,"No later than 180 days after the date of this order, the Secretary of State shall report to the President",0
13920,2020-09695,Secretary must publish rules or regulations implementing the delegated authorities,150 days after order date,Secretary of Energy (in consultation with other agencies),Within 150 days of the date of this order,0
13920,2020-09695,Task Force must submit its first report to the President,1 year after order date,Task Force (through the Chair and OMB Director),a report within 1 year from the date of this order,0
13920,2020-09695,FAR Council shall consider proposing a regulatory amendment,180 days after receiving the recommendations,Federal Acquisition Regulatory Council,Within 180 days of receiving the recommendations pursuant to subsection (c)(i) of this section,0
13921,2020-10315,Regional Fishery Management Councils submit prioritized lists,180 days after order date,Secretary of Commerce,within 180 days of the date of this order,0
13921,2020-10315,Secretary of Commerce submits initial evaluation report (annual updates for 2 years),1 year after order date,Secretary of Commerce,within 1 year of the date of this order,0
13921,2020-10315,NOAA issues notice of proposed rulemaking for Port State Measures Agreement,90 days after order date,Secretary of Commerce / NOAA,Within 90 days of the date of this order,0
13921,2020-10315,Complete all environmental reviews and authorizations for multi‑agency aquaculture projects,2 years after notice of intent,Lead and cooperating agencies,"within 2 years, measured from the date of the publication of a notice of intent to prepare an EIS to the date of issuance of the Record of Decision",0
13921,2020-10315,Develop and propose nationwide finfish aquaculture permit (and related permits),90 days after order date,Secretary of the Army,Within 90 days of the date of this order,0
13921,2020-10315,Identify at least two geographic areas suitable for commercial aquaculture,1 year after order date,Secretary of Commerce (in consultation),within 1 year of the date of this order,0
13921,2020-10315,Publish single guidance document on aquaculture permitting on NOAA website,240 days after order date,Secretary of Commerce / NOAA,Within 240 days of the date of this order,0
13921,2020-10315,Assess whether to revise the National Aquaculture Development Plan,180 days after order date,"Secretaries of the Interior, Agriculture, Commerce",Within 180 days of the date of this order,0
13921,2020-10315,Establish the Interagency Seafood Trade Task Force,30 days after order date,Secretary of Commerce,Within 30 days of the date of this order,0
13921,2020-10315,Task Force provides recommendations to USTR,90 days after order date,Seafood Trade Task Force,Within 90 days of the date of this order,0
13925,2020-12030,within 60 days of the date of this order,,Secretary of Commerce (in consultation with the Attorney General and acting through the NTIA),"within 60 days of the date of this order, the Secretary of Commerce ... shall file a petition for rulemaking",0
13925,2020-12030,within 30 days of the date of this order,,Head of each executive department and agency,"Within 30 days of the date of this order, the head of each agency shall report its findings to the Director of the Office of Management and Budget",0
13926,2020-12430,180 days from order date,,Secretary of State,"Within 180 days of the date of this order, the Secretary of State (Secretary) shall, in consultation with the Administrator of the United States Agency for International Development (USAID), develop a plan",0
13926,2020-12430,90 days from order date,,Heads of all agencies that assign overseas personnel,"Within 90 days of the date of this order, the heads of all agencies that assign personnel to positions overseas shall submit plans to the President, through the Assistant to the President for National Security Affairs, detailing how their agencies will incorporate the type of training described in subsection (a) of this section",0
13927,2020-12584,Summary report of expedited transportation projects,30 days after order date,Secretary of Transportation,"No later than 30 days of the date of this order, the Secretary of Transportation shall provide a summary report, listing all projects that have been expedited pursuant to subsection (a) of this section",0
13927,2020-12584,Status report on expedited transportation projects (and thereafter every 30 days),"30 days after initial summary report, then every 30 days",Secretary of Transportation,"Within 30 days following the submission of the initial summary report described in subsection (b) of this section, the Secretary of Transportation shall provide a status report",0
13927,2020-12584,Summary report of expedited Army Corps of Engineers projects,30 days after order date,Secretary of the Army (Assistant Secretary for Civil Works),"No later than 30 days of the date of this order, the Secretary of the Army, acting through the Assistant Secretary of the Army for Civil Works, shall provide a summary report, listing all such projects that have been expedited",0
13927,2020-12584,Status report on expedited Army Corps of Engineers projects (and thereafter every 30 days),"30 days after initial summary report, then every 30 days",Secretary of the Army (Assistant Secretary for Civil Works),"Within 30 days following the submission of the initial summary report described in subsection (b) of this section, the Secretary of the Army, acting through the Assistant Secretary of the Army for Civil Works, shall provide a status report",0
13927,2020-12584,Summary report of expedited Federal‑lands projects,30 days after order date,"Secretaries of Defense, Interior, and Agriculture","No later than 30 days of the date of this order, the Secretary of Defense, the Secretary of the Interior, and the Secretary of Agriculture shall each provide a summary report, listing all such projects that have been expedited",0
13927,2020-12584,Status report on expedited Federal‑lands projects (and thereafter every 30 days),"30 days after initial summary report, then every 30 days","Secretaries of Defense, Interior, and Agriculture","Within 30 days following the submission of the initial summary report described in subsection (c) of this section, the Secretary of Defense, the Secretary of the Interior, and the Secretary of Agriculture shall each provide a status report",0
13927,2020-12584,Summary report of actions that may receive NEPA emergency treatment,30 days after order date,All agency heads,"No later than 30 days of the date of this order, the heads of all agencies",1
13927,2020-12584,Status report on NEPA‑related actions (and thereafter every 30 days),"30 days after initial summary report, then every 30 days",All agencies,"Within 30 days following the submission of the initial summary report described in subsection (a)(ii) of this section, each agency shall provide a status report",0
13927,2020-12584,Summary report of actions that may receive ESA emergency consultation,30 days after order date,All agency heads,"No later than 30 days of the date of this order, the heads of all agencies",1
13927,2020-12584,Status report on ESA‑related actions (and thereafter every 30 days),"30 days after initial summary report, then every 30 days",All agencies,"Within 30 days following the submission of the initial summary report described in subsection (a)(ii) of this section, the head of each agency shall provide a status report",0
13927,2020-12584,Summary report of actions that may receive emergency Army Corps permitting,30 days after order date,All agency heads,"No later than 30 days of the date of this order, the heads of all agencies, including the Secretary of the Army, acting through the Assistant Secretary of the Army for Civil",1
13927,2020-12584,Status report on Army Corps permitting actions (and thereafter every 30 days),"30 days after initial summary report, then every 30 days",All agencies,"Within 30 days following the submission of the initial summary report described in subsection (a)(ii) of this section, each agency shall provide a status report",0
13927,2020-12584,"Summary report of actions that may receive any emergency or expedited treatment under statutes, regulations, or guidance",30 days after order date,All agency heads,"No later than 30 days of the date of this order, all heads of agencies",1
13927,2020-12584,Status report on actions identified for emergency or expedited treatment (and thereafter every 30 days),"30 days after initial summary report, then every 30 days",All agencies,"Within 30 days following the submission of the initial summary report described in subsection (a)(iii) of this section, each agency shall provide a status report",0
13929,2020-13449,90 days from order date,,Secretary of Health and Human Services,"Within 90 days of the date of this order, the Secretary of Health and Human Services shall summarize the results of this survey in a report to the President, through the Assistant to the President for Domestic Policy and the Director of the Office of Management and",1
13930,2020-14077,"annual report, first due 1 year after order",2021‑06‑24,Secretary of Health and Human Services,"Within 1 year of the date of this order and each year thereafter, the Secretary shall submit to the",1
13930,2020-14077,collect sibling‑placement data,2022‑06‑24,Secretary of Health and Human Services,"Within 2 years of the date of this order, the Secretary shall collect information…",0
13930,2020-14077,develop sibling‑group analysis methods,2023‑06‑24,Secretary of Health and Human Services,"Within 3 years of the date of this order,",1
13930,2020-14077,create systematic data‑collection approach,2022‑06‑24,Secretary of Health and Human Services,"Within 2 years of the date of this order, the Secretary shall develop a more rigorous and systematic approach to collecting State administrative data…",0
13930,2020-14077,issue partnership guidance,2021‑06‑24,Secretary of Health and Human Services,"Within 1 year of the date of this order, the Secretary shall issue guidance…",0
13930,2020-14077,initiate Multiethnic Placement Act study,2020‑12‑24,Secretary of Health and Human Services,"within 6 months of the date of this order, initiate a study…",0
13930,2020-14077,update Multiethnic Placement Act guidance,2021‑06‑24,Secretary of Health and Human Services,"within 1 year of the date of this order, update guidance…",0
13930,2020-14077,publish rights guidance for parents/children with disabilities,2021‑06‑24,Secretary of Health and Human Services,"within 1 year of the date of this order, publish guidance…",0
13930,2020-14077,require Title IV‑E and Child‑Family Services Reviews to assess effort‑and‑timeliness standards,2022‑06‑24,Secretary of Health and Human Services,"Within 2 years of the date of this order, the Secretary shall require that both the title IV‑E reviews… specifically and adequately assess the following requirements:",0
13930,2020-14077,develop permanency‑outcome metrics,2022‑06‑24,Secretary of Health and Human Services,"Within 2 years of the date of this order, the Secretary shall develop metrics to track permanency outcomes…",0
13930,2020-14077,provide guidance on flexible use of federal funds for legal representation,2020‑12‑24,Secretary of Health and Human Services,"Within 6 months of the date of this order, the Secretary shall provide guidance to States regarding flexibility in the use of Federal funds…",0
13930,2020-14077,collect state risk‑and‑safety‑assessment standards,2021‑12‑24,Secretary of Health and Human Services,"Within 18 months of the date of this order, the Secretary shall collect States' individual standards for conducting risk and safety assessments…",0
13930,2020-14077,outline best‑practice risk‑and‑safety standards,2022‑06‑24,Secretary of Health and Human Services,"Within 2 years of the date of this order, the Secretary shall outline reasonable best practice standards for risk and safety assessments…",0
13931,2020-14328,termination date for the Council and continuation end date for the Advisory Board,2021-09-30,,"The Council shall terminate on September 30, 2021, unless extended by the President.",0
13932,2020-14337,publish revised job classification and qualification standards,within 120 days of the date of this order,Office of Personnel Management (OPM),shall be made available to the public within 120 days of the date of this order,0
13932,2020-14337,revised standards go into effect,within 180 days of the date of this order,Office of Personnel Management (OPM),and go into effect within 180 days of the date of this order,0
13932,2020-14337,agencies must assess candidates without relying solely on educational attainment,within 180 days of the date of this order,All federal agencies,"within 180 days of the date of this order, ... agencies assess candidates in a manner that does not rely solely on educational attainment",0
13933,2020-14509,Sec. 5 terminates 6 months after the order’s effective date unless extended,,,This section shall terminate 6 months from the date of this order unless extended by the President.,0
13934,2020-14872,Task Force report on National Garden options,2020‑09‑01,Interagency Task Force for Building and Rebuilding Monuments to American Heroes,"Within 60 days of the date of this order, the Task Force shall submit a report to the President through the Assistant to the President for Domestic Policy that proposes options for the creation of the National Garden, including potential locations for the site.",0
13934,2020-14872,NEH Chairperson report on educational‑program funding,"varies by fiscal year (e.g., FY 2021 report due 2022‑03‑31, FY 2022 report due 2023‑03‑31, …)",Chairperson of the National Endowment for the Humanities,"Within 90 days of the conclusion of each Fiscal Year from 2021 through 2026, the Chairperson shall submit a report to the President through the Assistant to the President for Domestic Policy that identifies funding allocated to programs and projects pursuant to this section.",0
13935,2020-15338,Commission termination,2022-07-09,President,The Commission shall terminate 2 years after the date of this order unless extended by the President.,0
13936,2020-15646,Heads of agencies must begin required actions within 15 days of the order’s issuance,2020-07-29,Heads of executive departments and agencies,"Within 15 days of the date of this order, the heads of agencies shall commence all appropriate actions to further the purposes of this order",0
13940,2020-17363,120 days from the order date (August 3 2020),2020‑12‑01,Agency heads,"Within 120 days of the date of this order, the head of each agency shall submit a report to the Director of the Office of Management and Budget",0
13940,2020-17363,45 days from the order date (August 3 2020),2020‑09‑17,Secretaries of Labor and Homeland Security,"Within 45 days of the date of this order, the Secretaries of Labor and Homeland Security shall take action",0
13941,2020-17364,30 days after 2020‑08‑03,2020-09-02,Secretary of HHS,"Within 30 days of the date of this order, the Secretary of HHS (Secretary) will announce a new model",0
13941,2020-17364,30 days after 2020‑08‑03,2020-09-02,Secretary of HHS and Secretary of Agriculture,"Within 30 days of the date of this order, the Secretary and the Secretary of Agriculture shall ... develop and implement a strategy",0
13941,2020-17364,30 days after 2020‑08‑03,2020-09-02,Secretary of HHS,"Within 30 days of the date of this order, the Secretary shall submit a report to the President",0
13941,2020-17364,60 days after 2020‑08‑03,2020-10-02,Secretary of HHS,"Within 60 days of the date of this order, the Secretary shall review the following temporary measures ... and shall propose a regulation",0
13942,2020-17699,Prohibition on transactions with ByteDance Ltd. begins,45 days after the date of this order,Secretary of Commerce,"any transaction by any person, or with respect to any property, subject to the jurisdiction of the United States, with ByteDance Ltd.",0
13942,2020-17699,Secretary must identify transactions subject to the prohibition,45 days after the date of this order,Secretary of Commerce,"45 days after the date of this order, the Secretary shall identify the transactions subject to subsection (a) of this section.",0
13943,2020-17700,45 days after the date of this order,2020-09-20,Secretary of Commerce,"45 days after the date of this order, the Secretary shall identify the transactions subject to subsection (a) of this section.",0
13943,2020-17700,45 days after the date of this order,2020-09-20,,The following actions shall be prohibited beginning 45 days after the date of this order,0
13944,2020-18012,OMB Director must review agency authority to limit online procurement of essential medicines and report findings to the President.,90 days after order date,Director of OMB,"Within 90 days of the date of this order, the Director of the Office of Management and Budget (OMB), in consultation with appropriate agency heads, shall:",0
13944,2020-18012,Agency heads must develop and implement procurement strategies for domestic production.,90 days after order date,Head of each agency,"Within 90 days of the date of this order, the head of each agency shall, in consultation with the FDA Commissioner, develop and implement procurement strategies, including long‑term contracts, consistent with law, to strengthen and mobilize the Public Health Industrial Base",0
13944,2020-18012,USTR must modify federal procurement coverage under trade agreements.,30 days after FDA list identification,United States Trade Representative,"No later than 30 days after the FDA Commissioner has identified, pursuant to section 3(c) of this order, the initial list of Essential Medicines, Medical Countermeasures, and Critical Inputs, the United States Trade Representative shall ... take all appropriate action to modify United States Federal procurement product coverage",0
13944,2020-18012,Secretary of Defense must use acquisition authority to restrict procurement to domestic sources.,60 days after FDA list identification,Secretary of Defense,"No later than 60 days after the FDA Commissioner has identified, pursuant to section 3(c) of this order, the initial list of Essential Medicines, Medical Countermeasures, and Critical Inputs,",1
13944,2020-18012,HHS Secretary must identify and mitigate supply‑chain vulnerabilities.,180 days after order date,Secretary of Health and Human Services,"Within 180 days of the date of this order, the Secretary of Health and Human Services, through the FDA Commissioner and in consultation with the Director of OMB, shall take all necessary and appropriate action ... to identify vulnerabilities in the supply chain for Essential Medicines, Medical Countermeasures, and Critical Inputs",0
13944,2020-18012,Secretary of Defense must identify and mitigate defense‑specific supply‑chain vulnerabilities.,180 days after order date,Secretary of Defense,"Within 180 days of the date of this order, the Secretary of Defense, in consultation with the Director of OMB, shall take all necessary and appropriate action ... to identify vulnerabilities in the supply chain for Essential Medicines, Medical Countermeasures, and Critical Inputs necessary to meet the unique needs of the United States Armed Forces",0
13944,2020-18012,Annual agency reporting on procurement and domestic production plans.,December 15 2021 (first report) and annually thereafter,Head of each agency,"No later than December 15, 2021, and annually thereafter, the head of each agency shall submit a report to the President, through the Director of OMB and the Assistant to the President for Trade and Manufacturing Policy, detailing ... the agency's plan to support domestic production of such products and inputs in the next fiscal year.",0
13944,2020-18012,Commerce Secretary must report on the status of the Public Health Industrial Base.,180 days after order date,Secretary of Commerce,"Within 180 days of the date of this order, the Secretary of Commerce shall submit a report to the Director of OMB, the Assistant to the President for National Security Affairs, the Director of the National Economic Council, and the Director of the Office of Trade and Manufacturing Policy, describing any change in the status of the Public Health Industrial Base and recommending initiatives to strengthen the Public Health Industrial Base.",0
13950,2020-21534,Director of OFCCP must publish a request for information in the Federal Register within 30 days.,30 days after order issuance,Office of Federal Contract Compliance Programs (OFCCP),"Within 30 days of the date of this order, the Director of OFCCP shall publish in the Federal Register a request for information seeking information from Federal contractors, Federal subcontractors, and employees of Federal contractors and subcontractors regarding the training, workshops, or similar programming provided to employees.",0
13950,2020-21534,Agency heads must submit a grant‑program report to OMB within 60 days.,60 days after order issuance,Agency heads,"Within 60 days of the date of this order, the heads of agencies shall each submit a report to the Director of the Office of Management and Budget (OMB) that lists all grant programs so identified.",0
13950,2020-21534,Each agency must report FY 2020 training‑spending to OMB within 90 days.,90 days after order issuance,Agency heads,"Within 90 days of the date of this order, each agency shall report to OMB all spending in Fiscal Year 2020 on Federal employee training programs relating to diversity or inclusion, whether conducted internally or by contractors.",0
13950,2020-21534,Agency inspector generals must complete a compliance review and submit a report to OMB by the end of the calendar year (and annually thereafter).,by end of calendar year (and annually thereafter),Agency inspector generals,"request that the agency inspector general thoroughly review and assess by the end of the calendar year, and not less than annually thereafter, agency compliance with the requirements of this order in the form of a report submitted to OMB",0
13951,2020-21914,"by December 31, 2020",2020-12-31,Secretary of Health and Human Services,"shall work with the Congress to reach a legislative solution by December 31, 2020.",0
13951,2020-21914,Within 180 days of the date of this order,2021-03-23,Secretary of Health and Human Services,"Within 180 days of the date of this order, the Secretary of Health and Human Services shall update the Medicare.gov Hospital Compare website to inform beneficiaries of hospital billing quality",0
13953,2020-22064,Initial report by the Secretary of the Interior to the President,,Secretary of the Interior,within 60 days of the date of this order,0
13953,2020-22064,Periodic threat‑status updates by the Secretary of the Interior,2021-01-01 (recurring every 180 days),Secretary of the Interior,"By January 1, 2021, and every 180 days thereafter",0
13953,2020-22064,Report identifying legal authorities and appropriations (all relevant agency heads),,All relevant agency heads,Within 30 days of the date of this order,0
13953,2020-22064,Report detailing agency strategy (all relevant agency heads),,All relevant agency heads,Within 60 days of the date of this order,0
13953,2020-22064,Report on R&D activities (Director of OSTP),,Director of the Office of Science and Technology Policy,Within 60 days of the date of this order,0
13953,2020-22064,Report on diplomatic and trade policy options (Secretary of State),,Secretary of State,Within 45 days of the date of this order,0
13953,2020-22064,Guidance on loan‑guarantee eligibility for mineral projects (Secretary of Energy),,Secretary of Energy,Within 30 days of the date of this order,0
13953,2020-22064,Review of DOE regulations for possible revision (Secretary of Energy),,Secretary of Energy,Within 30 days of the date of this order,0
13953,2020-22064,Proposed rule revisions for mineral‑related loan programs (Secretary of Energy),,Secretary of Energy,Within 90 days of the date of this order,0
13954,2020-22510,within 45 days of the date of this order,2020-11-17,Coronavirus Mental Health Working Group,"Within 45 days of the date of this order, the Working Group shall develop and submit to the President a report that outlines a plan for improved service coordination",0
13955,2020-23115,Council termination,2030-12-31,,"The Council shall terminate on December 31, 2030.",0
13956,2020-23116,Identify existing interagency water working groups and provide recommendations,90 days after 13 Oct 2020,Water Subcabinet,Within 90 days of the date of this order,0
13956,2020-23116,"Submit a report with recommendations on water storage, quality, systems, data, etc.",120 days after 13 Oct 2020,Water Subcabinet,Within 120 days of the date of this order,0
13956,2020-23116,Provide annual updates on the status of actions identified in the Section 5 report,"1 year after the Section 5 report submission, then each year",Water Subcabinet,"Within 1 year of submitting the report required by section 5 of this order, and annually thereafter",0
13956,2020-23116,Identify and recommend actions for integrated water‑infrastructure planning,150 days after 13 Oct 2020,Water Subcabinet,Within 150 days of the date of this order,0
13956,2020-23116,"Identify actions and develop recommendations to improve water‑sector workforce recruitment, training, and retention",150 days after 13 Oct 2020,Water Subcabinet,Within 150 days of the date of this order,0
13957,2020-23780,90 days after 2020‑10‑21 (2021‑01‑19),2021-01-19,Agency heads,"shall conduct, within 90 days of the date of this order, a preliminary review of agency positions",0
13957,2020-23780,210 days after 2020‑10‑21 (2021‑05‑19),2021-05-19,Agency heads,shall conduct a complete review of such positions within 210 days of the date of this order,0
13957,2020-23780,December 31 each year,December 31 (annual),Director of OPM,"Not later than December 31 of each year, the Director shall report to the President ... concerning the number of petitions granted and denied",0
13958,2020-24793,Establish the President's Advisory 1776 Commission,within 120 days of the date of this order,Secretary of Education,"Within 120 days of the date of this order, the Secretary of Education shall establish in the Department of Education the President's Advisory 1776 Commission",0
13958,2020-24793,Produce a publicly disseminated report for the President,within 1 year of the date of this order,1776 Commission,"produce a report for the President, within 1 year of the date of this order, which shall be publicly disseminated",0
13958,2020-24793,Commission termination unless extended,2 years from the date of this order,1776 Commission,"The 1776 Commission shall terminate 2 years from the date of this order, unless extended by the President",0
13959,2020-25459,effective date for the prohibition,2021-01-11T09:30:00-05:00,,"beginning 9:30 a.m. eastern standard time on January 11, 2021, any transaction in publicly traded securities … of any Communist Chinese military company … by any United States person",0
13959,2020-25459,deadline for permitted divestiture transactions,2021-11-11T23:59:00-05:00,,"purchases for value or sales made on or before 11:59 p.m. eastern standard time on November 11, 2021",0
13960,2020-27065,OMB Director to publicly post a roadmap for AI policy guidance,Within 180 days of the date of this order,Office of Management and Budget (OMB),"Within 180 days of the date of this order, the Director of OMB (Director), in coordination with key stakeholders identified by the Director, shall publicly post a roadmap for the policy guidance that OMB intends to create or revise to better support the use of AI, consistent with this order.",0
13960,2020-27065,CIO Council to identify guidance and make publicly available criteria for agency AI inventories,Within 60 days of the date of this order,Federal Chief Information Officers Council (CIO Council),"Within 60 days of the date of this order, the Federal Chief Information Officers Council (CIO Council), in coordination with other interagency bodies as it deems appropriate, shall identify, provide guidance on, and make publicly available the criteria, format, and mechanisms for agency inventories of non‑classified and non‑sensitive use cases of AI by agencies.",0
13960,2020-27065,Each agency to prepare an inventory of non‑classified and non‑sensitive AI use cases,"Within 180 days of the CIO Council's completion of the directive in section 5(a) of this order, and annually thereafter",Each Federal Agency,"Within 180 days of the CIO Council's completion of the directive in section 5(a) of this order, and annually thereafter, each agency shall prepare an inventory of its non‑classified and non‑sensitive use cases of AI, within the scope defined by section 9 of this order, including current and planned uses, consistent with the agency's mission.",0
13960,2020-27065,Agencies to develop plans to achieve consistency with the order or retire non‑compliant AI applications,Within 120 days of completing their respective inventories,Each Federal Agency,"Within 120 days of completing their respective inventories, agencies shall develop plans either to achieve consistency with this order for each AI application or to retire AI applications found to be developed or used in a manner that is not consistent with this order.",0
13960,2020-27065,Agencies to implement approved AI compliance/retirement plans,Within 180 days of plan approval,Each Federal Agency,"In coordination with the Agency Data Governance Body and relevant officials from agencies not represented within that body, agencies shall strive to implement the approved plans within 180 days of plan approval, subject to existing resource levels.",0
13960,2020-27065,PIF program to establish an AI track for experts,Within 90 days of the date of this order,Presidential Innovation Fellows (PIF) program,"Within 90 days of the date of this order, the Presidential Innovation Fellows (PIF) program, administered by the General Services Administration (GSA) in collaboration with other agencies, shall identify priority areas of expertise and establish an AI track to attract experts from industry and academia to undertake a period of work at an agency.",0
13960,2020-27065,OPM to create an inventory of Federal Government rotational programs for AI expertise,Within 45 days of the date of this order,Office of Personnel Management (OPM),"Within 45 days of the date of this order, the Office of Personnel Management (OPM), in coordination with GSA and relevant agencies, shall create an inventory of Federal Government rotational programs and determine how these programs can be used to expand the number of employees with AI expertise at the agencies.",0
13960,2020-27065,OPM to issue a report with recommendations on using rotational programs for AI expertise,Within 180 days of the creation of the inventory of Government rotational programs described in section 7(b) of this order,Office of Personnel Management (OPM),"Within 180 days of the creation of the inventory of Government rotational programs described in section 7(b) of this order, OPM shall issue a report with recommendations for how the programs in the inventory can be best used to expand the number of employees with AI expertise at the agencies.",0
13960,2020-27065,Each agency to specify responsible official(s) for AI Principles implementation,Within 30 days of the date of this order,Each Federal Agency,"Within 30 days of the date of this order, each agency shall specify the responsible official(s) at that agency who will coordinate implementation of the Principles set forth in section 3 of this order with the Agency Data Governance Body and other relevant officials and will collaborate with the interagency coordination bodies identified pursuant to section 6 of this order.",0
13960,2020-27065,CIO Council to publish a list of recommended interagency bodies and forums,Within 45 days of this order,CIO Council,"Within 45 days of this order, the CIO Council shall publish a list of recommended interagency bodies and forums in which agencies may elect to participate, as appropriate and consistent with their respective authorities and missions.",0
13961,2020-27353,90 days from the order date (December 7 2020),,Executive Committee,"Within 90 days of the date of this order, the Executive Committee shall submit a Federal Mission Resilience Executive Committee Charter to the President, through the Chief of Staff, that identifies any subordinate bodies, working groups, and reporting mechanisms that support the role of the Executive Committee.",0
13961,2020-27353,90 days from the order date (December 7 2020),,Executive Committee,"Within 90 days of the date of this order, the Executive Committee shall submit a Federal Mission Resilience Implementation Plan to the President, through the Chief of Staff, that sets forth how the executive branch will implement the Strategy.",0
13961,2020-27353,120 days from the order date (December 7 2020),,Executive Committee,"Within 120 days of the date of this order, the Executive Committee shall coordinate the review of existing continuity policy and other related national policies, and shall provide recommendations to the President, through the Chief of Staff, on any actions necessary to align these policies with the implementation of the Strategy.",0
13962,2020-27455,"30 days from the order’s date (December 8, 2020) to develop an interagency strategy for international vaccine access",2020-12-08 + 30 days = 2020-01-07? Actually 30 days after Dec 8 2020 is Jan 7 2021,Assistant to the President for National Security Affairs,"Within 30 days of the date of this order, the Assistant to the President for National Security Affairs shall coordinate development of an interagency strategy for the implementation of section 4 of this order.",0
13964,2020-27740,120 days from order date,,Secretary of State (with USAID Administrator and other agency heads),"Within 120 days of the date of this order, the Secretary of State ... shall initiate notice-and-comment rulemaking ...",0
13964,2020-27740,30 days from order date,,President,"Within 30 days of the date of this order, the President will select a logo ...",0
13964,2020-27740,180 days from order date; then annually,,Secretary of State (with USAID Administrator and other agency heads),"Within 180 days of the date of this order, and annually thereafter, the Secretary ... shall submit ... a report ...",0
13965,2020-27807,Closure date for all executive departments and agencies,2020-12-24,,"December 24, 2020, shall be considered as falling within the scope of Executive Order 11582",0
13966,2020-27948,"Initial agency review and report; also initial report of recommended actions to recognize and reward state, territorial, and tribal governments",90 days after the order’s date,Heads of each executive department and agency,"Within 90 days of the date of this order, and every 2 years thereafter, the head of each agency shall submit a report to the Director of OMB, the Assistant to the President for Domestic Policy, and the Director of IGA identifying a list of recommended actions",0
13966,2020-27948,"Report to the President identifying recommended changes to law, agency actions, and evaluation criteria",120 days after the order’s date,Assistant to the President for Domestic Policy (in consultation with specified officials),"Within 120 days of the date of this order, and every 2 years thereafter, the Assistant to the President for Domestic Policy, in consultation with the Secretary of Commerce, the Secretary of Labor, the Director of OMB, the Administrator of the Small Business Administration, the Director of IGA, and the heads of other agencies and offices as appropriate, shall submit a report to the President identifying",0
13966,2020-27948,"Small Business Administration to seek, report, and publicly post information on state, territorial, and tribal occupational‑regulation policies",180 days after the order’s date,Administrator of the Small Business Administration (in consultation with specified officials),"Within 180 days of the date of this order, and every 2 years thereafter, the Administrator of the Small Business Administration, in consultation with the Secretary of Commerce, the Secretary of Labor, the Secretary of Health and Human Services, and the heads of other agencies as appropriate, shall seek and report on information from State, territorial, and tribal governments ... and shall make the report publicly available",0
13967,2020-28605,Council termination date,2021-09-30,President's Council on Improving Federal Civic Architecture,"The Council shall terminate on September 30, 2021, unless extended by the President.",0
13967,2020-28605,Report submission deadline,2021-09-30,President's Council on Improving Federal Civic Architecture,"The report shall be submitted prior to September 30, 2021.",0
13968,2020-28606,before the end of calendar year 2020,2020-12-31,Department of the Treasury,before the end of calendar year 2020,0
13968,2020-28606,Within 30 days of beginning to receive data from the digitization of records described in section 2 of this order,,Department of the Treasury,Within 30 days of beginning to receive data from the digitization of records described in section 2 of this order,0
13968,2020-28606,Within 6 months of the date of this order,2021-06-18,Secretary of the Treasury,Within 6 months of the date of this order,0
13970,2021-00040,Schedule 8 is effective,2021-01-01,,"Schedule 8 is effective January 1, 2021.",0
13970,2021-00040,All other schedules are effective,first day of the first applicable pay period beginning on or after 2021-01-01,,"The other schedules contained herein are effective on the first day of the first applicable pay period beginning on or after January 1, 2021.",0
13971,2021-00305,Prohibitions on transactions take effect 45 days after the order’s date,45 days after the date of this order,,prohibited beginning 45 days after the date of this order,0
13971,2021-00305,Report to the Assistant to the President for National Security Affairs,45 days after the date of this order,Secretary of Commerce,"Not later than 45 days after the date of this order, the Secretary, in consultation with the Attorney General and the Director of National Intelligence, shall provide a report to the Assistant to the President for National Security Affairs",0
13971,2021-00305,Identify transactions and persons,45 days after the date of this order,Secretary of Commerce,"Not earlier than 45 days after the date of this order, the Secretary shall identify the transactions and persons that develop or control the Chinese connected software applications",0
13972,2021-01013,180 days from order issuance,,Secretary of Defense,within 180 days of the date of this order,0
13972,2021-01013,180 days from order issuance,,NASA Administrator,Within 180 days of the date of this order,0
13972,2021-01013,Roadmap to cover development programs through 2030,2030-12-31,"Secretary of State, Secretary of Defense, Secretary of Commerce, Secretary of Energy, NASA Administrator",through 2030,0
13972,2021-01013,Requirements for NASA nuclear‑energy utilization to extend through 2040,2040-12-31,NASA Administrator,through 2040,0
13974,2021-01228,Divestment transaction deadline,2021-11-11,United States person,"any transaction entered into on or before 11:59 p.m. eastern standard time on November 11, 2021",0
13974,2021-01228,Prohibition of possession deadline,2021-11-11,United States person,"Effective at 11:59 p.m. eastern standard time on November 11, 2021, possession of any such securities by a United States person is prohibited",0
13974,2021-01228,Prohibition of possession deadline for determinations,365 days after the date of such determination,United States person,"Effective at 11:59 p.m. eastern standard time on the date 365 days after the date of such determination, possession of any such securities by a United States person is prohibited",0
13975,2021-01469,90 days after the FAR Council issues a final rule referenced in EO 13881,,United States Postmaster General,Within 90 days of the date of the FAR Council's issuance of any final rule discussed in section 2 of Executive Order 13881,0
13976,2021-01476,"identify all Federal interagency working groups and provide recommendations to the Secretary of the Interior, the Secretary of Agriculture, and the Director of OMB",Within 90 days of the date of this order,Wildland Fire Subcabinet,"Within 90 days of the date of this order, the Wildland Fire Subcabinet shall, to the extent practicable, identify all such Federal interagency working groups and provide recommendations to the Secretary of the Interior, the Secretary of Agriculture, and the Director of the Office of Management and Budget (OMB) on coordinating and consolidating these Federal interagency working groups",0
13976,2021-01476,"develop, publish, and implement a strategic plan addressing the issues described in Section 5",Within 180 days of the date of this order,Wildland Fire Subcabinet,"Within 180 days of the date of this order, the Wildland Fire Subcabinet shall develop, publish, and implement a strategic plan addressing the issues described in this section",0
13976,2021-01476,"update the Chairman of CEQ, the Director of OMB, the Director of OSTP, and the Director of the NEC on the status of the strategic plan and specific actions","Within 1 year of the date of this order, and annually thereafter",Wildland Fire Subcabinet,"Within 1 year of the date of this order, and annually thereafter, the Wildland Fire Subcabinet shall update the Chairman of CEQ, the Director of OMB, the Director of OSTP, and the Director of the NEC on the status of the strategic plan and the specific actions identified in this order",0
13977,2021-01635,30 days after order date,2021-02-17,Heads of all agencies that employ qualified law‑enforcement officers,shall submit a report ... within 30 days of the date of this order,0
13977,2021-01635,30 days after order date,2021-02-17,Attorney General,"Within 30 days of the date of this order, the Attorney General shall propose a regulation ...",0
13977,2021-01635,30 days after order date,2021-02-17,Attorney General,"Within 30 days of the date of this order, the Attorney General shall assess the need to revise subsection 0.111(e) ...",0
13977,2021-01635,30 days after order date,2021-02-17,Attorney General,"Within 30 days of the date of this order, the Attorney General shall develop and propose Federal legislation ...",0
13979,2021-01644,180 days from order date,,head of each agency,"Within 180 days of the date of this order, the head of each agency shall, to the extent permitted by law:",1
13979,2021-01644,90 days from order date,,head of each agency,"Within 90 days of the date of this order, the head of each agency shall review all significant rules the agency has issued over the last 12 years, and any other rules identified by the Administrator, to determine whether the rule was issued by a senior appointee",0
13979,2021-01644,120 days from order date,,head of each agency,"Within 120 days of the date of this order, the head of each agency shall provide a report to the President, through the Administrator, summarizing the findings of the review",0
13980,2021-01645,Agencies must publish the required guidance in the Federal Register,45 days after the date of this order,Each agency (in consultation with the Department of Justice),Within 45 days of the date of this order,0
13981,2021-01646,60 days from order date,2021-03-19,All executive departments and agencies,"Within 60 days of the date of this order, the heads of all agencies shall each submit a report to the Director of National Intelligence and the Director of the Office of Science and Technology Policy describing the manufacturer, model, and any relevant security protocols for all UAS currently owned or operated by their respective agency, or controlled by their agency through a third party, such as a contractor, that are manufactured by foreign adversaries or have significant components that are manufactured by foreign adversaries.",0
13981,2021-01646,180 days from order date,2021-07-17,Director of National Intelligence (with interagency consultation),"Within 180 days of the date of this order, the Director of National Intelligence, in consultation with the Secretary of Defense, the Attorney General, the Secretary of Homeland Security, the Director of the Office of Science and Technology Policy, and the heads of other agencies, as appropriate, shall review the reports required by subsection (a) of this section and submit a report to the President assessing the security risks posed by the existing Federal UAS fleet and outlining potential steps that could be taken to mitigate these risks, including, if warranted, discontinuing all Federal use of covered UAS and the expeditious removal of UAS from Federal service.",0
13981,2021-01646,270 days from order date,2021-10-15,Administrator of the Federal Aviation Administration,"Within 270 days of the date of this order, the Administrator of the Federal Aviation Administration (FAA) shall propose regulations pursuant to section 2209 of the FAA Extension, Safety, and Security Act of 2016 (Public Law 114-190).",0
13982,2021-01712,Within 365 days of the date of this order,2022-01-18,Secretary of Defense,"Within 365 days of the date of this order, the Secretary of Defense shall conduct a rigorous study investigating toxic exposure by members of the Armed Forces deployed to the Karshi‑Khanabad Air Base, Uzbekistan (Air Base), between October 1, 2001, and December 31, 2005.",0
13983,2021-01713,revocation takes effect,2021-01-20T12:00:00,,"effective at noon January 20, 2021",0
13984,2021-01714,Secretary of Commerce to propose regulations for IaaS identity verification,180 days after order date,Secretary of Commerce,"Within 180 days of the date of this order, the Secretary of Commerce (Secretary) shall propose for notice and comment regulations that require United States IaaS providers to verify the identity of a foreign person that obtains an Account.",0
13984,2021-01714,Secretary to propose regulations authorizing special measures on IaaS providers,180 days after order date,Secretary (Commerce),"Within 180 days of the date of this order, the Secretary shall propose for notice and comment regulations that require United States IaaS providers to take any of the special measures described in subsection (d) of this section if the Secretary, in consultation with",1
13984,2021-01714,Attorney General and Secretary of Homeland Security to engage industry for feedback on information sharing,120 days after order date,Attorney General and Secretary of Homeland Security,"Within 120 days of the date of this order, the Attorney General and the Secretary of Homeland Security, in coordination with the Secretary and, as the Attorney General and the Secretary of Homeland Security deem appropriate, the heads of other agencies, shall engage and solicit feedback from industry on how to increase information sharing and collaboration among IaaS providers and between IaaS providers and the agencies",0
13984,2021-01714,Attorney General and Secretary of Homeland Security to develop and submit a report with recommendations on voluntary information sharing,240 days after order date,Attorney General and Secretary of Homeland Security,"Within 240 days of the date of this order, the Attorney General and the Secretary of Homeland Security, in coordination with the Secretary, and",1
13986,2021-01755,Secretary must report the population tabulations to the Governor and other state officials,within 1 year of the decennial census date,Secretary of Commerce (U.S. Census Bureau),"Finally, within 1 year of the decennial census date, the Secretary must also report to the Governor and officers or public bodies having responsibility for legislative apportionment or districting of each State the population tabulations to be used for apportioning districts within that State.",0
13988,2021-01761,Within 100 days of the date of this order,,head of each agency,"Within 100 days of the date of this order, the head of each agency shall develop, in consultation with the Attorney General, as appropriate, a plan to carry out actions",0
13989,2021-01762,Waiver certifications must be made public within 10 days of the Director of OMB’s signature,,Director of OMB,shall be made public within 10 days thereafter,0
13989,2021-01762,The Office of Government Ethics must provide an annual public report on the administration of the pledge,,Office of Government Ethics,provide an annual public report on the administration of the pledge and this order,0
13990,2021-01765,publish interim social‑cost values,30 days after order date,Working Group,"(A) publish an interim SCC, SCN, and SCM within 30 days of the date of this order",0
13990,2021-01765,publish final social‑cost values,January 2022,Working Group,"(B) publish a final SCC, SCN, and SCM by no later than January 2022;",0
13990,2021-01765,provide recommendations on application of social‑cost values,September 1 2021,Working Group,"(C) provide recommendations to the President, by no later than September 1, 2021, regarding areas of decision‑making, budgeting, and procurement by the Federal Government where the SCC, SCN, and SCM should be applied;",0
13990,2021-01765,provide recommendations on review and update process,June 1 2022,Working Group,"(D) provide recommendations, by no later than June 1, 2022, regarding a process for reviewing, and, as appropriate, updating, the SCC, SCN, and SCM to ensure that these costs are based on the best available economics and science;",0
13991,2021-01766,7 days after order date,2021-01-27,Heads of agencies listed in 31 U.S.C. 901(b),"update the COVID‑19 Response Coordinator on their progress in implementing this section, including any categorical exceptions established under subsection (d) of this section, within 7 days of the date of this order",0
13998,2021-01859,Heads of agencies must update the COVID‑19 Response Coordinator on mask‑requirement progress,2021‑01‑28,All heads of agencies with relevant regulatory authority,within 7 days of the date of this order,0
13998,2021-01859,HHS and DHS assess CDC airline‑testing order,2021‑02‑04,Secretary of HHS and Secretary of Homeland Security,"shall, within 14 days of the date of this order, assess the CDC order of January 12, 2021",0
13998,2021-01859,Submit land‑port public‑health plan,2021‑02‑04,"Secretary of HHS, Secretary of Transportation, Secretary of Homeland Security","within 14 days of the date of this order, the Secretary of",1
13998,2021-01859,Submit sea‑port public‑health plan,2021‑02‑04,Secretary of Homeland Security (through the Commandant of the Coast Guard),"shall, within 14 days of the date of this order, submit to the President a plan to implement appropriate public health measures at sea ports",0
13999,2021-01863,Issue revised guidance to employers on workplace safety during the COVID‑19 pandemic,within 2 weeks of the date of this order,Secretary of Labor (through the Assistant Secretary for Occupational Safety and Health),"issue, within 2 weeks of the date of this order",0
13999,2021-01863,Issue any necessary emergency temporary standards on COVID‑19,2021-03-15,Secretary of Labor (through the Assistant Secretary for Occupational Safety and Health),"issue them by March 15, 2021",0
14001,2021-01865,180 days from 2021‑01‑21,2021-07-20,"Secretary of Defense, Secretary of Health and Human Services, Secretary of Homeland Security","Within 180 days of the date of this order, the Secretary of Defense, the Secretary of Health and Human Services, and the Secretary of Homeland Security ... shall provide to the President a strategy",0
14004,2021-02034,Report on implementation progress within 60 days of the order’s date,2021-03-26,Secretary of Defense and Secretary of Homeland Security,shall report to me within 60 days of the date of this order on their progress,0
14005,2021-02038,OMB must publish required waiver information within 45 days of the Made‑in‑America Director’s appointment,,Director of OMB,Within 45 days of the date of the appointment of the Made in America Director,0
14005,2021-02038,OMB must notify agencies of waiver review results within a deadline not to exceed 15 business days,,Director of OMB,not to exceed 15 business days,0
14005,2021-02038,Administrator of General Services must post waiver information on the public website within 5 days of receipt,,Administrator of General Services,Not later than 5 days after receiving this information,0
14005,2021-02038,FAR Council must consider amendments to the FAR within 180 days,,Federal Acquisition Regulatory Council,Within 180 days of the date of this order,0
14005,2021-02038,Each agency head must submit a report on Made‑in‑America Laws within 180 days,,Agency heads,Within 180 days of the date of this order,0
14005,2021-02038,Administrator of General Services must submit recommendations on Federal property procurement within 180 days,,Administrator of General Services,Within 180 days of the date of this order,0
14005,2021-02038,Agency heads must submit bi‑annual reports on Made‑in‑America Laws,,Agency heads,Bi‑annually following the initial submission described in section 11 of this order,0
14007,2021-02176,PCAST terminates 2 years after the order’s effective date unless the President extends it.,,,The PCAST shall terminate 2 years from the date of this order unless extended by the President.,0
14008,2021-02177,Secretary of the Treasury and Secretary of State to submit climate‑finance plan to the President,90 days,Secretary of the Treasury and Secretary of State,"shall submit the plan to the President, ... within 90 days of the date of this order",0
14008,2021-02177,Secretary of State to prepare transmittal package for Kigali Amendment,60 days,Secretary of State,"shall prepare, within 60 days of the date of this order, a transmittal package seeking the Senate's advice and consent to ratification of the Kigali Amendment",0
14008,2021-02177,All agencies to submit climate‑integration strategies and implementation plans,90 days,All agencies,"within 90 days of the date of this order, strategies and implementation plans for integrating climate considerations into their international work",0
14008,2021-02177,Director of National Intelligence to prepare National Intelligence Estimate on climate‑security impacts,120 days,Director of National Intelligence,"prepare, within 120 days of the date of this order, a National Intelligence Estimate on the national and economic security impacts of climate change",0
14008,2021-02177,Secretary of Defense to submit Climate Risk Analysis to the President,120 days,Secretary of Defense,"shall develop and submit to the President, within 120 days of the date of this order, an analysis of the security implications of climate change (Climate Risk Analysis)",0
14008,2021-02177,Each agency head to submit a draft climate action plan to the Task Force,120 days,Agency heads,shall submit a draft action plan to the Task Force and the Federal Chief Sustainability Officer within 120 days of the date of this order,0
14008,2021-02177,Federal Chief Sustainability Officer to review agency action plans,30 days,Federal Chief Sustainability Officer,"Within 30 days of an agency's submission of an action plan, the Federal Chief Sustainability Officer ... shall review the plan",0
14008,2021-02177,"Secretary of the Interior, Agriculture, Commerce to submit reports on conservation, fisheries, and climate‑resilience",90 days,Secretary of the Interior (and co‑chairs),shall submit a report to the Task Force within 90 days of the date of this order,0
14008,2021-02177,Interagency Working Group to submit report on mechanisms to revitalize coal‑ and power‑plant communities,60 days,Interagency Working Group,"within 60 days of the date of this order, the Interagency Working Group shall submit a report to the President describing all mechanisms ...",0
14008,2021-02177,Interagency Council to submit recommendations for updating EO 12898,120 days,Interagency Council,"shall, within 120 days of the date of this order, submit to the President ... a set of recommendations for further updating Executive Order 12898",0
14008,2021-02177,Chair of the Council on Environmental Quality to create Climate and Economic Justice Screening Tool,6 months,Chair of the Council on Environmental Quality,"shall, within 6 months of the date of this order, create a geospatial Climate and Economic Justice Screening Tool",0
14008,2021-02177,OMB to publish annual Environmental Justice Scorecard,February 2022,Director of the Office of Management and Budget,"By February 2022, the Director of the Office of Management and Budget ... shall ... publish on a public website an annual Environmental Justice Scorecard",0
14010,2021-02561,120 days after the order’s date (February 2 2021),2021‑05‑03,Secretary of Homeland Security,"Within 120 days of the date of this order, the Secretary of Homeland Security shall submit a report to the President with the results of this review and recommendations for creating a more efficient and orderly process that facilitates timely adjudications and adherence to standards of fairness and due process.",0
14010,2021-02561,180 days after the order’s date (February 2 2021),2021‑07‑31,Attorney General and Secretary of Homeland Security,"within 180 days of the date of this order, conduct a comprehensive examination of current rules, regulations, precedential decisions, and internal guidelines governing the adjudication of asylum claims and determinations of refugee status …",0
14010,2021-02561,270 days after the order’s date (February 2 2021),2021‑10‑30,Attorney General and Secretary of Homeland Security,"within 270 days of the date of this order, promulgate joint regulations, consistent with applicable law, addressing the circumstances in which a person should be considered a",1
14011,2021-02562,initial progress report,120 days after order date,President,an initial progress report no later than 120 days after the date of this order;,0
14011,2021-02562,interim progress reports,every 60 days after the initial report,President,interim progress reports every 60 days thereafter;,0
14011,2021-02562,recommendations report,1 year after order date,President,a report containing recommendations ... no later than 1 year after the date of this order;,0
14011,2021-02562,task‑force termination,30 days after final report,Task Force,The Task Force shall terminate 30 days after it provides its final report to the President,0
14012,2021-02563,Submit plan to the President (Sec. 3(b)),90 days,"Secretary of State, Attorney General, Secretary of Homeland Security","Within 90 days of the date of this order, the Secretary of State, the Attorney General, and the Secretary of Homeland Security shall each submit a plan to the President",0
14012,2021-02563,Submit progress report (Sec. 3(c)),180 days,"Secretary of State, Attorney General, Secretary of Homeland Security","Within 180 days of submitting the plan described in subsection (b) of this section, the Secretary of State, the Attorney General, and the Secretary of Homeland Security shall each submit a report to the President",0
14012,2021-02563,Submit public‑charge review report (Sec. 4(b)),60 days,"Secretary of State, Attorney General, Secretary of Homeland Security","Within 60 days of the date of this order, the Secretary of State, the Attorney General, and the Secretary of Homeland Security shall each submit a report to the President",0
14012,2021-02563,Develop naturalization improvement plan (Sec. 5(a)),60 days,"Secretary of State, Attorney General, Secretary of Homeland Security","shall, within 60 days of the date of this order, develop a plan describing any agency actions",0
14012,2021-02563,Submit naturalization implementation report (Sec. 5(b)),180 days,"Secretary of State, Attorney General, Secretary of Homeland Security","Within 180 days of the issuance of the plan developed pursuant to subsection (a) of this section, the Secretary of State, the Attorney General, and the Secretary of Homeland Security shall each submit a report to the President",0
14012,2021-02563,Submit naturalization strategy (Sec. 5(d)),90 days,Naturalization Working Group,"Within 90 days of the date of this order, the Naturalization Working Group shall submit a strategy to the President",0
14013,2021-02804,Report to the President on agency actions taken under the revoked directives,90 days after order date,Secretary of State and Secretary of Homeland Security,"Within 90 days of the date of this order, the Secretary of State and the Secretary of Homeland Security shall provide a report to the President …",0
14013,2021-02804,Review of Iraqi and Afghan SIV programs and report with recommendations,180 days after order date,Secretary of State (with Defense and DHS),"Within 180 days of the date of this order, the Secretary of State, in consultation with the Secretary of Defense and the Secretary of Homeland Security, shall complete a review of the Iraqi and Afghan SIV programs …",0
14013,2021-02804,Review of Chief of Mission approval procedures and report,180 days after order date,Secretary of State (with Defense),"Within 180 days of the date of this order, the Secretary of State, in consultation with the Secretary of",1
14013,2021-02804,Submit results of the Chief of Mission review,180 days after order date,Secretary of State,"Within 180 days of the date of this order, the Secretary of State shall submit to the President the results of the review described in subsection (b) of this section.",0
14013,2021-02804,Review of additional populations at risk and possible legislation for new SIV program,180 days after order date,Secretary of State (with Defense and DHS),"Within 180 days of the date of this order, the Secretary of State, in consultation with the Secretary of Defense and the Secretary of Homeland Security, shall conduct a review and submit a report …",0
14013,2021-02804,Make SIV policies publicly available; revisions posted within 30 days,180 days for initial posting; 30 days for any revisions,Secretary of State and Secretary of Homeland Security,"Within 180 days of the date of this order, the Secretary of State and the Secretary of Homeland Security shall ensure that appropriate policies and procedures … are publicly available … within 30 days of issuance.",0
14013,2021-02804,Report on USRAP fraud‑detection measures and enhancement plan,30 days after order date,Secretary of State and Secretary of Homeland Security,"Within 30 days of the date of this order, the Secretary of State and the Secretary of Homeland Security shall provide the President a report on the fraud detection measures in place for USRAP.",0
14013,2021-02804,Submit staffing and check‑rate data to the National Vetting Governance Board,30 days after order date,Agency heads involved in the Security Advisory Opinion process,"Within 30 days of the date of this order, the heads of all agencies involved in the Security Advisory Opinion process … shall submit data to the National Vetting Governance Board …",0
14013,2021-02804,Meeting to consider proposals to adjust the list of countries/criteria for Security Advisory Opinions,60 days after order date,Agencies responsible for the Security Advisory Opinion process,"Within 60 days of the date of this order, agencies responsible for the Security Advisory Opinion process shall meet to consider proposals …",0
14013,2021-02804,Deliver plan to expand community sponsorship and public‑private partnerships for USRAP,120 days after order date,Secretary of State and Secretary of Health and Human Services,"Within 120 days of the date of this order, the Secretary of State and the Secretary of Health and Human Services shall … deliver a plan to the President … to enhance the capacity of USRAP …",0
14013,2021-02804,Submit USRAP processing‑backlog plan and recommendations,120 days after order date,"Secretary of State (with AG, DHS, DNI)","Within 120 days of the date of this order, the Secretary of State, in consultation with the Attorney General, the Secretary of Homeland Security, and the Director of National Intelligence, shall submit to the President the plan described in subsection (a) …",0
14013,2021-02804,Report on climate‑change‑related migration and related policy options,180 days after order date,"APNSA (with State, Defense, DHS, USAID, DNI)","Within 180 days of the date of this order, the APNSA, in consultation with the Secretary of State, the Secretary of Defense, the Secretary of Homeland Security, the Administrator of",1
14015,2021-03424,Office operations must start within 30 days of the order’s date,,,The operations of the White House Partnerships Office shall be,1
14017,2021-04280,100 days after the order’s date,,APNSA and the APEP,"shall complete a review of supply chain risks, as outlined in subsection (b) of this section, within 100 days of the date of this order",0
14017,2021-04280,1 year after the order’s date,,Heads of agencies,"Within 1 year of the date of this order, the specified heads of agencies shall submit the following reports to the President",0
14017,2021-04280,as soon as practicable after the Section 4 reports are submitted,,APNSA and the APEP,"As soon as practicable following the submission of the reports required under section 4 of this order, the APNSA and the APEP … shall provide to the President one or more reports",0
14019,2021-05087,Agency heads submit strategic plans on voter registration and participation,2021-09-23,Heads of each agency,"Within 200 days of the date of this order, the head of each agency shall submit",1
14019,2021-05087,GSA submits strategic plan to modernize Vote.gov,2021-09-23,General Services Administration,"Within 200 days of the date of this order, GSA shall submit to the Assistant to the President for Domestic Policy a strategic plan",0
14019,2021-05087,OPM actions to expand employee voting time‑off and poll‑worker support,2021-09-23,Director of the Office of Personnel Management,"Within 200 days of the date of this order, the",1
14019,2021-05087,Report on strategic plan for overseas and military voter‑ballot tracking system,2021-09-23,Secretary of Defense,"Within 200 days of the date of this order, the Secretary of Defense shall submit a report",0
14019,2021-05087,NIST evaluates accessibility of the Federal Voter Registration Form and other barriers for people with disabilities,2021-12-02,National Institute of Standards and Technology,"Within 270 days of the date of this order, the National Institute of Standards and Technology",1
14020,2021-05183,Designation of senior officials by Council members,within 30 days of the order date,Council members,"Members of the Council shall designate, within 30 days of the date of this order, a senior official within their respective agency or office who shall coordinate with the Council",0
14020,2021-05183,Submission of Government‑wide gender equity strategy,within 200 days of the order date,White House Gender Policy Council,"Within 200 days of the date of this order, the Council, after coordination by the Co‑Chairs, shall develop and submit to the President a Government‑wide strategy for advancing gender equity and equality",0
14021,2021-05200,within 100 days of the date of this order,2021-06-16,Secretary of Education,Within 100 days of the date of this order,0
14023,2021-07756,Report to be submitted within 180 days of the Commission’s first public meeting.,,,The Commission shall submit its report to the President within 180 days of the date of the Commission's first public meeting.,0
14023,2021-07756,Commission terminates 30 days after submitting its report to the President.,,,The Commission shall terminate 30 days after it submits its report to the President.,0
14025,2021-09213,Submit recommendations to the President,2021-10-23,Task Force on Worker Organizing and Empowerment,"The Task Force shall, within 180 days of the date of this order, submit to the President recommendations for actions as described in subsection (b) of this section …",0
14026,2021-09263,Secretary of Labor must issue implementing regulations,2021-11-24,Secretary of Labor,"issue regulations by November 24, 2021",0
14026,2021-09263,FAR Council must amend the FAR to incorporate the wage clause,60 days after the Secretary issues regulations,Federal Acquisition Regulatory Council,"Within 60 days of the Secretary issuing such regulations, the Federal Acquisition Regulatory Council ... shall amend the Federal Acquisition Regulation",0
14026,2021-09263,Agencies must take steps to ensure contract compliance,60 days after the Secretary issues regulations,All federal agencies,Within 60 days of the Secretary issuing regulations ... agencies shall take steps,0
14030,2021-11168,within 120 days of the date of this order,2021-08-18,Assistant to the President for Economic Policy and Director of the National Economic Council; Assistant to the President and National Climate Advisor; Secretary of the Treasury; Director of the Office of Management and Budget,"shall develop, within 120 days of the date of this order, a comprehensive, Government‑wide strategy regarding:",0
14030,2021-11168,within 180 days of the date of this order,2021-11-16,Financial Stability Oversight Council (FSOC),issuing a report to the President within 180 days of the date of this order on any efforts by FSOC member agencies,0
14030,2021-11168,within 180 days of the date of this order,2021-11-16,Secretary of Labor,"within 180 days of the date of this order, submit to the President ... a report on the actions taken",0
14030,2021-11168,by September 2021,2021-09-30,Secretary of Labor,"consider publishing, by September 2021, for notice and comment a proposed rule",0
14031,2021-11792,Commission termination,2 years from the date of this order,President,"The Commission shall terminate 2 years from the date of this order, unless sooner renewed by the President.",0
14031,2021-11792,Report to the President outlining a Government‑wide interagency plan,annual basis,Co‑Chairs of the Initiative,"On an annual basis, the Co‑Chairs of the Initiative shall develop and submit to the President a report outlining a Government‑wide interagency plan to advance equity, justice, and opportunity for AA and NHPI",1
14035,2021-14127,Issue the Government‑wide DEIA Strategic Plan,150 days after order issuance,Director of OPM and Deputy Director for Management of OMB,within 150 days of the date of this,1
14035,2021-14127,Submit preliminary agency DEIA assessment,100 days after order issuance,Head of each agency,"within 100 days of the date of this order, submit to the APDP, the Director of OPM, and the Deputy Director for Management of OMB a preliminary assessment of the current state of diversity, equity, inclusion, and accessibility in the agency's human resources practices and workforce composition",0
14035,2021-14127,Submit Agency DEIA Strategic Plan,120 days after the Government‑wide DEIA Plan is issued,Head of each agency,"within 120 days of the issuance of the Government-wide DEIA Plan,",1
14035,2021-14127,Report on barriers for formerly incarcerated individuals,120 days after order issuance,Director of OPM,shall submit a report to the President containing the results of OPM's evaluation within 120 days of the date of this order,0
14035,2021-14127,Update the Government‑wide DEIA Plan,Every 4 years (minimum),Director of OPM and Deputy Director for Management of OMB,at a minimum every 4 years,0
14036,2021-15069,not later than 30 days after the date of this order,2021-08-08,Secretary of Transportation,"not later than 30 days after the date of this order, appoint or reappoint members of the Advisory Committee for Aviation Consumer Protection",0
14036,2021-15069,not later than 45 days after the date of this order,2021-08-23,Secretary of Transportation,"not later than 45 days after the date of this order, submit a report to the Chair of the White House Competition Council, on the progress of the Department of Transportation's investigatory and enforcement activities",0
14036,2021-15069,not later than 120 days after the date of this order,2021-11-06,Secretary of Health and Human Services,"not later than 120 days after the date of this order, publish for notice and comment a proposed rule on over-the-counter hearing-aids",0
14036,2021-15069,not later than 180 days after the date of this order,2022-01-05,Secretary of Defense,"not later than 180 days after the date of this order, submit to the Chair of the White House Competition Council, a review of the state of competition within the defense industrial base",0
14036,2021-15069,not later than 180 days after the date of this order,2022-01-05,Secretary of the Treasury,"not later than 180 days after the date of this order, submit a report to the Chair of the White House Competition Council, on",1
14036,2021-15069,not later than 270 days after the date of this order,2022-04-05,Secretary of the Treasury,"not later than 270 days after the date of this order,",1
14036,2021-15069,not later than 300 days after the date of this order,2022-05-05,Secretary of Agriculture,"not later than 300 days after the date of this order, in consultation with the Chair of the FTC, submit a report to the Chair of the White House Competition Council, on the effect of retail concentration and retailers' practices",0
14036,2021-15069,not later than 1 year after the date of this order,2022-07-09,Secretary of Commerce,"not later than 1 year after the date of this order, in consultation with the Attorney General and the Chair of the Federal Trade Commission, conduct a study ... and submit a report to the Chair of the White House Competition Council",0
14040,2021-19578,September 11 2021,2021-09-11,Attorney General and agency heads,"(a) not later than September 11, 2021, of the Federal Bureau of Investigation (FBI) electronic communication dated April 4, 2016 …",0
14040,2021-19578,60 days after the date of this order,,Attorney General and agency heads,"(b) not later than 60 days after the date of this order, of: (i) all other records that previously were withheld as classified …",0
14040,2021-19578,120 days after the date of this order,,Attorney General and agency heads,"(c) not later than 120 days after the date of this order, of all interview reports, analytical documents, documents reporting investigative findings, or other substantive records …",0
14040,2021-19578,180 days after the date of this order,,Attorney General and agency heads,"(d) not later than 180 days after the date of this order, of all records from any separate FBI investigation other than the PENTTBOM investigation …",0
14041,2021-19579,Agency Plans must be submitted not later than February 1 of each year.,,,not later than February 1 of each year,0
14042,2021-19924,"Safer Federal Workforce Task Force to provide definitions, protocols, and exceptions",2021-09-24,Safer Federal Workforce Task Force,"By September 24, 2021, the Safer Federal Workforce Task Force",1
14042,2021-19924,Federal Acquisition Regulatory Council to amend FAR and begin implementation steps,2021-10-08,Federal Acquisition Regulatory Council,"shall, by October 8, 2021, take initial steps to implement appropriate policy direction to acquisition offices for use of the clause",0
14042,2021-19924,"Executive departments and agencies to ensure contracts entered on or after October 15, 2021 include the clause",2021-10-08,Executive departments and agencies,"By October 8, 2021, agencies shall take steps ... to ensure that contracts ... entered into on or after October 15, 2021 ... include the clause",0
14042,2021-19924,"Effective date for applying the safety clause to new contracts, solicitations, extensions, renewals, and options",2021-10-15,All agencies,"on or after: (i) October 15, 2021, consistent with the effective date for the action taken by the Federal Acquisition Regulatory Council",0
14043,2021-19927,Task Force must issue guidance on agency implementation,within 7 days of the date of this order,The Task Force,The Task Force shall issue guidance within 7 days of the date of this order on agency implementation of this requirement for all agencies covered by this order.,0
14045,2021-20165,Commission termination 2 years after order issuance,,President,"The Commission shall terminate 2 years from the date of this order, unless extended by the President.",0
14048,2021-21908,Continuation/re‑establishment of the listed advisory committees,2023-09-30,,"Each advisory committee listed below is continued or, to the extent necessary, reestablished until September 30, 2023.",0
14048,2021-21908,Effective date of the order,2021-09-30,,"This order shall be effective September 30, 2021.",0
14049,2021-22588,Each Memorandum of Agreement (MOA) shall be completed,within 180 days of the date of this order,"Executive Director with BIE, ANA, and IHS",Each MOA shall be completed within 180 days of the date of this order,0
14049,2021-22588,Co‑Chairs of the Initiative shall report to the President on the Initiative's progress,No later than 1 year after the date of this order and annually thereafter,Co‑Chairs of the Initiative,"No later than 1 year after the date of this order and annually thereafter, the Co‑Chairs of the Initiative shall report to the President",0
14050,2021-23224,terminate 2 years from the date of this order,2023-10-19,Commission,"The Commission shall terminate 2 years from the date of this order, unless extended by the President.",0
14050,2021-23224,annual report to the President,,Chair of the Initiative,"On an annual basis, the Chair shall report to the President on the Initiative's progress in carrying out its mission and function under this order.",0
14050,2021-23224,meet at least twice a year,,Commission,"The Commission shall meet on a regular basis, and at least twice a year.",0
14053,2021-25287,Report on the coordinated law‑enforcement strategy (Sec. 2),240 days after 15 Nov 2021,Attorney General and Secretary of the Interior,within 240 days of the date of this order,0
14053,2021-25287,Report on the data‑analysis strategy (Sec. 4(c)),240 days after 15 Nov 2021,"Attorney General, Secretary of the Interior, Secretary of HHS","Within 240 days of the date of this order, the Attorney General, the Secretary of the Interior, and the Secretary of HHS shall report jointly to the President on the strategy they have developed",0
14053,2021-25287,Report on DNA testing and database assessment (Sec. 4(d)),240 days after 15 Nov 2021,Attorney General,"Within 240 days of the date of this order, the Attorney General shall report the outcome of this assessment to the President",0
14053,2021-25287,Report on CDC/NIH research evaluation (Sec. 4(e)),180 days after 15 Nov 2021,Secretary of HHS,report to the President within 180 days of the date of this order,0
14053,2021-25287,Report on comprehensive prevention and services plan (Sec. 5(a)),240 days after 15 Nov 2021,Secretary of HHS,The Secretary of HHS shall report to the President within 240 days of the date of this order describing the plan and actions taken,0
14053,2021-25287,Report on child‑abuse reporting review (Sec. 5(b)),180 days after 15 Nov 2021,Secretaries of HHS and the Interior,The Secretaries shall report to the President within 180 days of the date of this order describing actions taken,0
14053,2021-25287,Report on tribal technical assistance evaluation (Sec. 5(c)),180 days after 15 Nov 2021,Secretary of the Interior,The Secretary of the Interior shall report to the President within 180 days of the date of this order describing the evaluation findings,0
14055,2021-25715,Final regulations must be issued within 180 days of the order’s date,,Secretary of Labor,"The Secretary of Labor (Secretary) shall, to the extent consistent with law, issue final regulations within 180 days of the date of this order",0
14055,2021-25715,FAR Council must amend the FAR within 60 days after the Secretary’s regulations are issued,,FAR Council,"Within 60 days of the Secretary issuing final regulations, the Federal Acquisition Regulatory Council (FAR Council), to the extent consistent with law, shall amend the Federal Acquisition Regulation",0
14055,2021-25715,Exceptions must be granted no later than the solicitation date,,Agency senior official,"A senior official within an agency may grant an exception ... by, no later than the solicitation date, providing a specific written explanation",0
14055,2021-25715,Agencies must submit quarterly reports on granted exceptions,,Each agency,"On a quarterly basis, each agency shall report to the Office of Management and Budget descriptions of the exceptions granted under this section",0
14055,2021-25715,Contractor must provide employee list at least 10 business days before contract completion,,Contractor,"The contractor shall, not less than 10 business days before the earlier of the completion of this contract or of its work on this contract, furnish the Contracting Officer a certified list of the names of all service employees",0
14055,2021-25715,Employees must be given at least 10 business days to accept an employment offer,,Contractor,in no case shall the period within which the employee must accept the offer of employment be less than 10 business days,0
14057,2021-27114,within 30 days of the date of this order,,heads of agencies,"Within 30 days of the date of this order or 30 days of an Agency Chief Sustainability Officer leaving that position, heads of agencies shall designate an Agency Chief Sustainability Officer",0
14057,2021-27114,within 90 days of the date of this order,,Director of OPM,"The Director of the Office of Personnel Management (OPM), within 90 days of the date of this order, shall prepare a report for the Chair of CEQ",0
14057,2021-27114,within 120 days of the date of this order,,Director of OMB (in coordination with CEQ and National Climate Advisor),"within 120 days of the date of this order, issue and, as needed, update implementing guidance for agencies",0
14057,2021-27114,by fiscal year 2030,FY 2030,each agency,"Each agency shall reduce its scope 1, 2, and 3 greenhouse gas emissions",1
14057,2021-27114,by fiscal year 2030,FY 2030,each agency,Each agency shall increase its percentage use of carbon pollution‑free electricity … by fiscal year 2030,0
14057,2021-27114,by fiscal year 2027,FY 2027,each agency,Each agency's light‑duty vehicle acquisitions shall be zero‑emission vehicles by the end of fiscal year 2027,0
14057,2021-27114,by 2045,2045,each agency,"Each agency shall achieve net‑zero emissions across its portfolio of buildings, campuses, and installations by 2045",0
14058,2021-27380,Select priority customer life experiences,90 days after 13 Dec 2021,Deputy Director for Management of OMB and President’s Management Council,"Within 90 days of the date of this order, and on a regular basis thereafter, the Deputy Director for Management of OMB … shall work … to select a limited number of customer life experiences to prioritize for Government‑wide action to improve customer experience.",0
14058,2021-27380,Report on status of agency actions,"180 days after 13 Dec 2021, then every 6 months",Deputy Director for Management of OMB,"Within 180 days of the date of this order and every 6 months thereafter, the Deputy Director for Management of OMB … shall report to the Assistant to the President and Chief of Staff on the status of the actions described in subsection (b) of this section.",0
14058,2021-27380,Develop inter‑agency guidance on data sharing and streamlined services,120 days after 13 Dec 2021,Administrators of the Office of Electronic Government and Office of Information and Regulatory Affairs,"Within 120 days of the date of this order, the Administrator of the Office of Electronic Government and the Administrator of the Office of Information and Regulatory Affairs within OMB … shall coordinate … to develop guidance for agencies …",0
14058,2021-27380,Provide guidance on reducing information‑collection burdens,120 days after 13 Dec 2021,Administrator of the Office of Information and Regulatory Affairs,"Within 120 days of the date of this order, the Administrator of the Office of Information and Regulatory Affairs shall provide guidance for agencies on: (i) identifying specific steps to reduce information collection burdens on customers …",0
14058,2021-27380,Submit roadmap for common services and standards,180 days after 13 Dec 2021,Administrator of General Services,"Within 180 days of the date of this order, the Administrator of General Services shall submit to the Director of OMB a roadmap for the development of prioritized common services and standards …",0
14060,2021-27605,USCTOC must hold its first meeting within 60 days of the order’s issuance,60 days after 2021‑12‑15,United States Council on Transnational Organized Crime (USCTOC),shall meet not later than 60 days from the date of this order,0
14060,2021-27605,USCTOC Strategic Division must submit a report to USCTOC within 120 days,120 days after 2021‑12‑15,USCTOC Strategic Division,"within 120 days of the date of this order, shall submit to the USCTOC a report",0
14060,2021-27605,Director of National Intelligence must submit a report to the President within 120 days and then annually,First report due 120 days after 2021‑12‑15; subsequent reports each year,Director of National Intelligence,"within 120 days of the date of this order and annually thereafter, shall submit a report",0
14061,2021-28313,Schedule 8 effective date,2022-01-01,,"Schedule 8 is effective January 1, 2022.",0
14061,2021-28313,Effective date for all other schedules,first applicable pay period on or after 2022-01-01,,"The other schedules contained herein are effective on the first day of the first applicable pay period beginning on or after January 1, 2022.",0
14063,2022-02869,FAR Council shall propose regulations implementing the order,Within 120 days of the date of this order,FAR Council,"Within 120 days of the date of this order, the FAR Council, to the extent permitted by law, shall propose regulations implementing the provisions of this order.",0
14063,2022-02869,Coordinate design of a training strategy for agency contracting officers,Within 90 days of the date of this order,"Secretary of Defense, Secretary of Labor, Director of OMB","Within 90 days of the date of this order, the Secretary of Defense, the Secretary of Labor, and the Director of OMB shall coordinate in designing a training strategy",0
14063,2022-02869,Provide a report on the training strategy contents,Within 180 days of the date of the publication of proposed regulations,"Secretary of Defense, Secretary of Labor, Director of OMB","Within 180 days of the date of the publication of proposed regulations, the Secretary of Defense, the Secretary of Labor, and the Director of OMB shall provide a report",0
14063,2022-02869,Quarterly report to OMB on use of project‑labor agreements,On a quarterly basis,All executive departments and agencies,"On a quarterly basis, agencies shall report to the Office of Management and Budget (OMB) on their use of project labor agreements on large-scale construction projects",0
14072,2022-09138,Inventory of old‑growth and mature forests on Federal lands,within 1 year of the date of this order,Secretary of the Interior and Secretary of Agriculture,"shall, within 1 year of the date of this order, define, identify, and complete an inventory of old-growth and mature forests on Federal lands",0
14072,2022-09138,Develop a Federal goal with agency‑specific reforestation targets,within 1 year of the date of this order,Secretary of the Interior and Secretary of Agriculture,shall within 1 year of the date of this order:,1
14072,2022-09138,Agency‑specific reforestation targets to be met,by 2030,Secretary of the Interior and Secretary of Agriculture,develop a Federal goal that charges agencies to meet agency-specific reforestation targets by 2030,0
14072,2022-09138,Report to the President evaluating options for combating international deforestation,within 1 year of the date of this order,Secretary of State (in consultation with multiple secretaries and agencies),"within 1 year of the date of this order, the Secretary of State, ... shall submit a report to the President evaluating options",0
14072,2022-09138,"Report to the President on how agencies can address deforestation risk in foreign assistance, trade, and investment",within 1 year of the date of this order,Secretary of State (in coordination with other appropriate agencies),"within 1 year of the date of this order, the Secretary of State, ... shall submit a report to the President on how agencies that engage in international programming, assistance, finance, investment, trade, and trade promotion, can, consistent with applicable law, accomplish the following",0
14074,2022-11810,Convene interagency working group (Sec. 3(a)),180 days,Director of the Office of Personnel Management,"Within 180 days of the date of this order, the Director of the Office of Personnel Management shall convene and chair an interagency working group",0
14074,2022-11810,Publish action plan of the interagency working group (Sec. 3(a)),365 days,Interagency working group,culminating in an action plan to be published within 365 days of the date of this order,0
14074,2022-11810,Establish the National Law Enforcement Accountability Database (Sec. 5(a)),240 days,Attorney General,"Within 240 days of the date of this order, the Attorney General",1
14074,2022-11810,Report on changes to policies or practices regarding investigations of deadly‑force incidents (Sec. 2(d)),180 days,"Attorney General, Secretary of Homeland Security, heads of other executive departments and agencies","Within 240 days of the date of this order, the Attorney General, the Secretary of Homeland Security, and the heads of other executive departments and agencies … shall report to the President what, if any, changes to their respective policies or practices they have made",0
14074,2022-11810,Report on changes to discipline policies for deadly‑force incidents (Sec. 2(f)),180 days,"Attorney General, Secretary of Homeland Security, heads of other Federal LEAs","Within 240 days of the date of this order, the Attorney General, the Secretary of Homeland Security, and the heads of other Federal LEAs shall report to the President what, if any, changes to their respective policies or practices they have made",0
14074,2022-11810,Develop and publish officer‑wellness best‑practices report (Sec. 4(a)),180 days,"Attorney General, Secretary of HHS","Within 180 days of the date of this order, the Attorney General shall, in coordination with the Secretary of Health and Human Services (HHS), develop and publish a report on best practices to address law enforcement officer wellness",0
14074,2022-11810,Develop anti‑bias training module (Sec. 9(a)),180 days,Director of OPM and Attorney General,"Within 180 days of the date of this order, the Director of the Office of Personnel Management and the Attorney General shall develop an evidence‑informed training module for law enforcement officers on implicit bias",0
14074,2022-11810,Conduct nationwide study of community effects of use‑of‑force (Sec. 11(a)),180 days,Secretary of HHS,"Within 180 days of the date of this order, the",1
14074,2022-11810,Request NAS study on facial‑recognition technology (Sec. 13(d)),180 days,Attorney General,"Within 180 days of the date of this order, the Attorney General shall request the National Academy of Sciences",1
14074,2022-11810,Publish report on Death in Custody Reporting Act implementation (Sec. 6(e)),120 days,Attorney General,Within 120 days of the date of this,1
14074,2022-11810,Report on restrictive‑housing use in Federal detention facilities (Sec. 16(b)(i)),180 days,Attorney General,"Within 180 days of the date of this order, the Attorney General shall,",1
14074,2022-11810,Comprehensive review of confinement conditions (Sec. 16(b)(ii)),240 days,Attorney General,"Within 240 days of the date of this order, the Attorney General",1
14074,2022-11810,First Step Act implementation report (Sec. 17(a)),180 days,Attorney General,"Within 180 days of the date of this order, the Attorney General shall, in",1
14074,2022-11810,Report on NIBRS transition status (Sec. 18(a)),120 days,Attorney General,Within 120 days of the date of this,1
14074,2022-11810,Report on data‑collection improvements (Sec. 18(b)),365 days,"Attorney General, Director of the Bureau of Justice Statistics, Director of OMB","Within 365 days of the date of this order, the Attorney General, through the Director of the Bureau of Justice Statistics, and the Director of OMB … shall jointly submit a report to the President detailing what, if any, steps the agencies will take",0
14074,2022-11810,Develop and publish accreditation‑body standards (Sec. 19(b)),240 days,Attorney General,"Within 240 days of the date of this order, the Attorney General shall develop and publish standards for determining whether an entity is an authorized, independent credentialing body",0
14074,2022-11810,Review and exercise authority to award discretionary grants (Sec. 20(a)),180 days,"Attorney General, Secretary of HHS, Secretary of Homeland Security","Within 180 days of the date of this order, the Attorney General, the Secretary of HHS, and the Secretary of Homeland Security shall promptly review and exercise their authority … to award Federal discretionary grants",0
14076,2022-15138,30 days from the date of this order,,Secretary of Health and Human Services,"Within 30 days of the date of this order, the Secretary of Health and Human Services shall submit a report to the President:",0
14077,2022-15628,Report to the President within 30 days of the Board’s creation,,Emergency Board,The Board shall report to the President with respect to the disputes within 30 days of its creation,0
14077,2022-15628,Maintain existing dispute conditions for 30 days after the Board’s report,,Parties to the dispute,"for 30 days after the Board has submitted its report to the President, no change in the conditions out of which the disputes arose shall be made by the parties",0
14081,2022-20167,Heads of agencies shall submit reports on biotechnology and biomanufacturing to further societal goals,180 days,Agency heads (see Sec. 3(a)),"Within 180 days of the date of this order, the heads of agencies … shall submit the following reports on biotechnology and biomanufacturing",0
14081,2022-20167,Director of OSTP shall develop an implementation plan based on the reports,100 days,Director of OSTP (see Sec. 3(c)),Within 100 days of receiving the reports required under subsection (a) … shall develop a plan (implementation plan),0
14081,2022-20167,Director of OMB shall perform a budget crosscut on biotechnology‑related spending,90 days,Director of OMB (see Sec. 3(d)),"Within 90 days of the date of this order, the Director of OMB … shall perform a budget crosscut",0
14081,2022-20167,Agencies directed by the implementation plan shall report on measures taken and resources allocated,2 years,Agencies (see Sec. 3(g)),"Within 2 years of the date of this order, agencies … shall report to the Director of OMB, the APNSA, the APEP, the APDP, and the Director of OSTP",0
14081,2022-20167,"Director of OSTP shall issue a report outlining data types, gaps, and protection plans for the Bioeconomy Initiative",240 days,Director of OSTP (see Sec. 4(a)),"shall issue a report within 240 days of the date of this order that: (i) identifies the data types and sources … (iii) identifies … security, privacy, and other risks …",0
14081,2022-20167,APNSA and APEP shall develop a strategy to expand domestic biomanufacturing capacity,180 days,APNSA and APEP (see Sec. 5(a)),"Within 180 days of the date of this order, the APNSA and the APEP … shall develop a strategy that identifies policy recommendations to expand domestic biomanufacturing capacity",0
14081,2022-20167,Secretary of Agriculture shall submit a plan to support the resilience of the United States biomass supply chain,1 year,Secretary of Agriculture (see Sec. 5(c)),"Within 1 year of the date of this order, the Secretary of Agriculture … shall submit a plan to the President",0
14081,2022-20167,Secretary of Homeland Security shall provide vulnerability assessments of bioeconomy‑related critical infrastructure,180 days,Secretary of Homeland Security (see Sec. 5(d)),"Within 180 days of the date of this order, the Secretary of Homeland Security",1
14081,2022-20167,Procuring agencies shall establish a biobased procurement program where none exists,1 year,Procuring agencies (see Sec. 6(a)),"within 1 year of the date of this order, procuring agencies … shall establish such a program",0
14081,2022-20167,All appropriate staff shall complete training on biobased product purchasing,2 years,Procuring agencies (see Sec. 6(b)),"within 2 years of the date of this order, all appropriate staff … complete training on biobased product purchasing",0
14081,2022-20167,Procuring agencies shall report previous‑fiscal‑year biobased‑product spending,180 days,Procuring agencies (see Sec. 6(c)),"Within 180 days of the date of this order and annually thereafter, procuring agencies shall report previous fiscal year spending",0
14081,2022-20167,"Secretary of Commerce, Labor, Education, APDP, OSTP, and NSF shall produce a publicly‑available plan to coordinate education and training programs",200 days,"Secretary of Commerce, Labor, Education, APDP, OSTP, NSF (see Sec. 7(a))","within 200 days of the date of this order, the Secretary of Commerce, the Secretary of Labor, the Secretary of Education, the APDP, the Director of OSTP, and the Director of NSF shall produce and make publicly available a plan",0
14081,2022-20167,Secretary of HHS and Secretary of Homeland Security shall produce a plan for biosafety and biosecurity for the bioeconomy,180 days,Secretary of HHS and Secretary of Homeland Security (see Sec. 9(b)),"Within 180 days of the date of this order, the Secretary of HHS and the Secretary of Homeland Security … shall produce a plan for biosafety and biosecurity for the bioeconomy",0
14081,2022-20167,"Secretary of Commerce, through the Director of NIST, shall create and make publicly available a lexicon for the bioeconomy",90 days,Secretary of Commerce (see Sec. 10(a)),"Within 90 days of the date of this order, the Secretary of Commerce, through the Director of NIST, shall … create and make publicly available a lexicon for the bioeconomy",0
14081,2022-20167,Establish an Interagency Technical Working Group (ITWG) chaired by the Chief Statistician,120 days,Director of OMB (see Sec. 10(b)(ii)),"within 120 days of the date of this order, establishing an Interagency Technical Working Group (ITWG), chaired by the Chief Statistician of the United States",0
14081,2022-20167,DNI shall provide classified assessments to the APNSA on bioeconomy threats,240 days,Director of National Intelligence (see Sec. 11(b)),"Within 240 days of the date of this order, the DNI shall provide classified assessments to the APNSA",0
14081,2022-20167,Director of OSTP shall review national‑security implications of existing procurement requirements and recommend updates,1 year,Director of OSTP (see Sec. 11(d)),"within 1 year of the date of this order, the Director of OSTP … shall review the national security implications of existing requirements related to Federal procurement",0
14081,2022-20167,Secretary of State shall submit a plan to support international bioeconomy objectives,180 days,Secretary of State (see Sec. 12(b)),"Within 180 days of the date of this order, the Secretary of State … shall submit to the APNSA a plan to support the objectives described in subsection (a) of this section",0
14084,2022-21839,Committee termination 2 years after order issuance,,,"The Committee shall terminate 2 years from the date of this order, unless extended by the President.",0
14086,2022-22531,Update policies and procedures,within 1 year of the date of this order,Head of each element of the Intelligence Community,"shall, within 1 year of the date of this order, ... update those policies and procedures as necessary to implement the privacy and civil liberties safeguards in this order",0
14086,2022-22531,Public release of updated policies and procedures,within 1 year of the date of this order,Head of each element of the Intelligence Community,"shall, within 1 year of the date of this order, ... release these policies and procedures publicly to the maximum extent possible",0
14086,2022-22531,Implement PCLOB recommendations,within 180 days of PCLOB review completion,Head of each element of the Intelligence Community,"Within 180 days of completion of any review by the PCLOB described in subsection (c)(v)(A) of this section, the head of each element ... shall carefully consider and shall implement or otherwise address all recommendations",0
14086,2022-22531,Promulgate Data Protection Review Court regulations,within 60 days of the date of this order,Attorney General,"the Attorney General shall, within 60 days of the date of this order, promulgate regulations establishing a Data Protection Review Court",0
14086,2022-22531,Contact elements regarding declassification of complaint‑related information,"not later than 5 years after the order, then every 5 years",Secretary of Commerce,"not later than 5 years after the date of this order and no less than every 5 years thereafter, contact the relevant element or elements of the Intelligence Community",0
14087,2022-22834,Submit the required report,,Secretary of HHS,not later than 90 days after the date of this order,0
14089,2022-27585,Establishment of the Advisory Council,180 days after 13 December 2022,Secretary of State,"Within 180 days of the date of this order, the Secretary of State shall establish the President's Advisory Council on African Diaspora Engagement in the United",1
14090,2022-28474,"Schedule 8 is effective January 1, 2023.",2023-01-01,,"Schedule 8 is effective January 1, 2023.",0
14091,2023-03779,Within 30 days of the order’s effective date,,Agency heads,"shall, within 30 days of the date of this order, ensure that they have in place an Agency Equity Team",0
14091,2023-03779,First submission in September 2023; thereafter annually,September 2023 (and each year thereafter),Agency heads,"In September 2023, and on an annual basis thereafter, … agency heads shall submit an Equity Action Plan to the Steering Committee",0
14091,2023-03779,Beginning with FY 2025 budget formulation and each year thereafter,Fiscal Year 2025 (and each subsequent year),Director of OMB,"Starting with formulation of the Fiscal Year 2025 Budget and for each subsequent year, the Director of OMB shall consider how the President's Budget can support the Equity Action Plans",0
14091,2023-03779,Report every January and July,January and July each year,Director of OSTP,The Director of OSTP shall provide a report on the Subcommittee's progress to the Steering Committee every January and July,0
14091,2023-03779,Annually,Each year,Small Business Administration,"The Small Business Administration shall, on an annual basis, work with each agency to establish an agency-specific goal",0
14092,2023-05714,"Reports from the Attorney General, HHS, Education, and Homeland Security must be submitted within 60 days of the order date",2023-05-13,"Attorney General, Secretary of Health and Human Services, Secretary of Education, Secretary of Homeland Security",within 60 days of the date of this order,0
14092,2023-05714,Proposal on survivor support must be submitted by September 15 2023,2023-09-15,"Attorney General, Secretary of Health and Human Services, Secretary of Education, Secretary of Homeland Security, Director of OMB, other agency heads","submit it no later than September 15, 2023",0
14092,2023-05714,Federal law‑enforcement heads must issue NIBIN policies within 180 days,2023-09-10,Heads of Federal law enforcement agencies,no later than 180 days from the date of this order,0
14093,2023-06730,DNI must issue the first intelligence assessment within 90 days of the order,90 days from order date,Director of National Intelligence (DNI),"within 90 days of the date of this order, and on a semiannual basis thereafter, issue a classified intelligence assessment",0
14093,2023-06730,APNSA (or designee) must convene agencies within 30 days of the intelligence assessment,30 days after intelligence assessment issuance,Assistant to the President for National Security Affairs (APNSA) or designee,"within 30 days of the issuance of the intelligence assessment described in subsection (c) of this section, ... convene agencies",0
14093,2023-06730,Agency may not make operational use of commercial spyware until at least 7 days after notifying APNSA,7 days after notification,Head of the agency,until at least 7 days after providing this information,0
14093,2023-06730,Each agency must review existing operational uses within 90 days of the intelligence assessment,90 days after intelligence assessment issuance,Each agency,"Within 90 days of the issuance of the intelligence assessment described in subsection (c) of this section, each agency shall review all existing operational uses",0
14093,2023-06730,Each agency must develop internal controls within 180 days of the order,180 days from order date,Each agency,"Within 180 days of the date of this order, each agency ... shall develop appropriate internal controls and oversight procedures",0
14093,2023-06730,Agency heads must notify APNSA within 45 days of any commercial‑spyware procurement (except criminal‑investigation use),45 days from procurement,Head of each agency,Within 45 days of an agency's procurement of any commercial spyware ... the head of the agency shall notify the APNSA,0
14093,2023-06730,Each agency must submit an implementation report within 6 months of the order,6 months from order date,Head of each agency,"Within 6 months of the date of this order, the head of each agency ... shall submit to the APNSA a report on the actions that the agency has taken to implement this order",0
14093,2023-06730,Each agency must provide an annual report starting within 1 year of the order,"1 year from order date, then annually",Head of each agency,"Within 1 year of the date of this order, and on an annual basis thereafter, the head of each agency ... shall provide the APNSA a report",0
14093,2023-06730,Relevant official must notify the President within 72 hours of issuing or revoking a waiver,72 hours from waiver decision,Relevant official,Within 72 hours of making a determination to issue or revoke a waiver ... the relevant official ... shall notify the President,0
14094,2023-07760,Within 1 year of the date of this order,,Director of the Office of Management and Budget,"Within 1 year of the date of this order, the Director of the Office of Management and Budget, through the Administrator of OIRA ... shall issue revisions to the Office of Management and Budget's Circular A-4",0
14095,2023-08659,Release review findings,April 2024,Secretaries of Labor and Health and Human Services,The Secretaries shall publicly release the findings and recommendations of this review no later than April 2024.,0
14095,2023-08659,Expand Veteran Directed Care Program to all VA medical centers,Fiscal Year 2024,Secretary of Veterans Affairs,"by the end of Fiscal Year 2024, and shall consider developing an implementation plan for this expansion by June 2023.",0
14095,2023-08659,Submit implementation plan for Co‑Employer pilot program,2023-08-31,Secretary of Veterans Affairs,"before August 31, 2023.",0
14095,2023-08659,Enhance recruitment/retention of child‑development program workers and improve child‑care affordability,2023-09-01,Department of Defense,by September 2023,0
14096,2023-08955,First Environmental Justice Strategic Plan due 18 months after order; subsequent plans every 4 years.,,Each agency,"No later than 18 months after the date of this order and every 4 years thereafter, each agency shall submit to the Chair of CEQ and make available to the public online an Environmental Justice Strategic Plan.",0
14096,2023-08955,Environmental Justice Assessment due 2 years after agency’s Strategic Plan submission.,,Each agency,"No later than 2 years after the submission of an Environmental Justice Strategic Plan, each agency shall submit to the Chair of CEQ, and make available to the public, an Environmental Justice Assessment",0
14096,2023-08955,Public meeting on toxic‑chemical release required within 6 weeks of the release.,,Notifying agency,"No later than 6 weeks following a release requiring notification by an agency under section 304(a) of EPCRA, the notifying agency shall hold a public meeting",0
14096,2023-08955,Notice of the public meeting must be given within 72 hours of the release.,,Notifying agency,The agency shall provide notice of a public meeting no later than 72 hours after a release.,0
14096,2023-08955,Clearinghouse to be established by March 31 2024.,2024-03-31,"Administrator of EPA, in coordination with the Interagency Council","no later than March 31, 2024, establish a public, internet‑based, whole‑of‑government clearinghouse",0
14096,2023-08955,Interim guidance to be issued within 6 months of the order date.,,Chair of CEQ,"Within 6 months of the date of this order, the Chair of CEQ shall issue interim guidance",0
14096,2023-08955,Final guidance to be issued within 18 months of the order date.,,Chair of CEQ,"Within 18 months of the date of this order, the Chair of CEQ shall issue final guidance",0
14096,2023-08955,Report to the President due within 1 year after agencies submit their Strategic Plans.,,Chair of CEQ,"Within 1 year of the date for the submission of agency Environmental Justice Strategic Plans to the Chair of CEQ under section 4(a) of this order, the Chair shall… submit to the President a report",0
14100,2023-12974,Military‑Connected Strategic Plan to be issued within 180 days of the order (June 9 2023),2023-12-06,OPM and OMB Deputy Director,shall develop and issue ... within 180 days of the date of this order,0
14100,2023-12974,Flexible spending accounts for military dependents to be available,2024-01-01,Secretary of Defense,"establish flexible spending accounts for the care of military dependents, available to military personnel no later than January 1, 2024",0
14100,2023-12974,OPM to revise annual report title; agencies to list Military Spouse Noncompetitive Appointment Authority,Fiscal Year 2025,OPM; All agencies,"Beginning with Fiscal Year 2025, the Director of OPM shall revise the title",1
14103,2023-16570,Effective date for Annex 1 amendments,2023-07-28,,The amendments in Annex 1 shall take effect on the date of this order,0
14103,2023-16570,Effective date for Annex 2 amendments (as set by NDAA FY 2022 § 539C),,,The amendments in Annex 2 shall apply in accordance with the effective date established by section 539C of the National Defense Authorization Act for Fiscal Year 2022,0
14103,2023-16570,Effective date for Annex 3 amendments,2023-12-27,,"The additions and amendments in Annex 3 shall take effect on December 27, 2023",0
14104,2023-16636,Develop award terms and conditions for invention‑utilization reporting,60 days after order date,Secretary of Commerce (via NIST),"Within 60 days of the date of this order, the Secretary of Commerce, through the Director of the National Institute of Standards and Technology (NIST) … should develop award terms and conditions regarding the reporting requirements",0
14104,2023-16636,Submit iEdison transition action plan to OMB,1 year after order date,Secretary of Commerce (via NIST),The Secretary of Commerce shall submit the action plan … within 1 year of the date of this order,0
14104,2023-16636,Report progress on iEdison transition,120 days after final regulations,All agencies listed in section 3(a),Not later than 120 days after issuance of any final regulations implementing the action plan … shall report … to the Director of OMB and the Director of OSTP,0
14104,2023-16636,Adopt common utilization questions,May 1 2024,All agencies,"The utilization questions should be used by all agencies by May 1, 2024",0
14104,2023-16636,Submit annual reports on invention utilization,First report due 2 years after order date; then annually,All agencies listed in section 3(a),Within 2 years after the date of this order and annually thereafter … shall submit reports to the Made in America Director,0
14104,2023-16636,Consider exceptional‑circumstance restrictions on title retention,90 days after order date,All agencies listed in section 3(a),"Within 90 days of the date of this order, the heads of agencies … shall consider whether “exceptional circumstances” exist …",0
14104,2023-16636,Publish waiver‑feasibility guidance for comment,90 days after order date,Secretary of Commerce (via NIST),"Within 90 days of the date of this order, the Secretary of Commerce … shall make the guidance available for public comment",0
14104,2023-16636,Develop common waiver application questions,90 days after order date,Secretary of Commerce (via NIST),"Within 90 days of the date of this order, the Secretary of Commerce … shall develop common waiver application questions for use by all agencies",0
14104,2023-16636,Establish waiver‑negotiation guidelines,270 days after order date,All agencies listed in section 3(a),"Within 270 days of the date of this order, the heads of agencies … shall establish agency guidelines for negotiating with waiver applicants",0
14104,2023-16636,Provide annual waiver‑application summaries to the Secretary of Commerce,Fiscal year 2024 and each subsequent fiscal year,All agencies listed in section 3(a),"Beginning in fiscal year 2024 and on an annual basis thereafter, the heads of agencies … shall provide … a summary of each waiver application received, approved, and rejected",0
14105,2023-17449,Within 1 year of the effective date of the regulations,,Secretary of the Treasury,"Within 1 year of the effective date of the regulations issued under section 1 of this order, the Secretary, in consultation with the Secretary of Commerce and, as appropriate, the heads of other relevant agencies, shall assess whether to amend the regulations",0
14105,2023-17449,Within 1 year of the effective date of the regulations and annually thereafter,,Secretary of the Treasury,"Within 1 year of the effective date of the regulations issued under section 1 of this order and, as appropriate but no less than annually thereafter, the Secretary, in coordination with the Secretary of Commerce and in consultation with the heads of other relevant agencies and the Director of the Office of Management and Budget, as appropriate, shall provide the President",0
14108,2023-21174,Designation of Federal Disaster Recovery Coordinator,5 days after 20 September 2023,Secretary of Homeland Security / FEMA,"Within 5 days of the date of this order, ... shall designate a Federal Disaster Recovery Coordinator",0
14108,2023-21174,EPA cleanup‑status report to the President,30 days after 20 September 2023,EPA,"Within 30 days of the date of this order, EPA shall submit a report to the President on the cleanup efforts",0
14108,2023-21174,Recurring EPA cleanup‑status reports,Every 60 days after the initial 30‑day report,EPA,The EPA shall submit an updated report to the President every 60 days thereafter,0
14108,2023-21174,HHS public‑health summary report,60 days after 20 September 2023,HHS,"Within 60 days of the date of this order, HHS shall submit a report to the President that summarizes key conclusions from the public health testing and assessments",0
14108,2023-21174,DOT initial and updated transportation‑safety reports,Initial report: 60 days after 20 September 2023; Updated report: 120 days after final NTSB investigation,DOT,"Within 60 days of the date of this order, DOT shall submit a report to the President on the actions that DOT is taking ... This report shall be updated within 120 days of the final NTSB investigation",0
14109,2023-22250,continuance deadline for the listed advisory committees,2025-09-30,,"Each advisory committee listed below is continued until September 30, 2025.",0
14109,2023-22250,effective date of the order,2023-09-30,,"This order shall be effective September 30, 2023.",0
14110,2023-24283,60 days after the guidance is issued,2024-02-28,Each agency,the requirement to designate at each agency within 60 days of the issuance of the guidance a Chief Artificial Intelligence Officer,0
14110,2023-24283,270 days after the order’s effective date,2024-07-27,Secretary of Commerce / NIST,"Within 270 days of the date of this order, the Secretary of Commerce, acting through the",1
14110,2023-24283,60 days after the order’s effective date,2024-02-28,Director of OMB,"within 60 days of the date of this order and on an ongoing basis as necessary, the Director of OMB shall convene and chair an interagency council",0
14111,2023-26569,prepare and provide a summary report to the Director of OMB and the Assistant to the President for National Security Affairs,1 year after the date of this order and biennially thereafter,the Committee,no later than 1 year after the date of this order and biennially thereafter,0
14112,2023-27318,Develop guidance for assessing additional funding each agency needs,240 days after the date of this order,Director of OMB and Domestic Policy Advisor,"Within 240 days of the date of this order, the Director of OMB and the Domestic Policy Advisor shall, in consultation with the head of each agency that is a member of WHCNAA, ... develop guidance",0
14112,2023-27318,Submit a report identifying the funding needed for each agency's existing programs,540 days after the date of this order,Head of each agency that is a member of WHCNAA,"Within 540 days of the date of this order, the head of each agency that is a member of WHCNAA shall ... submit a report to the Director of OMB and the Domestic Policy Advisor",0
14113,2023-28661,"January 1, 2024",2024-01-01,,"Schedule 8 is effective January 1, 2024.",0
14113,2023-28661,"first day of the first applicable pay period beginning on or after January 1, 2024",,,"The other schedules contained herein are effective on the first day of the first applicable pay period beginning on or after January 1, 2024.",0
14117,2024-04573,Publish proposed rule,180 days after order date,Attorney General,"Within 180 days of the date of this order, the Attorney General, in coordination with the Secretary of Homeland Security, and in consultation with the heads of relevant agencies, shall publish the proposed rule described in subsection (a) of this section for notice and comment.",0
14117,2024-04573,Joint progress report on implementation of Sec. 3(b),1 year after order date,Secretary of Defense; HHS; VA; NSF,"Within 1 year of the date of this order, the Secretary of Defense, the Secretary of Health and Human Services, the Secretary of Veterans Affairs, and the Director of the National Science Foundation shall jointly submit a report to the President through the Assistant to the President for National Security Affairs (APNSA) detailing their progress in implementing this subsection.",0
14117,2024-04573,Recommend actions on prior data transfers,120 days after regulations become effective,Attorney General; Secretary of Homeland Security; Director of National Intelligence,"Within 120 days of the effective date of the regulations issued pursuant to section 2(c) of this order, the Attorney General, the Secretary of Homeland Security, and the Director of National Intelligence, in consultation with the heads of relevant agencies, shall recommend to the APNSA appropriate actions to detect, assess, and mitigate national security risks arising from prior transfers of United States persons' bulk sensitive personal data to countries of concern.",0
14117,2024-04573,APNSA review of recommendations,150 days after regulations become effective,APNSA,"Within 150 days of the effective date of the regulations issued pursuant to section 2(c) of this order, the APNSA shall review these recommendations and, as appropriate, consult with the Attorney General, the Secretary of Homeland Security, and the heads of relevant agencies on implementing the recommendations consistent with applicable law.",0
14117,2024-04573,Report on effectiveness and economic impact,1 year after regulations become effective,Attorney General,"Within 1 year of the effective date of the regulations issued pursuant to section 2(c) of this order, the Attorney General, in consultation with the Secretary of State, the Secretary of the Treasury, the Secretary of Commerce, and the Secretary of Homeland Security, shall submit a report to the President through the APNSA assessing, to the extent",1
14117,2024-04573,Human ‘omic data risk‑benefit assessment report,120 days after order date,APNSA and multiple interagency officials,"Within 120 days of the date of this order, the APNSA, the Assistant to the President and Director of the Domestic Policy Council, the Director of the Office of Science and Technology Policy, and the Director of the Office of Pandemic Preparedness and Response Policy, in consultation with the Secretary of State, the Secretary of Defense, the Secretary of Health and Human Services, the Secretary of Veterans Affairs, the Director of the National Science Foundation, the Director of National Intelligence, and the Director of the Federal Bureau of Investigation, shall submit a report to the President, through the APNSA, assessing the risks and benefits of regulating transactions involving types of human 'omic data other than human genomic",1
14119,2024-05220,Initial report to the President,180 days after 2024‑03‑06,Registered Apprenticeship Interagency Working Group,The Working Group shall submit an initial report to the President within 180 days of the date of this order.,0
14119,2024-05220,Implementation plan for each Labor‑Management Forum agency,180 days after 2024‑03‑06,Head of each Labor‑Management Forum agency,"shall, in consultation with union representatives, prepare and submit to OPM, within 180 days of the date of this order, a written implementation plan",0
14119,2024-05220,OPM review of each implementation plan,60 days after receipt of the plan,Office of Personnel Management (OPM),The Office of Personnel Management shall review each plan within 60 days of receipt,0
14119,2024-05220,Resubmission of revised implementation plan (if needed),30 days after receipt of the original plan,Labor‑Management Forum agency,the agency shall resubmit its revised plan to OPM within 30 days of receipt of the original plan,0
14120,2024-06123,30 days from order date,2024‑04‑17,Chair of the Initiative and NIH Office of Research on Women’s Health,"Within 30 days of the date of this order, the Chair of the Initiative and the Director of the NIH Office of Research on Women’s Health, in consultation with the Director of the Office of Management and Budget (OMB), shall establish and co‑chair a subgroup of the Initiative",0
14120,2024-06123,90 days from order date,2024‑06‑16,All Initiative member agencies,"Within 90 days of the date of this order, agency Members of the Initiative shall report to the Chair of the Initiative on actions taken to strengthen research and data standards",0
14120,2024-06123,"180 days from order date, then annually",2024‑09‑14,All Initiative member agencies,"Within 180 days of the date of this order and on an annual basis thereafter, agency Members of the Initiative shall report to the President on the status of implementation of research and data standards",0
14120,2024-06123,90 days from order date,2024‑06‑16,Secretary of Health and Human Services,"Within 90 days of the date of this order, the",1
14120,2024-06123,90 days from order date,2024‑06‑16,OMB Director and Gender Policy Council Director,"Within 90 days of the date of this order, the Directors shall, in consultation with the Initiative, develop guidance for assessing additional funding that agencies need to close research gaps in women’s health",0
14120,2024-06123,180 days from order date,2024‑09‑14,All Initiative member agencies,"Within 180 days of the date of this order, Members of the Initiative shall ... each submit a report to the Directors that identifies the funding needed to catalyze research on women’s health",0
14121,2024-06931,180 days after order date,,Secretary of the Interior,"Within 180 days of the date of this order, ... the Secretary of the Interior shall submit a report to the President",0
14121,2024-06931,270 days after order date,,National Park System Advisory Board,produce interim recommendations to the Secretary within 270 days of the date of this order,0
14121,2024-06931,1 year after order date,,National Park System Advisory Board,produce final recommendations within 1 year of the date of this order,0
14123,2024-13810,Designation of a senior official by each Council member,within 30 days of June 14 2024,Each Council member,"Each member of the Council shall designate, within 30 days of the date of this order, a senior official within their respective agency or office",0
14123,2024-13810,Submission of the first quadrennial supply‑chain review report to the President,December 31 2024,White House Council on Supply Chain Resilience,"the first report submitted no later than December 31, 2024, and subsequent reports submitted every 4 years thereafter",0
14125,2024-16740,Report to the President,within 30 days of the Board’s creation,Emergency Board,The Board shall report to the President with respect to the dispute within 30 days of its creation.,0
14125,2024-16740,Prohibition on changing dispute‑originating conditions,for 120 days from the Board’s creation,Parties to the dispute,"for 120 days from the date of the creation of the Board, no change in the conditions out of which the dispute arose shall be made by the parties to the controversy, except by agreement of the parties.",0
14128,2024-27850,Parties must submit final settlement offers within 30 days of the Board’s creation,,Parties to the dispute,"within 30 days after the creation of the Board, the parties to the dispute shall submit to the Board final offers for settlement",0
14128,2024-27850,Board must submit its report within 30 days of receiving final offers,,Second Emergency Board,"within 30 days after the submission of final offers for settlement of the dispute, the Board shall submit a report to the President",0
14128,2024-27850,Parties must maintain existing conditions for 60 days after the Board’s report,,Parties to the dispute,"until 60 days after the Board submits its report to the President, the parties",1
14129,2024-31143,Closure of departments and agencies,2024-12-24,,"All executive departments and agencies of the Federal Government shall be closed and their employees excused from duty on Tuesday, December 24, 2024, the day before Christmas Day.",0
14130,2024-31354,General amendments become effective on the date of the order (December 20 2024),2024-12-20,,these amendments shall take effect on the date of this order,0
14130,2024-31354,"Amendments to R.C.M. 908(c)(3), 1205(a) and 1209(a)(1) become effective",2024-12-22,,"shall take effect on December 22, 2024",0
14130,2024-31354,Amendment to R.C.M. 503(a)(1) becomes effective,2024-12-23,,"shall take effect on December 23, 2024",0
14132,2024-31466,Effective date for Schedule 8,2025-01-01,,"Schedule 8 is effective January 1, 2025.",0
14132,2024-31466,Effective date for all other schedules (first applicable pay period on/after Jan 1 2025),2025-01-01,,"The other schedules contained herein are effective on the first day of the first applicable pay period beginning on or after January 1, 2025.",0
14133,2024-31766,Closure of all executive departments and agencies; employees who must report for duty on this date.,2025-01-09,Heads of executive departments and agencies,"The heads of executive departments and agencies may determine that certain offices ... must remain open ... for reasons of national security, defense, or other public need.",0
14141,2025-01395,Identify sites,2025-02-28,Secretary of Defense; Secretary of Energy,"By February 28, 2025, the Secretary of Defense and the Secretary of Energy shall, if possible, each identify a minimum of 3 sites on Federal land ...",0
14141,2025-01395,Submit electricity‑price impact report,2025-07-13,Secretary of Energy,"Within 180 days of the date of this order, the Secretary of Energy ... shall submit a report to the President on the potential effects of AI data centers on electricity prices for consumers and businesses.",0
14141,2025-01395,Establish transmission‑provider reporting requirements,2025-03-15,Secretary of Energy,"Within 60 days of the date of this order, ... the Secretary of Energy shall establish requirements for transmission providers ... to report to the Secretary information regarding surplus interconnection service ...",0
14141,2025-01395,Issue all AI‑infrastructure permits,2025-12-31,Heads of Federal Permitting Agencies,The heads of Federal Permitting Agencies shall ... with the goal of issuing all permits and approvals required for construction by the end of 2025 ...,0
14141,2025-01395,Ensure reliable transmission access for AI data centers,2027-12-31,Secretary of Energy (in consultation with Defense and Interior),shall take steps to enable AI infrastructure on Federal sites to have reliable access to transmission facilities ... by the end of 2027.,0
14141,2025-01395,Develop international AI‑infrastructure engagement plan,2025-04-14,Secretary of State (in consultation with multiple agencies),"Within 90 days of the date of this order, the Secretary of State ... shall develop a plan for engaging allies and partners on accelerating the buildout of trusted AI infrastructure around the world.",0
14143,2025-01467,"Appointment must occur within 1 year after the appointee's most recent service term, extendable up to 3 years",,,Any appointment under this order shall be effected within 1 year after completion of the appointee's most recent term of service ... Such period may be extended to not more than 3 years,0
14144,2025-01470,"Director of OMB, in consultation with the Secretary of Commerce and the Secretary of Homeland Security, shall recommend contract language to the FAR Council",30 days after 2025‑01‑16,Director of OMB,Within 30 days of the date of this order,0
14144,2025-01470,"FAR Council shall review the recommendations and, as appropriate, amend the FAR",120 days after receipt of recommendations,FAR Council,Within 120 days of the receipt of the recommendations described in subsection (b)(i),0
14144,2025-01470,"Secretary of Homeland Security, acting through the Director of CISA, shall evaluate emerging methods and provide guidance",60 days after issuance of recommendations,Secretary of Homeland Security / Director of CISA,Within 60 days of the date of the issuance of the recommendations described in subsection (b)(i),0
14144,2025-01470,"Secretary of Homeland Security, acting through the Director of CISA, shall develop a program to verify attestation forms",30 days after any FAR amendments,Secretary of Homeland Security / Director of CISA,Within 30 days of the date of any amendments to the FAR described in subsection (b)(ii),0
14144,2025-01470,"Secretary of Commerce, acting through the Director of NIST, shall establish a consortium to develop guidance on secure software practices",60 days after 2025‑01‑16,Secretary of Commerce / Director of NIST,Within 60 days of the date of this order,0
14144,2025-01470,"Secretary of Commerce, acting through the Director of NIST, shall update NIST SP 800‑53 to provide patch‑deployment guidance",90 days after 2025‑01‑16,Secretary of Commerce / Director of NIST,Within 90 days of the date of this order,0
14144,2025-01470,"Secretary of Commerce, acting through the Director of NIST, shall develop and publish a preliminary update to the SSDF",180 days after 2025‑01‑16,Secretary of Commerce / Director of NIST,Within 180 days of the date of this order,0
14144,2025-01470,"Secretary of Commerce, acting through the Director of NIST, shall publish a final version of the updated SSDF",120 days after the preliminary update is published,Secretary of Commerce / Director of NIST,Within 120 days of publishing the preliminary update,0
14144,2025-01470,Director of OMB shall incorporate select SSDF practices into OMB Memorandum M‑22‑18,120 days after the final SSDF update,Director of OMB,Within 120 days of the final update to the SSDF described in subsection (c)(iii),0
14144,2025-01470,Director of CISA shall prepare revisions to CISA's Secure Software Development Attestation form,30 days after OMB issues updated requirements,Director of CISA,Within 30 days of the issuance of OMB's updated requirements described in subsection (c)(iv),0
14144,2025-01470,Director of CISA shall prepare any revisions to CISA's common form for Secure Software Development Attestation,30 days after the recommendations are issued,Director of CISA,Within 30 days of the issuance of,1
14144,2025-01470,"Secretary of Commerce, acting through the Director of NIST, shall develop FedRAMP policies to incentivize secure cloud services",90 days after 2025‑01‑16,Secretary of Commerce / Director of NIST,Within 90 days of the date of this order,0
14144,2025-01470,"Secretary of Homeland Security, acting through the Director of CISA, shall issue recommendations on open‑source software security assessments",120 days after 2025‑01‑16,Secretary of Homeland Security / Director of CISA,Within 120 days of the date of this order,0
14144,2025-01470,"Secretary of Energy, in coordination with the Secretary of Defense and the Secretary of Homeland Security, shall launch a pilot program on AI for cyber‑defense of critical infrastructure",180 days after the AI Cyber Challenge is completed,Secretary of Energy,Within 180 days of the date of the completion of the Defense Advanced Research Projects Agency's 2025 Artificial Intelligence Cyber Challenge,0
14144,2025-01470,Secretary of Defense shall establish a program to use advanced AI models for cyber defense,270 days after 2025‑01‑16,Secretary of Defense,Within 270 days of the date of this order,0
14144,2025-01470,"Secretary of Commerce, acting through the Director of NIST, and other agencies shall prioritize funding for large‑scale labeled datasets for AI cyber‑defense research",150 days after 2025‑01‑16,Secretary of Commerce / Director of NIST,Within 150 days of the date of this order,0
14144,2025-01470,Director of OMB shall issue guidance to address critical risks and modernize federal IT architectures,3 years after 2025‑01‑16,Director of OMB,Within 3 years of the date of this order,0
14144,2025-01470,"Secretary of Commerce, acting through the Director of NIST, shall evaluate common cybersecurity practices and issue guidance on minimum practices",90 days after 2025‑01‑16,Secretary of Commerce / Director of NIST,Within 90 days of the date of this order,0
14144,2025-01470,"Secretary of Commerce, acting through the Director of NIST, shall evaluate common cybersecurity practices and issue guidance on minimum practices (continued)",240 days after 2025‑01‑16,Secretary of Commerce / Director of NIST,Within 240 days of the date of this order,0
14144,2025-01470,"FAR Council shall review the guidance and, as appropriate, amend the FAR to require contractors to follow the minimum cybersecurity practices",180 days after the guidance is issued,FAR Council,Within 180 days of the issuance of the guidance described in subsection (b),0
14144,2025-01470,"Secretary of Defense, acting through the Director of NSA, shall develop requirements for National Security Systems and debilitating impact systems",90 days after 2025‑01‑16,Secretary of Defense / Director of NSA,Within 90 days of the date of this order,0
14144,2025-01470,Committee on National Security Systems shall review and update policies and guidance regarding space system cybersecurity,210 days after 2025‑01‑16,Committee on National Security Systems,Within 210 days of the date of this order,0
14144,2025-01470,"Director of OMB shall issue guidance requiring agencies to inventory all major information systems and provide the inventory to CISA, DoD, or the National Manager",90 days after 2025‑01‑16,Director of OMB,Within 90 days of the date of this order,0
14145,2025-01758,Within 1 year of the date of this order,,Secretary of Commerce,"Within 1 year of the date of this order,",1
14145,2025-01758,Within 1 year of the date of this order,,Implementing agencies,"Within 1 year of the date of this order, implementing agencies shall, to the extent consistent with applicable law, consider signing a memorandum of agreement",0
14148,2025-01901,"Director of the Domestic Policy Council and the Director of the National Economic Council shall submit to the President an additional list of orders, memoranda, and proclamations that should be rescinded, as well as a list of replacement orders, memoranda, or proclamations.",Within 45 days of the date of this order,Director of the Domestic Policy Council and Director of the National Economic Council,"(b) The Director of the Domestic Policy Council (DPC) and the Director of the National Economic Council (NEC) shall … Within 45 days of the date of this order, the Director of the DPC and the Director of the NEC shall submit to the President an additional list of orders, memoranda, and proclamations …",0
14148,2025-01901,The National Security Advisor shall recommend to the President National Security Memoranda for rescission.,No later than 45 days from the date of this order,National Security Advisor,"(c) The National Security Advisor (NSA) shall … No later than 45 days from the date of this order, the NSA shall recommend to the President NSMs for rescission.",0
14151,2025-01953,within sixty days of this order,2025-03-20,"Agency, department, or commission heads",within sixty days of this order,0
14152,2025-01954,Report to the President through the National Security Advisor,90 days after order issuance,Director of National Intelligence (in consultation with the Director of the CIA),"Within 90 days of this order, the Director of National Intelligence, in consultation with the Director of the Central Intelligence Agency, shall submit a report to the President through the National Security Advisor that details:",0
14155,2025-01957,immediately,,Secretary of State,"The Secretary of State shall immediately inform the Secretary‑General of the United Nations, any other applicable depositary, and the leadership of the WHO of the withdrawal.",0
14155,2025-01957,with all practicable speed,,Secretary of State and Director of OMB,"with all practicable speed, to:",0
14155,2025-01957,as soon as practicable,,Director of the White House Office of Pandemic Preparedness and Response Policy,"shall review, rescind, and replace the 2024 U.S. Global Health Security Strategy as soon as practicable.",0
14156,2025-02003,Initial summary report to OMB and other officials,30 days from the date of the order,All agency heads,"Within 30 days from the date of this order, the heads of all agencies ... shall provide a summary report, listing such actions, to the Director of the Office of Management and Budget",0
14156,2025-02003,"First status report, then recurring every 30 days for the emergency’s duration",30 days after the initial summary report; thereafter every 30 days,Each department and agency,Within 30 days following the submission of the initial summary report ... each department and agency shall provide a status report ... at least every 30 days for the duration of the national emergency,0
14156,2025-02003,Defense‑Department energy‑logistics assessment,Within 60 days of the order,Secretary of Defense,"In collaboration with the Secretaries of Interior and Energy, the Secretary of Defense shall conduct an assessment ... and, within 60 days, shall submit this assessment to the Assistant to the President for National Security Affairs",0
14156,2025-02003,Initial ESA eligibility determination and committee resolution,Initial determination: within 20 days of receipt; Committee resolution: within 140 days of that determination,Secretary of the Interior,ensure an initial determination within 20 days of receipt and ... to convene the Endangered Species Act Committee to resolve the submission within 140 days of such initial determination,0
14157,2025-02004,Within 14 days of the date of this order,2025-02-03,Secretary of State,Within 14 days of the date of this order,0
14157,2025-02004,Within 14 days of the date of this order,2025-02-03,Attorney General and Secretary of Homeland Security,Within 14 days of the date of this order,0
14158,2025-02005,DOGE Teams must be hired or assigned within thirty days of the order date,2025-02-19,Agency Heads,each Agency Head shall ... establish ... a DOGE Team ... hired or assigned within thirty days of the date of this Order,0
14158,2025-02005,Termination of the U.S. DOGE Service Temporary Organization,2026-07-04,USDS,"The U.S. DOGE Service Temporary Organization shall terminate on July 4, 2026",0
14159,2025-02006,Report to the President on implementation progress within 90 days of the order’s date,90 days after 2025‑01‑20,Secretary of the Treasury and Secretary of Homeland Security,"Within 90 days of the date of this order, the Secretary of the Treasury and the Secretary of Homeland Security shall submit a report to the President regarding their progress implementing the requirements of this section",0
14160,2025-02007,30 days after the date of this order,,heads of all executive departments and agencies,The heads of all executive departments and agencies shall issue public guidance within 30 days of the date of this order regarding this order's implementation with respect to their operations and activities,0
14161,2025-02009,Within 60 days of the order date,2025-03-20,"Secretary of State, Attorney General, Secretary of Homeland Security, Director of National Intelligence","Within 60 days of the date of this order, the Secretary of State, the Attorney General, the Secretary of Homeland Security, and the Director of National Intelligence shall jointly submit to the President",0
14161,2025-02009,No later than 30 days from the order date,2025-02-19,"Secretary of State (in coordination with the Attorney General, the Secretary of Homeland Security, and the Director of National Intelligence)","As soon as possible, but no later than 30 days from the date of this order, the Secretary of State",1
14162,2025-02010,10 days after the order,,Director of the Office of Management and Budget,"within 10 days of this order, issue guidance for the rescission of all frozen funds",0
14162,2025-02010,30 days after the order,,"All listed secretaries, agency heads, and CEOs","Within 30 days of this order, ... shall submit a report ... that details their actions to revoke or rescind policies that were implemented to advance the International Climate Finance Plan",0
14163,2025-02011,Initial report due within 90 days of the order,,Secretary of Homeland Security,"Within 90 days of this order, the Secretary of Homeland Security, in consultation with the Secretary of State, shall submit a report to the President through the Homeland Security Advisor regarding whether resumption of entry of refugees ...",0
14163,2025-02011,Recurring reports every 90 days thereafter,,Secretary of Homeland Security,shall submit further reports every 90 days thereafter until I determine that resumption of the USRAP is in the interests of the United States.,0
14166,2025-02087,75 days from the date of this order,,Attorney General,the Attorney General not to take any action on behalf of the United States to enforce the Act for 75 days from the date of this order,0
14167,2025-02089,10 days from the effective date of the order,,Secretary of Defense,"No later than 10 days from the effective date of this order, deliver to the President a revision to the Unified Command Plan",0
14167,2025-02089,30 days from the effective date of the order,,Secretary of Defense,with a commander's estimate due to the Secretary of Defense within 30 days of the effective date of this order,0
14168,2025-02090,HHS guidance on sex‑based definitions,30 days after order date,Secretary of Health and Human Services,"Within 30 days of the date of this order, the Secretary of Health and Human Services shall provide to the U.S. Government, external partners, and the public clear guidance expanding on the sex‑based definitions set forth in this order.",0
14168,2025-02090,Proposed bill text to codify definitions,30 days after order date,Assistant to the President for Legislative Affairs,"Within 30 days of the date of this order, the Assistant to the President for Legislative Affairs shall present to the President proposed bill text to codify the definitions in this order.",0
14168,2025-02090,Agency implementation update,120 days after order date,Each agency head (via OMB Director),"Within 120 days of the date of this order, each agency head shall submit an update on implementation of this order to the President, through the Director of the Office of Management and Budget.",0
14169,2025-02091,Reviews of foreign assistance programs must be completed,90 days after 20 January 2025,Responsible department and agency heads,within 90 days of this order,0
14169,2025-02091,"Determinations on continuation, modification, or cessation of each program",90 days after 20 January 2025,Responsible department and agency heads (in consultation with OMB Director),will make determinations within 90 days of this order,0
14170,2025-02094,120 days from the order date,,Assistant to the President for Domestic Policy,"Within 120 days of the date of this order, the Assistant to the President for Domestic Policy, in consultation with the Director of the Office of Management and Budget, the Director of the Office of Personnel Management, and the Administrator of the Department of Government Efficiency (DOGE), shall develop and send to agency heads a Federal Hiring Plan",0
14171,2025-02095,Director to issue guidance on additional Schedule Policy/Career positions,30 days after 2025‑01‑20,Director of the Office of Personnel Management,"Within 30 days of the date of this order, the Director shall, after consultation with the Executive Office of the President, issue guidance about additional categories of positions",0
14172,2025-02096,Agency heads must complete review and consideration of Board appointees,within seven days of the date of this order,All agency heads with appointment authority,Within seven days of the date of this order,0
14173,2025-02097,Attorney General to submit a report to the Assistant to the President for Domestic Policy,120 days after 21 January 2025,Attorney General,"within 120 days of this order, the Attorney",1
14173,2025-02097,Attorney General and Secretary of Education to issue guidance to State and local educational agencies,120 days after 21 January 2025,Attorney General and Secretary of Education,"Within 120 days of this order, the Attorney General and the Secretary of Education shall jointly issue guidance to all State and local educational agencies that receive Federal funds",0
14173,2025-02097,Federal contractors may follow the pre‑order regulatory scheme,90 days after 21 January 2025,Federal contractors,"For 90 days from the date of this order, Federal contractors may continue to comply with the regulatory scheme in effect on January 20, 2025.",0
14175,2025-02103,Report to the President on the designation of Ansar Allah,30 days after 22 January 2025,Secretary of State,"Within 30 days of the date of this order, the Secretary of State shall, after consultation with the Director of National Intelligence and the Secretary of the Treasury, submit a report to the President",0
14175,2025-02103,Take action to designate Ansar Allah as a terrorist organization,15 days after the report is submitted,Secretary of State,"Within 15 days after submitting the report required under subsection (a) of this section, the Secretary of State shall take all appropriate action, consistent with 8 U.S.C. 1189, with regard to a designation of Ansar Allah as a terrorist organization",0
14176,2025-02116,15 days from the date of the order,,Director of National Intelligence and the Attorney General,"Within 15 days of the date of this order, the Director of National Intelligence and the Attorney General shall, in coordination with the Assistant to the President for National Security Affairs and the Counsel to the President, present a plan to the President for the full and complete release of records relating to the assassination of President John F. Kennedy.",0
14176,2025-02116,45 days from the date of the order,,Director of National Intelligence and the Attorney General,"Within 45 days of the date of this order, the Director of National Intelligence and the Attorney General shall, in coordination with the Assistant to the President for National Security Affairs and the Counsel to the President, review records related to the assassinations of Senator Robert F. Kennedy and the Reverend Dr. Martin Luther King, Jr., and present a plan to the President for the full and complete release of these records.",0
14178,2025-02123,within 30 days of the date of this order,2025-02-22,"Department of the Treasury, Department of Justice, Securities and Exchange Commission, and other relevant agencies","Within 30 days of the date of this order, the Department of the Treasury, the Department of Justice, the Securities and Exchange Commission, and other relevant agencies, the heads of which are included in the Working Group, shall identify all regulations, guidance documents, orders, or other items that affect the digital asset sector.",0
14178,2025-02123,within 60 days of the date of this order,2025-03-24,Each agency,"Within 60 days of the date of this order, each agency shall submit to the Chair recommendations with respect to whether each identified regulation, guidance document, order",1
14178,2025-02123,within 180 days of the date of this order,2025-07-22,President's Working Group on Digital Asset Markets,"Within 180 days of the date of this order, the Working Group shall submit a report to the President, through the APEP, which shall recommend regulatory and legislative proposals that advance the policies established in this order.",0
14179,2025-02172,180 days from order issuance,,"APST, Special Advisor for AI and Crypto, APNSA (and coordinated agencies)","Within 180 days of this order, ... shall develop and submit to the President an action plan",0
14179,2025-02172,60 days from order issuance,,OMB Director,"Within 60 days of this order, the OMB Director, in coordination with the APST, shall revise OMB Memoranda M-24-10 and M-24-18 as necessary",0
14181,2025-02174,Report to the President within 15 days,15 days from order issuance,All six secretaries listed in Sec 2(a),Each shall report to me within 15 days,0
14181,2025-02174,Identify regulatory hurdles and develop a proposed plan within 30 days,30 days from order issuance,Designated federal officials (Sec 2(g)),"Within 30 days from the date of this order, each designated official shall identify any regulatory hurdles that unduly burden each respective water project",0
14181,2025-02174,Joint report to the President within 30 days,30 days from order issuance,"Secretaries of the Interior, Agriculture, and Commerce (Sec 3(b))",Within 30 days of the date of this order... shall jointly report to the President,0
14181,2025-02174,Develop and execute debris‑removal plan within 5 days,5 days from order issuance,"Secretaries of Defense, Homeland Security, FEMA Administrator, EPA Administrator (Sec 4(b))",Within 5 days from the date of this order... shall develop and execute a plan to expedite the bulk removal of contaminated and general debris,0
14183,2025-02178,Update DoDI 6130.03 Volume 1,60 days after 27 January 2025,Secretary of Defense,"Within 60 days of the date of this order, the Secretary of Defense (Secretary) shall update DoDI 6130.03 Volume 1 …",0
14183,2025-02178,Submit implementation report to the President,30 days after 27 January 2025,Secretary of Defense,"Within 30 days of the date of this order, the Secretary shall … submit to the President … a report that summarizes these steps",0
14183,2025-02178,Issue Coast Guard updates consistent with DoD directives,30 days after the DoD updates are issued,Secretary of Homeland Security,"Within 30 days of the issuance of the respective updates, directives, and guidance … the Secretary of Homeland Security shall … issue updates, directives, and guidance",0
14184,2025-02180,Within 60 days of 27 January 2025 (by 27 March 2025),2025-03-27,Secretary of Defense and Secretary of Homeland Security,"Within 60 days of the date of this order, the Secretary of Defense and the Secretary of Homeland Security shall report to the President",0
14185,2025-02181,Department of Defense internal review report,90 days after order date,Secretary of Defense,The report shall be delivered to the Secretary of Defense within 90 days of the date of this order.,0
14185,2025-02181,Issue detailed implementation guidance,30 days after order date,Secretary of Defense and Secretary of Homeland Security,The Secretary of Defense and the Secretary of Homeland Security shall issue detailed guidance for the implementation of this order to their respective departments within 30 days of the date of this order.,0
14185,2025-02181,Submit progress report on implementation,180 days after order date,Secretary of Defense and Secretary of Homeland Security,"Within 180 days of the date of this order, the Secretary of Defense and the Secretary of Homeland Security shall submit a report through the Deputy Chief of Staff for Policy documenting the progress of their respective Departments in implementing this order",0
14186,2025-02182,60 days from the order date (January 27 2025),2025-03-27,Secretary of Defense,Within 60 days of the date of this order,0
14187,2025-02194,90 days from order date,2025‑04‑27,Secretary of Health and Human Services,"within 90 days of the date of this order, the Secretary of Health and Human Services (HHS) shall publish a review of the existing literature",0
14187,2025-02194,60 days from order date,2025‑03‑29,Heads of agencies with responsibilities under this order,"Within 60 days of the date of this order, the heads of agencies ... shall submit a single, combined report",0
14188,2025-02230,Reports must be submitted within 60 days of the order’s date,,Heads of executive departments and agencies,Within 60 days of the date of this order,0
14189,2025-02231,Task Force termination date,2026-12-31,President,"Task Force 250 shall terminate on December 31, 2026, unless extended by the President.",0
14189,2025-02231,Agency report on celebration planning,2025-03-01,All executive departments and agencies,"Agencies shall provide a report to Task Force 250 ... no later than March 1, 2025.",0
14190,2025-02232,Establish the 1776 Commission within 120 days of the order date,120 days after 2025‑01‑29,Secretary of Education,"Within 120 days of the date of this order, the Secretary of Education shall establish the 1776 Commission in the Department of Education.",0
14190,2025-02232,Commission terminates 2 years after the order date,2027‑01‑29,President,"The 1776 Commission shall terminate 2 years from the date of this order, unless extended by the President.",0
14191,2025-02233,Secretary of Education to issue guidance on Federal formula funds for K‑12 educational choice,within 60 days of the date of this order,Secretary of Education,"Within 60 days of the date of this order, the Secretary of Education shall issue guidance regarding how States can use Federal formula funds to support K-12 educational choice initiatives.",0
14191,2025-02233,Secretary of Labor and Secretary of Education to review discretionary grant programs and submit a plan,within 90 days of the date of this order,Secretary of Labor and Secretary of Education,"Within 90 days of the date of this order, the Secretary of Labor and the Secretary of Education shall review their respective discretionary grant programs and each submit a plan to the President, through the Assistant to the President for Domestic Policy, that identifies, evaluates, and makes recommendations regarding using relevant discretionary grant programs to expand education freedom for America's families and teachers.",0
14191,2025-02233,Secretary of Health and Human Services to issue guidance on using block grants for educational choice,within 90 days of the date of this order,Secretary of Health and Human Services,"Within 90 days of the date of this order, the Secretary of Health and Human Services shall issue guidance regarding whether and how States receiving block grants for families and children from the Department, including the Child Care and Development Block Grant (CCDGB), can use them to expand educational choice and support families who choose educational alternatives to governmental entities, including private and faith‑based options.",0
14191,2025-02233,Secretary of Defense to review mechanisms for military families to use DoD funds for school choice and submit a plan,within 90 days of the date of this order,Secretary of Defense,"Within 90 days of the date of this order, the Secretary of Defense shall review any available mechanisms under which military‑connected families may use funds from the Department of Defense to attend schools of their choice, including private, faith‑based, or public charter schools, and submit a plan to the President describing such mechanisms and the steps that would be necessary to implement them beginning in the 2025‑26 school year.",0
14191,2025-02233,"Secretary of the Interior to review mechanisms for BIE‑eligible families to use Federal funding for school choice, submit a plan, and report on BIE school performance",within 90 days of the date of this order,Secretary of the Interior,"Within 90 days of the date of this order, the Secretary of the Interior shall review any available mechanisms under which families of students eligible to attend BIE schools may use their Federal funding for educational options of their choice, including private, faith‑based, or public charter schools, and submit a plan to the President describing such mechanisms and the steps that would be necessary to implement them for the 2025‑26 school year. The Secretary shall report on the current performance of BIE schools and identify educational options in nearby areas.",0
14193,2025-02406,Additional 25 % duty on Canadian products becomes effective,2025-02-04T00:01:00-05:00,U.S. Customs and Border Protection,"subject to an additional 25 percent ad valorem rate of duty... on or after 12:01 a.m. eastern time on February 4, 2025",0
14193,2025-02406,Additional 10 % duty on Canadian energy products becomes effective,2025-02-04T00:01:00-05:00,U.S. Customs and Border Protection,"subject to an additional 10 percent ad valorem rate of duty... on or after 12:01 a.m. eastern time on February 4, 2025",0
14195,2025-02408,effective date for the additional 10 % duty,2025-02-04T00:01:00-05:00,U.S. Customs and Border Protection,"on or after 12:01 a.m. eastern time on February 4, 2025",0
14196,2025-02477,Submit the sovereign wealth fund plan to the President within 90 days of the order,2025-05-04,Secretary of the Treasury and Secretary of Commerce,shall jointly submit this plan to the President within 90 days of the date of this order,0
14197,2025-02478,pause of additional ad valorem duties ends,2025-03-04T00:01:00-05:00,,"shall be paused and will not take effect until March 4, 2025, at 12:01 a.m. eastern time",0
14198,2025-02479,Tariff pause ends; tariff may take effect after 12:01 a.m. ET on 4 Mar 2025,2025-03-04T00:01:00-05:00,Secretary of Homeland Security (in consultation with other senior officials),"the additional 25 percent ad valorem rate of duty shall be paused and will not take effect until March 4, 2025, at 12:01 a.m. eastern time",0
14199,2025-02504,UNESCO membership review must be finished within 90 days of the order’s date.,90 days from 4 Feb 2025,Secretary of State,must be completed within 90 days of the date of this order,0
14199,2025-02504,Comprehensive review of all U.S.‑funded international organizations must be completed within 180 days.,180 days from 4 Feb 2025,Secretary of State,"Within 180 days of the date of this order, the Secretary... shall conduct a review of all international intergovernmental organizations",0
14201,2025-02513,The convening of representatives must occur within 60 days of the order’s issuance.,2025-04-06,Assistant to the President for Domestic Policy,within 60 days of the date of this order,0
14202,2025-02611,within 120 days from the date of the order,,Task Force,a report within 120 days from the date of this order regarding the Task Force's initial work,0
14202,2025-02611,within 1 year from the date of the order,,Task Force,a report within 1 year from the date of this order that summarizes the Task Force's work,0
14202,2025-02611,2 years from the date of the order,,Task Force,The Task Force shall terminate 2 years from the date of this order unless extended by the President.,0
14203,2025-02612,Report due within 60 days of the order’s date,60 days after 2025‑02‑06,Secretary of the Treasury (in consultation with the Secretary of State),"Within 60 days of the date of this order, the Secretary of the Treasury, in consultation with the Secretary of State, shall submit to the President a report on additional persons that should be included within the scope of section 1 of this order.",0
14205,2025-02635,90 days of the date of this order,,All agencies lacking a Center for Faith,All such agencies shall designate or appoint such a Faith Liaison within 90 days of the date of this order.,0
14206,2025-02636,30 days from the order date (2025‑02‑07),2025-03-09,Attorney General,"Within 30 days of the date of this order, the Attorney General shall examine ... and present a proposed plan of action to the President",0
14208,2025-02735,45 days from 10 February 2025,2025-03-27,Assistant to the President for Domestic Policy (in coordination with relevant agencies),"Within 45 days of the date of this order, the Assistant to the President for Domestic Policy, in coordination with relevant agencies, shall issue a National Strategy to End the Use of Paper Straws",0
14209,2025-02736,Initial review period of 180 days,,Attorney General,For a period of 180 days following the date of this order,0
14210,2025-02762,OPM must start rulemaking within 30 days,30 days after order issuance,Office of Personnel Management,"Within 30 days of the date of this order, the Director of the Office of Personnel Management (OPM) shall initiate a rulemaking",0
14210,2025-02762,Agency Heads must submit statutory‑entity report within 30 days,30 days after order issuance,Agency Heads,"Within 30 days of the date of this order, Agency Heads shall submit to the Director of the Office of Management and Budget a report that identifies any statutes that establish the agency, or subcomponents of the agency, as statutorily required entities.",0
14210,2025-02762,USDS Administrator must submit implementation report within 240 days,240 days after order issuance,USDS Administrator,"Within 240 days of the date of this order, the USDS Administrator shall submit a report to the President regarding implementation of this order, including a recommendation as to whether any of its provisions should be extended, modified, or terminated.",0
14212,2025-02871,Within 100 days of the date of this order,,President's Make America Healthy Again Commission,"Within 100 days of the date of this order, the Commission shall submit ... the Make Our Children Healthy Again Assessment",0
14212,2025-02871,Within 180 days of the date of this order,,President's Make America Healthy Again Commission,"Within 180 days of the date of this order, the Commission shall submit ... a Make Our Children Healthy Again Strategy",0
14214,2025-02931,90 days from the order’s date (February 14 2025),2025-05-14,Secretary of Education (with HHS),"Within 90 days of the date of this order, the Secretary of Education, in consultation with the Secretary of Health and Human Services, shall provide to the President ... a plan to end coercive COVID-19 school mandates",0
14215,2025-03063,"within the earlier of 60 days from the date of this order, or completion of such implementation guidance",,Independent regulatory agencies,"Agency submissions by independent regulatory agencies under such section shall commence within the earlier of 60 days from the date of this order, or completion of such implementation guidance.",0
14216,2025-03064,Assistant to the President for Domestic Policy must submit the list of policy recommendations,90 days from order date,Assistant to the President for Domestic Policy,Within 90 days of the date of this order,0
14217,2025-03133,Heads of listed entities must report compliance within 14 days.,14 days after 2025‑02‑19,Heads of each listed unnecessary governmental entity,"Within 14 days of the date of this order, the head of each unnecessary governmental entity listed in subsection (a) of this section shall submit a report to the Director of the Office of Management and Budget (OMB Director) confirming compliance with this order and stating whether the governmental entity, or any components or functions thereof, are statutorily required and to what extent.",0
14217,2025-03133,Heads of specified departments/agencies must terminate listed advisory committees within 14 days.,14 days after 2025‑02‑19,Heads of the listed executive departments and agencies,"Within 14 days of the date of this order, the following heads of executive departments and agencies (agencies) shall take the following actions with respect to the following Federal Advisory Committees within their respective agencies:",0
14217,2025-03133,Assistants to the President must identify additional entities and committees within 30 days.,30 days after 2025‑02‑19,"Assistant to the President for National Security Affairs, Economic Policy, and Domestic Policy","Within 30 days of the date of this order, the Assistant to the President for National Security Affairs, the Assistant to the President for Economic Policy, and the Assistant to the President for Domestic Policy shall identify and submit to the President additional unnecessary governmental entities and Federal Advisory Committees that should be terminated on grounds that they are unnecessary.",0
14218,2025-03137,30 days from 2025‑02‑19,2025-03-20,Director of the Office of Management and Budget and Administrator of the United States DOGE Service,"Within 30 days of the date of this order, the Director of the Office of Management and Budget",0
14219,2025-03138,within 60 days of the date of this order,,Agency heads,"Within 60 days of the date of this order, agency heads shall",1
14219,2025-03138,within 60 days of the date of this order,,Agency heads,"Within 60 days of the date of this order, agency heads shall provide to the Administrator of",1
14220,2025-03439,Report submission to the President,270 days after 2025‑02‑25,Secretary of Commerce,"Within 270 days of the date of this order, the Secretary of Commerce shall submit a report to the President",0
14221,2025-03440,within 90 days of the date of this order,,"Secretary of the Treasury, Secretary of Labor, Secretary of Health and Human Services","including, within 90 days of the date of this order, action to:",0
14222,2025-03527,30 days from the date of the order,,Agency Heads,Each Agency Head shall complete this review within 30 days of the date of this order.,0
14222,2025-03527,30 days from the date of the order,,Agency Heads,Each Agency Head shall complete this process within 30 days of the date of this order,0
14222,2025-03527,7 days from the date of the order,,Agency Heads,"Within 7 days of the date of this order, each Agency Head shall confirm …",0
14222,2025-03527,30 days from the date of the order,,Agency Heads,"Within 30 days of the date of this order, each Agency Head shall promptly identify …",0
14222,2025-03527,60 days from the date of the order,,Administrator of General Services,"Within 60 days of the date of this order, the Administrator of General Services shall submit a plan …",0
14222,2025-03527,30‑day freeze beginning on the order date,,Agency employee credit‑card holders,All credit cards held by agency employees shall be treated as frozen for 30 days from the date of this order,0
14223,2025-03693,"Report to the President on findings, recommendations, and policy actions",270 days after 2025‑03‑01,Secretary of Commerce,"No later than 270 days after the date of this order, the Secretary of Commerce shall submit a report to the President",0
14225,2025-03695,30 days from order date,2025-03-31,Secretary of the Interior; Secretary of Agriculture,"Within 30 days of the date of this order, the Secretary of the Interior and the Secretary of Agriculture ... shall each issue new or updated guidance regarding tools to facilitate increased timber production",0
14225,2025-03695,60 days from order date,2025-04-30,Secretary of the Interior; Secretary of Commerce,"Within 60 days of the date of this order, the Secretary of the Interior, through the Director of the United States Fish and Wildlife Service (FWS), and the Secretary of Commerce ... shall complete a strategy on USFS and BLM forest management projects under section 7 of the Endangered Species Act",0
14225,2025-03695,90 days from order date,2025-05-30,Secretary of the Interior; Secretary of Agriculture,"Within 90 days of the date of this order, the Secretary of the Interior and the Secretary of Agriculture shall together submit to the President ... a plan that sets a target for the annual amount of timber per year to be offered for sale",0
14225,2025-03695,120 days from order date,2025-06-29,Secretary of the Interior; Secretary of Agriculture,"Within 120 days of the date of this order, the Secretary of the Interior, through the Directors of the FWS and the BLM, and the Secretary of Agriculture, through the Chief of the USFS, shall complete the Whitebark Pine Rangewide Programmatic Consultation",0
14225,2025-03695,180 days from order date,2025-08-28,Secretary of the Interior; Secretary of Agriculture,"Within 180 days of the date of this order, the Secretary of the Interior and the Secretary of Agriculture shall consider and, if appropriate ... adopt categorical exclusions ... to comply with the National Environmental Policy Act",0
14225,2025-03695,280 days from order date,2025-11-06,Secretary of the Interior,"Within 280 days of the date of this order, the Secretary of the Interior shall consider and, if appropriate ... establish a new categorical exclusion for timber thinning and re‑establish a categorical exclusion for timber salvage activities",0
14229,2025-03869,Rename the Anahuac National Wildlife Refuge,"30 days after March 4, 2025",Secretary of the Interior,Within 30 days of the date of this order,0
14230,2025-03989,30 days from the order date (March 6 2025),2025-04-05,All agencies (assessment to be submitted to the Director of OMB),"Within 30 days of the date of this order, all agencies shall submit to the Director of the Office of Management and Budget an assessment of contracts with Perkins Coie",0
14231,2025-03990,"on or after 12:01 a.m. EST on March 7, 2025",2025-03-07,,"effective with respect to goods entered for consumption, or withdrawn from warehouse for consumption, on or after 12:01 a.m. eastern standard time on March 7, 2025.",0
14232,2025-03991,effective date,2025-03-07,,"effective with respect to goods entered for consumption, or withdrawn from warehouse for consumption, on or after 12:01 a.m. eastern standard time on March 7, 2025",0
14233,2025-03992,30 days from order date – agencies must review authority to transfer Government BTC and submit a report to the Treasury,2025-04-05,All federal agencies,"Within 30 days of the date of this order, each agency shall review its authorities to transfer any Government BTC held by it to the Strategic Bitcoin Reserve and shall submit a report reflecting the result of that review to the Secretary of the Treasury.",0
14233,2025-03992,60 days from order date – Treasury must deliver a legal and investment evaluation for the Strategic Bitcoin Reserve and Digital Asset Stockpile,2025-05-05,Secretary of the Treasury,"Within 60 days of the date of this order, the Secretary of the Treasury shall deliver an evaluation of the legal and investment considerations for establishing and managing the Strategic Bitcoin Reserve",0
14233,2025-03992,30 days from order date – agency heads must provide a full accounting of all Government Digital Assets to Treasury and the President’s Working Group,2025-04-05,Heads of each federal agency,"Within 30 days of the date of this order, the head of each agency shall provide the Secretary of the Treasury and the President's Working Group on Digital Asset Markets with a full accounting of all Government Digital Assets in such agency's possession",0
14237,2025-04867,within 30 days of the date of this order,2025-04-13,all agencies,"Within 30 days of the date of this order, all agencies shall submit to the Director of the Office of Management and Budget an assessment of contracts with Paul Weiss",0
14238,2025-04868,Heads of listed entities must submit compliance reports within 7 days of the order,2025-03-21,Heads of the listed governmental entities,"Within 7 days of the date of this order, the head of each governmental entity listed in subsection (a) of this section shall submit a report to the Director of the Office of Management and Budget confirming full compliance with this order",0
14239,2025-04973,APNSA must publish a National Resilience Strategy,90 days,Assistant to the President for National Security Affairs (APNSA),Within 90 days of the date of this order,0
14239,2025-04973,APNSA must review all critical infrastructure policies and recommend revisions,180 days,APNSA,Within 180 days of the date of this order,0
14239,2025-04973,APNSA must review all national continuity policies and recommend revisions,180 days,APNSA,Within 180 days of the date of this order,0
14239,2025-04973,APNSA must review all national preparedness and response policies and recommend revisions,240 days,APNSA,Within 240 days of the date of this order,0
14239,2025-04973,APNSA must coordinate the development of a National Risk Register,240 days,APNSA,Within 240 days of the date of this order,0
14239,2025-04973,Secretary of Homeland Security must propose changes to the Federal National Functions framework,1 year,Secretary of Homeland Security,Within 1 year of the date of this order,0
14240,2025-05197,within 60 days of the order date (March 20 2025),2025-05-19,Agency heads,"Within 60 days of the date of this order, agency heads shall, in consultation with the agency's senior procurement officials, submit to the Administrator proposals",0
14240,2025-05197,within 90 days of the order date (March 20 2025),2025-06-18,GSA Administrator,"Within 90 days of the date of this order, the Administrator shall submit a comprehensive plan to the Director of OMB for the General Services Administration to procure common goods and services across the domestic components of the Government",0
14240,2025-05197,within 30 days of the order date (March 20 2025),2025-04-19,OMB Director,"Within 30 days of the date of this order,",1
14240,2025-05197,within 14 days of the order date (March 20 2025),2025-04-03,OMB Director,"Within 14 days of the date of this order, the Director of OMB shall issue a memorandum to agencies implementing subsection (c) of this section",0
14241,2025-05212,Agencies must submit lists of mineral projects,Within 10 days of the date of this order,Heads of executive departments and agencies,"Within 10 days of the date of this order, the head of each executive department and agency ... shall provide to the Chair of the NEDC a list of all mineral production projects",0
14241,2025-05212,NEDC must submit projects for the Permitting Dashboard,Within 15 days of the date of this order,Chair of the National Energy Dominance Council (NEDC),"Within 15 days of the date of this order, the Chair of the NEDC, in consultation with the heads of relevant agencies, shall submit to the Executive Director of the Permitting Council",0
14241,2025-05212,Secretary of Defense must add mineral production as a priority area,Within 30 days of the date of this order,Secretary of Defense,"Within 30 days of the date of this order, the Secretary of Defense shall add mineral production as a priority industrial capability development area for the Industrial Base Analysis and Sustainment Program.",0
14241,2025-05212,SBA Administrator must prepare legislative recommendations,Within 45 days of the date of this order,Administrator of the Small Business Administration,"Within 45 days of the date of this order, the Administrator of the Small Business Administration shall prepare and submit ... recommendations for legislation to enhance private‑public capital activities",0
14243,2025-05214,Rescind or modify agency guidance that serves as a barrier to information sharing (30‑day deadline).,2025-04-19,Agency Heads,"Within 30 days of the date of this order, Agency Heads shall",1
14243,2025-05214,Submit OMB report on unclassified data regulations (30‑day deadline).,2025-04-19,Agency Heads,"within 30 days of the date of this order, submit a report to the Office of Management and Budget cataloging those regulations",0
14243,2025-05214,Submit OMB report on classified‑information policies (45‑day deadline).,2025-05-04,Agency Heads,"within 45 days of the date of this order, submit a report to the Office of Management and Budget cataloguing those classified information policies",0
14245,2025-05440,first periodic report to the President,,Secretary of State and Secretary of Commerce,within 180 days of the date of this order,0
14245,2025-05440,subsequent periodic reports,,Secretary of State and Secretary of Commerce,no less than every 180 days thereafter,0
14246,2025-05519,30 days from the date of the order,,All agencies (to submit to the Director of the Office of Management and Budget),"Within 30 days of the date of this order, agencies shall submit ... an assessment of contracts with Jenner",0
14247,2025-05522,Compliance plan submission,within 90 days of the order date,Heads of agencies,heads of agencies shall submit a compliance plan … within 90 days of the date of this order,0
14247,2025-05522,Implementation report submission,within 180 days of the order date,Secretary of the Treasury,Secretary of the Treasury shall submit an implementation report … within 180 days of the date of this order,0
14248,2025-05523,Add documentary proof of U.S. citizenship requirements to the national mail voter‑registration form,30 days after order issuance,Election Assistance Commission,"Within 30 days of the date of this order, the Election Assistance Commission shall take appropriate action to require, in its national mail voter registration form issued under 52 U.S.C. 20508:",0
14248,2025-05523,Provide the Attorney General with data on foreign nationals who have registered or voted,90 days after order issuance,Secretary of Homeland Security,"Within 90 days of the date of this order, the Secretary of Homeland Security shall, consistent with applicable law, provide to the Attorney General complete information on all foreign nationals who have indicated on any immigration form that they have registered or voted in a Federal, State, or local election",0
14248,2025-05523,"Review and, if appropriate, re‑certify voting systems under the new standards",180 days after order issuance,Election Assistance Commission,"Within 180 days of the date of this order, the Election Assistance Commission shall take appropriate action to review and, if appropriate, re‑certify voting systems under the new standards established under subsection (b)(i) of this section",0
14248,2025-05523,Submit a compliance report to the President,90 days after order issuance,All agency heads (including the Election Assistance Commission),"within 90 days of the date of this order, submit to the President, through the Assistant to the President for Domestic Policy, a report describing compliance with this order",0
14249,2025-05524,Agency heads must review and modify system‑of‑records notices to allow Treasury disclosure,90 days after order date,All agency heads,"Within 90 days of the date of this order, agency heads shall review and modify, as applicable, their relevant system of records notices ...",0
14249,2025-05524,OMB Director must issue guidance for CFO‑Act agencies to consolidate core financial systems,180 days after order date,OMB Director,"Within 180 days of the date of this order, the OMB Director shall issue guidance that directs agencies ... to consolidate their core financial systems",0
14249,2025-05524,OMB Director must issue guidance for non‑CFO‑Act agencies to consolidate transactional financial‑management services,180 days after order date,OMB Director,"As soon as practicable, but not later than 180 days of the date of this order, the OMB Director ... shall issue guidance directing all non‑CFO Act agencies to consolidate transactional financial management services",0
14249,2025-05524,Secretary of the Treasury must assess delegated disbursing authority and issue revocation notices where appropriate,30 days after order date,Secretary of the Treasury,"Within 30 days of the date of this order, the Secretary of the Treasury shall assess whether to maintain disbursing authority ... and issue notices to revoke such delegations",0
14249,2025-05524,All agency heads must submit a compliance plan to the OMB Director,90 days after order date,All agency heads,The heads of all agencies shall submit a compliance plan to the OMB Director within 90 days of the date of this order,0
14249,2025-05524,Secretary of the Treasury must submit an implementation report to the President,180 days after order date,Secretary of the Treasury,The Secretary of the Treasury shall submit an implementation report to the President ... within 180 days of the date of this order,0
14250,2025-05845,30 days from the order date (March 27 2025),2025-04-26,All heads of agencies,"Within 30 days of the date of this order, agencies shall submit to the Director of the Office of Management and Budget an assessment of contracts with WilmerHale ...",0
14252,2025-05837,immediately,,Secretary of the Interior,shall immediately issue a directive,0
14253,2025-05838,"complete by July 4, 2026",2026-07-04,Secretary of the Interior,"which shall be complete by July 4, 2026",0
14254,2025-05906,Report to be submitted within 180 days of the order date,180 days after 2025‑03‑31,"Secretary of the Treasury, Attorney General, and Chairman of the FTC","Within 180 days of the date of this order, the Secretary of the Treasury, Attorney General, and Chairman of the FTC shall jointly submit a report",0
14255,2025-05908,30 days after 31 March 2025,2025-04-30,Secretary of Commerce,Within 30 days of the date of this order,0
14256,2025-06027,Effective date for the removal of de‑minimis treatment and imposition of duties,2025-05-02,,"on or after 12:01 am eastern daylight time on May 2, 2025",0
14256,2025-06027,Higher specific duty rate becomes applicable,2025-06-01,,"on or after 12:01 am eastern daylight time on June 1, 2025",0
14256,2025-06027,Report on the impact of the order and recommendations,2025-07-01,Secretary of Commerce,"Within 90 days of the date of this order, the Secretary of Commerce ... shall submit a report to the President",0
14257,2025-06063,Additional ad valorem duty of 10 percent applies to all imports on or after this date,2025-04-05T00:01:00-04:00,,"on or after 12:01 a.m. eastern daylight time on April 5, 2025",0
14257,2025-06063,Country‑specific ad valorem rates from Annex I apply on or after this date,2025-04-09T00:01:00-04:00,,"on or after 12:01 a.m. eastern daylight time on April 9, 2025",0
14258,2025-06162,"June 19, 2025",2025-06-19,,"until June 19, 2025.",0
14259,2025-06378,Tariff increase to 84 % for heading 9903.01.63 and related sub‑chapter provision,2025-04-09T00:01:00-04:00,U.S. Customs and Border Protection,"Effective with respect to goods entered for consumption, or withdrawn from warehouse for consumption, on or after 12:01 a.m. eastern daylight time on April 9, 2025:",0
14259,2025-06378,Postal‑item duty increase to $75,2025-05-02T00:01:00-04:00,U.S. Postal Service,(b) increase the per postal item containing goods duty,1
14259,2025-06378,Postal‑item duty increase to $150,2025-06-01T00:01:00-04:00,U.S. Postal Service,(c) increase the per postal item containing goods duty ... from 50 dollars to 150 dollars.,0
14260,2025-06379,Report to the President within 60 days of the order date,60 days after 2025-04-08,Attorney General,"Within 60 days of the date of this order, the Attorney General shall submit a report to the President, through the Counsel to the President, regarding actions taken under subsection (b) of this section",0
14261,2025-06380,Submit consolidated report on coal resources and impediments on Federal lands,60 days after order date,"Secretary of the Interior, Secretary of Agriculture, Secretary of Energy","Within 60 days of the date of this order, the Secretary of the Interior, the Secretary of Agriculture, and the Secretary of Energy shall submit a consolidated report",0
14261,2025-06380,"Identify guidance, regulations, programs, and policies that transition the Nation away from coal",30 days after order date,"EPA Administrator, Secretaries of Transportation, Interior, Energy, Labor, Treasury","Within 30 days of the date of this order, the Administrator of the Environmental Protection Agency, the Secretary of Transportation, the Secretary of the Interior, the Secretary of Energy, the Secretary of Labor, and the Secretary of the Treasury shall identify any guidance, regulations, programs, and policies",0
14261,2025-06380,Consider revising or rescinding identified Federal actions,60 days after order date,Heads of all relevant executive departments and agencies,"Within 60 days of the date of this order, the heads of all relevant executive departments and agencies ... shall consider revising or rescinding Federal actions identified in subsection (a)",0
14261,2025-06380,Review agency charters and related materials to ensure they do not discourage coal financing,30 days after order date,Secretary of State and other listed agency heads,"Within 30 days of the date of this order, the Secretary of State ... shall review their charters, regulations, guidance, policies, international agreements, analytical models and internal bureaucratic processes",0
14261,2025-06380,Identify categorical exclusions under NEPA that could further coal production and export,30 days after order date,All federal agencies,"Within 30 days of the date of this order, each agency shall identify to the Council on Environmental Quality any existing and potential categorical exclusions",0
14261,2025-06380,Identify regions for AI data‑center coal power and submit summary report,60 days after order date,"Secretaries of the Interior, Commerce, and Energy","Within 60 days of the date of this order, the Secretary of the Interior, Secretary of Commerce, and the Secretary of Energy shall identify regions where coal‑powered infrastructure is available ... and submit a consolidated summary report",0
14261,2025-06380,Submit detailed action plan for accelerating coal technology deployment,90 days after order date,Secretary of Energy,"Within 90 days of the date of this order, the Secretary of Energy shall submit a detailed action plan to the President through the Chair of the NEDC",0
14262,2025-06381,within 30 days of the date of this order,2025-05-08,Secretary of Energy,Within 30 days of the date of this order,0
14262,2025-06381,within 90 days of the date of this order,2025-07-07,Secretary of Energy,within 90 days of the date of this order,0
14263,2025-06458,30 days from the date of the order (April 9 2025),2025-05-09,All heads of agencies,"Within 30 days of the date of this order, agencies shall submit to the Director of the Office of Management and Budget an assessment of contracts with Susman or with entities that do business with Susman",0
14264,2025-06459,30 days from the date of publication of the notice,,,The rescission shall be effective 30 days from the date of publication of the notice.,0
14265,2025-06461,Secretary of Defense shall submit a plan to reform acquisition processes,,Secretary of Defense,Within 60 days of the date of this order,0
14265,2025-06461,"Secretary of Defense, in coordination with service secretaries, shall develop and submit a plan to reform the acquisition workforce",,Secretary of Defense,Within 120 days of the date of this order,0
14265,2025-06461,Secretary of Defense shall complete a comprehensive review of all major defense acquisition programs and provide listings to OMB,,Secretary of Defense,Within 90 days of the date of this order,0
14265,2025-06461,Secretary of Defense shall complete a comprehensive review of the Joint Capabilities Integration and Development System,,Secretary of Defense,Within 180 days of the date of this order,0
14266,2025-06462,"until 12:01 a.m. eastern daylight time on July 9, 2025",2025-07-09,,"until 12:01 a.m. eastern daylight time on July 9, 2025",0
14267,2025-06463,Within 70 days of the date of this order,2025-06-18,Agency heads,"Within 70 days of the date of this order, agency heads shall each provide to the Chairman and the Attorney General a list of regulations identified",0
14267,2025-06463,Within 10 days of the date of this order,2025-04-19,Chairman of the Federal Trade Commission,"Within 10 days of the date of this order, the Chairman shall issue a request for information (RFI)",0
14267,2025-06463,Within 90 days of receipt of the agency lists,,Chairman of the Federal Trade Commission,Within 90 days of receipt of the agency,1
14268,2025-06464,Develop a list of priority partners for conventional arms transfers and issue updated guidance to diplomatic missions; develop a list of priority end‑items and ensure transfers do not harm force readiness or advance burden‑sharing goals.,60 days after 2025‑04‑09,Secretary of State (in consultation with Secretary of Defense) and Secretary of Defense (in consultation with Secretary of State),Within 60 days of the date of this order:,0
14268,2025-06464,"Improve transparency of U.S. defense sales, secure exportability early in acquisition, and consolidate technology‑security and foreign‑disclosure approvals.",90 days after 2025‑04‑09,"Secretary of State, Secretary of Defense, Secretary of Commerce","Within 90 days of the date of this order, the Secretary of State and the Secretary of Defense, in consultation with the Secretary of Commerce, shall submit a plan to the President, through the Assistant to the President for National Security Affairs (APNSA), to:",0
14268,2025-06464,Create a single electronic system to track DCS export‑license requests and FMS efforts.,120 days after 2025‑04‑09,Secretary of Defense (assisted by Secretary of State and Secretary of Commerce),"Within 120 days of the date of this order, the Secretary of Defense, with the assistance of the Secretary of State and the Secretary of Commerce, shall submit a plan to the APNSA to develop a single electronic system to track all DCS export license requests and ongoing FMS efforts throughout the case life‑cycle.",0
14268,2025-06464,"Annual review, update, and re‑issuance of priority‑partner and priority‑end‑item lists.",annually,Secretary of State and Secretary of Defense,"shall review, update, and reissue the lists of priority partners and military end‑items on an annual basis.",0
14269,2025-06465,210 days from order date (April 9 2025) – MAP submission,2025-10-26,APNSA,"Within 210 days of the date of this order, … shall submit a Maritime Action Plan (MAP) to the President",0
14269,2025-06465,180 days from order date – Defense assessment for MAP,2025-10-06,Secretary of Defense,"Within 180 days of the date of this order, the Secretary of Defense … shall provide … an assessment … for inclusion in the MAP",0
14269,2025-06465,90 days from order date – USTR engagement plan,2025-07-08,USTR,"Within 90 days of the date of this order, the USTR",1
14269,2025-06465,90 days from order date – Maritime Prosperity Zones plan,2025-07-08,Secretary of Commerce,"Within 90 days of the date of this order, the Secretary of Commerce … shall deliver a plan … that identifies opportunities to incentivize … maritime prosperity zones.",0
14269,2025-06465,90 days from order date – Report on maritime industry needs,2025-07-08,Secretary of Transportation,"Within 90 days of the date of this order, the Secretary of Transportation … shall deliver a report … that inventories Federal programs …",0
14269,2025-06465,90 days from order date – Report on mariner training and education,2025-07-08,"Secretary of State, Defense, Labor, Transportation, Education, Homeland Security","Within 90 days of the date of this order, the Secretary of State, the Secretary of Defense, the Secretary of Labor, the Secretary of Transportation, the Secretary of Education, and the Secretary of Homeland Security shall deliver a report … with recommendations to address workforce challenges …",0
14269,2025-06465,30 days from order date – Hiring and reprogramming for USMMA,2025-05-09,Secretary of Transportation,Within 30 days of this order,1
14269,2025-06465,45 days from order date – Shipbuilding review report,2025-05-24,"Secretary of Defense, Commerce, Transportation, Homeland Security","Within 45 days of the date of this order, the Secretary of Defense, the Secretary of Commerce, the Secretary of Transportation, and the Secretary of Homeland Security shall conduct a review of shipbuilding … and submit a report to the President",0
14269,2025-06465,30 days from order date – Deregulatory review report,2025-05-09,"Secretary of Defense, Transportation, Homeland Security",Within 30 days of the date of this order,1
14269,2025-06465,180 days from order date – Legislative proposal to increase U.S.‑flagged commercial fleet,2025-10-06,Secretary of Transportation,Within 180 days of the date of this order,1
14270,2025-06466,Covered Agencies must have a sunset rule effective by this date.,"September 30, 2025",Covered Agencies,"shall issue a sunset rule, effective not later than September 30, 2025, that inserts a Conditional Sunset Date into each of their Covered Regulations.",0
14270,2025-06466,EPA Administrator and Army Secretary must provide the required list within 30 days of the order.,"May 9, 2025",EPA Administrator and Secretary of the Army,"within 30 days of the date of this order, the Administrator of the EPA and Secretary of the Army shall provide to the President, through the Director of the Office of Management and Budget (OMB Director), a list of statutes vesting EPA and ACE with regulatory authority that shall be subject to this order.",0
14271,2025-06835,Agency approval authorities must direct contracting officers to conduct the review,60 days after order issuance,Agency approval authorities,Within 60 days of the date of this order,0
14271,2025-06835,Approval authorities must assess compliance and make recommendations,30 days after receipt of each proposed application,Agency approval authorities,Within 30 days of the date of the receipt of the proposed applications,0
14271,2025-06835,Provide a compliance report to the Director of OMB,First report due 120 days after order issuance; subsequent reports each year,Agency approval authorities,Within 120 days of the date of this order and annually thereafter,0
14272,2025-06836,Draft interim report to designated officials,90 days after order date,Secretary of Commerce,"Within 90 days of the date of this order, the Secretary of Commerce shall submit for internal review and comment a draft interim report …",0
14272,2025-06836,Final report and recommendations to the President,180 days after investigation commencement,Secretary of Commerce,The Secretary of Commerce shall submit a final report and recommendations to the President within 180 days of the investigation's commencement.,0
14275,2025-06839,Amend the FAR,180 days from the date of this order,Administrator,"Within 180 days of the date of this order, the Administrator",1
14275,2025-06839,Designate a senior acquisition or procurement official,15 days from the date of this order,Each agency exercising procurement authority,"Within 15 days of the date of this order, each agency exercising procurement authority",1
14275,2025-06839,Issue a memorandum to agencies providing guidance on FAR implementation,20 days from the date of this order,Director of the Office of Management and Budget,"Within 20 days of the date of this order, the Director of",1
14276,2025-07062,30 days from the date of the order,2025-05-17,Secretary of Commerce,"Within 30 days of the date of this order, the Secretary of Commerce shall identify the most heavily overregulated fisheries requiring action and take appropriate action to reduce the regulatory burden on them",0
14276,2025-07062,180 days from the date of the order,2025-10-14,Regional Fishery Management Councils,"within 180 days of the date of this order, provide the Secretary of Commerce with updates to their recommendations submitted pursuant to Executive Order 13921",0
14276,2025-07062,60 days from the date of the order,2025-06-16,Secretary of Commerce and USTR,"Within 60 days of the date of this order, the Secretary of Commerce and the United States Trade Representative ... shall assess seafood competitiveness issues and jointly develop a comprehensive seafood trade strategy",0
14276,2025-07062,180 days from the date of the order,2025-10-14,Secretary of Commerce (with Secretary of the Interior),"Within 180 days of the date of this order, the Secretary of Commerce, in consultation with the Secretary of the Interior, shall review all existing marine national monuments and provide recommendations to the President",0
14277,2025-07368,90 days from order date,,White House Task Force on Artificial Intelligence Education,"Within 90 days of the date of this order, the Task Force shall establish plans for a Presidential Artificial Intelligence Challenge (Challenge)",0
14277,2025-07368,no later than 12 months after plan submission,,White House Task Force on Artificial Intelligence Education,implement the plans by holding the Challenge no later than 12 months from the submission of the plan.,0
14277,2025-07368,90 days from order date,,White House Task Force on Artificial Intelligence Education,"Within 90 days of the date of this order, the Task Force shall identify existing Federal AI resources on which agencies may rely",0
14277,2025-07368,90 days from order date,,Secretary of Education,"Within 90 days of the date of this order, the Secretary of Education shall issue guidance regarding the use of formula and discretionary grant",1
14277,2025-07368,90 days from order date,,Secretary of Education,"Within 90 days of the date of this order, the Secretary of Education shall identify and implement ways to utilize existing research",1
14277,2025-07368,120 days from order date,,Secretary of Education,"Within 120 days of the date of this order, the Secretary of Education shall take steps to prioritize the use of AI in discretionary grant programs for teacher",1
14277,2025-07368,120 days from order date,,Director of the National Science Foundation,"Within 120 days of the date of this order, the Director of the NSF shall take steps to prioritize research on the use of AI in education.",0
14277,2025-07368,120 days from order date,,Secretary of Agriculture,"Within 120 days of the date of this order, the Secretary of Agriculture shall take steps to prioritize research, extension, and education on the use of",1
14277,2025-07368,120 days from order date,,Secretary of Labor,"Within 120 days of the date of this order, the Secretary of Labor shall seek to increase participation in AI‑related Registered",1
14278,2025-07369,Report on workforce development programs,90 days after 2025-04-23,"Secretary of Labor, Secretary of Commerce, Secretary of Education",Within 90 days of the date of this order,0
14278,2025-07369,Plan to reach and surpass 1 million new active apprentices,120 days after 2025-04-23,"Secretary of Labor, Secretary of Commerce, Secretary of Education",Within 120 days of the date of this order,0
14280,2025-07377,30 days,,Secretary of Education (with Attorney General),"Within 30 days of the date of this order, the Secretary of Education, in consultation with the Attorney General, shall issue new guidance …",0
14280,2025-07377,60 days,,Secretary of Education and Attorney General,"Within 60 days of the date of this order, the Secretary of Education and the Attorney General shall initiate coordination …",0
14280,2025-07377,90 days,,Secretary of Defense,"Within 90 days of the date of this order, the Secretary of Defense shall issue a revised school discipline code …",0
14280,2025-07377,120 days,,"Secretary of Education (with Attorney General, HHS, DHS)","Within 120 days of the date of this order, the Secretary of Education shall … submit a report to the President …",0
14281,2025-07378,30 days from the order date (April 23 2025),,Attorney General (with agency heads),"Within 30 days of the date of this order, the Attorney General, in coordination with the heads of all other agencies, shall report to the President",0
14281,2025-07378,45 days from the order date (April 23 2025),,Attorney General and EEOC Chair,"Within 45 days of the date of this order, the Attorney General and the Chair of the Equal Employment Opportunity Commission shall assess all pending investigations",0
14281,2025-07378,45 days from the order date (April 23 2025),,"Attorney General, HUD Secretary, CFPB Director, FTC Chair, other agency heads","Within 45 days of the date of this order, the Attorney General, the Secretary of Housing and Urban Development, the Director of the Consumer Financial Protection Bureau, the Chair of the Federal Trade Commission, and the heads of other agencies ... shall evaluate all pending proceedings",0
14281,2025-07378,90 days from the order date (April 23 2025),,All federal agencies,"Within 90 days of the date of this order, all agencies shall evaluate existing consent judgments and permanent injunctions that rely on theories of disparate-impact liability",0
14283,2025-07380,Within 14 days of the date of this order,,Administrator of the Environmental Protection Agency,"Within 14 days of the date of this order, the Administrator of the Environmental Protection Agency shall terminate the Historically Black Colleges and Universities and Minority Serving Institutions Advisory Council",0
14284,2025-07469,Agencies must identify employees in initial probationary or trial periods ending 90 days or more from the order date.,2025-05-09,Heads of executive departments and agencies,Within 15 days of the date of this order: (i) The head of each executive department and agency (agency) shall identify each employee …,0
14284,2025-07469,"Director of OPM must prepare and publish a rule rescinding subpart H of part 315, title 5, CFR.",2025-05-24,Director of OPM,The Director of OPM shall within 30 days of the date of this order prepare and publish a rule rescinding subpart H and making conforming amendments.,0
14284,2025-07469,Sections 5(b)‑(d) of the order and Civil Service Rule 11.5 become effective 90 days after the order date.,2025-07-23,All affected agencies,"This order is effective immediately, except that the requirements of sections 5(b) through 5(d) of this order and of Civil Service Rule 11.5 shall become effective 90 days from the date of this order.",0
14285,2025-07470,All tasks listed in Section 3 must be completed within 60 days of April 24 2025,Within 60 days of the date of this order,All agencies listed above,Within 60 days of the date of this order:,0
14286,2025-07786,Rescind the guidance document and issue new guidance (Sec. 3(a)).,2025‑06‑27,Secretary of Transportation,within 60 days of the date of this order,0
14286,2025-07786,Identify and begin actions to improve truck‑driver working conditions (Sec. 5).,2025‑06‑27,Secretary of Transportation,"Within 60 days of the date of this order, the Secretary of Transportation shall identify and begin carrying out additional administrative, regulatory, or enforcement actions to improve the working conditions of America's truck drivers.",0
14287,2025-07789,Publish list of sanctuary jurisdictions,Within 30 days of the date of this order,Attorney General and Secretary of Homeland Security,"Within 30 days of the date of this order, the Attorney General, in coordination with the Secretary of Homeland Security, shall publish a list of States and local jurisdictions that obstruct the enforcement of Federal immigration laws",0
14287,2025-07789,Notify each sanctuary jurisdiction of its defiance,Immediately following each publication,Attorney General and Secretary of Homeland Security,Immediately following each publication ... the Attorney General and the Secretary of Homeland Security shall notify each sanctuary jurisdiction regarding its defiance of Federal immigration law enforcement and any potential violations of Federal criminal law,0
14288,2025-07790,within 60 days of the date of this order,,Attorney General,"Within 60 days of the date of this order, the Attorney General shall review all ongoing Federal consent decrees, out-of-court agreements, and post‑judgment orders",1
14288,2025-07790,within 90 days of the date of this order,,Attorney General and Secretary of Defense,"Within 90 days of the date of this order, the Attorney General and the Secretary of Defense, in consultation with the Secretary of Homeland Security and the heads of agencies as appropriate, shall increase the provision of excess military and national security assets in local jurisdictions to assist State and local law enforcement.",0
14288,2025-07790,within 90 days of the date of this order,,Secretary of Defense,"Within 90 days of the date of this order, the Secretary of Defense, in coordination with the Attorney General, shall determine how military and national security assets, training, non‑lethal capabilities, and personnel can most effectively be utilized to prevent crime.",0
14289,2025-07835,"Any changes to the HTSUS necessary to comply with this order shall be made not later than 12:01 a.m. eastern daylight time on May 16, 2025.",2025-05-16T12:01:00-04:00,Secretary of Homeland Security,"Any changes to the HTSUS necessary to comply with this order shall be made not later than 12:01 a.m. eastern daylight time on May 16, 2025.",0
14290,2025-08133,Revise the 2025 Television Community Service Grants General Provisions and Eligibility Criteria to prohibit funding NPR and PBS,2025-06-30,Corporation for Public Broadcasting (CPB) Board,"the CPB Board shall, before June 30, 2025, revise the 2025 Television Community Service Grants General Provisions",0
14291,2025-08134,Commission members’ term ends,2026-07-04,Commission,"Members appointed to the Commission shall serve one term ending on July 4, 2026, which marks the 250th anniversary of American Independence.",0
14291,2025-08134,Commission termination (unless extended),2026-07-04,President,"The Commission shall terminate on July 4, 2026, which marks the 250th anniversary of American Independence, unless extended by the President.",0
14292,2025-08266,revise or replace the 2024 Dual‑Use Research of Concern policy,120 days after order date,Office of Science and Technology Policy (OSTP),"Within 120 days of the date of this order, the Director of OSTP ... shall revise or replace the 2024 ``United States Government Policy for Oversight of Dual Use Research of Concern and Pathogens with Enhanced Pandemic Potential''",0
14292,2025-08266,revise or replace the 2024 Nucleic Acid Synthesis Screening Framework,90 days after order date,Office of Science and Technology Policy (OSTP),"Within 90 days of the date of this order, the Director of OSTP ... shall revise or replace the 2024 ``Framework for Nucleic Acid Synthesis Screening''",0
14292,2025-08266,develop and implement a strategy for non‑federally funded dangerous gain‑of‑function research,180 days after order date,Office of Science and Technology Policy (OSTP),"Within 180 days of the date of this order, the Director of OSTP ... shall develop and implement a strategy to govern, limit, and track dangerous gain‑of‑function research ... that occurs without Federal funding",0
14293,2025-08267,180 days from order date,,Secretary of Health and Human Services / FDA Commissioner,"Within 180 days of the date of this order, the Secretary of Health and Human Services, through the Commissioner of Food and Drugs (FDA Commissioner), shall review existing regulations and guidance",0
14293,2025-08267,90 days from order date,,FDA Commissioner,"Within 90 days of the date of this order, the FDA Commissioner shall develop and advance improvements to the risk‑based inspection regime",0
14293,2025-08267,180 days from order date,,EPA Administrator,"Within 180 days of the date of this order, the Administrator of the Environmental Protection Agency (EPA) shall take action to update regulations and guidance",0
14293,2025-08267,180 days from order date,,Secretary of the Army / Assistant Secretary for Civil Works,"Within 180 days of the date of this order, the Secretary of the Army, acting through the Assistant Secretary of the Army for Civil Works, shall review the nationwide permits …",0
14294,2025-08681,Within 365 days of the order’s date (May 9 2025).,May 9 2026,Agency heads,"Within 365 days of the date of this order, the head of each agency ... shall provide ... a report containing:",0
14294,2025-08681,Within 45 days of the order’s date (May 9 2025).,June 23 2025,Agency heads,"Within 45 days of the date of this order, and in consultation with the Attorney General, each agency should publish guidance ...",0
14294,2025-08681,Within 30 days after the agency’s Section 4(a) report is submitted.,30 days after each agency’s Section 4(a) report deadline,Agency heads,"Within 30 days of the submission of the report described in section 4(a) of this order, the head of each agency ... shall submit a report to the Director of OMB ...",0
14295,2025-08682,within 15 days of the date of this order,,Archivist (Office of the Federal Register),"Within 15 days of the date of this order, the Archivist, acting through the Office of the Federal Register, shall submit a report to the Director of the Office of Management and Budget (OMB) reflecting average publication times for different categories of documents.",0
14295,2025-08682,within 45 days of the date of this order,,Archivist (Office of the Federal Register),"Within 45 days of the date of this order, the Archivist, acting through the Office of the Federal Register, shall review the fee schedules for publication in the Federal Register and, working with the Director of the Government Publishing Office, take steps to ensure that fees are based on the actual costs of",1
14295,2025-08682,within 45 days of the date of this order (same subsection),,Archivist (Office of the Federal Register),shall promptly file a report with the Director of OMB calculating the percentage difference in fees between any proposed new fee schedule and the prior one.,0
14295,2025-08682,"No later than August 22, 2025",2025-08-22,Archivist (Office of the Federal Register),"No later than August 22, 2025, the Archivist, acting through the Office of the Federal Register, shall submit a second report to the Director of OMB reflecting average publication times between July 15, 2025, and August 15, 2025, for the same categories of documents on which the Office of the Federal Register reported under subsection (b) of this section.",0
14296,2025-08683,Action plan for the National Center for Warrior Independence,2025‑09‑06,Secretary of Veterans Affairs,"within 120 days of the date of this order, present an action plan to the President",0
14296,2025-08683,Report on reducing VA appointment wait times,2025‑07‑08,Secretary of Veterans Affairs,"within 60 days of the date of this order, submitting a report to the President, through the Assistant to the President for Domestic Policy, with a plan to reduce wait times for Veterans Health Administration appointments",0
14296,2025-08683,Feasibility study for a full‑service medical center in New Hampshire,2025‑06‑08,Secretary of Veterans Affairs,"within 30 days of the date of this order, directing a feasibility study at the Manchester VA Medical Center",0
14296,2025-08683,Action plan for New Hampshire VA medical center,2025‑11‑05,Secretary of Veterans Affairs,"within 180 days of this order, submitting to the President … an action plan to expand services to support a full‑service medical center in New Hampshire",0
14297,2025-08876,30 days after the order’s date (by 11 June 2025),2025-06-11,Secretary of Health and Human Services,"Within 30 days of the date of this order, the Secretary shall … communicate most‑favored‑nation price targets …",0
14298,2025-09297,Effective date for suspension of duties and tariff modifications,2025-05-14,All agencies,"Effective with respect to goods entered for consumption, or withdrawn from warehouse for consumption, on or after 12:01 a.m. eastern daylight time on May 14, 2025",0
14298,2025-09297,Retention of per‑postal‑item duty of $100 in effect unless later modified,2025-05-02,All agencies,"retain in effect the per postal item containing goods duty of 100 dollars ... that has been in effect since 12:01 a.m. eastern daylight time on May 2, 2025",0
14298,2025-09297,Contemplated increase in per‑postal‑item duty (subject to later modification),2025-06-01,All agencies,"notwithstanding the increase contemplated effective June 1, 2025, pursuant to Executive Order 14256",0
14299,2025-09796,"September 30, 2028",2028-09-30,Secretary of Defense (through the Secretary of the Army),"shall commence the operation of a nuclear reactor, regulated by the United States Army, at a domestic military base or installation no later than September 30, 2028.",0
14299,2025-09796,within 240 days of the date of this order,,Secretary of Defense,"Within 240 days of the date of this order, the Secretary of Defense shall, in coordination with the Secretary of Energy, the Director of the Office of Management and Budget (OMB), and the Secretaries of the military departments, prepare and submit ... recommendations ...",0
14299,2025-09796,within 90 days of the date of this order,,Secretary of Energy,"Within 90 days of the date of this order, the Secretary of Energy shall designate one or more sites owned or controlled by the Department of Energy within the United States, including national laboratories, for the use and deployment of advanced nuclear reactor technologies.",0
14299,2025-09796,no later than 30 months from the date of this order,,Secretary of Energy,with a goal of operating an advanced nuclear reactor at the first site no later than 30 months from the date of this order.,0
14299,2025-09796,within 90 days of the date of this order,,Secretary of Energy,"Within 90 days of the date of this order, the Secretary of Energy shall identify all useful uranium and plutonium material within the Department of Energy's inventories that may be recycled or processed into nuclear fuel for reactors in the United States.",0
14299,2025-09796,within 30 days of receipt of a complete application,,Secretary of Energy,shall approve or deny each technology transfer export authorization request within 30 days of receipt of a complete application and completion by the Department of Energy of the required accompanying analysis,0
14300,2025-09798,Notice(s) of proposed rulemaking must be issued,2025‑02‑23,Nuclear Regulatory Commission,within 9 months of the date of this order,0
14300,2025-09798,Final rules and guidance must be issued,2026‑11‑23,Nuclear Regulatory Commission,within 18 months of the date of this order,0
14300,2025-09798,Maximum time for NRC to issue a final decision on a new‑reactor license application,,Nuclear Regulatory Commission,no more than 18 months for final decision on an application to construct and operate a new reactor,0
14300,2025-09798,Maximum time for NRC to issue a final decision on an existing‑reactor license renewal,,Nuclear Regulatory Commission,no more than 1 year for final decision on an application to continue operating an existing reactor,0
14301,2025-09799,Within 60 days of the order date,,Secretary of Energy,"Within 60 days of the date of this order, the Secretary shall issue guidance regarding what counts as a qualified test",1
14301,2025-09799,Within 90 days of the order date,,Secretary of Energy,"Within 90 days of the date of this order, the Secretary shall take appropriate action to revise the regulations, guidance, and procedures ...",0
14301,2025-09799,Criticality of each pilot reactor by 4 July 2026,2026-07-04,Secretary of Energy,"The Secretary shall approve at least three reactors ... with the goal of achieving criticality in each of the three reactors by July 4, 2026.",0
14301,2025-09799,NEPA rule reform no later than 30 June 2025,2025-06-30,Secretary of Energy,"take action to reform the Department's rules governing compliance with the National Environmental Policy Act (NEPA) no later than June 30,",1
14302,2025-09801,within 240 days,2026-01-18,Secretary of Energy,Within 240 days of the date of this order,0
14302,2025-09801,within 120 days,2025-09-20,Secretary of Energy,Within 120 days of the date of this order,0
14302,2025-09801,within 90 days,2025-08-21,Secretary of Energy,Within 90 days of the date of this order,0
14302,2025-09801,within 30 days,2025-06-22,Secretary of Energy,Within 30 days of the date of this order,0
14302,2025-09801,within 180 days,2025-11-19,Secretary of Energy,Within 180 days of the date of this order,0
14302,2025-09801,within 120 days,2025-09-20,Secretary of Labor and Secretary of Education,Within 120 days of the date of this order,0
14303,2025-09802,OSTP Director must issue Gold Standard Science guidance,30 days after 2025‑05‑23,OSTP Director,"Within 30 days of the date of this order, the Director of the Office of Science and Technology Policy (OSTP Director) shall, in consultation with the heads of relevant agencies, issue guidance for agencies on implementation of “Gold Standard Science” in the conduct and management of their respective scientific activities.",0
14303,2025-09802,Agency heads must report implementation actions,60 days after OSTP guidance is published,Agency heads,"Within 60 days of the publication of the guidance prescribed in section 3(a), agency heads shall report to the OSTP Director on the actions taken to implement Gold Standard Science at their agency.",0
14303,2025-09802,Agency heads and employees must comply with new scientific‑data rules,30 days after 2025‑05‑23,Agency heads and employees,"No later than 30 days after the date of this order, agency heads and employees shall adhere to the following rules governing the use, interpretation, and communication of scientific data, unless otherwise provided by law:",0
14304,2025-10800,180 days from the order’s date (June 6 2025) for FAA to repeal 14 CFR 91.817,2025‑12‑03,FAA Administrator,within 180 days of the date of this order,0
14304,2025-10800,18 months from the order’s date for FAA to issue the NPRM,2026‑12‑06,FAA Administrator,Within 18 months of the date of this order,0
14304,2025-10800,24 months from the order’s date for FAA to issue the final rule,2027‑06‑06,FAA Administrator,within 24 months of the date of this order,0
14305,2025-10803,180 days from order date,2025-11-02,Federal Aviation Administration,"within 180 days of the date of this order, make freely available online Notices to Airmen (NOTAMs) and Temporary Flight Restrictions (TFRs) in an open format",0
14305,2025-10803,30 days from order date,2025-07-06,Attorney General; Secretary of Homeland Security,"within 30 days of the date of this order, ... the Attorney General and the Secretary of Homeland Security shall ensure that their respective departments' grant programs permit ... agencies to receive grants",0
14305,2025-10803,30 days from order date,2025-07-06,Attorney General; Secretary of Transportation; Secretary of Homeland Security; FCC Chair,"within 30 days of the date of this order, the Attorney General, the Secretary of Transportation, the Secretary of Homeland Security, and the Chairman of the Federal Communications Commission shall revise the August 2020 ""Advisory",1
14305,2025-10803,60 days from order date,2025-08-05,Federal Aviation Administration,"within 60 days of the date of this order, the Administrator of the FAA shall provide ... automated real‑time access to personal identifying information ...",0
14305,2025-10803,60 days from order date,2025-08-05,Department of Homeland Security; Federal Aviation Administration,"within 60 days of the date of this order, the Secretary of Homeland Security and the Administrator of the FAA ... shall publish guidance to aid private critical infrastructure owners or operators",0
14305,2025-10803,90 days from order date,2025-09-04,Department of Homeland Security; Attorney General,"within 90 days of the date of this order, the Secretary of Homeland Security and the Attorney General ... shall submit a recommendation to the President ...",0
14305,2025-10803,30 days from order date,2025-07-06,Attorney General; Secretary of Homeland Security,"within 30 days of the date of this order, the Attorney General and the Secretary of Homeland Security shall explore integrating counter‑UAS operational responses as part of Joint Terrorism Task Forces",0
14306,2025-10804,"By August 1, 2025",2025-08-01,"Secretary of Commerce, acting through the Director of NIST","By August 1, 2025, the Secretary of Commerce, acting through the Director of NIST, shall establish a consortium with industry at the National Cybersecurity Center of Excellence to develop guidance",0
14306,2025-10804,"By September 2, 2025",2025-09-02,"Secretary of Commerce, acting through the Director of NIST","By September 2, 2025, the Secretary of Commerce, acting through the Director of NIST, shall update NIST Special Publication 800-53 ... to provide guidance on how to securely and reliably deploy patches and updates",0
14306,2025-10804,"By December 1, 2025",2025-12-01,"Secretary of Commerce, acting through the Director of NIST","By December 1, 2025, the Secretary of Commerce, acting through the Director of NIST,",1
14306,2025-10804,"By December 1, 2025",2025-12-01,"Secretary of Homeland Security, acting through the Director of CISA","By December 1, 2025, the Secretary of Homeland Security, acting through the Director of the Cybersecurity and Infrastructure Security Agency (CISA), ... shall release and thereafter regularly update a list of product categories in which products that support post‑quantum cryptography (PQC) are widely available",0
14306,2025-10804,"Not later than January 2, 2030",2030-01-02,Director of the National Security Agency and Director of OMB,"By December 1, 2025, ... shall each issue requirements for agencies to support ... not later than January 2, 2030, Transport Layer Security protocol version 1.3 or a successor version",0
14306,2025-10804,"By November 1, 2025",2025-11-01,"Secretary of Commerce (via NIST), Secretary of Energy, Secretary of Homeland Security (Under Secretary for Science and Technology), Director of NSF","By November 1, 2025, the Secretary of Commerce, acting through the Director of NIST; the Secretary of Energy; the Secretary of Homeland Security, acting through the Under Secretary for Science and Technology; and the Director of the National Science Foundation shall ensure that existing datasets for cyber defense research have been made accessible to the broader academic research community",0
14306,2025-10804,"By November 1, 2025",2025-11-01,"Secretary of Defense, Secretary of Homeland Security, Director of National Intelligence","By November 1, 2025, the Secretary of Defense, the Secretary of Homeland Security, and the Director of National Intelligence, ... shall incorporate management of AI software vulnerabilities and compromises into their respective agencies' existing processes",0
14306,2025-10804,Within 3 years of the date of this order,2028-06-06,Director of OMB,"Within 3 years of the date of this order, the Director of OMB shall issue guidance, including any necessary revision to OMB Circular A-130, to address critical risks and adapt modern practices and architectures across Federal information systems and networks",0
14306,2025-10804,Within 1 year of the date of this order,2026-06-06,"Secretary of Commerce (via NIST), Secretary of Homeland Security (via CISA), Director of OMB","Within 1 year of the date of this order, the Secretary of Commerce, acting through the Director of NIST; the Secretary of Homeland Security, acting through the Director of CISA; and the Director of OMB shall establish a pilot program of a rules‑as‑code approach for machine‑readable versions of policy and guidance",0
14306,2025-10804,"By January 4, 2027",2027-01-04,Agency members of the FAR Council,"Within 1 year of the date of this order, agency members of the FAR Council shall ... amend the FAR to adopt requirements for agencies to, by January 4, 2027, require vendors ... to carry United States Cyber Trust Mark labeling for those products",0
14306,2025-10804,Within 120 days of publishing the preliminary update,,"Secretary of Commerce, acting through the Director of NIST","Within 120 days of publishing the preliminary update, the Secretary of Commerce, acting through the Director of NIST, shall publish a final version of the updated SSDF",0
14307,2025-10814,within 30 days,2025-07-06,Secretary of Transportation (FAA),"Within 30 days of the date of this order, the Secretary of Transportation, acting through the Administrator of the FAA, shall",1
14307,2025-10814,within 240 days,2026-02-01,Secretary of Transportation (FAA),"Within 240 days of the date of this order, the Secretary of Transportation, acting through the Administrator of the FAA, shall publish an updated roadmap for the integration of civil UAS",0
14307,2025-10814,within 30 days,2025-07-06,Secretary of Transportation (FAA),"Within 30 days of the date of this order, the Secretary of Transportation, acting through the Administrator of the FAA, shall establish clear metrics for assessing the performance and safety of BVLOS operations",0
14307,2025-10814,within 180 days,2025-12-03,Secretary of Transportation (FAA),"Within 180 days of the date of this order,",1
14307,2025-10814,within 120 days,2025-10-04,Secretary of Transportation (FAA),"Within 120 days of the date of this order, the Secretary of Transportation, acting through the Administrator of the FAA, shall initiate the deployment of artificial intelligence (AI) tools to assist in",1
14307,2025-10814,within 30 days,2025-07-06,Federal Acquisition Security Council,"Within 30 days of the date of this order, the Federal Acquisition Security Council shall publish a Covered Foreign Entity List",0
14307,2025-10814,within 90 days,2025-09-04,Secretary of Commerce,"Within 90 days of the date of this order, the Secretary of Commerce shall take actions ... to secure the United States drone supply chain",0
14307,2025-10814,within 90 days,2025-09-04,Secretary of Commerce,"Within 90 days of the date of this order, the Secretary of",1
14307,2025-10814,within 90 days,2025-09-04,Secretary of Defense,"Within 90 days of the date of this order, the Secretary of Defense shall",1
14307,2025-10814,within 90 days,2025-09-04,Secretary of Defense,"Within 90 days of the date of this order, the Secretary of Defense shall coordinate with the Secretary of Transportation ... to streamline the approval processes to expand access to airspace for conducting UAS training",0
14307,2025-10814,within 90 days,2025-09-04,Secretary of Defense,"Within 90 days of the date of this order, the Secretary of Defense shall",1
14307,2025-10814,within 90 days,2025-09-04,Secretary of Defense,"Within 90 days of the date of this order, the Secretary of Defense shall task the Secretary of each military department ... and shall submit a report to the President through the APNSA",0
14307,2025-10814,within 90 days,2025-09-04,Secretary of Transportation (FAA),"Within 90 days of the date of this order, the Secretary of Transportation, acting through the Administrator of the FAA, shall issue a public request for proposals to State, local, tribal, and territorial governments",0
14307,2025-10814,within 180 days of the request,,Secretary of Transportation (FAA),"Within 180 days of the request, the Secretary of Transportation, acting through the Administrator of the FAA, shall select at least five pilot projects",0
14307,2025-10814,within 180 days after pilot selection,,Secretary of Transportation,"Within 180 days after the selection of pilot program participants, the Secretary of Transportation shall submit an initial implementation report to the President through the Director of OSTP",0
14308,2025-11358,Consolidate wildland fire programs (Sec. 2) and expand partnerships (Sec. 3(a)(i)),90 days from June 12 2025,Secretary of the Interior and the Secretary of Agriculture,Within 90 days of the date of this order,0
14308,2025-11358,Develop technology roadmap (Sec. 3(b)) and develop performance metrics (Sec. 5(b)(ii)),180 days from June 12 2025,Secretary of the Interior and the Secretary of Agriculture,Within 180 days of the date of this order,0
14308,2025-11358,"Identify, declassify, and release historical satellite datasets (Sec. 5(a))",120 days from June 12 2025,Secretary of Defense,Within 120 days of the date of this order,0
14308,2025-11358,Evaluate and prioritize sale of excess aircraft/parts (Sec. 5(c)),210 days from June 12 2025,Secretary of Defense,Within 210 days of the date of this order,0
14309,2025-11473,effective 7 days after publication of the order,,,The quota shall be effective 7 days after the publication of this order in the Federal Register.,0
14309,2025-11473,publish HTSUS notice within 7 days of order publication,,Secretary of Commerce,"Within 7 days of the date of publication of this order in the Federal Register, the Secretary of Commerce ... shall publish a notice in the Federal Register modifying the HTSUS consistent with this section, if necessary.",0
14309,2025-11473,publish HTSUS notice for aerospace provisions within 7 days of order publication,,Secretary of Commerce,"Within 7 days of the date of publication of this order in the Federal Register, the Secretary, in consultation with ITC and CBP, shall publish a notice in the Federal Register modifying the HTSUS consistent with this section, if necessary.",0
14310,2025-11682,extension of enforcement delay ends,2025-09-17,,"further extended until September 17, 2025.",0
14312,2025-12506,Briefing to congressional committees within 30 days of the determination,,Secretary of State,shall provide the briefing to the appropriate congressional committees required by section 7431(b) of the Caesar Act within 30 days of such determination,0
14312,2025-12506,Waiver becomes effective 20 days after transmission,,,This waiver shall be effective 20 days after it has been so transmitted,0
14315,2025-12961,45 days after the One Big Beautiful Bill Act is enacted for Treasury and Interior actions,,Secretary of the Treasury / Secretary of the Interior,Within 45 days following enactment of the One Big Beautiful Bill Act,0
14315,2025-12961,45 days after the order’s effective date for the required report,,Secretary of the Treasury and Secretary of the Interior,Within 45 days of the date of this order,0
14316,2025-12962,Effective period for HTSUS heading suspensions,2025-07-09T12:01:00-04:00,,"effective ... on or after 12:01 a.m. eastern daylight time on July 9, 2025, ... until 12:01 a.m. eastern daylight time on August 1, 2025",0
14316,2025-12962,Expiration of HTSUS heading suspensions,2025-08-01T12:01:00-04:00,,"effective ... on or after 12:01 a.m. eastern daylight time on July 9, 2025, ... until 12:01 a.m. eastern daylight time on August 1, 2025",0
14316,2025-12962,Extended suspension of additional ad valorem duties from EO 14266,2025-08-01T12:01:00-04:00,,"extend the suspension effectuated by Executive Order 14266 until 12:01 a.m. eastern daylight time on August 1, 2025",0
14318,2025-14212,10 days after order issuance,,All relevant agencies,"Within 10 days of the date of this order, each relevant agency shall identify to the Council on Environmental Quality any categorical exclusions already established or adopted by such agency pursuant to the National Environmental Policy Act (NEPA)",0
14318,2025-14212,180 days after order issuance,,EPA Administrator,"Within 180 days of the date of this order, the Administrator of the Environmental Protection Agency shall develop guidance to help expedite environmental reviews for qualified reuse and assist State governments and private parties to return such Brownfield Sites and Superfund Sites to productive use as expeditiously as possible",0
14318,2025-14212,180 days after order issuance,,Secretary of the Army (Assistant Secretary for Civil Works),"Within 180 days of the date of this order, the Secretary of the Army, acting through the Assistant Secretary of the Army for Civil Works, shall review the nationwide permits issued under section 404 of the Clean Water Act of 1972 (33 U.S.C. 1344) and section 10 of the Rivers and Harbors Appropriation Act of 1899 (33 U.S.C. 403) to determine whether an activity‑specific nationwide permit is needed",0
14318,2025-14212,30 days after a project is identified to FPISC,,FPISC Executive Director,"The Executive Director (Executive Director) of the Federal Permitting Improvement Steering Council (FPISC) may, within 30 days of the date that a project is identified to FPISC by a relevant agency, designate a Qualifying Project as a transparency project pursuant to",1
14318,2025-14212,30 days after agency notification,,FPISC Executive Director,"Within 30 days of receiving such agency notification, the Executive Director may publish Qualifying Projects on the Permitting Dashboard established under section 41003(b) of FAST‑41, including schedules for expedited review",0
14319,2025-14217,Within 120 days of the date of this order,2025-11-20,Director of the Office of Management and Budget (OMB),"Within 120 days of the date of this order, the Director of the Office of Management and Budget (OMB),",0
14319,2025-14217,within 90 days of the OMB guidance issued under subsection (a) of this section,,Agency heads,within 90 days of the OMB guidance issued under subsection (a) of this section,0
14320,2025-14218,Establish and implement the American AI Exports Program,90 days after July 23 2025,Secretary of Commerce,"Within 90 days of the date of this order, the Secretary of Commerce shall ... establish and implement the American AI Exports Program",0
14320,2025-14218,Submit proposals in response to the public call,90 days after the public call for proposals is issued,Industry‑led consortia (proposers),The Department of Commerce shall require proposals to be submitted no later than 90 days after the public call for proposals is issued,0
14322,2025-14392,30 days from the order’s date,2025-08-23,"Secretary of Education (in consultation with AG, HHS Secretary, FTC Chairman)","Within 30 days of the date of this order, the Secretary of Education … shall develop a plan",0
14322,2025-14392,60 days from the order’s date,2025-09-22,Attorney General and FTC Chairman,"Within 60 days of the date of this order,",1
14323,2025-14896,"Effective date – 12:01 a.m. EDT, 7 days after July 30 2025 (August 6 2025)",2025-08-06T05:01:00Z,,"effective with respect to goods entered for consumption, or withdrawn from warehouse for consumption, on or after 12:01 a.m. eastern daylight time 7 days after the date of this order",0
14323,2025-14896,Cut‑off date for exemption – 12:01 a.m. EDT on October 5 2025,2025-10-05T05:01:00Z,,"are entered for consumption, or withdrawn from warehouse for consumption before 12:01 a.m. eastern daylight time on October 5, 2025",0
14325,2025-14999,"effective on August 1, 2025",2025-08-01,,"with respect to goods entered for consumption, ... on or after 12:01 a.m. eastern daylight time on August 1, 2025",0
14325,2025-14999,publish every 6 months,,Secretary of Commerce and Secretary of Homeland Security,shall publish every 6 months a list of countries and specific facilities used in circumvention schemes,0
14326,2025-15010,effective 7 days after the order date,,,These modifications shall be effective … on or after 12:01 a.m. eastern daylight time 7 days after the date of this order,0
14326,2025-15010,cut‑off date for exemption,2025‑10‑05,,"goods … entered for consumption … before 12:01 a.m. eastern daylight time on October 5, 2025, shall not be subject to such additional duty",0
14326,2025-15010,periodic publication every six months,,,shall publish every 6 months a list of countries and specific facilities used in circumvention schemes,0
14327,2025-15011,2 years from the date of this order,,President,"the Council shall terminate 2 years from the date of this order, unless extended by the President.",0
14328,2025-15193,Report submission deadline for agency heads,2025-10-01,Agency heads serving as Task Force members,"These reports shall be submitted to the Executive Director of the Task Force no later than October 1, 2025.",0
14329,2025-15267,Duty becomes effective 21 days after the order date (approximately August 27 2025),"21 days after August 6, 2025",,"effective with respect to goods entered for consumption, or withdrawn from warehouse for consumption, on or after 12:01 a.m. eastern daylight time 21 days after the date of this order",0
14329,2025-15267,Exemption period ends at 12:01 a.m. EDT on September 17 2025,2025-09-17T00:01:00-04:00,,"are entered for consumption, or withdrawn from warehouse for consumption, before 12:01 a.m. eastern daylight time on September 17, 2025.",0
14330,2025-15340,Within 180 days of the date of this order,,Secretary of Labor,"Within 180 days of the date of this order, the Secretary of Labor (Secretary) shall reexamine the Department of Labor's past and present guidance …",0
14330,2025-15340,Within 180 days of the date of this order,,Secretary of Labor,"Within 180 days of the date of this order, the Secretary shall further, as the Secretary deems appropriate …",0
14331,2025-15341,within 180 days of the date of this order,,Federal banking regulators,"Within 180 days of the date of this order, each appropriate Federal banking regulator shall, to the greatest extent permitted by law, remove the use of reputation risk",0
14331,2025-15341,within 60 days of the date of this order,,Small Business Administration (SBA),"The SBA shall, within 60 days of the date of this order, give notice to all financial institutions",0
14331,2025-15341,within 120 days of the date of this order,,Financial institutions under SBA jurisdiction,"within 120 days of the date of this order, makes reasonable efforts to identify and reinstate any previous clients",0
14331,2025-15341,within 180 days of the date of this order,,Secretary of the Treasury,"Within 180 days of the date of this order, the Secretary of the Treasury, in consultation with the Assistant to the President for Economic Policy, shall develop a comprehensive strategy",0
14331,2025-15341,within 120 days of the date of this order,,Federal banking regulators,"Within 120 days of the date of this order, each Federal banking regulator shall conduct a review",0
14331,2025-15341,within 180 days of the date of this order,,Federal banking regulators,"Within 180 days of the date of this order, the Federal banking regulators shall review their current supervisory and complaint data",0
14334,2025-15554,Expiration of the initial 90‑day suspension,2025-08-12T00:01:00-04:00,,"This 90‑day suspension expires at 12:01 a.m. eastern daylight time on August 12, 2025.",0
14334,2025-15554,Extended suspension of the ad valorem duties,2025-11-10T00:01:00-05:00,,"continue the suspension effectuated by Executive Order 14298 until 12:01 a.m. eastern standard time on November 10, 2025.",0
14335,2025-15822,120 days from order date,2025-12-11,Secretary of Transportation,"Within 120 days of the date of this order, the Secretary of Transportation shall report to the Assistant to the President for Economic Policy a description of the actions that have been or will be taken pursuant to subsection (b) of this section.",0
14335,2025-15822,180 days from order date,2026-02-09,Secretary of Commerce,"the Secretary of Commerce, ... shall, within 180 days of the date of this order, conduct an evaluation of relevant States' compliance under the Coastal Zone Management Act ...",0
14335,2025-15822,180 days from order date,2026-02-09,"Secretary of Defense, Secretary of Transportation, Administrator of NASA","Within 180 days of the date of this order, the Secretary of Defense, the Secretary of Transportation, and the Administrator of NASA shall execute a memorandum of understanding ...",0
14335,2025-15822,150 days from order date,2026-01-11,Secretary of Commerce,"Within 150 days of the date of this order, the Secretary of Commerce shall propose a process for individualized mission authorizations ...",0
14335,2025-15822,60 days from order date,2025-10-12,Secretary of Transportation,"Within 60 days of the date of this order, the Secretary of Transportation shall establish a position in the Office of the Secretary ...",0
14335,2025-15822,60 days from order date,2025-10-12,Secretary of Commerce,"Within 60 days of the date of this order, the Secretary of Commerce shall elevate the Office of Space Commerce into the Office of the Secretary.",0
14336,2025-15823,30 days after the order date,,ASPR,"Within 30 days of the date of this order, the ASPR shall develop a list … shall be provided to the Director of the Office of Management and Budget (OMB).",0
14336,2025-15823,120 days after the order date,,ASPR,Within 120 days of the date of this order … the ASPR shall … take all measures to ready the existing SAPIR repository …,0
14336,2025-15823,30 days after the repository is certified ready,,ASPR,The ASPR shall place such APIs within the SAPIR repository no later than 30 days after the repository is certified by the ASPR as ready to receive and maintain APIs.,0
14336,2025-15823,90 days after the order date,,ASPR,"Within 90 days of the date of this order, the ASPR shall provide the APHSA, the APEP, and the OMB with an update",1
14336,2025-15823,1 year after the order date,,ASPR,The plan … shall include a proposal and cost estimate for opening a second SAPIR repository … within 1 year of the date of this order.,0
14342,2025-16618,30 days after the order date,,Attorney General,"Within 30 days of the date of this order, the Attorney General shall submit to the President",1
14343,2025-16924,Orders issued under EO 14251 must be issued within 15 days of EO 14343 to remain effective,,,shall have full force and effect if it is issued prior to the date that is 15 days from the date of this order,0
14344,2025-16928,30‑day notice to the President before GSA may reject a design that diverges from the preferred architecture,,Administrator of General Services,not less than 30 days before GSA could reject such design,0
14346,2025-17507,Effective date of the updated Annex II,2025-09-08T00:01:00-04:00,,shall be effective ... on or after 12:01 a.m. eastern daylight time 3 days after the date of this order,0
14347,2025-17508,30 days after September 5 2025 (by October 5 2025),2025-10-05,Secretary of War,"Within 30 days of the date of this order, the Secretary of War shall submit to the President,",0
14347,2025-17508,60 days after September 5 2025 (by November 4 2025),2025-11-04,Secretary of War,"Within 60 days of the date of this order, the Secretary of War shall submit to the President,",0
14349,2025-18479,within 30 days of its creation,2025-10-18,Board,The Board shall report to the President with respect to the disputes within 30 days of its creation.,0
14349,2025-18479,for 120 days from the date of the creation of the Board,2026-01-16,parties,"for 120 days from the date of the creation of the Board, no change in the conditions out of which the disputes arose shall be made by the parties to the controversy",0
14350,2025-18482,extension of the enforcement delay ends,2025-12-16,,"is further extended until December 16, 2025.",0
14351,2025-18602,within 90 days of the date of this order,2025-12-18,"Secretary of Commerce, Secretary of State, Secretary of Homeland Security","The Secretary of Commerce, the Secretary of State, and the Secretary of Homeland Security shall, within 90 days of the date of this order, take all necessary and appropriate steps to implement the Gold Card program",0
14352,2025-19139,120 days from the date of this order,,Attorney General,the Attorney General shall not take any action on behalf of the United States to enforce the Act for 120 days from the date of this order.,0
14354,2025-19485,continuance deadline for the listed advisory committees,2027-09-30,,"Each advisory committee listed below is continued until September 30, 2027.",0
14354,2025-19485,effective date of the order,2025-09-30,,"Sec. 4. This order shall be effective September 30, 2025.",0
14356,2025-19614,establish Strategic Hiring Committee,within 30 days of the date of this order,each agency head,"Within 30 days of the date of this order, each agency head shall establish a Strategic Hiring Committee",0
14356,2025-19614,prepare Annual Staffing Plan,within 60 days of the date of this order,each agency,"Within 60 days of the date of this order, each agency shall prepare an Annual Staffing Plan",0
14356,2025-19614,submit quarterly updates to OPM and OMB,beginning with the second quarter of the 2026 fiscal year,agencies,"Agencies shall submit updates to OPM and OMB at the beginning of each quarter, beginning with the second quarter of the 2026 fiscal year",0
14356,2025-19614,submit joint report to the President,within 180 days of the date of this order,Director of OMB and Director of OPM,"Within 180 days of the date of this order, the Director of OMB and the Director of OPM shall submit a joint report to the President",0
14357,2025-19825,Date the reduced 10 % duty rate becomes effective,2025-11-10,,"effective November 10, 2025",0
14357,2025-19825,Effective date for HTSUS amendment implementation,2025-11-10,Department of Homeland Security,"Effective with respect to goods entered for consumption, or withdrawn from warehouse for consumption, on or after 12:01 a.m. eastern standard time on November 10, 2025:",0
14358,2025-19826,Suspension of heightened reciprocal tariffs on PRC imports,2026-11-10,All agencies,"continue the suspension of the heightened reciprocal tariffs on imports of the PRC until 12:01 a.m. eastern standard time on November 10, 2026.",0
14358,2025-19826,Suspension of tariff line 9903.01.63 (v)(xvii)(10),2026-11-10,U.S. Customs (HTS administration),"shall continue to be suspended until 12:01 a.m. eastern standard time on November 10, 2026.",0
14359,2025-20406,All actions listed in Sec. 2(a) and Sec. 3 must be completed within 180 days of the order’s issuance (Nov 13 2025).,2026‑05‑11,Secretary of Health and Human Services,within 180 days of the date of this order,0
14360,2025-21203,effective date for tariff modifications,2025-11-13T00:01:00-05:00,,"shall be effective with respect to goods entered for consumption, or withdrawn from warehouse for consumption, on or after 12:01 a.m. eastern standard time on November 13, 2025",0
14361,2025-21417,Effective date for tariff modifications and updated Annex I,2025-11-13,,"on or after 12:01 a.m. eastern standard time on November 13, 2025",0
14362,2025-21664,Submit joint report to the President,30 days after the order date,Secretary of State and Secretary of the Treasury,"Within 30 days of the date of this order, the Secretary of State and the Secretary of the Treasury ... shall submit a joint report to the President",0
14362,2025-21664,Take appropriate action on designations,45 days after the joint report is submitted,Secretary of State or Secretary of the Treasury,"Within 45 days of submitting the report required by subsection (a) of this section, the Secretary of State or the Secretary of the Treasury, as applicable, shall take all appropriate action",0
14363,2025-21665,Within 90 days of the date of this order,2026-02-22,Secretary,"Within 90 days of the date of this order, the Secretary shall identify Federal computing, storage, and networking resources",0
14363,2025-21665,Within 120 days of the date of this order,2026-03-24,Secretary,"Within 120 days of the date of this order, the Secretary shall:",1
14363,2025-21665,Within 240 days of the date of this order,2026-07-22,Secretary,"Within 240 days of the date of this order, the Secretary shall review capabilities across the DOE national laboratories",0
14363,2025-21665,Within 270 days of the date of this order,2026-08-21,Secretary,"Within 270 days of the date of this order, the Secretary shall, consistent with applicable law and subject to available appropriations, seek to demonstrate an initial operating capability of the Platform",0
14363,2025-21665,Within 60 days of the date of this order,2026-01-23,Secretary,"Within 60 days of the date of this order, the Secretary shall identify and submit to the APST a detailed list of at least 20 science and technology challenges",0
14363,2025-21665,Within 30 days of submission of the list described in subsection (a),,APST,"Within 30 days of submission of the list described in subsection (a) of this section, the APST shall review the proposed list",0
14363,2025-21665,Within 1 year of the date of this order,2026-11-24,Secretary,"Within 1 year of the date of this order, and on an annual basis thereafter, the Secretary shall submit a report to the President",0
14365,2025-23092,30 days from the date of the order,,Attorney General,"Within 30 days of the date of this order, the Attorney General shall establish an AI Litigation Task Force (Task Force)",0
14365,2025-23092,90 days from the date of the order,,Secretary of Commerce,"Within 90 days of the date of this order, the Secretary of Commerce, consistent with the Secretary's authorities under 47 U.S.C. 902(b), shall, in consultation with the Special Advisor for AI and Crypto, ... publish an evaluation of existing State AI laws",0
14365,2025-23092,90 days from the date of the order,,Secretary of Commerce,"Within 90 days of the date of this order, the Secretary of Commerce, through the Assistant Secretary of Commerce for Communications and Information, shall issue a Policy Notice specifying the conditions under which States may be eligible for remaining funding under the Broadband Equity Access and Deployment (BEAD) Program",0
14365,2025-23092,90 days after the publication of the identification required by section 4,,Chairman of the Federal Communications Commission,"Within 90 days of the publication of the identification specified in section 4 of this order, the Chairman of the Federal Communications Commission shall, in consultation with the Special Advisor for AI and Crypto, initiate a proceeding to determine whether to adopt a Federal reporting and disclosure standard for AI models",0
14365,2025-23092,90 days from the date of the order,,Chairman of the Federal Trade Commission,"Within 90 days of the date of this order, the Chairman of the Federal Trade Commission shall, in consultation with the Special Advisor for AI and Crypto, issue a policy statement on the application of the Federal Trade Commission Act's prohibition on unfair and deceptive acts or practices ... to AI models",0
14368,2025-23844,"January 1, 2026",2026-01-01,,"Schedule 8 is effective January 1, 2026.",0
14368,2025-23844,"first day of the first applicable pay period beginning on or after January 1, 2026",,,"The other schedules contained herein are effective on the first day of the first applicable pay period beginning on or after January 1, 2026.",0
14369,2025-23845,within 60 days of the date of this order,60 days after order issuance,APST,"within 60 days of the date of this order, issuing guidance on establishing a National Initiative for American Space Nuclear Power",0
14369,2025-23845,within 120 days of the date of this order,120 days after order issuance,APST,"within 120 days of the date of this order, propose revisions to Presidential Policy Directive 26 of November 21, 2013",0
14369,2025-23845,within 90 days of the date of this order,90 days after order issuance,APST,"Within 90 days of the date of this order, the APST shall coordinate development of and integrate into one submission to the President the following:",0
14369,2025-23845,within 180 days of the date of this order,180 days after order issuance,Secretary of Commerce; Administrator of NASA,"Within 180 days of the date of this order, the Secretary of Commerce and the Administrator of NASA shall each reform their respective agency's space acquisition processes",0
14369,2025-23845,within 180 days of the date of this order,180 days after order issuance,Assistant to the President for National Security Affairs (APNSA),"Within 180 days of the date of this order, the APNSA shall, in coordination with the Secretary of War, the DNI, the APST, and the heads of other relevant agencies: (i) implement a space security strategy …",0
14369,2025-23845,within 180 days of the date of this order,180 days after order issuance,Secretary of State,"Within 180 days of the date of this order, the Secretary of State, in coordination with the Secretary of War and the DNI, shall implement a plan to strengthen ally and partner contributions to United States and collective space security.",0
14369,2025-23845,within 120 days of the date of this order,120 days after order issuance,Secretary of Commerce,"Within 120 days of the date of this order, the Secretary of Commerce shall coordinate with the APST, the Assistant to the President for Economic Policy, the APDP, and the heads of relevant agencies to assert spectrum leadership",0
14369,2025-23845,within 120 days of the date of this order,120 days after order issuance,Administrator of NASA,"Within 120 days of the date of this order, the Administrator of NASA, in coordination with the Secretary of State and the APST, shall ensure that international civil space cooperation arrangements involving NASA support the policy priorities in this order",0
14371,2025-23847,Closure of agencies and excusal of employees,2025-12-24,All executive departments and agencies,"All executive departments and agencies of the Federal Government shall be closed and their employees excused from duty on Wednesday, December 24, 2025, and Friday, December 26, 2025",0
14371,2025-23847,Closure of agencies and excusal of employees,2025-12-26,All executive departments and agencies,"All executive departments and agencies of the Federal Government shall be closed and their employees excused from duty on Wednesday, December 24, 2025, and Friday, December 26, 2025",0
14372,2026-00554,30 days from order date,2026-01-07 + 30 days,Secretary of War,"Within 30 days of the date of this order, and on a continuing basis thereafter, the Secretary of War (Secretary) shall identify any defense contractors …",0
14372,2026-00554,15‑day period for contractor to submit remediation plan after notice,,defense contractor (after notice),during the 15‑day period following notification,0
14372,2026-00554,60 days from order date,2026-01-07 + 60 days,Secretary of War,"Within 60 days of the date of this order, the Secretary shall take steps to ensure that any future contract … contains a provision prohibiting both any stock buy‑back and corporate distributions",0
14374,2026-01061,Parties must submit final offers,30 days after Board creation,Parties to the disputes,"within 30 days after the creation of the Board, the parties to the disputes shall submit to the Board final offers for settlement of the disputes",0
14374,2026-01061,Board must submit report to President,30 days after final offers are submitted,Board,"within 30 days after the submission of final offers for settlement of the disputes, the Board shall submit a report to the President setting forth the Board's selection of the most reasonable offer",0
14374,2026-01061,Parties may not change dispute‑originating conditions,until 60 days after Board's report,Parties to the dispute,"from the time a request to establish the Board is made until 60 days after the Board submits its report to the President, the parties to the controversy shall make no change in the conditions out of which the disputes arose except by agreement of the parties",0
14376,2026-01424,Develop definitions of “large institutional investor” and “single-family home”,30 days from the date of this order,Secretary of the Treasury,"Within 30 days of the date of this order, the Secretary of the Treasury shall develop, in consultation with the Assistant to the President for Economic Policy, definitions of ``large institutional investor'' and ``single-family home'' for the purpose of implementing this order",0
14376,2026-01424,Issue guidance to prevent agencies and GSEs from facilitating acquisition of single‑family homes by large institutional investors and to promote sales to individual owner‑occupants,60 days from the date of this order,"Secretary of Agriculture, Secretary of Housing and Urban Development, Secretary of Veterans Affairs, Administrator of General Services, Director of the Federal Housing Finance Agency","Within 60 days of the date of this order, the Secretary of Agriculture, the Secretary of Housing and Urban Development, the Secretary of Veterans Affairs, the Administrator of General Services, and the Director of the Federal Housing Finance Agency, as appropriate, shall issue guidance to:",0
14377,2026-01871,Proposed regulations due,2026-02-22,Secretary / FEMA / SBA,within 30 days of the date of this order ... final regulations within 90 days of the date of this order.,0
14377,2026-01871,Final regulations due,2026-04-23,Secretary / FEMA / SBA,within 30 days of the date of this order ... final regulations within 90 days of the date of this order.,0
14377,2026-01871,Legislative proposals submission,2026-04-23,Secretary / FEMA / SBA,"Within 90 days of the date of this order, ... shall submit to the President ... legislative proposals",0
14377,2026-01871,Determine amount of potentially mis‑awarded HMGP funds,2026-02-22,Secretary / FEMA,"within 30 days of the date of this order, determine what amount ...",0
14377,2026-01871,Complete Federal audit of HMGP use,2026-03-24,Secretary / FEMA,"within 60 days of the date of this order, conduct a Federal audit of California's use of HMGP funding",0
14378,2026-01872,"effective January 24, 2026",2026-01-24,,"This order shall be effective January 24, 2026.",0
14378,2026-01872,"continued until March 25, 2026",2026-03-25,Federal Emergency Management Agency Review Council,"is continued until March 25, 2026.",0
14380,2026-02250,Effective date,2026-01-30,,"This order is effective at 12:01 a.m. eastern standard time on January 30, 2026.",0
14381,2026-02292,Within 14 days of the date of this order,,,"Within 14 days of the date of this order, the Secretary of the Interior and the Secretary of Transportation shall designate a route through Washington, D.C., that is suitable for conducting an INDYCAR street race",0
14383,2026-02814,Establish the Promoting American Military Sales Task Force,30 days after order date,"Secretary of State, Secretary of War, Secretary of Commerce","Within 30 days of the date of this order, the Secretary of State, the Secretary of War, and the Secretary of Commerce shall establish the Promoting American Military Sales Task Force (Task Force)",0
14383,2026-02814,Submit sales catalog of prioritized platforms and systems,120 days after order date,Secretary of War (with State and Commerce),"Within 120 days of the date of this order, the Secretary of War, in coordination with the Secretary of State and the Secretary of Commerce, shall submit to the President",1
14383,2026-02814,Provide recommendations to enhance advocacy efforts,120 days after order date,Secretary of Commerce (with State and War),"Within 120 days of the date of this order, the Secretary of Commerce, in coordination with the Secretary of State and the Secretary of War, shall provide recommendations to enhance advocacy efforts",0
14383,2026-02814,Identify FMS and Direct Commercial Sales opportunities,120 days after order date,Secretary of State and Secretary of War (with Commerce),"Within 120 days of the date of this order, the Secretary of State and the Secretary of War, in coordination with the Secretary of Commerce, shall identify Foreign Military Sales (FMS) and Direct Commercial Sales opportunities",0
14383,2026-02814,Develop and submit industry engagement plan,60 days after order date,Secretary of State and Secretary of War (with Commerce),"Within 60 days of the date of this order, the Secretary of State and the Secretary of War, in coordination with the Secretary of Commerce, shall develop an industry engagement plan and submit it to the President",0
14383,2026-02814,Develop clear criteria for Enhanced End Use Monitoring,90 days after order date,Secretary of War (with State),"Within 90 days of the date of this order, the Secretary of War, in coordination with the Secretary of State, shall develop clear criteria for determining which weapons, platforms, or capabilities require Enhanced End Use Monitoring",0
14383,2026-02814,Review TPT processes and submit plan,60 days after order date,Secretary of State (with War),"Within 60 days of the date of this order, the Secretary of State, in coordination with the Secretary of War, shall review Third-Party Transfer (TPT) processes and submit a plan to the President",0
14383,2026-02814,Develop process for advanced notice to allies and partners,90 days after order date,Secretary of War (with State),"Within 90 days of the date of this order, the Secretary of War, in coordination with the Secretary of State, shall develop a process to provide advanced notice, as appropriate, to allies and partners of upcoming contracting actions",0
14384,2026-02818,Effective date of tariff modifications,2026-02-07,,"Effective with respect to goods entered for consumption, or withdrawn from the warehouse for consumption, on or after 12:01 a.m. eastern standard time on February 7, 2026",0
14388,R1-2026-03829,effective date of the modifications,2026-02-24,Department of Homeland Security,"shall be effective ... on or after 12:01 a.m. eastern standard time on February 24, 2026.",0
14390,2026-04826,within 60 days of the date of this order,,"Secretary of State, Treasury, War, Attorney General, Homeland Security","within 60 days of the date of this order, review the relevant operational, technical, diplomatic, and regulatory frameworks",0
14390,2026-04826,within 120 days of the date of this order,,"Secretary of State, Treasury, War, Attorney General, Homeland Security","within 120 days of the date of this order, ... submit to the President, through the APHSA, an action plan ... This action plan shall provide for the creation of an operational cell within the National Coordination Center (NCC)",0
14390,2026-04826,within 90 days of the date of this order,,Attorney General,"Within 90 days of the date of this order, the Attorney General shall submit a recommendation to the President, through the APHSA, regarding the establishment of a Victims Restoration Program",0
14393,2026-05384,120 days from order date,120 days after March 13 2026,Director of the FHFA,"Within 120 days of the date of this order, the Director of the FHFA ... shall submit a report ... on the efficiency of national housing finance markets.",0
14394,2026-05388,HUD must develop and promulgate regulatory best practices for state and local governments,"60 days after March 13, 2026",Secretary of Housing and Urban Development,"Within 60 days of the date of this order, the Secretary of Housing and Urban Development ... shall develop and promulgate a series of regulatory best practices for State and local governments to promote housing construction and affordability",0
14395,2026-05497,Agencies must submit descriptions of high‑risk transactions and suggested anti‑fraud measures.,30 days after order date,Each agency administering Federal benefit programs,"Within 30 days of the date of this order, each such agency shall submit to the Chairman and Vice Chairman of the Task Force descriptions of such transactions and processes and suggested measures to prevent such fraud.",0
14395,2026-05497,Task Force must coordinate agencies to adopt minimum anti‑fraud requirements.,60 days after order date,Task Force,"Within 60 days of the date of this order, the Task Force shall coordinate member agency efforts to adopt, as appropriate, minimum anti‑fraud requirements for transactions and processes identified under subsection (a) of this section to prevent fraud and loopholes that allow for systemic abuse and exploitation.",0
14395,2026-05497,Task Force members must submit implementation plans.,90 days after order date,Each member of the Task Force,"Within 90 days of the date of this order, each member of the Task Force shall submit to the Chairman and the Vice Chairman of the Task Force a measurable implementation plan concerning the measures identified or developed under this order.",0
14398,2026-06286,Executive departments and agencies must ensure contracts include the anti‑DEI clause,30 days from order date,Executive departments and agencies (including independent establishments subject to FPASA),"Within 30 days of the date of this order, executive departments and agencies ... shall, to the extent permitted by law, ensure that contracts ... include the following clause",0
14398,2026-06286,Agency heads must review implementation and report to the Assistant to the President for Domestic Policy,120 days from order date,Each agency head,"Within 120 days of the date of this order, each agency head shall review ... and report to the Assistant to the President for Domestic Policy",0
14398,2026-06286,Federal Acquisition Regulatory Council must issue deviation and interim guidance,60 days from order date,Federal Acquisition Regulatory Council,"The Federal Acquisition Regulatory Council shall, within 60 days of the date of this order, issue deviation and interim guidance",0
14399,2026-06601,Postmaster General to initiate proposed rulemaking on ballot envelope standards,60 days after March 31 2026,United States Postal Service (Postmaster General),within 60 days of the date of this order,0
14399,2026-06601,USPS to issue final rule on mail‑in and absentee ballot standards,120 days after March 31 2026,United States Postal Service (Postmaster General),no later than 120 days from the date of this order,0
14399,2026-06601,DHS to establish infrastructure for State Citizenship List,90 days after March 31 2026,Department of Homeland Security (Secretary),within 90 days of the date of this order,0
14400,2026-06961,Effective date for Sections 3‑6,2026-08-01,,"Sections 3 through 6 of this order shall be effective on August 1, 2026.",0
14400,2026-06961,Update or clarify rules by the governing body,2026-08-01,interstate intercollegiate athletic governing body,"the interstate intercollegiate athletic governing body for higher education institutions should, in consultation with student‑athletes and in its discretion, update or clarify its rules before August 1, 2026, as appropriate,",0
14402,2026-08900,OMB guidance issuance,45 days after order date,Director of OMB,"Within 45 days of the date of this order, the Director of OMB shall issue guidance to agencies to ensure consistent implementation of this order.",0
14402,2026-08900,Agency heads review and modify top 10 non‑fixed‑price contracts,90 days after order date,Agency heads,"Within 90 days of the date of this order, each agency head shall review and, to the maximum extent practicable and consistent with law, seek to modify, restructure, or renegotiate its 10 largest non‑fixed-price contracts by dollar value",0
14402,2026-08900,First semi‑annual report to OMB,90 days after order date,Agency heads,Agency heads shall submit the first report no later than 90 days after the date of this order.,0
14402,2026-08900,FAR amendment proposal and training program development,120 days after order date,Administrator for Federal Procurement Policy,"Within 120 days of the date of this order, the Administrator for Federal Procurement Policy shall:",0
14403,2026-08908,Establish TrumpIRA.gov website,2027-01-01,Secretary of the Treasury,"The Secretary of the Treasury shall, by January 1, 2027, establish a website (TrumpIRA.gov)",0
14405,2026-10399,90 days from the date of the order,2026-08-17,Each Federal financial regulator,"Within 90 days of the date of this order, the head of each Federal financial regulator shall conduct a review of existing regulations",0
14405,2026-10399,180 days from the date of the order,2026-11-15,Each Federal financial regulator,"Within 180 days of the date of this order, the head of each Federal financial regulator shall, in consultation with the Assistant to the President for Economic Policy, take steps to encourage innovation",0
14405,2026-10399,120 days from the date of the order,2026-09-16,Federal Reserve Board (FRB),"Within 120 days of the date of this order, the FRB is requested to submit a report to the President, through the Assistant to the President for Economic Policy, setting forth its findings, options, and any recommendations",0
14405,2026-10399,90 days from the application date,,Federal Reserve Board (FRB),the FRB is requested to establish transparent application procedures for such access and to make determinations ... within 90 days of the application date,0
14406,2026-10400,60 days from the order date (May 19 2026),2026‑07‑18,Secretary of the Treasury,"Within 60 days of the date of this order, the Secretary of the Treasury shall issue a formal Advisory …",0
14406,2026-10400,90 days from the order date (May 19 2026),2026‑08‑17,Secretary of the Treasury,"Within 90 days of the date of this order, the Secretary of the Treasury shall, in consultation … propose changes …",0
14406,2026-10400,180 days from the order date (May 19 2026),2026‑11‑15,Secretary of the Treasury and Federal functional financial regulators,"Within 180 days of the date of this order, the Secretary of the Treasury and the appropriate Federal functional financial regulators shall consider changes …",0
14406,2026-10400,60 days from the order date (May 19 2026),2026‑07‑18,Consumer Financial Protection Bureau,"Within 60 days of the date of this order, the Consumer Financial Protection Bureau shall consider clarifying …",0
14406,2026-10400,60 days from the order date (May 19 2026),2026‑07‑18,Each Federal functional financial regulator,"Within 60 days of the date of this order, each appropriate Federal functional financial regulator shall issue guidance …",0
14409,2026-11415,Within 30 days of the date of this order,,Committee on National Security Systems,"Within 30 days of the date of this order, the Committee on National Security Systems shall prioritize the cyber defense of National Security Systems",0
14409,2026-11415,Within 30 days of the date of this order,,Secretary of War,"Within 30 days of the date of this order, the Secretary of War shall prioritize the cyber defense of Department of War information systems",0
14409,2026-11415,Within 30 days of the date of this order,,Secretary of Homeland Security (via CISA),"Within 30 days of the date of this order, the Secretary of Homeland Security, through the Director of the Cybersecurity and Infrastructure Security Agency (CISA), ... shall release Binding Operational Directives and other guidance as appropriate",0
14409,2026-11415,Within 30 days of the date of this order,,Secretary of the Treasury (with others),"Within 30 days of the date of this order, the Secretary of the Treasury, ... shall form an AI cybersecurity clearinghouse",0
14409,2026-11415,Within 30 days of the date of this order,,Director of OMB,"Within 30 days of the date of this order, the Director of OMB, in coordination with the National Cyber Director and the Director of CISA, shall determine whether any Federal grant programs have available and relevant funding ...",0
14409,2026-11415,Within 60 days of the date of this order,,Director of OPM,"Within 60 days of the date of this order, the Director of the Office of Personnel Management shall expand the United States Tech Force Information Cybersecurity Specialist hiring and placement pathways",0
14409,2026-11415,Within 60 days of the date of this order,,"Secretary of the Treasury, Secretary of War (with others)","Within 60 days of the date of this order, the Secretary of the Treasury, the Secretary of War,",1
14409,2026-11415,Within 60 days of the date of this order,,"Secretary of the Treasury, Secretary of War (with others)","Within 60 days of the date of this order, the Secretary of the Treasury, the Secretary of War,",1
14410,2026-11594,60 days from order date,2026-07-03,Director of the Office of Personnel Management,"Within 60 days of the date of this order the Director of the Office of Personnel Management shall take steps to prepare and issue revisions that remove or update, as applicable, obsolete provisions of the Civil Service Rules that do not substantively affect agency operations.",0
14410,2026-11594,7 days from order date,2026-06-10,Head of each agency,the head of each agency ... shall within 7 days of the date of this order: (i) notify officers or employees encumbering such positions of their placement in Schedule Policy/Career; and (ii) conform agency records and practices to reflect the changes made by this order.,0
14411,2026-11595,"revise importer eligibility regulations, guidance, and policies",180 days after 2026‑06‑03,Secretary of Homeland Security,"Within 180 days of the date of this order, the Secretary of Homeland Security (Secretary) shall ... take steps to revise importer eligibility regulations",0
14411,2026-11595,require all importers of record to maintain “good standing”,180 days after 2026‑06‑03,Secretary of Homeland Security,"Within 180 days of the date of this order, the Secretary shall require all IORs to maintain ``good standing'' with CBP",0
14411,2026-11595,update the importer‑of‑record registry,180 days after 2026‑06‑03,Secretary of Homeland Security,"Within 180 days of the date of this order, the Secretary shall update the IOR registry consistent with the policy of this order",0
14411,2026-11595,establish enhanced vetting procedures,180 days after 2026‑06‑03,Secretary of Homeland Security,"Within 180 days of the date of this order, the Secretary shall establish enhanced vetting procedures, including recurrent vetting, for all individuals and entities seeking to conduct activities directly related to the importation of goods",0
14411,2026-11595,establish foreign‑exporter documentation requirement,90 days after 2026‑06‑03,Secretary of Homeland Security,"Within 90 days of the date of this order, the Secretary shall take steps to establish a requirement mandating the submission of any documentation or information that the foreign exporter was required to submit to the foreign customs administration prior to exporting to the United States",0
14411,2026-11595,"revise mitigation standards, set minimum penalty floor",90 days after 2026‑06‑03,Secretary of Homeland Security,"Within 90 days of the date of this order, the Secretary shall take steps to revise all mitigation standards consistent with the policy of this order",0
14411,2026-11595,expedite seizure and disposal of non‑compliant imports,90 days after 2026‑06‑03,Secretary of Homeland Security,"Within 90 days of the date of this order, the Secretary shall, to the maximum extent permitted by applicable law, take actions to expedite and enhance the seizure and disposal of non‑compliant imports",0
14411,2026-11595,enhance customs transparency and publish annual reports,90 days after 2026‑06‑03,Secretary of Homeland Security,"Within 90 days of the date of this order, the Secretary shall",1
14411,2026-11595,submit legislative recommendations,45 days after 2026‑06‑03,Secretary of Homeland Security,"Within 45 days of the date of this order, the Secretary, in consultation with the Director of the Office of Management and Budget and the heads of any other relevant agencies, shall submit to the President ... recommendations for legislation to strengthen customs enforcement",0
14411,2026-11595,submit effectiveness report to the President,1 year after 2026‑06‑03,Secretary of Homeland Security,"Within 1 year of the date of this order, the Secretary shall submit a report to the President ... on the effectiveness of the matters set forth in this order",0
14412,2026-12909,30 days from order issuance,,Agency heads,"Within 30 days of the date of this order, each agency head shall identify its PQC migration lead",0
14412,2026-12909,90 days for OMB guidance; subsequent compliance dates Dec 31 2030 (key establishment) and Dec 31 2031 (digital signatures),,Director of OMB,"Within 90 days of the date of this order, the Director of OMB ... shall, in consultation ... issue guidance requiring each agency to: ... transition all HVAs and high impact systems to use PQC for key establishment by December 31, 2030; ... transition all HVAs and high impact systems to use PQC for digital signatures by December 31, 2031",0
14412,2026-12909,Pilot project initiation within 180 days; completion by Dec 31 2027,"December 31, 2027",Secretary of Commerce / NIST,"Within 180 days of the date of this order, the Secretary of Commerce, through the Director of NIST, shall initiate a pilot project for PQC migration ... to be completed no later than December 31, 2027",0
14412,2026-12909,Publish proposed rule within 180 days; contractor compliance required by Dec 31 2030,"December 31, 2030",FAR Council,"Within 180 days of the date of this order, the",1
14412,2026-12909,First report due within 180 days; thereafter annually,,Director of the NSA,"Within 180 days of the date of this order, the",1
14412,2026-12909,270 days from order issuance,,Secretary of Homeland Security / CISA,"Within 270 days of the date of this order, the Secretary of Homeland Security ... shall release public guidance describing the agencies' considered view as to the minimum elements for a cryptographic bill of materials",0
14413,2026-12910,within 180 days of the date of this order,2026-12-19,Assistant to the President for Science and Technology (APST),"Within 180 days of the date of this order, the Assistant to the President for Science and Technology (APST), ... shall update the National Quantum Strategy (Strategy)",0
14413,2026-12910,within 30 days of the date of the publication of the updated Strategy,,Relevant executive departments and agencies,"Within 30 days of the date of the publication of the updated Strategy, relevant executive departments and agencies (agencies) shall each submit ... a summary of steps taken ...",0
14413,2026-12910,within 90 days of the date of this order,2026-09-20,Secretary of Energy,"Within 90 days of the date of this order, the Secretary of Energy, in coordination with the APST and the heads of other relevant agencies, shall identify the technical specifications required for a QC-ADDS ... and shall publicly release a summary of those specifications",0
14413,2026-12910,within 180 days of the date of this order,2026-12-19,Secretary of Energy,"Within 180 days of the date of this order, the Secretary of Energy, in consultation with the Director of OMB, shall explore potential private‑sector partnership models ...",0
14413,2026-12910,within 180 days of the date of this order,2026-12-19,Secretary of Commerce,"Within 180 days of the date of this order, the Secretary of",1
14413,2026-12910,within 180 days of the date of this order,2026-12-19,Secretary of War,"Within 180 days of the date of this order, the Secretary of",1
14413,2026-12910,within 180 days of the date of this order,2026-12-19,Secretary of Energy,"Within 180 days of the date of this order: (i) the Secretary of Energy, in consultation with the Secretary of War and the Secretary of Commerce, shall establish a national center to develop the tools and capabilities required to accurately assess the performance of quantum computing systems",0
14413,2026-12910,within 60 days of the date of this order,2026-08-21,Secretary of War,"Within 60 days of the date of this order, the Secretary of War shall identify at least three next‑generation quantum sensor projects to prioritize ...",0
14413,2026-12910,within 120 days of the date of this order,2026-10-20,Secretary of War,"Within 120 days of the date of this order, the Secretary of War, the Secretary of Commerce, the Secretary of Energy, and the Director of NSF shall develop a plan ... to encourage and partner with the private sector",0
14413,2026-12910,within 180 days of the date of this order,2026-12-19,Secretary of War,"Within 180 days of the date of this order: (i) the Secretary of War, in consultation with the heads of relevant agencies, shall take steps to increase domestic access to Department of War‑sponsored QIST‑relevant foundry resources",0
14413,2026-12910,within 180 days of the date of this order,2026-12-19,Director of NSF,Within 180 days of the date of this order:,1
14413,2026-12910,within 210 days of the date of this order,2027-01-18,Assistant to the President for Science and Technology (APST),the APST shall recommend a revised NQIAC membership list and shall task the NQIAC to develop recommendations,1
14413,2026-12910,within 90 days of the date of this order,2026-09-20,Director of the Office of Personnel Management,"Within 90 days of the date of this order, the Director of the Office of Personnel Management ... shall develop a Government‑wide QIST recruitment and retention strategy",0
14413,2026-12910,within 120 days of the date of this order,2026-10-20,Secretary of State,"Within 120 days of the date of this order, the Secretary of State shall provide recommendations to the APNSA and the APST ...",0
14413,2026-12910,within 90 days of the date of this order,2026-09-20,Relevant agencies (as specified in section 6(a)),"Reports shall be submitted to the President, through the APST and the Director of OMB, regarding the actions directed in: (i) section 6(a) of this order within 90 days of the date of this order;",0
14413,2026-12910,within 120 days of the date of this order,2026-10-20,Relevant agencies (as specified in section 5(b)),"Reports shall be submitted to the President, through the APST and the Director of OMB, regarding the actions directed in:",1
14413,2026-12910,within 60 days of the date of this order,2026-08-21,Director of the Federal Bureau of Investigation (and coordinating agencies),"Reports shall be submitted to the President, through the APST and the APNSA, regarding the actions directed in: (i) section 7(b) of this order within 60 days of the date of this order;",0
14413,2026-12910,within 180 days of the date of this order,2026-12-19,Secretary of State and Secretary of Commerce,"Reports shall be submitted to the President, through the APST and the APNSA, regarding the actions directed in:",1
14413,2026-12910,within 1 year of the date of this order,2027-06-22,"Secretary of State, Secretary of Commerce, and other agencies as specified in section 4(f)","Reports shall be submitted to the President, through the APST, the APNSA, and the National Cyber Director, regarding the actions directed in section 4(f) of this order within 1 year of the date of this order, and annually thereafter.",0
14415,2026-15003,2027‑01‑01,2027-01-01,Secretary of War and Secretaries of the military departments,"On January 1, 2027, the Secretary of War (Secretary) and the Secretaries of the military departments shall cease to issue waivers under 10 U.S.C. 4872(c)(1)",0
14415,2026-15003,within 180 days of 2026‑07‑20 (by 2027‑01‑16),2027-01-16,Secretary of War,"Within 180 days of the date of this order, the Secretary shall provide the Assistant to the President for National Security Affairs a list of generally available actions and contractual remedies",0
14415,2026-15003,within 180 days of 2026‑07‑20 (by 2027‑01‑16),2027-01-16,Secretary of War,"Within 180 days of the date of this order, the Secretary shall develop policy and implementation guidance to require all prime contractors ... to map and illuminate ... critical supply chains",0
14415,2026-15003,within 90 days after the mapping guidance is completed,,Secretary of War,"Within 90 days of completion, the Secretary shall promulgate implementing regulations",0
14415,2026-15003,within 180 days of 2026‑07‑20 (by 2027‑01‑16),2027-01-16,Secretary of War,"Within 180 days of the date of this order, the Secretary shall initiate regulatory action to: (i) identify",1
14415,2026-15003,within 90 days of 2026‑07‑20 (by 2026‑10‑18),2026-10-18,Secretary of War,"Within 90 days of the date of this order, the Secretary shall develop a strategy to accelerate testing and qualification of new sources and materials",0
14415,2026-15003,semi‑annual reports through 2028‑01‑01,,Secretary of War,"Every 6 months from the date of this order until January 1, 2028, the Secretary shall submit a report to the Assistant to the President for National Security Affairs describing the actions taken pursuant to this order",0
14417,2026-16125,Commission shall terminate,2 years from the date of this order,,"In accordance with the Act, the Commission shall terminate 2 years from the date of this order, unless extended by the President.",0
14418,2026-16403,within 30 days of the date of this order,2026-09-05,heads of all executive departments and agencies,within 30 days of the date of this order,0
14420,2026-16730,within 90 days of the date of this order,2026-11-08,Secretary of Health and Human Services,within 90 days of the date of this order,0
14421,2026-17843,Publish implementing rules or regulations within 120 days of the order date,120 days after order date,Secretary of Energy,"Within 120 days of the date of this order, the Secretary, in consultation with the Secretary of War, the Secretary of Homeland Security, the Director of National Intelligence, and any other senior executive branch official the Secretary deems appropriate, shall publish rules or regulations implementing the authorities delegated to the Secretary by this order as needed.",0
14421,2026-17843,Develop and submit recommended FAR revisions within 180 days of the order date,180 days after order date,Secretary of Energy,"Within 180 days of the date of this order, the Secretary, in consultation with the Federal Acquisition Regulatory Council (FAR Council) and any other senior executive branch official he deems appropriate, shall develop and submit a set of recommended revisions to the Federal Acquisition Regulation (FAR) to ensure that national security risks are adequately considered in any Federal procurement concerning energy infrastructure and to prioritize the acquisition of United States‑manufactured energy infrastructure.",0
14421,2026-17843,FAR Council to consider proposing amendments within 90 days of receiving the Secretary's recommendations,90 days after receipt of recommendations,Federal Acquisition Regulatory Council,"Within 90 days of receiving the Secretary's recommendations pursuant to subsection (a) of this section, the FAR Council shall consider proposing for notice and public comment amendments to the applicable provisions in the FAR to implement the recommendations provided by the Secretary.",0
14422,2026-18020,30 days after the order’s effective date,,Secretary of the Interior,"Within 30 days of the date of this order, the Secretary of the Interior (Secretary) shall",0
14423,2026-18141,Commission must submit report to the President,120 days after order date,Presidential Commission on the United States Space Academy,"Within 120 days of the date of this order, the Commission shall submit to the President through the APST and the APEP a report",0
