eo_number,document_number,title,president,signing_date,publication_date,citation,body_char_count,pdf_url,raw_text_url,summary,primary_topic,primary_topic_as_extracted,topic_other_reason,secondary_topics,instrument,instrument_other_reason,finish_reason
12890,94-290,Amendment to Executive Order No. 12864,William J. Clinton,1993-12-30,1994-01-05,59 FR 499,760,,https://www.federalregister.gov/documents/full_text/text/1994/01/05/94-290.txt,Amends Executive Order No. 12864 to increase the authorized membership of the United States Advisory Council on the National Information Infrastructure from 25 to 30 members.,technology_and_research,,,[],revokes_or_amends,,stop
12891,94-1531,Advisory Committee on Human Radiation Experiments,William J. Clinton,1994-01-15,1994-01-20,59 FR 2935,9349,,https://www.federalregister.gov/documents/full_text/text/1994/01/20/94-1531.txt,Executive Order 12891 establishes an advisory committee to examine human radiation experiments.,health,,,[],creates_body,,stop
12892,94-1532,Leadership and Coordination of Fair Housing in Federal Programs: Affirmatively Furthering Fair Housing,William J. Clinton,1994-01-17,1994-01-20,59 FR 2939,20764,,https://www.federalregister.gov/documents/full_text/text/1994/01/20/94-1532.txt,"Executive Order 12892 creates the President’s Fair Housing Council, chaired by the Secretary of Housing and Urban Development, and directs all federal agencies to administer their housing‑related programs in a manner that affirmatively furthers fair housing. It assigns the Secretary of HUD leadership responsibilities, requires agency heads to publish proposed regulations within 180 days of HUD’s final rules, and mandates annual reporting to the President. The order also revokes and amends portions of prior fair‑housing orders.",civil_rights,,,"[""government_administration"", ""justice_and_law_enforcement""]",creates_body,,stop
12893,94-2261,Principles for Federal Infrastructure Investments,William J. Clinton,1994-01-26,1994-01-31,59 FR 4233,8797,,https://www.federalregister.gov/documents/full_text/text/1994/01/31/94-2261.txt,"Executive Order 12893 establishes principles for federal infrastructure investment and requires each agency with infrastructure responsibilities to develop implementation plans. Agencies must submit initial plans to the Office of Management and Budget by March 15 1994, and the OMB will provide guidance. The order applies to federal spending on transportation, water resources, energy, and environmental protection, and it revokes two earlier orders.",economy_and_finance,,,"[""energy_and_environment"", ""government_administration""]",directs_report_or_study,,stop
12894,94-2267,North Pacific Marine Science Organization,William J. Clinton,1994-01-26,1994-01-31,59 FR 4237,1356,,https://www.federalregister.gov/documents/full_text/text/1994/01/31/94-2267.txt,"Executive Order 12894 designates the North Pacific Marine Science Organization as a public international organization entitled to the privileges, exemptions, and immunities of the International Organizations Immunities Act.",foreign_policy,,,[],delegates_authority,,stop
12895,94-2266,North Pacific Anadromous Fish Commission,William J. Clinton,1994-01-26,1994-01-31,59 FR 4239,1353,,https://www.federalregister.gov/documents/full_text/text/1994/01/31/94-2266.txt,"The order designates the North Pacific Anadromous Fish Commission as a public international organization and grants it the privileges, exemptions, and immunities provided by the International Organizations Immunities Act.",energy_and_environment,,,[],confers_status_or_honor,,stop
12896,94-2904,Amending the Civil Service Rules Concerning Political Activity,William J. Clinton,1994-02-03,1994-02-07,59 FR 5515,786,,https://www.federalregister.gov/documents/full_text/text/1994/02/07/94-2904.txt,Executive Order 12896 amends the civil service rules by revoking a specific provision of Civil Service Rule IV.,government_administration,,,[],revokes_or_amends,,stop
12897,94-2905,Garnishment of Federal Employees' Pay,William J. Clinton,1994-02-03,1994-02-07,59 FR 5517,1269,,https://www.federalregister.gov/documents/full_text/text/1994/02/07/94-2905.txt,"The order assigns authority to the Office of Personnel Management and the Postmaster General to issue regulations implementing the garnishment provisions of section 5520a of title 5, U.S. Code.",government_administration,,,[],delegates_authority,,stop
12898,94-3685,Federal Actions To Address Environmental Justice in Minority Populations and Low-Income Populations,William J. Clinton,1994-02-11,1994-02-16,59 FR 7629,20102,,https://www.federalregister.gov/documents/full_text/text/1994/02/16/94-3685.txt,"Executive Order 12898 establishes an interagency Working Group on Environmental Justice, directs all Federal agencies to develop and implement agency‑wide environmental‑justice strategies, and sets a series of reporting deadlines.",energy_and_environment,,,[],creates_body,,stop
12899,94-3853,Establishing an Emergency Board To Investigate a Dispute Between The Long Island Rail Road and Certain of Its Employees Represented by the United Transportation Union,William J. Clinton,1994-02-15,1994-02-17,59 FR 8113,3085,,https://www.federalregister.gov/documents/full_text/text/1994/02/17/94-3853.txt,Executive Order 12899 establishes a second emergency board to investigate a labor dispute between the Long Island Rail Road and its employees.,labor_and_workforce,,,[],creates_body,,stop
12900,94-4472,Educational Excellence for Hispanic Americans,William J. Clinton,1994-02-22,1994-02-24,59 FR 9061,10781,,https://www.federalregister.gov/documents/full_text/text/1994/02/24/94-4472.txt,Executive Order 12900 creates the President’s Advisory Commission on Educational Excellence for Hispanic Americans and the White House Initiative on Educational Excellence for Hispanic Americans within the Department of Education. It directs the Secretary of Education to develop an annual federal plan and requires each federal agency to appoint a senior official to liaise with the new bodies. The order also tasks the Office of Personnel Management to develop a recruitment program for Hispanic students and invokes the Constitution and the Federal Advisory Committee Act as authority.,education,,,"[""government_administration""]",creates_body,,stop
12901,94-5434,Identification of Trade Expansion Priorities,William J. Clinton,1994-03-02,1994-03-08,59 FR 10727,5534,,https://www.federalregister.gov/documents/full_text/text/1994/03/08/94-5434.txt,"The order delegates authority to the United States Trade Representative to identify trade‑expansion priorities, report on them, and initiate investigations and negotiations.",trade,,,[],delegates_authority,,stop
12902,94-5834,Energy Efficiency and Water Conservation at Federal Facilities,William J. Clinton,1994-03-08,1994-03-10,59 FR 11463,43268,,https://www.federalregister.gov/documents/full_text/text/1994/03/10/94-5834.txt,"Executive Order 12902 establishes interagency bodies to coordinate federal energy‑efficiency, water‑conservation and renewable‑energy actions, sets agency goals, reporting and implementation deadlines, and revokes most of EO 12759.",energy_and_environment,,,[],creates_body,,stop
12903,94-5915,Nuclear Cooperation With EURATOM,William J. Clinton,1994-03-09,1994-03-11,59 FR 11473,1478,,https://www.federalregister.gov/documents/full_text/text/1994/03/11/94-5915.txt,The order extends the period of peaceful nuclear cooperation with the European Atomic Energy Community to 10 March 1995 and supersedes Executive Order 12840.,energy_and_environment,,,[],revokes_or_amends,,stop
12904,94-6696,"Commission for Environmental Cooperation, Commission for Labor Cooperation, Border Environment Cooperation Commission, and North American Development Bank",William J. Clinton,1994-03-16,1994-03-21,59 FR 13179,1788,,https://www.federalregister.gov/documents/full_text/text/1994/03/21/94-6696.txt,"Executive Order 12904 designates four existing North American bodies as public international organizations entitled to the privileges, exemptions, and immunities of the International Organizations Immunities Act.",government_administration,,,[],delegates_authority,,stop
12905,94-7635,Trade and Environment Policy Advisory Committee,William J. Clinton,1994-03-25,1994-03-29,59 FR 14733,4954,,https://www.federalregister.gov/documents/full_text/text/1994/03/29/94-7635.txt,Executive Order 12905 establishes the Trade and Environment Policy Advisory Committee.,trade,,,[],creates_body,,stop
12906,94-9117,Coordinating Geographic Data Acquisition and Access: The National Spatial Data Infrastructure,William J. Clinton,1994-04-11,1994-04-13,59 FR 17670,13777,,https://www.federalregister.gov/documents/full_text/text/1994/04/13/94-9117.txt,"Executive Order 12906 directs the Federal Geographic Data Committee (FGDC) to create an electronic National Geospatial Data Clearinghouse, sets multiple agency‑level deadlines for documenting, standardizing, and publicly sharing geospatial data, requires agencies to use the Clearinghouse before spending on new data collection, and tasks the FGDC and the Secretary of the Interior with developing a national digital geospatial data framework and partnership strategies. The order references OMB Circulars A‑16, A‑119, A‑130 and the National Performance Review.",technology_and_research,,,"[""government_administration""]",creates_body,,stop
12907,94-9419,Amending Executive Order No. 12882,William J. Clinton,1994-04-14,1994-04-18,59 FR 18291,922,,https://www.federalregister.gov/documents/full_text/text/1994/04/18/94-9419.txt,Executive Order 12907 amends EO 12882 to change the membership count of the President’s Committee of Advisors on Science and Technology.,technology_and_research,,,[],revokes_or_amends,,stop
12908,94-10241,Order of Succession of Officers To Act as Secretary of the Army,William J. Clinton,1994-04-22,1994-04-26,59 FR 21907,3263,,https://www.federalregister.gov/documents/full_text/text/1994/04/26/94-10241.txt,"The order establishes the line of succession for the Secretary of the Army, designating the Under Secretary first, followed by Assistant Secretaries/General Counsel (ordered by length of service), then the Chief of Staff. The same order applies to temporary absences or disabilities, but acting appointments are limited to the period of absence and do not affect the Secretary’s right to resume duties. The Secretary determines precedence among officers with identical appointment dates, and officers serving only in an acting capacity are barred from acting under this order. Succession is temporary and does not vacate the statutory appointment of the successor.",government_administration,,,[],delegates_authority,,stop
12909,94-10242,Order of Succession of Officers To Act as Secretary of the Air Force,William J. Clinton,1994-04-22,1994-04-26,59 FR 21909,3365,,https://www.federalregister.gov/documents/full_text/text/1994/04/26/94-10242.txt,Executive Order 12909 establishes the order of succession for the Secretary of the Air Force and sets the temporary nature of any acting appointment.,government_administration,,,[],adjusts_pay_or_admin,,stop
12910,94-10249,"Providing for the Closing of Government Departments and agencies on April 27, 1994",William J. Clinton,1994-04-23,1994-04-26,59 FR 21915,1539,,https://www.federalregister.gov/documents/full_text/text/1994/04/26/94-10249.txt,"The order directs the closure of all executive departments, independent establishments, and other governmental agencies on a specific date, with limited exceptions.",government_administration,,,[],other,orders closure of departments and agencies,stop
12911,94-13090,Seal for the Office of National Drug Control Policy,William J. Clinton,1994-04-25,1994-04-28,59 FR 22121,1780,,https://www.federalregister.gov/documents/full_text/text/1994/04/28/94-13090.txt,The order approves an official seal for the Office of National Drug Control Policy.,government_administration,,,[],other,approves an official seal for a federal office,stop
12912,94-10794,Amendment to Executive Order No. 12878,William J. Clinton,1994-04-29,1994-05-03,59 FR 22949,869,,https://www.federalregister.gov/documents/full_text/text/1994/05/03/94-10794.txt,The order amends Executive Order 12878 to change the reporting deadline for the Bipartisan Commission on Entitlement Reform from May 1 1994 to December 15 1994.,government_administration,,,[],revokes_or_amends,,stop
12913,94-10932,Revocation of Executive Order No. 12582,William J. Clinton,1994-05-02,1994-05-04,59 FR 23115,989,,https://www.federalregister.gov/documents/full_text/text/1994/05/04/94-10932.txt,"The order revokes Executive Order No. 12582, declaring it void and setting an effective date.",immigration,,,[],revokes_or_amends,,stop
12914,94-11547,Prohibiting Certain Transactions With Respect to Haiti,William J. Clinton,1994-05-07,1994-05-10,59 FR 24339,5386,,https://www.federalregister.gov/documents/full_text/text/1994/05/10/94-11547.txt,"The order blocks funds and financial resources of Haitian military officers, coup participants and their families, and prohibits certain transactions related to Haiti.",foreign_policy,,,[],imposes_sanctions,,stop
12915,94-12275,Federal Implementation of the North American Agreement on Environmental Cooperation,William J. Clinton,1994-05-13,1994-05-18,59 FR 25775,12284,,https://www.federalregister.gov/documents/full_text/text/1994/05/18/94-12275.txt,The order directs the EPA Administrator to create a governmental committee that will advise on implementing the North American Agreement on Environmental Cooperation.,energy_and_environment,,,[],creates_body,,stop
12916,94-12284,Implementation of the Border Environment Cooperation Commission and the North American Development Bank,William J. Clinton,1994-05-13,1994-05-18,59 FR 25779,9189,,https://www.federalregister.gov/documents/full_text/text/1994/05/18/94-12284.txt,"Executive Order 12916 implements the NAFTA‑related Border Environment Cooperation Commission and North American Development Bank, creates a Finance Committee, delegates presidential functions, and designates U.S. representatives on the Commission’s board.",energy_and_environment,,,[],creates_body,,stop
12917,94-12880,Prohibiting Certain Transactions With Respect to Haiti,William J. Clinton,1994-05-21,1994-05-24,59 FR 26925,6968,,https://www.federalregister.gov/documents/full_text/text/1994/05/24/94-12880.txt,"Executive Order 12917 (1994) blocks a wide range of transactions with Haiti, establishing economic sanctions and authorizing the Treasury to enforce them.",foreign_policy,,,[],imposes_sanctions,,stop
12918,94-13391,Prohibiting Certain Transactions With Respect to Rwanda and Delegating Authority With Respect to Other United Nations Arms Embargoes,William J. Clinton,1994-05-26,1994-05-31,59 FR 28205,7037,,https://www.federalregister.gov/documents/full_text/text/1994/05/31/94-13391.txt,The order imposes an arms embargo on Rwanda and delegates enforcement authority to the Secretaries of State and Commerce.,foreign_policy,,,[],imposes_sanctions,,stop
12919,94-14027,National Defense Industrial Resources Preparedness,William J. Clinton,1994-06-03,1994-06-07,59 FR 29525,46554,,https://www.federalregister.gov/documents/full_text/text/1994/06/07/94-14027.txt,Executive Order 12919 (June 3 1994) supersedes or revokes a series of earlier executive orders. The order’s primary topic is national‑defense industrial preparedness and the instrument is revokes_or_amends.,government_administration,,"The order deals with the organization and authority of federal agencies for national‑defense industrial resources, which falls under the administration of government functions.",[],revokes_or_amends,,stop
12920,94-14582,Prohibiting Certain Transactions With Respect to Haiti,William J. Clinton,1994-06-10,1994-06-14,59 FR 30501,6784,,https://www.federalregister.gov/documents/full_text/text/1994/06/14/94-14582.txt,"Executive Order 12920 prohibits a wide range of payments, transfers, and exports to and from Haiti, authorizing the Secretary of the Treasury, in consultation with the Secretary of State, to issue regulations and take necessary actions. The order references the national emergency declared in EO 12775 and adopts definitions from EO 12779. All U.S. agencies are directed to enforce the prohibitions, and the order takes effect on June 10, 1994.",foreign_policy,,,"[""trade"", ""economy_and_finance""]",imposes_sanctions,,stop
12921,94-14728,Amendment to Executive Order No. 12864,William J. Clinton,1994-06-13,1994-06-15,59 FR 30667,789,,https://www.federalregister.gov/documents/full_text/text/1994/06/15/94-14728.txt,Amends Executive Order 12864 to increase the authorized membership of the United States Advisory Council on the National Information Infrastructure from 30 to 37 members.,technology_and_research,,,[],revokes_or_amends,,stop
12922,94-15498,Blocking Property of Certain Haitian Nationals,William J. Clinton,1994-06-21,1994-06-23,59 FR 32645,4846,,https://www.federalregister.gov/documents/full_text/text/1994/06/23/94-15498.txt,"Executive Order 12922 blocks property of certain Haitian nationals and prohibits transactions that evade the block, thereby imposing sanctions.",foreign_policy,,,[],imposes_sanctions,,stop
12923,94-16403,Continuation of Export Control Regulations,William J. Clinton,1994-06-30,1994-07-05,59 FR 34551,5423,,https://www.federalregister.gov/documents/full_text/text/1994/07/05/94-16403.txt,Executive Order 12923 continues the United States export‑control system and incorporates delegations of authority from several earlier executive orders.,trade,,,[],other,continues and amends the existing export‑control regulations,stop
12924,94-20873,Continuation of Export Control Regulations,William J. Clinton,1994-08-19,1994-08-23,59 FR 43437,5678,,https://www.federalregister.gov/documents/full_text/text/1994/08/23/94-20873.txt,"Executive Order 12924 continues the export‑control system, incorporates prior delegations of authority, revokes the earlier EO 12923, and sets an effective date.",technology_and_research,,,[],other,sets effective date,stop
12925,94-21738,Establishing an Emergency Board To Investigate a Dispute Between the Soo Line Railroad Company and Certain of Its Employees Represented by the United Transportation Union,William J. Clinton,1994-08-29,1994-08-31,59 FR 45181,2916,,https://www.federalregister.gov/documents/full_text/text/1994/08/31/94-21738.txt,"Executive Order 12925 creates an emergency board to investigate a railroad labor dispute, requires a report within 30 days, and limits parties from changing dispute conditions for 30 days after the report.",labor_and_workforce,,,[],creates_body,,stop
12926,94-22969,Implementation of the National Voter Registration Act of 1993,William J. Clinton,1994-09-12,1994-09-14,59 FR 47227,3571,,https://www.federalregister.gov/documents/full_text/text/1994/09/14/94-22969.txt,"The order directs federal departments, agencies, and the Secretary of Defense to assist states in implementing the National Voter Registration Act by providing guidance, technical assistance, and developing registration procedures at Armed Forces recruitment offices.",education,,"The order’s substantive focus is on voter registration, which falls under the broader category of voting_and_elections; however, that specific label is not listed among the allowed topics, so the closest available topic is used.",[],delegates_authority,,stop
12927,94-23273,Ordering the Selected Reserve of the Armed Forces to Active Duty,William J. Clinton,1994-09-15,1994-09-19,59 FR 47781,1746,,https://www.federalregister.gov/documents/full_text/text/1994/09/19/94-23273.txt,The order delegates authority to the Secretary of Defense and the Secretary of Transportation (for the Coast Guard) to place Selected Reserve personnel on active duty.,government_administration,,"The order concerns the internal management of the Selected Reserve of the Armed Forces, which is a defense‑related personnel matter; the most specific matching topic is defense_and_national_security, but the order’s focus is on the administrative activation of reserve units, so it is classified under government_administration.",[],delegates_authority,,stop
12928,94-23453,"Promoting Procurement With Small Businesses Owned and Controlled by Socially and Economically Disadvantaged Individuals, Historically Black Colleges and Universities, and Minority Institutions",William J. Clinton,1994-09-16,1994-09-20,59 FR 48377,7272,,https://www.federalregister.gov/documents/full_text/text/1994/09/20/94-23453.txt,"Executive Order 12928 directs federal departments and agencies to promote procurement with socially‑ and economically‑disadvantaged small businesses, historically Black colleges and universities, and minority institutions.",government_administration,,,[],delegates_authority,,stop
12929,94-24589,Delegation of Authority Regarding the Naval Petroleum and Oil Shale Reserves,William J. Clinton,1994-09-29,1994-10-03,59 FR 50473,910,,https://www.federalregister.gov/documents/full_text/text/1994/10/03/94-24589.txt,The order delegates presidential functions concerning the Naval Petroleum and Oil Shale Reserves to the Secretary of Energy.,energy_and_environment,,,[],delegates_authority,,stop
12930,94-24617,Measures To Restrict the Participation by United States Persons in Weapons Proliferation Activities,William J. Clinton,1994-09-29,1994-10-03,59 FR 50475,2833,,https://www.federalregister.gov/documents/full_text/text/1994/10/03/94-24617.txt,"The order revokes Executive Order 12868 and directs the Secretary of Commerce, in consultation with the Secretary of State, to regulate U.S. persons’ participation in weapons‑of‑mass‑destruction proliferation.",security_and_defense,,,[],revokes_or_amends,,stop
12931,94-25837,Federal Procurement Reform,William J. Clinton,1994-10-13,1994-10-17,59 FR 52387,5624,,https://www.federalregister.gov/documents/full_text/text/1994/10/17/94-25837.txt,The order revokes Executive Order 12352 and directs agencies to improve procurement practices.,government_administration,,,[],revokes_or_amends,,stop
12932,94-25940,Termination of Emergency With Respect to Haiti,William J. Clinton,1994-10-14,1994-10-18,59 FR 52403,2469,,https://www.federalregister.gov/documents/full_text/text/1994/10/18/94-25940.txt,The order revokes several earlier executive orders and terminates the national emergency with respect to Haiti.,foreign_policy,,,[],revokes_or_amends,,stop
12933,94-26516,Nondisplacement of Qualified Workers Under Certain Contracts,William J. Clinton,1994-10-20,1994-10-24,59 FR 53559,14487,,https://www.federalregister.gov/documents/full_text/text/1994/10/24/94-26516.txt,"Executive Order 12933 directs that federal building‑service contracts must contain a nondisplacement clause and gives the Secretary of Labor enforcement authority, including a 180‑day deadline to issue implementing regulations.",government_administration,,,[],delegates_authority,,stop
12934,94-26834,Blocking Property and Additional Measures With Respect to the Bosnian Serb-Controlled Areas of the Republic of Bosnia and Herzegovina,William J. Clinton,1994-10-25,1994-10-27,59 FR 54117,7369,,https://www.federalregister.gov/documents/full_text/text/1994/10/27/94-26834.txt,"The order expands the national emergency declared in EO 12808 and blocks property, interests, and export services related to Bosnian Serb‑controlled areas, prohibiting certain transactions and vessel entries.",foreign_policy,,,[],imposes_sanctions,,stop
12935,94-27135,"Amending Executive Order No. 11157 as it Relates to the Definition of""Field Duty''",William J. Clinton,1994-10-28,1994-10-31,59 FR 54511,1453,,https://www.federalregister.gov/documents/full_text/text/1994/10/31/94-27135.txt,Executive Order 12935 amends Executive Order 11157 by striking out portions of the definition of “field duty.”,government_administration,,,[],revokes_or_amends,,stop
12936,94-28430,"Amendments to the Manual for Courts-Martial, United States, 1984",William J. Clinton,1994-11-10,1994-11-15,59 FR 59075,951,,https://www.federalregister.gov/documents/full_text/text/1994/11/15/94-28430.txt,"Executive Order 12936 amends the Manual for Courts‑Martial, United States, 1984.",justice_and_law_enforcement,,,[],other,the order amends a manual rather than an earlier order or emergency,stop
12937,94-28431,Declassification of Selected Records Within the National Archives of the United States,William J. Clinton,1994-11-10,1994-11-15,59 FR 59097,4861,,https://www.federalregister.gov/documents/full_text/text/1994/11/15/94-28431.txt,The order declassifies specific records in the National Archives and directs the Archivist to make them publicly available within a set time.,government_administration,,,[],other,"order declassifies records, which does not fit any predefined instrument category",stop
12938,94-28487,Proliferation of Weapons of Mass Destruction,William J. Clinton,1994-11-14,1994-11-16,59 FR 59099,16003,,https://www.federalregister.gov/documents/full_text/text/1994/11/16/94-28487.txt,"Executive Order 12938 declares a national emergency over WMD proliferation, directs State, Commerce, and Treasury to impose sanctions on foreign persons and countries involved in chemical/biological weapons, revokes prior related orders, and delegates authority to implement the measures.",security_and_defense,,,"[""foreign_policy"", ""trade""]",imposes_sanctions,,stop
12939,94-29541,Expedited Naturalization of Aliens and Noncitizen Nationals Who Served in an Active-Duty Status During the Persian Gulf Conflict,William J. Clinton,1994-11-22,1994-11-29,59 FR 61231,1702,,https://www.federalregister.gov/documents/full_text/text/1994/11/29/94-29541.txt,The order provides an expedited naturalization exception for aliens and non‑citizen nationals who served honorably in active‑duty status during the Persian Gulf Conflict.,immigration,,,[],other,"provides an expedited naturalization exception (does not create a body, impose sanctions, revoke/amend, confer honor, delegate authority, direct a report, or adjust pay)",stop
12940,94-29663,Amendment to Civil Service Rule VI,William J. Clinton,1994-11-28,1994-11-30,59 FR 61519,2029,,https://www.federalregister.gov/documents/full_text/text/1994/11/30/94-29663.txt,Amends Civil Service Rule VI to place certain Department of Agriculture positions in Schedule C for all GS grades.,government_administration,,,[],revokes_or_amends,,stop
12941,94-30035,Seismic Safety of Existing Federally Owned or Leased Buildings,William J. Clinton,1994-12-01,1994-12-05,59 FR 62545,5520,,https://www.federalregister.gov/documents/full_text/text/1994/12/05/94-30035.txt,"Executive Order 12941 adopts minimum seismic‑safety standards for federally owned or leased buildings and assigns agencies responsibilities for inventory, cost‑estimates, reporting and periodic updates.",energy_and_environment,,,[],delegates_authority,,stop
12942,94-30997,"Addition to Level V of the Executive Schedule Commissioner, Administration for Native Americans",William J. Clinton,1994-12-12,1994-12-15,59 FR 64551,919,,https://www.federalregister.gov/documents/full_text/text/1994/12/15/94-30997.txt,"Adds a new Level V position, Commissioner of the Administration for Native Americans, to the Executive Schedule.",government_administration,,,[],adjusts_pay_or_admin,,stop
12943,94-30998,Further Amendment to Executive Order No. 11755,William J. Clinton,1994-12-13,1994-12-15,59 FR 64553,1603,,https://www.federalregister.gov/documents/full_text/text/1994/12/15/94-30998.txt,Executive Order 12943 further amends Executive Order 11755 to change a reference in its preamble and to add a new subsection excluding micropurchases.,government_administration,,,[],revokes_or_amends,,stop
12944,94-32388,Adjustments of Certain Rates of Pay and Allowances,William J. Clinton,1994-12-28,1995-01-03,60 FR 309,7325,https://www.govinfo.gov/content/pkg/FR-1995-01-03/pdf/94-32388.pdf,https://www.federalregister.gov/documents/full_text/text/1995/01/03/94-32388.txt,"Executive Order 12944 adjusts federal pay rates and allowances, designates agencies to prescribe related regulations, sets effective dates, and supersedes two earlier orders.",government_administration,,,[],revokes_or_amends,,stop
12945,95-1877,Amendment to Executive Order No. 12640,William J. Clinton,1995-01-20,1995-01-24,60 FR 4527,1331,https://www.govinfo.gov/content/pkg/FR-1995-01-24/pdf/95-1877.pdf,https://www.federalregister.gov/documents/full_text/text/1995/01/24/95-1877.txt,"Executive Order 12945 amends Executive Order 12640 to increase the number of Vice Chair positions on the President's Committee on Employment of People with Disabilities from four to six. It also updates the terminology throughout the order, replacing “Vice Chairman” and “Vice Chairmen” with “Vice Chair” and “Vice Chairs.” The amendment is made under presidential authority and the Rehabilitation Act of 1973.",civil_rights,,,[],revokes_or_amends,,stop
12946,95-1925,President's Advisory Board on Arms Proliferation Policy,William J. Clinton,1995-01-20,1995-01-24,60 FR 4829,4855,https://www.govinfo.gov/content/pkg/FR-1995-01-24/pdf/95-1925.pdf,https://www.federalregister.gov/documents/full_text/text/1995/01/24/95-1925.txt,"Executive Order 12946 establishes the President’s Advisory Board on Arms Proliferation Policy within the Department of Defense, defines its composition, functions, administration, and termination deadline.",security_and_defense,,,[],creates_body,,stop
12947,X95-110125,Prohibiting Transactions With Terrorists Who Threaten To Disrupt the Middle East Peace Process,William J. Clinton,1995-01-23,1995-01-25,60 FR 5079,7182,https://www.govinfo.gov/content/pkg/FR-1995-01-25/pdf/X95-110125.pdf,https://www.federalregister.gov/documents/full_text/text/1995/01/25/X95-110125.txt,"The order blocks property and prohibits transactions with designated terrorists, thereby imposing sanctions.",security_and_defense,,,[],imposes_sanctions,,stop
12948,95-2687,Amendment to Executive Order No. 12898,William J. Clinton,1995-01-30,1995-02-01,60 FR 6381,1000,https://www.govinfo.gov/content/pkg/FR-1995-02-01/pdf/95-2687.pdf,https://www.federalregister.gov/documents/full_text/text/1995/02/01/95-2687.txt,"Amends EO 12898 by replacing the phrase “Within 12 months of the date of this order,” with “By March 24, 1995,” and updating related language.",energy_and_environment,,,[],revokes_or_amends,,stop
12949,95-3671,Foreign Intelligence Physical Searches,William J. Clinton,1995-02-09,1995-02-13,60 FR 8169,2647,https://www.govinfo.gov/content/pkg/FR-1995-02-13/pdf/95-3671.pdf,https://www.federalregister.gov/documents/full_text/text/1995/02/13/95-3671.txt,The order authorizes the Attorney General to approve physical searches for foreign intelligence without a court order and designates senior national‑security officials to make required certifications.,foreign_policy,,,[],delegates_authority,,stop
12950,95-4908,Establishing an Emergency Board To Investigate a Dispute Between Metro North Commuter Railroad and Its Employees Represented by Certain Labor Organizations,William J. Clinton,1995-02-22,1995-02-27,60 FR 10475,4506,https://www.govinfo.gov/content/pkg/FR-1995-02-27/pdf/95-4908.pdf,https://www.federalregister.gov/documents/full_text/text/1995/02/27/95-4908.txt,Executive Order 12950 creates an emergency board to investigate a labor dispute involving Metro North Commuter Railroad and its employees.,labor_and_workforce,,,[],creates_body,,stop
12951,95-5050,Release of Imagery Acquired by Space-Based National Intelligence Reconnaissance Systems,William J. Clinton,1995-02-22,1995-02-28,60 FR 10789,4657,https://www.govinfo.gov/content/pkg/FR-1995-02-28/pdf/95-5050.pdf,https://www.federalregister.gov/documents/full_text/text/1995/02/28/95-5050.txt,The order assigns the Director of Central Intelligence the authority to set up a program for reviewing and declassifying imagery from space‑based national intelligence reconnaissance systems.,technology_and_research,,,[],delegates_authority,,stop
12952,95-5129,Amendment to Executive Order No. 12950,William J. Clinton,1995-02-24,1995-02-28,60 FR 11011,677,https://www.govinfo.gov/content/pkg/FR-1995-02-28/pdf/95-5129.pdf,https://www.federalregister.gov/documents/full_text/text/1995/02/28/95-5129.txt,Executive Order 12952 amends Executive Order 12950 by adding a new labor organization to its attached list.,government_administration,,,[],revokes_or_amends,,stop
12953,95-5146,Actions Required of all Executive Agencies To Facilitate Payment of Child Support,William J. Clinton,1995-02-27,1995-02-28,60 FR 11013,15008,https://www.govinfo.gov/content/pkg/FR-1995-02-28/pdf/95-5146.pdf,https://www.federalregister.gov/documents/full_text/text/1995/02/28/95-5146.txt,"Executive Order 12953 directs federal agencies to take a series of actions that promote and enforce child‑support obligations. It creates a Defense‑Department‑led task force, requires agencies to review and report on wage‑withholding procedures, publish lists of agents for service of notices, assist with service of legal process, cooperate with the Federal Parent Locator Service, perform annual cross‑matches of delinquent obligors, advise employees of support services, and submit various reports within specified time‑frames.",justice_and_law_enforcement,,,[],other,The order contains many directives that do not fit the listed instrument categories; only the task‑force creation fits ‘creates_body’ and the reporting requirements fit ‘directs_report_or_study’. All other actions are captured as separate claims with their own instruments.,stop
12954,95-6121,Ensuring the Economical and Efficient Administration and Completion of Federal Government Contracts,William J. Clinton,1995-03-08,1995-03-10,60 FR 13023,10385,https://www.govinfo.gov/content/pkg/FR-1995-03-10/pdf/95-6121.pdf,https://www.federalregister.gov/documents/full_text/text/1995/03/10/95-6121.txt,Contracting agencies shall not contract with employers that permanently replace lawfully striking employees.,government_administration,,,[],imposes_sanctions,,stop
12955,95-6211,Nuclear Cooperation With EURATOM,William J. Clinton,1995-03-09,1995-03-10,60 FR 13365,1490,https://www.govinfo.gov/content/pkg/FR-1995-03-10/pdf/95-6211.pdf,https://www.federalregister.gov/documents/full_text/text/1995/03/10/95-6211.txt,The order supersedes EO 12903 and extends the nuclear‑cooperation period to the end of 1995.,energy_and_environment,,,[],revokes_or_amends,,stop
12956,95-6588,"Executive Order 12956 of March 13, 1995",William J. Clinton,1995-03-13,1995-03-15,60 FR 14199,1498,https://www.govinfo.gov/content/pkg/FR-1995-03-15/pdf/95-6588.pdf,https://www.federalregister.gov/documents/full_text/text/1995/03/15/95-6588.txt,"The order designates the Israel‑United States Binational Industrial Research and Development Foundation as a public international organization entitled to enjoy the privileges, exemptions, and immunities conferred by the International Organizations Immunities Act.",technology_and_research,,,[],delegates_authority,,stop
12957,95-6849,Prohibiting Certain Transactions With Respect to the Development of Iranian Petroleum Resources,William J. Clinton,1995-03-15,1995-03-17,60 FR 14615,5185,https://www.govinfo.gov/content/pkg/FR-1995-03-17/pdf/95-6849.pdf,https://www.federalregister.gov/documents/full_text/text/1995/03/17/95-6849.txt,"Executive Order 12957 prohibits U.S. persons from entering into contracts or providing guarantees for the development of Iranian petroleum resources, thereby imposing sanctions.",energy_and_environment,,,[],imposes_sanctions,,stop
12958,95-9941,Classified National Security Information,William J. Clinton,1995-04-17,1995-04-20,60 FR 19825,89077,https://www.govinfo.gov/content/pkg/FR-1995-04-20/pdf/95-9941.pdf,https://www.federalregister.gov/documents/full_text/text/1995/04/20/95-9941.txt,"Executive Order 12958 establishes a uniform system for classifying, safeguarding, and declassifying national security information. It creates the Information Security Oversight Office, the Interagency Security Classification Appeals Panel, and the Information Security Policy Advisory Council, and assigns the Director of the Office of Management and Budget and the Director of the Information Security Oversight Office various duties to implement and enforce the system. The order sets deadlines for the order’s effectiveness, automatic declassification, and agency notifications.",security_and_defense,,,"[""government_administration""]",creates_body,,stop
12959,95-11694,Prohibiting Certain Transactions With Respect to Iran,William J. Clinton,1995-05-06,1995-05-09,60 FR 24757,10025,https://www.govinfo.gov/content/pkg/FR-1995-05-09/pdf/95-11694.pdf,https://www.federalregister.gov/documents/full_text/text/1995/05/09/95-11694.txt,"The order prohibits a wide range of transactions involving Iran, effectively imposing sanctions on Iranian-origin goods, services, and related financial activities.",foreign_policy,,,[],imposes_sanctions,,stop
12960,95-12285,"Amendments to the Manual for Courts-Martial, United States, 1984",William J. Clinton,1995-05-12,1995-05-17,60 FR 26647,95716,https://www.govinfo.gov/content/pkg/FR-1995-05-17/pdf/95-12285.pdf,https://www.federalregister.gov/documents/full_text/text/1995/05/17/95-12285.txt,"Executive Order 12960 amends the Manual for Courts‑Martial, United States, 1984; the amendments become effective on June 10 1995; and the order references earlier executive orders that originally prescribed the Manual.",justice_and_law_enforcement,,,[],revokes_or_amends,,stop
12961,95-13484,Presidential Advisory Committee on Gulf War Veterans' Illnesses,William J. Clinton,1995-05-26,1995-05-31,60 FR 28507,7102,https://www.govinfo.gov/content/pkg/FR-1995-05-31/pdf/95-13484.pdf,https://www.federalregister.gov/documents/full_text/text/1995/05/31/95-13484.txt,"Executive Order 12961 (May 26 1995) creates the Presidential Advisory Committee on Gulf War Veterans’ Illnesses, defines its composition and leadership, assigns reporting and advisory functions, sets reporting deadlines, and provides for its termination.",health,,,[],creates_body,,stop
12962,95-14407,Recreational Fisheries,William J. Clinton,1995-06-07,1995-06-09,60 FR 30769,8824,https://www.govinfo.gov/content/pkg/FR-1995-06-09/pdf/95-14407.pdf,https://www.federalregister.gov/documents/full_text/text/1995/06/09/95-14407.txt,"Executive Order 12962 establishes a new inter‑agency council, directs federal agencies and the council to develop plans and reports, and assigns new responsibilities to an existing partnership council.",energy_and_environment,,,[],creates_body,,stop
12963,95-14983,Presidential Advisory Council on HIV/AIDS,William J. Clinton,1995-06-14,1995-06-16,60 FR 31905,3990,https://www.govinfo.gov/content/pkg/FR-1995-06-16/pdf/95-14983.pdf,https://www.federalregister.gov/documents/full_text/text/1995/06/16/95-14983.txt,"Executive Order 12963 (1995) creates the Presidential Advisory Council on HIV/AIDS and sets its composition, leadership, functions, and administrative support.",health,,,[],creates_body,,stop
12964,95-15760,Commission on United States-Pacific Trade and Investment Policy,William J. Clinton,1995-06-21,1995-06-26,60 FR 33095,6456,https://www.govinfo.gov/content/pkg/FR-1995-06-26/pdf/95-15760.pdf,https://www.federalregister.gov/documents/full_text/text/1995/06/26/95-15760.txt,"Executive Order 12964 establishes the Commission on United States‑Pacific Trade and Investment Policy, directs it to submit a report by a specific date, and sets a termination rule for the commission.",trade,,,[],creates_body,,stop
12965,95-16320,Further Amendment to Executive Order No. 12852,William J. Clinton,1995-06-27,1995-06-30,60 FR 34087,839,https://www.govinfo.gov/content/pkg/FR-1995-06-30/pdf/95-16320.pdf,https://www.federalregister.gov/documents/full_text/text/1995/06/30/95-16320.txt,Executive Order 12965 amends a provision of EO 12852 to set a new expiration date for the President’s Council on Sustainable Development.,energy_and_environment,,,[],revokes_or_amends,,stop
12966,95-17828,Foreign Disaster Assistance,William J. Clinton,1995-07-14,1995-07-18,60 FR 36949,3324,https://www.govinfo.gov/content/pkg/FR-1995-07-18/pdf/95-17828.pdf,https://www.federalregister.gov/documents/full_text/text/1995/07/18/95-17828.txt,Executive Order 12966 directs the Secretary of Defense to provide foreign disaster assistance and sets the conditions and coordination required.,foreign_policy,,,[],delegates_authority,,stop
12967,95-19174,Establishing an Emergency Board To Investigate Disputes Between Metro North Commuter Railroad and Its Employees Represented by Certain Labor Organizations,William J. Clinton,1995-07-31,1995-08-02,60 FR 39623,4183,https://www.govinfo.gov/content/pkg/FR-1995-08-02/pdf/95-19174.pdf,https://www.federalregister.gov/documents/full_text/text/1995/08/02/95-19174.txt,Executive Order 12967 establishes a three‑member emergency board to investigate Metro North commuter‑rail labor disputes and sets reporting deadlines.,labor_and_workforce,,,[],creates_body,,stop
12968,95-19654,Access to Classified Information,William J. Clinton,1995-08-02,1995-08-07,60 FR 40245,47524,https://www.govinfo.gov/content/pkg/FR-1995-08-07/pdf/95-19654.pdf,https://www.federalregister.gov/documents/full_text/text/1995/08/07/95-19654.txt,"Executive Order 12968 establishes a uniform federal personnel‑security program for employees who need access to classified information, delegating authority to agency heads and the Security Policy Board and setting several 180‑day implementation deadlines.",security_and_defense,,,[],delegates_authority,,stop
12969,95-19972,Federal Acquisition and Community Right-To-Know,William J. Clinton,1995-08-08,1995-08-10,60 FR 40989,15176,https://www.govinfo.gov/content/pkg/FR-1995-08-10/pdf/95-19972.pdf,https://www.federalregister.gov/documents/full_text/text/1995/08/10/95-19972.txt,Executive Order 12969 directs the EPA and Federal agencies to implement procurement requirements that promote environmental health by requiring contractors to report toxic chemical releases.,energy_and_environment,,,[],delegates_authority,,stop
12970,95-23338,Further Amendment to Executive Order No. 12864,William J. Clinton,1995-09-14,1995-09-18,60 FR 48359,954,https://www.govinfo.gov/content/pkg/FR-1995-09-18/pdf/95-23338.pdf,https://www.federalregister.gov/documents/full_text/text/1995/09/18/95-23338.txt,"Amends EO 12864 by replacing the two‑year charter period for the United States Advisory Council on the National Information Infrastructure with a fixed date of June 1, 1996, unless extended.",technology_and_research,,,[],revokes_or_amends,,stop
12971,95-23423,Amendment to Executive Order No. 12425,William J. Clinton,1995-09-15,1995-09-19,60 FR 48617,873,https://www.govinfo.gov/content/pkg/FR-1995-09-19/pdf/95-23423.pdf,https://www.federalregister.gov/documents/full_text/text/1995/09/19/95-23423.txt,Amends Executive Order 12425 to delete specific language concerning customs duties and internal‑revenue taxes in the first sentence.,justice_and_law_enforcement,,,[],revokes_or_amends,,stop
12972,95-23581,Amendment to Executive Order No. 12958,William J. Clinton,1995-09-18,1995-09-21,60 FR 48863,904,https://www.govinfo.gov/content/pkg/FR-1995-09-21/pdf/95-23581.pdf,https://www.federalregister.gov/documents/full_text/text/1995/09/21/95-23581.txt,Executive Order 12972 amends the definition of “agency” in Executive Order 12958.,security_and_defense,,,[],revokes_or_amends,,stop
12973,95-24649,Amendment to Executive Order No. 12901,William J. Clinton,1995-09-27,1995-10-02,60 FR 51665,1033,https://www.govinfo.gov/content/pkg/FR-1995-10-02/pdf/95-24649.pdf,https://www.federalregister.gov/documents/full_text/text/1995/10/02/95-24649.txt,The order amends Executive Order 12901 by changing the years in section 1.,trade,,,[],revokes_or_amends,,stop
12974,95-24754,Continuance of Certain Federal Advisory Committees,William J. Clinton,1995-09-29,1995-10-03,60 FR 51875,4685,https://www.govinfo.gov/content/pkg/FR-1995-10-03/pdf/95-24754.pdf,https://www.federalregister.gov/documents/full_text/text/1995/10/03/95-24754.txt,Executive Order 12974 continues a list of federal advisory committees and revokes two earlier orders that established committees that have terminated.,government_administration,,,[],revokes_or_amends,,stop
12975,95-24921,Protection of Human Research Subjects and Creation of National Bioethics Advisory Commission,William J. Clinton,1995-10-03,1995-10-05,60 FR 52063,9557,https://www.govinfo.gov/content/pkg/FR-1995-10-05/pdf/95-24921.pdf,https://www.federalregister.gov/documents/full_text/text/1995/10/05/95-24921.txt,"Executive Order 12975 creates the National Bioethics Advisory Commission (NBAC) to advise on bioethical issues, especially the protection of human research subjects, and sets reporting and termination deadlines.",health,,,[],creates_body,,stop
12976,95-25256,Compensation Practices of Government Corporations,William J. Clinton,1995-10-05,1995-10-10,60 FR 52829,4968,https://www.govinfo.gov/content/pkg/FR-1995-10-10/pdf/95-25256.pdf,https://www.federalregister.gov/documents/full_text/text/1995/10/10/95-25256.txt,"Executive Order 12976 directs government corporations to limit bonuses, submit detailed compensation information to OMB, have that information reviewed, and make it publicly available; it applies to listed corporations and is framed as an internal‑management measure.",government_administration,,,[],delegates_authority,,stop
12977,95-26497,Interagency Security Committee,William J. Clinton,1995-10-19,1995-10-24,60 FR 54411,7156,https://www.govinfo.gov/content/pkg/FR-1995-10-24/pdf/95-26497.pdf,https://www.federalregister.gov/documents/full_text/text/1995/10/24/95-26497.txt,Executive Order 12977 creates the Interagency Security Committee to improve security of Federal facilities.,government_administration,,,[],creates_body,,stop
12978,95-26569,Blocking Assets and Prohibiting Transactions With Significant Narcotics Traffickers,William J. Clinton,1995-10-21,1995-10-24,60 FR 54579,6868,https://www.govinfo.gov/content/pkg/FR-1995-10-24/pdf/95-26569.pdf,https://www.federalregister.gov/documents/full_text/text/1995/10/24/95-26569.txt,"Executive Order 12978 blocks property and prohibits transactions involving foreign narcotics traffickers, establishing U.S. sanctions.",justice_and_law_enforcement,,,[],imposes_sanctions,,stop
12979,95-26944,Agency Procurement Protests,William J. Clinton,1995-10-25,1995-10-27,60 FR 55171,3943,https://www.govinfo.gov/content/pkg/FR-1995-10-27/pdf/95-26944.pdf,https://www.federalregister.gov/documents/full_text/text/1995/10/27/95-26944.txt,Executive Order 12979 directs agencies to set internal protest‑resolution procedures and tasks the Federal Procurement Policy Administrator with reporting and regulatory amendment duties.,government_administration,,,[],directs_report_or_study,,stop
12980,95-28630,"Further Amendment to Executive Order No. 12852, as Amended",William J. Clinton,1995-11-17,1995-11-21,60 FR 57819,775,https://www.govinfo.gov/content/pkg/FR-1995-11-21/pdf/95-28630.pdf,https://www.federalregister.gov/documents/full_text/text/1995/11/21/95-28630.txt,The order amends Executive Order 12852 to change the number of members on the President’s Council on Sustainable Development.,energy_and_environment,,,[],revokes_or_amends,,stop
12981,95-30106,Administration of Export Controls,William J. Clinton,1995-12-05,1995-12-08,60 FR 62981,21208,https://www.govinfo.gov/content/pkg/FR-1995-12-08/pdf/95-30106.pdf,https://www.federalregister.gov/documents/full_text/text/1995/12/08/95-30106.txt,Executive Order 12981 establishes a new advisory body to oversee export‑control policy and sets detailed time limits for processing export‑license applications.,technology_and_research,,,[],creates_body,,stop
12982,95-30451,Ordering the Selected Reserve of the Armed Forces to Active Duty,William J. Clinton,1995-12-08,1995-12-12,60 FR 63895,1668,https://www.govinfo.gov/content/pkg/FR-1995-12-12/pdf/95-30451.pdf,https://www.federalregister.gov/documents/full_text/text/1995/12/12/95-30451.txt,The order delegates authority to the Secretary of Defense and the Secretary of Transportation (with respect to the Coast Guard) to place Selected Reserve units and individual members on active duty.,security_and_defense,,,[],delegates_authority,,stop
12983,95-31437,Amendment to Executive Order No. 12871,William J. Clinton,1995-12-21,1995-12-27,60 FR 66855,2538,https://www.govinfo.gov/content/pkg/FR-1995-12-27/pdf/95-31437.pdf,https://www.federalregister.gov/documents/full_text/text/1995/12/27/95-31437.txt,"Executive Order 12983 amends Executive Order 12871, which established the National Partnership Council for labor‑management partnerships, by revising sections, adding new council membership positions, and requiring a report to the President by October 1996 on the partnership’s progress. The amendment also updates council procedures for seeking input from agencies and permits members to receive travel expenses while serving without compensation.",labor_and_workforce,,,"[""government_administration""]",revokes_or_amends,,stop
12984,95-31595,Adjustments of Certain Rates of Pay and Allowances,William J. Clinton,1995-12-28,1996-01-03,61 FR 237,4838,https://www.govinfo.gov/content/pkg/FR-1996-01-03/pdf/95-31595.pdf,https://www.federalregister.gov/documents/full_text/text/1996/01/03/95-31595.txt,The order adjusts rates of basic pay and allowances for various federal pay systems and supersedes Executive Order 12944.,government_administration,,,[],adjusts_pay_or_admin,,stop
12985,96-622,Establishing the Armed Forces Service Medal,William J. Clinton,1996-01-11,1996-01-18,61 FR 1209,3020,https://www.govinfo.gov/content/pkg/FR-1996-01-18/pdf/96-622.pdf,https://www.federalregister.gov/documents/full_text/text/1996/01/18/96-622.txt,Executive Order 12985 creates the Armed Forces Service Medal.,government_administration,,"The order’s subject is a military award; no specific military‑award topic is defined, so the closest general category is government administration.",[],confers_status_or_honor,,stop
12986,96-955,International Union for Conservation of Nature and Natural Resources,William J. Clinton,1996-01-18,1996-01-22,61 FR 1693,2484,https://www.govinfo.gov/content/pkg/FR-1996-01-22/pdf/96-955.pdf,https://www.federalregister.gov/documents/full_text/text/1996/01/22/96-955.txt,"The order extends to the International Union for Conservation of Nature and Natural Resources the privileges and immunities that provide or pertain to immunity from suit, and exempts it from sections 2(b), 2(c), and 7(b) of the International Organizations Immunities Act.",foreign_policy,,,[],delegates_authority,,stop
12987,96-2407,Amendment to Executive Order No. 12964,William J. Clinton,1996-01-31,1996-02-02,61 FR 4205,975,https://www.govinfo.gov/content/pkg/FR-1996-02-02/pdf/96-2407.pdf,https://www.federalregister.gov/documents/full_text/text/1996/02/02/96-2407.txt,Amends Executive Order 12964 to change numeric limits and a date for the Commission on United States‑Pacific Trade and Investment Policy.,trade,,,[],revokes_or_amends,,stop
12988,96-2755,Civil Justice Reform,William J. Clinton,1996-02-05,1996-02-07,61 FR 4729,24948,https://www.govinfo.gov/content/pkg/FR-1996-02-07/pdf/96-2755.pdf,https://www.federalregister.gov/documents/full_text/text/1996/02/07/96-2755.txt,Executive Order 12988 – Civil Justice Reform,justice_and_law_enforcement,,,[],delegates_authority,,stop
12989,96-3646,Economy and Efficiency in Government Procurement Through Compliance With Certain Immigration and Naturalization Act Provisions,William J. Clinton,1996-02-13,1996-02-15,61 FR 6091,10536,https://www.govinfo.gov/content/pkg/FR-1996-02-15/pdf/96-3646.pdf,https://www.federalregister.gov/documents/full_text/text/1996/02/15/96-3646.txt,"Executive Order 12989 directs federal procurement agencies to avoid contracting with employers that violate immigration‑law employment provisions and gives the Attorney General authority to investigate, receive complaints, hold hearings, and trigger debarment of non‑compliant contractors.",government_administration,,,[],delegates_authority,,stop
12990,96-5263,"Adjustments of Rates of Pay and Allowances for the Uniformed Services, Amendment to Executive Order No. 12984",William J. Clinton,1996-02-29,1996-03-05,61 FR 8467,1560,https://www.govinfo.gov/content/pkg/FR-1996-03-05/pdf/96-5263.pdf,https://www.federalregister.gov/documents/full_text/text/1996/03/05/96-5263.txt,Adjusts pay and allowance rates for uniformed services; supersedes parts of EO 12984; effective Jan 1 1996.,government_administration,,,[],adjusts_pay_or_admin,,stop
12991,96-5832,Adding the Small Business Administration to the President's Export Council,William J. Clinton,1996-03-06,1996-03-08,61 FR 9587,863,https://www.govinfo.gov/content/pkg/FR-1996-03-08/pdf/96-5832.pdf,https://www.federalregister.gov/documents/full_text/text/1996/03/08/96-5832.txt,Amends EO 12131 to add the Small Business Administration as a member of the President's Export Council.,trade,,,[],revokes_or_amends,,stop
12992,96-6803,President's Council on Counter-Narcotics,William J. Clinton,1996-03-15,1996-03-19,61 FR 11287,4457,https://www.govinfo.gov/content/pkg/FR-1996-03-19/pdf/96-6803.pdf,https://www.federalregister.gov/documents/full_text/text/1996/03/19/96-6803.txt,The order creates the President's Council on Counter‑Narcotics to advise the President on drug‑control strategy and coordination.,justice_and_law_enforcement,,,[],creates_body,,stop
12993,96-7460,Administrative Allegations Against Inspectors General,William J. Clinton,1996-03-21,1996-03-26,61 FR 13043,11791,https://www.govinfo.gov/content/pkg/FR-1996-03-26/pdf/96-7460.pdf,https://www.federalregister.gov/documents/full_text/text/1996/03/26/96-7460.txt,"Establishes an Integrity Committee to receive, review, and refer allegations of wrongdoing against Inspectors General and certain staff members, authorizes the FBI Chair to investigate, requires agency heads to certify findings within 60 days (with a possible 30‑day extension), and mandates that all related records be maintained by the FBI.",justice_and_law_enforcement,,,[],creates_body,,stop
12994,96-7461,Continuing the President's Committee on Mental Retardation and Broadening Its Membership and Responsibilities,William J. Clinton,1996-03-21,1996-03-26,61 FR 13047,9784,https://www.govinfo.gov/content/pkg/FR-1996-03-26/pdf/96-7461.pdf,https://www.federalregister.gov/documents/full_text/text/1996/03/26/96-7461.txt,"Executive Order 12994 continues the President's Committee on Mental Retardation, expands its membership, and outlines its functions. It directs the Department of Health and Human Services to provide staff, services, and other support, and requires federal agencies to designate liaison officers. The order also supersedes Executive Order 11776 and authorizes the President to designate the Committee chair.",health,,,"[""civil_rights"", ""government_administration""]",revokes_or_amends,,stop
12995,96-7773,Amendment to Executive Order No. 12873,William J. Clinton,1996-03-25,1996-03-28,61 FR 13645,2374,https://www.govinfo.gov/content/pkg/FR-1996-03-28/pdf/96-7773.pdf,https://www.federalregister.gov/documents/full_text/text/1996/03/28/96-7773.txt,"The order amends Executive Order 12873 to raise recycled‑content standards for various paper products, adds an alternative 50 percent recovered‑material requirement, and updates a consultative requirement for the Federal Environmental Executive.",energy_and_environment,,,[],revokes_or_amends,,stop
12996,96-7774,Management and General Public Use of the National Wildlife Refuge System,William J. Clinton,1996-03-25,1996-03-28,61 FR 13647,6936,https://www.govinfo.gov/content/pkg/FR-1996-03-28/pdf/96-7774.pdf,https://www.federalregister.gov/documents/full_text/text/1996/03/28/96-7774.txt,"The order directs the Secretary of the Interior to prioritize and expand compatible wildlife‑dependent public uses of the National Wildlife Refuge System and to ensure habitat, public involvement, and inter‑agency cooperation.",energy_and_environment,,,[],delegates_authority,,stop
12997,96-8520,Korean Peninsula Energy Development Organization,William J. Clinton,1996-04-01,1996-04-04,61 FR 14949,1368,https://www.govinfo.gov/content/pkg/FR-1996-04-04/pdf/96-8520.pdf,https://www.federalregister.gov/documents/full_text/text/1996/04/04/96-8520.txt,"The order designates the Korean Peninsula Energy Development Organization as a public international organization entitled to the privileges, exemptions, and immunities provided by the International Organizations Immunities Act.",energy_and_environment,,,[],delegates_authority,,stop
12998,96-9033,Amendment to Executive Order No. 11880,William J. Clinton,1996-04-05,1996-04-09,61 FR 15873,1126,https://www.govinfo.gov/content/pkg/FR-1996-04-09/pdf/96-9033.pdf,https://www.federalregister.gov/documents/full_text/text/1996/04/09/96-9033.txt,The order amends Executive Order 11880 by adding a new Section 2 and redesignating the existing Section 2 as Section 3.,government_administration,,,[],revokes_or_amends,,stop
12999,96-9866,Educational Technology: Ensuring Opportunity for All Children in the Next Century,William J. Clinton,1996-04-17,1996-04-19,61 FR 17227,10188,https://www.govinfo.gov/content/pkg/FR-1996-04-19/pdf/96-9866.pdf,https://www.federalregister.gov/documents/full_text/text/1996/04/19/96-9866.txt,"The order delegates authority to all federal agencies to protect, safeguard, and give highest preference to schools and nonprofit organizations when transferring excess educationally useful federal equipment, and requires agencies to submit an implementation plan within six months.",education,,,[],delegates_authority,,stop
13000,96-10550,Order of Succession of Officers To Act as Secretary of Defense,William J. Clinton,1996-04-24,1996-04-26,61 FR 18483,4985,https://www.govinfo.gov/content/pkg/FR-1996-04-26/pdf/96-10550.pdf,https://www.federalregister.gov/documents/full_text/text/1996/04/26/96-10550.txt,Executive Order 13000 establishes the order of succession for the Secretary of Defense and revokes a prior executive order.,government_administration,,,[],revokes_or_amends,,stop
13001,96-11966,Establishing an Emergency Board To Investigate a Dispute Between Certain Railroads Represented by the National Railway Labor Conference and Their Employees Represented by the Transportation Communications International Union,William J. Clinton,1996-05-08,1996-05-10,61 FR 21943,6487,https://www.govinfo.gov/content/pkg/FR-1996-05-10/pdf/96-11966.pdf,https://www.federalregister.gov/documents/full_text/text/1996/05/10/96-11966.txt,"Executive Order 13001 (May 8 1996) creates an Emergency Board to investigate a railroad‑labor dispute, directs the Board to report within 30 days, imposes a temporary freeze on changes to the dispute conditions, assigns record‑keeping responsibilities, and provides that the Board terminates when its report is submitted.",labor_and_workforce,,,[],creates_body,,stop
13002,96-12535,Termination of Combat Zone Designation in Vietnam and Waters Adjacent Thereto,William J. Clinton,1996-05-13,1996-05-16,61 FR 24665,791,https://www.govinfo.gov/content/pkg/FR-1996-05-16/pdf/96-12535.pdf,https://www.federalregister.gov/documents/full_text/text/1996/05/16/96-12535.txt,The order terminates the combat‑zone designation in Vietnam and adjacent waters that had been created by Executive Order 11216.,foreign_policy,,,[],revokes_or_amends,,stop
13003,96-12720,"Establishing an Emergency Board To Investigate Disputes Between Certain Railroads Represented by the National Carriers' Conference Committee of the National Railway Labor Conference and Their Employees Represented by the Brotherhood of Maintenance of Way Employes Disputes exist between certain railroads represented by the National Carriers' Conference Committee of the National Railway Labor Conference, including Consolidated Rail Corporation (including the Clearfield Cluster), Burlington Northern Railroad Co., CSX Transportation Inc., Norfolk Southern Railway Co., Atchison, Topeka and Santa Fe Railway Co., Union Pacific Railroad, Chicago & North Western Railway Co., Kansas City Southern Railway Co., and their employees represented by the Brotherhood of Maintenance of Way Employes. The railroads involved in these disputes are designated on the attached list, which is made a part of this order.",William J. Clinton,1996-05-15,1996-05-17,61 FR 25131,7132,https://www.govinfo.gov/content/pkg/FR-1996-05-17/pdf/96-12720.pdf,https://www.federalregister.gov/documents/full_text/text/1996/05/17/96-12720.txt,"Executive Order 13003 (May 15 1996) creates a temporary three‑member Emergency Board to investigate specified railroad‑labor disputes, directs it to report within 30 days, freezes dispute‑related conditions for 30 days after the report, assigns record‑keeping to the President’s Office and the National Mediation Board, and terminates the Board when its report is submitted.",labor_and_workforce,other,"The order’s subject is railroad‑labor disputes, which does not match any predefined topic category.","[""government_administration""]",creates_body,,stop
13004,96-13081,Establishing an Emergency Board To Investigate Disputes Between Certain Railroads Represented by the National Railway Labor Conference and Their- Employees Represented by Certain Labor Organizations,William J. Clinton,1996-05-17,1996-05-22,61 FR 25771,6773,https://www.govinfo.gov/content/pkg/FR-1996-05-22/pdf/96-13081.pdf,https://www.federalregister.gov/documents/full_text/text/1996/05/22/96-13081.txt,"Executive Order 13004 (May 17, 1996) creates an Emergency Board to investigate railway labor disputes, sets reporting and conduct requirements, assigns record‑keeping, and defines its termination.",labor_and_workforce,,,[],creates_body,,stop
13005,96-13306,Empowerment Contracting,William J. Clinton,1996-05-21,1996-05-24,61 FR 26069,7998,https://www.govinfo.gov/content/pkg/FR-1996-05-24/pdf/96-13306.pdf,https://www.federalregister.gov/documents/full_text/text/1996/05/24/96-13306.txt,"Executive Order 13005 directs the Secretary of Commerce to develop and implement an Empowerment Contracting Program that encourages the use of qualified businesses in economically distressed areas, requires monitoring, reporting, and rulemaking, and defines key terms.",government_administration,,,[],delegates_authority,,stop
13006,96-13305,Locating Federal Facilities on Historic Properties in Our Nation's Central Cities,William J. Clinton,1996-05-21,1996-05-24,61 FR 26071,5870,https://www.govinfo.gov/content/pkg/FR-1996-05-24/pdf/96-13305.pdf,https://www.federalregister.gov/documents/full_text/text/1996/05/24/96-13305.txt,"The order directs federal agencies to prioritize historic properties when locating facilities, and to remove regulatory barriers, thereby delegating authority to agencies to implement historic preservation goals.",energy_and_environment,,,[],delegates_authority,,stop
13007,96-13597,Indian Sacred Sites,William J. Clinton,1996-05-24,1996-05-29,61 FR 26771,5598,https://www.govinfo.gov/content/pkg/FR-1996-05-29/pdf/96-13597.pdf,https://www.federalregister.gov/documents/full_text/text/1996/05/29/96-13597.txt,Executive Order 13007 directs federal land‑managing agencies to protect Indian sacred sites and to report on implementation.,energy_and_environment,,,[],delegates_authority,,stop
13008,96-14372,Amending Executive Order No. 12880,William J. Clinton,1996-06-03,1996-06-05,61 FR 28721,979,https://www.govinfo.gov/content/pkg/FR-1996-06-05/pdf/96-14372.pdf,https://www.federalregister.gov/documents/full_text/text/1996/06/05/96-14372.txt,Amends EO 12880 to replace the “Department of State” with the “Office of National Drug Control Policy” in section 1(c).,justice_and_law_enforcement,,,[],revokes_or_amends,,stop
13009,96-15656,Amendment to Executive Order No. 12963 Entitled Presidential Advisory Council on HIV/AIDS,William J. Clinton,1996-06-14,1996-06-18,61 FR 30799,815,https://www.govinfo.gov/content/pkg/FR-1996-06-18/pdf/96-15656.pdf,https://www.federalregister.gov/documents/full_text/text/1996/06/18/96-15656.txt,Amends Executive Order 12963 to change the membership number of the Presidential Advisory Council on HIV/AIDS.,health,,,[],revokes_or_amends,,stop
13010,96-18351,Critical Infrastructure Protection,William J. Clinton,1996-07-15,1996-07-17,61 FR 37347,14817,https://www.govinfo.gov/content/pkg/FR-1996-07-17/pdf/96-18351.pdf,https://www.federalregister.gov/documents/full_text/text/1996/07/17/96-18351.txt,Executive Order 13010 establishes several bodies to protect critical infrastructure and sets reporting and termination deadlines.,energy_and_environment,,,[],creates_body,,stop
13011,96-18555,Federal Information Technology,William J. Clinton,1996-07-16,1996-07-19,61 FR 37657,25610,https://www.govinfo.gov/content/pkg/FR-1996-07-19/pdf/96-18555.pdf,https://www.federalregister.gov/documents/full_text/text/1996/07/19/96-18555.txt,Executive Order 13011 (1996‑07‑16) establishes three interagency bodies to improve federal information‑technology management.,technology_and_research,,,[],creates_body,,stop
13012,96-18846,Establishing an Emergency Board To Investigate a Dispute Between the Southeastern Pennsylvania Transportation Authority and Their Employees Represented by the Brotherhood of Locomotive Engineers,William J. Clinton,1996-07-18,1996-07-23,61 FR 38051,2931,https://www.govinfo.gov/content/pkg/FR-1996-07-23/pdf/96-18846.pdf,https://www.federalregister.gov/documents/full_text/text/1996/07/23/96-18846.txt,Executive Order 13012 creates an emergency board to investigate a labor dispute involving the Southeastern Pennsylvania Transportation Authority and its employees.,labor_and_workforce,,,[],creates_body,,stop
13013,96-20531,"Amending Executive Order No. 10163, the Armed Forces Reserve Medal",William J. Clinton,1996-08-06,1996-08-09,61 FR 41483,4207,https://www.govinfo.gov/content/pkg/FR-1996-08-09/pdf/96-20531.pdf,https://www.federalregister.gov/documents/full_text/text/1996/08/09/96-20531.txt,Executive Order 13013 amends EO 10163 by striking out and replacing sections 3 and 4 that define eligibility for the Armed Forces Reserve Medal.,justice_and_law_enforcement,,,[],revokes_or_amends,,stop
13014,96-13014,Maintaining Unofficial Relations With the People on Taiwan,William J. Clinton,1996-08-15,1996-08-19,61 FR 42963,7466,https://www.govinfo.gov/content/pkg/FR-1996-08-19/pdf/96-13014.pdf,https://www.federalregister.gov/documents/full_text/text/1996/08/19/96-13014.txt,"The order delegates and reserves functions related to Taiwan‑U.S. unofficial relations, specifies laws that may be ignored for Institute contracts, and designates TECRO as the instrumentality for Taiwan. It also affirms continuation of earlier agreements and supersedes a prior executive order.",foreign_policy,,,[],delegates_authority,,stop
13015,96-21996,White House Commission on Aviation Safety and Security,William J. Clinton,1996-08-22,1996-08-27,61 FR 43937,3332,https://www.govinfo.gov/content/pkg/FR-1996-08-27/pdf/96-21996.pdf,https://www.federalregister.gov/documents/full_text/text/1996/08/27/96-21996.txt,The order creates the White House Commission on Aviation Safety and Security.,technology_and_research,,,[],creates_body,,stop
13016,96-22462,Amendment to Executive Order No. 12580,William J. Clinton,1996-08-28,1996-08-30,61 FR 45871,4958,https://www.govinfo.gov/content/pkg/FR-1996-08-30/pdf/96-22462.pdf,https://www.federalregister.gov/documents/full_text/text/1996/08/30/96-22462.txt,Executive Order 13016 amends Executive Order 12580 by adding new subsections to section 4 that delegate CERCLA response functions to several cabinet secretaries.,energy_and_environment,,,[],revokes_or_amends,,stop
13017,96-23187,Advisory Commission on Consumer Protection and Quality in the Health Care Industry,William J. Clinton,1996-09-05,1996-09-09,61 FR 47659,5274,https://www.govinfo.gov/content/pkg/FR-1996-09-09/pdf/96-23187.pdf,https://www.federalregister.gov/documents/full_text/text/1996/09/09/96-23187.txt,Executive Order 13017 establishes the Advisory Commission on Consumer Protection and Quality in the Health Care Industry to advise the President on health‑care system changes and to protect consumers and workers.,health,,,[],creates_body,,stop
13018,96-24048,Amending Executive Order No. 12975,William J. Clinton,1996-09-16,1996-09-18,61 FR 49045,689,https://www.govinfo.gov/content/pkg/FR-1996-09-18/pdf/96-24048.pdf,https://www.federalregister.gov/documents/full_text/text/1996/09/18/96-24048.txt,The order amends EO 12975 by changing the membership count of the National Bioethics Advisory Commission from 15 to 18.,technology_and_research,,,[],revokes_or_amends,,stop
13019,96-25577,Supporting Families: Collecting Delinquent Child Support Obligations,William J. Clinton,1996-09-28,1996-10-03,61 FR 51763,11385,https://www.govinfo.gov/content/pkg/FR-1996-10-03/pdf/96-25577.pdf,https://www.federalregister.gov/documents/full_text/text/1996/10/03/96-25577.txt,Executive Order 13019 directs federal agencies to use administrative offsets to collect delinquent child‑support debts and to deny certain federal assistance to individuals who owe child support.,civil_rights,,,[],delegates_authority,,stop
13020,96-26837,Amendment to Executive Order 12981,William J. Clinton,1996-10-12,1996-10-17,61 FR 54079,6076,https://www.govinfo.gov/content/pkg/FR-1996-10-17/pdf/96-26837.pdf,https://www.federalregister.gov/documents/full_text/text/1996/10/17/96-26837.txt,Executive Order 13020 amends EO 12981 to modify licensing procedures for the export of commercial communication satellites and hot‑section aircraft‑engine technologies.,technology_and_research,,,[],revokes_or_amends,,stop
13021,96-27352,Tribal Colleges and Universities,William J. Clinton,1996-10-19,1996-10-23,61 FR 54929,14269,https://www.govinfo.gov/content/pkg/FR-1996-10-23/pdf/96-27352.pdf,https://www.federalregister.gov/documents/full_text/text/1996/10/23/96-27352.txt,"Executive Order 13021 creates two new advisory bodies, directs federal agencies to plan and report on tribal‑college support, and sets compensation, meeting, and termination rules for the Board.",education,,,[],creates_body,,stop
13022,96-28509,Administration of the Midway Islands,William J. Clinton,1996-10-31,1996-11-04,61 FR 56875,4651,https://www.govinfo.gov/content/pkg/FR-1996-11-04/pdf/96-28509.pdf,https://www.federalregister.gov/documents/full_text/text/1996/11/04/96-28509.txt,"Executive Order 13022 transfers jurisdiction over the Midway Islands to the Department of the Interior, dissolves the naval defensive sea area and airspace reservation, and delegates administration of the islands as a National Wildlife Refuge to the Secretary of the Interior.",energy_and_environment,,,[],delegates_authority,,stop
13023,96-28938,"Amendments to Executive Order 12992, Expanding and Changing the Name of the President's Council on Counter-Narcotics",William J. Clinton,1996-11-06,1996-11-08,61 FR 57767,3322,https://www.govinfo.gov/content/pkg/FR-1996-11-08/pdf/96-28938.pdf,https://www.federalregister.gov/documents/full_text/text/1996/11/08/96-28938.txt,Executive Order 13023 amends Executive Order 12992 by changing the name of the President’s Council on Counter‑Narcotics to the President’s Drug Policy Council and by revising the Council’s membership to add additional secretaries and officials as permanent members.,justice_and_law_enforcement,,,[],revokes_or_amends,,stop
13024,96-29109,"Amending Executive Order 12015, Relating to Competitive Appointments of Students Who Have Completed Approved Career-Related Work Study Programs",William J. Clinton,1996-11-07,1996-11-12,61 FR 58125,1372,https://www.govinfo.gov/content/pkg/FR-1996-11-12/pdf/96-29109.pdf,https://www.federalregister.gov/documents/full_text/text/1996/11/12/96-29109.txt,"Executive Order 13024 amends Executive Order 12015, changing language in section 2, redesignating section 4 as section 5, and inserting a new section 4.",government_administration,,,[],revokes_or_amends,,stop
13025,96-29597,"Amendment to Executive Order 13010, the President's Commission on Critical Infrastructure Protection",William J. Clinton,1996-11-13,1996-11-18,61 FR 58623,1546,https://www.govinfo.gov/content/pkg/FR-1996-11-18/pdf/96-29597.pdf,https://www.federalregister.gov/documents/full_text/text/1996/11/18/96-29597.txt,"Executive Order 13025 amends specific provisions of Executive Order 13010, the President’s Commission on Critical Infrastructure Protection.",technology_and_research,,,[],revokes_or_amends,,stop
13026,96-29692,Administration of Export Controls on Encryption Products,William J. Clinton,1996-11-15,1996-11-19,61 FR 58767,8570,https://www.govinfo.gov/content/pkg/FR-1996-11-19/pdf/96-29692.pdf,https://www.federalregister.gov/documents/full_text/text/1996/11/19/96-29692.txt,"Executive Order 13026 establishes new export‑control procedures for encryption products, creates review bodies, and sets policy directives for the Secretary of Commerce.",technology_and_research,,,[],creates_body,,stop
13027,96-29815,Establishing an Emergency Board To Investigate a Dispute Between the Southeastern Pennsylvania Transportation Authority and Its Employees Represented by the Brotherhood of Locomotive Engineers,William J. Clinton,1996-11-15,1996-11-20,61 FR 58971,3286,https://www.govinfo.gov/content/pkg/FR-1996-11-20/pdf/96-29815.pdf,https://www.federalregister.gov/documents/full_text/text/1996/11/20/96-29815.txt,The order creates an emergency board to investigate a labor dispute involving the Southeastern Pennsylvania Transportation Authority and its employees.,labor_and_workforce,,,[],creates_body,,stop
13028,96-31164,Further Amendments to Executive Order No. 12757 Implementation of the Enterprise for the Americas Initiative,William J. Clinton,1996-12-03,1996-12-05,61 FR 64589,3299,https://www.govinfo.gov/content/pkg/FR-1996-12-05/pdf/96-31164.pdf,https://www.federalregister.gov/documents/full_text/text/1996/12/05/96-31164.txt,"The order amends Executive Order 12757, which implements the Enterprise for the Americas Initiative.",foreign_policy,,,[],revokes_or_amends,,stop
13029,96-31165,"Implementing, for the United States, the Provisions of An- nex 1 of the Decision Concerning Legal Capacity and Privileges and Immunities, Issued by the Council of Ministers of the Conference on Security and Cooperation in Europe on December 1, 1993",William J. Clinton,1996-12-03,1996-12-05,61 FR 64592,2034,https://www.govinfo.gov/content/pkg/FR-1996-12-05/pdf/96-31165.pdf,https://www.federalregister.gov/documents/full_text/text/1996/12/05/96-31165.txt,"Executive Order 13029 implements Annex 1 of the 1993 CSCE decision on legal capacity and privileges, extending those privileges and immunities to the personnel and institutions identified in the annex, and renames the Conference on Security and Cooperation in Europe to the Organization for Security and Cooperation in Europe effective 1 January 1995.",foreign_policy,,,[],other,extends privileges and immunities to personnel of an international organization,stop
13030,96-32128,Administration of Foreign Assistance and Related Functions and Arms Export Controls,William J. Clinton,1996-12-12,1996-12-17,61 FR 66187,2361,https://www.govinfo.gov/content/pkg/FR-1996-12-17/pdf/96-32128.pdf,https://www.federalregister.gov/documents/full_text/text/1996/12/17/96-32128.txt,Executive Order 13030 amends three earlier executive orders that govern foreign assistance and arms export controls.,foreign_policy,,,[],revokes_or_amends,,stop
13031,96-32195,Federal Alternative Fueled Vehicle Leadership,William J. Clinton,1996-12-13,1996-12-17,61 FR 66529,12221,https://www.govinfo.gov/content/pkg/FR-1996-12-17/pdf/96-32195.pdf,https://www.federalregister.gov/documents/full_text/text/1996/12/17/96-32195.txt,"Executive Order 13031 establishes federal leadership on alternative‑fueled vehicles by delegating authority to agencies and officials to set acquisition targets, report compliance, and provide funding assistance.",energy_and_environment,,,[],delegates_authority,,stop
13032,96-33336,Further Amendment to Executive Order No. 12964,William J. Clinton,1996-12-26,1996-12-30,61 FR 68985,948,https://www.govinfo.gov/content/pkg/FR-1996-12-30/pdf/96-33336.pdf,https://www.federalregister.gov/documents/full_text/text/1996/12/30/96-33336.txt,"Executive Order 13032 amends Executive Order 12964 to change a reporting date, doing so to aid the Commission on United States‑Pacific Trade and Investment Policy.",trade,,,[],revokes_or_amends,,stop
13033,96-33384,"Executive Order 13033 of December 27, 1996",William J. Clinton,1996-12-27,1996-12-31,61 FR 68987,4267,https://www.govinfo.gov/content/pkg/FR-1996-12-31/pdf/96-33384.pdf,https://www.federalregister.gov/documents/full_text/text/1996/12/31/96-33384.txt,The order updates federal pay and allowance rates for various civil service and uniformed service pay systems.,government_administration,,,[],adjusts_pay_or_admin,,stop
13034,97-2818,Extension of Presidential Advisory Committee on Gulf War Veterans' Illnesses,William J. Clinton,1997-01-30,1997-02-03,62 FR 5137,3504,https://www.govinfo.gov/content/pkg/FR-1997-02-03/pdf/97-2818.pdf,https://www.federalregister.gov/documents/full_text/text/1997/02/03/97-2818.txt,"Executive Order 13034 extends the Presidential Advisory Committee on Gulf War Veterans’ Illnesses, amending the earlier order that created it and setting reporting deadlines.",health,,,[],revokes_or_amends,,stop
13035,97-3992,"Advisory Committee on High-Performance Computing and Communications, Information Technology, and the Next Generation Internet",William J. Clinton,1997-02-11,1997-02-14,62 FR 7131,4883,https://www.govinfo.gov/content/pkg/FR-1997-02-14/pdf/97-3992.pdf,https://www.federalregister.gov/documents/full_text/text/1997/02/14/97-3992.txt,"Executive Order 13035 establishes an advisory committee on high‑performance computing, communications, information technology, and the Next Generation Internet, and sets a termination deadline for the committee.",technology_and_research,,,[],creates_body,,stop
13036,97-4302,Establishing an Emergency Board To Investigate a Dispute Between American Airlines and its Employees Represented by the Allied Pilots Association,William J. Clinton,1997-02-15,1997-02-19,62 FR 7653,2904,https://www.govinfo.gov/content/pkg/FR-1997-02-19/pdf/97-4302.pdf,https://www.federalregister.gov/documents/full_text/text/1997/02/19/97-4302.txt,Executive Order 13036 (Feb 15 1997) creates an Emergency Board to investigate a labor dispute between American Airlines and its employees.,labor_and_workforce,,,[],creates_body,,stop
13037,97-5728,Commission To Study Capital Budgeting,William J. Clinton,1997-03-03,1997-03-06,62 FR 10185,4510,https://www.govinfo.gov/content/pkg/FR-1997-03-06/pdf/97-5728.pdf,https://www.federalregister.gov/documents/full_text/text/1997/03/06/97-5728.txt,The order creates a bipartisan commission to study capital budgeting and directs it to report and then terminate.,government_administration,,"The commission’s subject is capital budgeting, which falls under the administration of federal fiscal policy.",[],creates_body,,stop
13038,97-6571,Advisory Committee on Public Interest Obligations of Digital Television Broadcasters,William J. Clinton,1997-03-11,1997-03-13,62 FR 12065,4653,https://www.govinfo.gov/content/pkg/FR-1997-03-13/pdf/97-6571.pdf,https://www.federalregister.gov/documents/full_text/text/1997/03/13/97-6571.txt,Executive Order 13038 creates the Advisory Committee on the Public Interest Obligations of Digital Television Broadcasters and directs it to report to the Vice President by a specified date.,technology_and_research,,,[],creates_body,,stop
13039,97-6703,Exclusion of the Naval Special Warfare Development Group From the Federal Labor-Management Relations Program,William J. Clinton,1997-03-11,1997-03-14,62 FR 12529,1259,https://www.govinfo.gov/content/pkg/FR-1997-03-14/pdf/97-6703.pdf,https://www.federalregister.gov/documents/full_text/text/1997/03/14/97-6703.txt,The order amends Executive Order 12171 to exclude the Naval Special Warfare Development Group from the Federal Labor‑Management Relations Program.,government_administration,,,[],revokes_or_amends,,stop
13040,97-8123,"Amendment to Executive Order 13017, Advisory Commission on Consumer Protection and Quality in the Health Care Industry",William J. Clinton,1997-03-25,1997-03-28,62 FR 14773,1455,https://www.govinfo.gov/content/pkg/FR-1997-03-28/pdf/97-8123.pdf,https://www.federalregister.gov/documents/full_text/text/1997/03/28/97-8123.txt,Amends Executive Order 13017 to change the membership number and to set new reporting deadlines for the Advisory Commission on Consumer Protection and Quality in the Health Care Industry.,health,,,[],revokes_or_amends,,stop
13041,97-9200,"Further Amendment to Executive Order 13010, as Amended",William J. Clinton,1997-04-03,1997-04-08,62 FR 17039,1360,https://www.govinfo.gov/content/pkg/FR-1997-04-08/pdf/97-9200.pdf,https://www.federalregister.gov/documents/full_text/text/1997/04/08/97-9200.txt,The order amends Executive Order 13010 to add two presidential assistants to the Principals Committee of the President’s Commission on Critical Infrastructure Protection and to extend the Commission’s life by 90 days.,security_and_defense,,,[],revokes_or_amends,,stop
13042,97-9700,Implementing for the United States Article VIII of the Agreement Establishing the World Trade Organization Concerning Legal Capacity and Privileges and Immunities,William J. Clinton,1997-04-09,1997-04-14,62 FR 18017,4974,https://www.govinfo.gov/content/pkg/FR-1997-04-14/pdf/97-9700.pdf,https://www.federalregister.gov/documents/full_text/text/1997/04/14/97-9700.txt,The order designates the World Trade Organization as a public international organization entitled to privileges under the International Organizations Immunities Act and gives the Secretary of State sole discretion to determine whether WTO‑owned property is used for WTO purposes.,foreign_policy,,,[],delegates_authority,,stop
13043,97-10331,Increasing Seat Belt Use in the United States,William J. Clinton,1997-04-16,1997-04-18,62 FR 19217,8387,https://www.govinfo.gov/content/pkg/FR-1997-04-18/pdf/97-10331.pdf,https://www.federalregister.gov/documents/full_text/text/1997/04/18/97-10331.txt,"Executive Order 13043 establishes federal‑wide seat‑belt safety policies, directs agencies to issue rules, requires an annual report, and revokes a prior order.",technology_and_research,,,"[""government_administration""]",other,the order contains several distinct actions; each is recorded as a separate fact below,stop
13044,97-10605,"Amending Executive Order 12752, Implementation of the Agricultural Trade Development and Assistance Act of 1954, as Amended, and the Food for Progress Act of 1985, as Amended",William J. Clinton,1997-04-18,1997-04-22,62 FR 19665,1326,https://www.govinfo.gov/content/pkg/FR-1997-04-22/pdf/97-10605.pdf,https://www.federalregister.gov/documents/full_text/text/1997/04/22/97-10605.txt,"Amends Executive Order 12752 by deleting “developing countries” and inserting “developing countries and private entities,” deleting sections 4(a) and (c), and renumbering sections 4(b)‑(g).",economy_and_finance,,,[],revokes_or_amends,,stop
13045,97-10695,Protection of Children From Environmental Health Risks and Safety Risks,William J. Clinton,1997-04-21,1997-04-23,62 FR 19885,14785,https://www.govinfo.gov/content/pkg/FR-1997-04-23/pdf/97-10695.pdf,https://www.federalregister.gov/documents/full_text/text/1997/04/23/97-10695.txt,"Executive Order 13045 (1997‑04‑21) establishes a federal Task Force on environmental health and safety risks to children, revokes an earlier order, and directs several reporting and planning activities.",energy_and_environment,,,[],creates_body,,stop
13046,97-13450,"Further Amendment to Executive Order 12975 of May 16, 1997, Extension of the National Bioethics Advisory Commission",William J. Clinton,1997-05-16,1997-05-20,62 FR 27685,824,https://www.govinfo.gov/content/pkg/FR-1997-05-20/pdf/97-13450.pdf,https://www.federalregister.gov/documents/full_text/text/1997/05/20/97-13450.txt,The order amends EO 12975 to set a termination date for the National Bioethics Advisory Commission.,health,,,[],revokes_or_amends,,stop
13047,97-13704,Prohibiting New Investment in Burma,William J. Clinton,1997-05-20,1997-05-22,62 FR 28301,8094,https://www.govinfo.gov/content/pkg/FR-1997-05-22/pdf/97-13704.pdf,https://www.federalregister.gov/documents/full_text/text/1997/05/22/97-13704.txt,"Executive Order 13047 prohibits new investment in Burma by United States persons and related transactions, thereby imposing sanctions.",foreign_policy,,,[],imposes_sanctions,,stop
13048,97-15828,Improving Administrative Management in the Executive Branch,William J. Clinton,1997-06-10,1997-06-13,62 FR 32467,7423,https://www.govinfo.gov/content/pkg/FR-1997-06-13/pdf/97-15828.pdf,https://www.federalregister.gov/documents/full_text/text/1997/06/13/97-15828.txt,"Executive Order 13048 (1997) creates an Interagency Council on Administrative Management to improve agency administrative and management practices, defines its composition and duties, limits at‑large member terms, states that the order creates no enforceable rights, and revokes three prior orders.",government_administration,,,[],creates_body,,stop
13049,97-15879,Organization for the Prohibition of Chemical Weapons,William J. Clinton,1997-06-11,1997-06-16,62 FR 32471,1441,https://www.govinfo.gov/content/pkg/FR-1997-06-16/pdf/97-15879.pdf,https://www.federalregister.gov/documents/full_text/text/1997/06/16/97-15879.txt,"The order designates the Organization for the Prohibition of Chemical Weapons as a public international organization entitled to the privileges, exemptions, and immunities provided by the International Organizations Immunities Act.",foreign_policy,,,[],delegates_authority,,stop
13050,97-16080,President's Advisory Board on Race,William J. Clinton,1997-06-13,1997-06-17,62 FR 32987,4627,https://www.govinfo.gov/content/pkg/FR-1997-06-17/pdf/97-16080.pdf,https://www.federalregister.gov/documents/full_text/text/1997/06/17/97-16080.txt,Executive Order 13050 establishes the President’s Advisory Board on Race.,civil_rights,,,[],creates_body,,stop
13051,97-16957,Internal Revenue Service Management Board,William J. Clinton,1997-06-24,1997-06-26,62 FR 34609,6278,https://www.govinfo.gov/content/pkg/FR-1997-06-26/pdf/97-16957.pdf,https://www.federalregister.gov/documents/full_text/text/1997/06/26/97-16957.txt,Executive Order 13051 establishes a permanent oversight board for the Internal Revenue Service within the Treasury Department.,government_administration,,,[],creates_body,,stop
13052,97-17512,Hong Kong Economic and Trade Offices,William J. Clinton,1997-06-30,1997-07-02,62 FR 35659,1287,https://www.govinfo.gov/content/pkg/FR-1997-07-02/pdf/97-17512.pdf,https://www.federalregister.gov/documents/full_text/text/1997/07/02/97-17512.txt,"Executive Order 13052 extends the privileges, exemptions, and immunities of the International Organizations Immunities Act to the Hong Kong Economic and Trade Offices.",foreign_policy,,,[],other,"extends privileges, exemptions, and immunities to a foreign office",stop
13053,97-17566,Adding Members to and Extending the President's Council on Sustainable Development,William J. Clinton,1997-06-30,1997-07-02,62 FR 35945,1117,https://www.govinfo.gov/content/pkg/FR-1997-07-02/pdf/97-17566.pdf,https://www.federalregister.gov/documents/full_text/text/1997/07/02/97-17566.txt,Executive Order 13053 amends Executive Order 12852 to change the composition and term of the President’s Council on Sustainable Development.,energy_and_environment,,,[],revokes_or_amends,,stop
13054,97-18288,Eligibility of Certain Overseas Employees for Noncompetitive Appointments,William J. Clinton,1997-07-07,1997-07-10,62 FR 36965,1972,https://www.govinfo.gov/content/pkg/FR-1997-07-10/pdf/97-18288.pdf,https://www.federalregister.gov/documents/full_text/text/1997/07/10/97-18288.txt,The order permits certain overseas employees (family members of federal civilian employees who worked for the American Institute in Taiwan) to be appointed non‑competitively and directs the Director of OPM to issue implementing regulations.,government_administration,,,[],delegates_authority,,stop
13055,97-19341,Coordination of United States Government International Exchanges and Training Programs,William J. Clinton,1997-07-15,1997-07-21,62 FR 39099,6235,https://www.govinfo.gov/content/pkg/FR-1997-07-21/pdf/97-19341.pdf,https://www.federalregister.gov/documents/full_text/text/1997/07/21/97-19341.txt,Executive Order 13055 establishes an interagency working group to coordinate U.S. government‑sponsored international exchanges and training programs.,government_administration,,"The order concerns coordination of international exchange and training programs, which falls under the broader category of government administration of programmatic activities.",[],creates_body,,stop
13056,97-19562,"Further Amendment to Executive Order 13017, Advisory Commission on Consumer Protection and Quality in the Health Care Industry",William J. Clinton,1997-07-21,1997-07-23,62 FR 39415,943,https://www.govinfo.gov/content/pkg/FR-1997-07-23/pdf/97-19562.pdf,https://www.federalregister.gov/documents/full_text/text/1997/07/23/97-19562.txt,Executive Order 13056 amends Executive Order 13017 to change the number of members on the Advisory Commission on Consumer Protection and Quality in the Health Care Industry.,health,,,[],revokes_or_amends,,stop
13057,97-20497,Federal Actions in the Lake Tahoe Region,William J. Clinton,1997-07-26,1997-08-01,62 FR 41249,7855,https://www.govinfo.gov/content/pkg/FR-1997-08-01/pdf/97-20497.pdf,https://www.federalregister.gov/documents/full_text/text/1997/08/01/97-20497.txt,"Executive Order 13057 establishes a federal interagency partnership for the Lake Tahoe ecosystem, assigns it specific coordination and negotiation duties, requires a 90‑day report to the President, and delegates advisory authority to its chair.",energy_and_environment,,,[],creates_body,,stop
13058,97-21607,Protecting Federal Employees and the Public From Exposure to Tobacco Smoke in the Federal Workplace,William J. Clinton,1997-08-09,1997-08-13,62 FR 43451,7159,https://www.govinfo.gov/content/pkg/FR-1997-08-13/pdf/97-21607.pdf,https://www.federalregister.gov/documents/full_text/text/1997/08/13/97-21607.txt,The order directs agency heads to implement a smoke‑free environment for federal employees and the public in federal facilities.,energy_and_environment,,,[],delegates_authority,,stop
13059,97-22482,Prohibiting Certain Transactions With Respect to Iran,William J. Clinton,1997-08-19,1997-08-21,62 FR 44531,13335,https://www.govinfo.gov/content/pkg/FR-1997-08-21/pdf/97-22482.pdf,https://www.federalregister.gov/documents/full_text/text/1997/08/21/97-22482.txt,"Executive Order 13059 prohibits a wide range of transactions with Iran, effectively imposing sanctions.",foreign_policy,,,[],imposes_sanctions,,stop
13060,97-22703,Establishing an Emergency Board To Investigate Disputes Between Amtrak and its Employees Represented by the Brotherhood of Maintenance of Way Employes,William J. Clinton,1997-08-21,1997-08-25,62 FR 45139,2847,https://www.govinfo.gov/content/pkg/FR-1997-08-25/pdf/97-22703.pdf,https://www.federalregister.gov/documents/full_text/text/1997/08/25/97-22703.txt,"Executive Order 13060 creates an Emergency Board of three members, appointed by the President, to investigate disputes between Amtrak and its employees represented by the Brotherhood of Maintenance of Way Employees. The Board must submit a report to the President within 30 days of its creation, and the parties may not change the conditions that gave rise to the disputes for 30 days after the report unless they agree. Records of the Board are kept by the Office of the President and transferred to the National Mediation Board upon termination.",labor_and_workforce,,,"[""government_administration""]",creates_body,,stop
13061,97-24591,Federal Support of Community Efforts Along American Heritage Rivers,William J. Clinton,1997-09-11,1997-09-15,62 FR 48445,15626,https://www.govinfo.gov/content/pkg/FR-1997-09-15/pdf/97-24591.pdf,https://www.federalregister.gov/documents/full_text/text/1997/09/15/97-24591.txt,"Extracted factual statements from Executive Order 13061 with source quotes, topics, instruments, relationships, and deadlines.",energy_and_environment,,,[],creates_body,,stop
13062,97-26364,Continuance of Certain Federal Advisory Committees and Amendments to Executive Orders 13038 and 13054,William J. Clinton,1997-09-29,1997-10-02,62 FR 51755,6403,https://www.govinfo.gov/content/pkg/FR-1997-10-02/pdf/97-26364.pdf,https://www.federalregister.gov/documents/full_text/text/1997/10/02/97-26364.txt,"Executive Order 13062 continues a list of federal advisory committees, revokes several earlier orders that created now‑defunct committees, and amends two other orders.",other,,"The order’s subject is the continuation of various federal advisory committees, which does not fit any specific predefined topic category.",[],revokes_or_amends,,stop
13063,97-26365,"Level V of the Executive Schedule: Removal of the Executive Director, Pension Benefit Guaranty Corporation, Department of Labor",William J. Clinton,1997-09-30,1997-10-02,62 FR 51757,1102,https://www.govinfo.gov/content/pkg/FR-1997-10-02/pdf/97-26365.pdf,https://www.federalregister.gov/documents/full_text/text/1997/10/02/97-26365.txt,"The order amends Executive Order 12154 to remove the subsection that places the Executive Director of the Pension Benefit Guaranty Corporation, Department of Labor, at Level V of the Executive Schedule, and re‑letters the remaining subsections.",government_administration,,,[],revokes_or_amends,,stop
13064,97-27644,"Further Amendment to Executive Order 13010, as Amended, Critical Infrastructure Protection",William J. Clinton,1997-10-11,1997-10-16,62 FR 53711,3478,https://www.govinfo.gov/content/pkg/FR-1997-10-16/pdf/97-27644.pdf,https://www.federalregister.gov/documents/full_text/text/1997/10/16/97-27644.txt,"Executive Order 13064 further amends Executive Order 13010 by revising numeric thresholds, expanding committee language, setting a March 15, 1998 termination date for several committees, adding a provision for the former Chair to remain on the Steering Committee, creating a new Section 7 for staff retention and classification authority, and renumbering existing sections.",energy_and_environment,,,[],revokes_or_amends,,stop
13065,97-28427,Further Amendment to Executive Order 13038 Advisory Committee on Public Interest Obligations of Digital Television Broadcasters,William J. Clinton,1997-10-22,1997-10-24,62 FR 55329,1134,https://www.govinfo.gov/content/pkg/FR-1997-10-24/pdf/97-28427.pdf,https://www.federalregister.gov/documents/full_text/text/1997/10/24/97-28427.txt,Amends Executive Order 13038 to change member limits and add “or Co‑Chairs” to the Advisory Committee on Public Interest Obligations of Digital Television Broadcasters.,technology_and_research,,,[],revokes_or_amends,,stop
13066,97-29126,"Amendment to Executive Order 13037, Commission To Study Capital Budgeting",William J. Clinton,1997-10-29,1997-10-31,62 FR 59273,909,https://www.govinfo.gov/content/pkg/FR-1997-10-31/pdf/97-29126.pdf,https://www.federalregister.gov/documents/full_text/text/1997/10/31/97-29126.txt,Executive Order 13066 amends Executive Order 13037 to increase the membership cap of the Commission to Study Capital Budgeting and to remove a reporting deadline.,government_administration,,,[],revokes_or_amends,,stop
13067,97-29464,Blocking Sudanese Government Property and Prohibiting Transactions With Sudan,William J. Clinton,1997-11-03,1997-11-05,62 FR 59989,7671,https://www.govinfo.gov/content/pkg/FR-1997-11-05/pdf/97-29464.pdf,https://www.federalregister.gov/documents/full_text/text/1997/11/05/97-29464.txt,The order blocks Sudanese government property in the United States and prohibits a wide range of transactions with Sudan.,foreign_policy,,,[],imposes_sanctions,,stop
13068,97-31456,"Closing of Government Departments and Agencies on Friday, December 26, 1997",William J. Clinton,1997-11-25,1997-11-28,62 FR 63247,1436,https://www.govinfo.gov/content/pkg/FR-1997-11-28/pdf/97-31456.pdf,https://www.federalregister.gov/documents/full_text/text/1997/11/28/97-31456.txt,"Executive Order 13068 orders the closure of all executive departments and agencies on December 26 1997, with limited exceptions for national‑security or other public reasons, and treats that day as covered by EO 11582 and related statutes for pay and leave.",government_administration,,,[],other,orders closure of executive departments and agencies (no listed instrument matches),stop
13069,97-33034,Prohibiting Certain Transactions With Respect to UNITA,William J. Clinton,1997-12-12,1997-12-16,62 FR 65989,7786,https://www.govinfo.gov/content/pkg/FR-1997-12-16/pdf/97-33034.pdf,https://www.federalregister.gov/documents/full_text/text/1997/12/16/97-33034.txt,Executive Order 13069 imposes sanctions on the National Union for the Total Independence of Angola (UNITA) and authorizes Treasury to implement the restrictions.,foreign_policy,,,[],imposes_sanctions,,stop
13070,97-33299,"The Intelligence Oversight Board, Amendment to Executive Order 12863",William J. Clinton,1997-12-15,1997-12-18,62 FR 66493,1632,https://www.govinfo.gov/content/pkg/FR-1997-12-18/pdf/97-33299.pdf,https://www.federalregister.gov/documents/full_text/text/1997/12/18/97-33299.txt,The order creates the Intelligence Oversight Board as a standing committee of the PFIAB.,security_and_defense,,,[],creates_body,,stop
13071,97-34224,Adjustments of Certain Rates of Pay,William J. Clinton,1997-12-29,1997-12-31,62 FR 68521,3781,https://www.govinfo.gov/content/pkg/FR-1997-12-31/pdf/97-34224.pdf,https://www.federalregister.gov/documents/full_text/text/1997/12/31/97-34224.txt,The order sets new pay rates for various federal pay systems by attaching schedules that specify the adjusted basic pay or salaries.,government_administration,,,[],adjusts_pay_or_admin,,stop
13072,98-3135,White House Millennium Council,William J. Clinton,1998-02-02,1998-02-05,63 FR 6041,7935,https://www.govinfo.gov/content/pkg/FR-1998-02-05/pdf/98-3135.pdf,https://www.federalregister.gov/documents/full_text/text/1998/02/05/98-3135.txt,Executive Order 13072 establishes the White House Millennium Council to lead a national celebration of the new millennium.,other,,The Council’s focus on millennium commemoration and education does not fit the standard topic categories.,[],creates_body,,stop
13073,98-3229,Year 2000 Conversion,William J. Clinton,1998-02-04,1998-02-06,63 FR 6467,7120,https://www.govinfo.gov/content/pkg/FR-1998-02-06/pdf/98-3229.pdf,https://www.federalregister.gov/documents/full_text/text/1998/02/06/98-3229.txt,The order creates the President's Council on Year 2000 Conversion.,technology_and_research,,,[],creates_body,,stop
13074,98-3847,Amendment to Executive Order 12656,William J. Clinton,1998-02-09,1998-02-12,63 FR 7277,1215,https://www.govinfo.gov/content/pkg/FR-1998-02-12/pdf/98-3847.pdf,https://www.federalregister.gov/documents/full_text/text/1998/02/12/98-3847.txt,Amends Executive Order 12656 by adding a new section 501(16) concerning Noncombatant Evacuation Operations.,government_administration,,"The amendment deals with the allocation of funding responsibilities and authority for Noncombatant Evacuation Operations, which are part of the federal government's internal administration of defense‑related programs.","[""security_and_defense""]",revokes_or_amends,,stop
13075,98-4816,Special Oversight Board for Department of Defense Investigations of Gulf War Chemical and Biological Incidents,William J. Clinton,1998-02-19,1998-02-24,63 FR 9085,5011,https://www.govinfo.gov/content/pkg/FR-1998-02-24/pdf/98-4816.pdf,https://www.federalregister.gov/documents/full_text/text/1998/02/24/98-4816.txt,Executive Order 13075 establishes a Special Oversight Board to review DoD investigations of Gulf War chemical and biological incidents and sets reporting and termination deadlines.,government_administration,,"The order concerns internal oversight of a Defense‑related board rather than a substantive policy area such as energy, justice, or technology.",[],creates_body,,stop
13076,98-5119,Ordering the Selected Reserve of the Armed Forces to Active Duty,William J. Clinton,1998-02-24,1998-02-26,63 FR 9719,1548,https://www.govinfo.gov/content/pkg/FR-1998-02-26/pdf/98-5119.pdf,https://www.federalregister.gov/documents/full_text/text/1998/02/26/98-5119.txt,The order delegates authority to the Secretary of Defense and the Secretary of Transportation (for the Coast Guard) to place Selected Reserve units and individual members on active duty.,security_and_defense,,,[],delegates_authority,,stop
13077,98-6628,"Further Amendment to Executive Order 13010, Critical Infrastructure Protection",William J. Clinton,1998-03-10,1998-03-12,63 FR 12381,1107,https://www.govinfo.gov/content/pkg/FR-1998-03-12/pdf/98-6628.pdf,https://www.federalregister.gov/documents/full_text/text/1998/03/12/98-6628.txt,Executive Order 13077 further amends EO 13010 by changing two implementation dates.,civil_rights,,"The order concerns Critical Infrastructure Protection, a distinct policy area not covered by the standard topic list; it is recorded here as a custom topic.",[],revokes_or_amends,,stop
13078,98-7139,Increasing Employment of Adults With Disabilities,William J. Clinton,1998-03-13,1998-03-18,63 FR 13111,13707,https://www.govinfo.gov/content/pkg/FR-1998-03-18/pdf/98-7139.pdf,https://www.federalregister.gov/documents/full_text/text/1998/03/18/98-7139.txt,Executive Order 13078 creates a National Task Force on Employment of Adults with Disabilities and sets a series of reporting and termination deadlines.,other,,"the order concerns employment of adults with disabilities, which does not fit the predefined topic categories",[],creates_body,,stop
13079,98-9599,Waiver Under The Trade Act Of 1974 With Respect to Vietnam,William J. Clinton,1998-04-07,1998-04-09,63 FR 17309,854,https://www.govinfo.gov/content/pkg/FR-1998-04-09/pdf/98-9599.pdf,https://www.federalregister.gov/documents/full_text/text/1998/04/09/98-9599.txt,Executive Order 13079 waives the application of sections 402(a) and 402(b) of the Trade Act of 1974 to Vietnam.,trade,,,[],revokes_or_amends,,stop
13080,98-9709,American Heritage Rivers Initiative Advisory Committee,William J. Clinton,1998-04-07,1998-04-10,63 FR 17667,6985,https://www.govinfo.gov/content/pkg/FR-1998-04-10/pdf/98-9709.pdf,https://www.federalregister.gov/documents/full_text/text/1998/04/10/98-9709.txt,"Executive Order 13080 creates the American Heritage Rivers Initiative Advisory Committee, defines its composition, duties, reporting line, support, and a two‑year termination deadline.",energy_and_environment,,,[],creates_body,,stop
13081,98-11922,"Amendment to Executive Order No. 13038, Advisory Committee on Public Interest Obligations of Digital Television Broadcasters",William J. Clinton,1998-04-30,1998-05-04,63 FR 24385,894,https://www.govinfo.gov/content/pkg/FR-1998-05-04/pdf/98-11922.pdf,https://www.federalregister.gov/documents/full_text/text/1998/05/04/98-11922.txt,Amends EO 13038 by deleting the original reporting deadline of June 1 1998 and inserting a new deadline of October 1 1998 for the Advisory Committee on Public Interest Obligations of Digital Television Broadcasters.,technology_and_research,,,[],revokes_or_amends,,stop
13082,98-12963,Joint Mexican-United States Defense Commission,William J. Clinton,1998-05-08,1998-05-13,63 FR 26709,1383,https://www.govinfo.gov/content/pkg/FR-1998-05-13/pdf/98-12963.pdf,https://www.federalregister.gov/documents/full_text/text/1998/05/13/98-12963.txt,"Executive Order 13082 amends the third paragraph of Executive Order 9080, as previously amended by EO 10692 and EO 12377, to modify the composition of the United States membership of the Joint Mexican-United States Defense Commission. The amendment adds a Joint Staff member to the commission and requires the Secretary of Defense to designate all members, including a Chair and alternates. The order applies to the United States side of the binational defense commission.",security_and_defense,,,"[""foreign_policy""]",revokes_or_amends,,stop
13083,98-13552,Federalism,William J. Clinton,1998-05-14,1998-05-19,63 FR 27651,13454,https://www.govinfo.gov/content/pkg/FR-1998-05-19/pdf/98-13552.pdf,https://www.federalregister.gov/documents/full_text/text/1998/05/19/98-13552.txt,"Executive Order 13083 establishes federalism principles and procedural requirements for agencies, without creating a new body or imposing sanctions.",government_administration,,,[],other,"order sets federalism principles and agency procedural requirements rather than creating a body, imposing sanctions, revoking/amending, conferring honors, delegating authority, directing reports, or adjusting pay.",stop
13084,98-13553,Consultation and Coordination With Indian Tribal Governments,William J. Clinton,1998-05-14,1998-05-19,63 FR 27655,9010,https://www.govinfo.gov/content/pkg/FR-1998-05-19/pdf/98-13553.pdf,https://www.federalregister.gov/documents/full_text/text/1998/05/19/98-13553.txt,Executive Order 13084 establishes consultation and coordination requirements for federal agencies when dealing with Indian tribal governments.,government_administration,,,[],delegates_authority,,stop
13085,98-14407,Establishment of the Enrichment Oversight Committee,William J. Clinton,1998-05-26,1998-05-28,63 FR 29335,11977,https://www.govinfo.gov/content/pkg/FR-1998-05-28/pdf/98-14407.pdf,https://www.federalregister.gov/documents/full_text/text/1998/05/28/98-14407.txt,Extracted structured facts from Executive Order 13085 (1998) establishing the Enrichment Oversight Committee.,energy_and_environment,,,[],creates_body,,stop
13086,98-14688,"1998 Amendments to the Manual for Courts-Martial, United States",William J. Clinton,1998-05-27,1998-06-02,63 FR 30065,99343,https://www.govinfo.gov/content/pkg/FR-1998-06-02/pdf/98-14688.pdf,https://www.federalregister.gov/documents/full_text/text/1998/06/02/98-14688.txt,"Executive Order 13086 amends the Manual for Courts‑Martial (originally prescribed by EO 12473). It adds, revises, or deletes numerous rules governing pre‑trial confinement, evidence, mental‑capacity determinations, sentencing, and post‑trial procedures. The order imposes a series of time limits—24 hours for reporting a confinement, 72 hours for a commander’s decision, 48 hours for a probable‑cause review, 7 days for a full review (extendable to 10 days), 40 days for a post‑trial hearing on a not‑guilty‑by‑mental‑responsibility finding, and 5‑day notice periods for motions and evidence disclosure. No new bodies are created; the order’s primary effect is to amend an existing military‑justice framework.",justice_and_law_enforcement,,,[],revokes_or_amends,,stop
13087,98-14689,"Further Amendment to Executive Order 11478, Equal Employment Opportunity in the Federal Government",William J. Clinton,1998-05-28,1998-06-02,63 FR 30097,1066,https://www.govinfo.gov/content/pkg/FR-1998-06-02/pdf/98-14689.pdf,https://www.federalregister.gov/documents/full_text/text/1998/06/02/98-14689.txt,Executive Order 13087 amends Executive Order 11478 to add sexual orientation as a protected class and to insert a qualifying phrase.,civil_rights,,,[],revokes_or_amends,,stop
13088,98-15888,"Blocking Property of the Governments of the Federal Republic of Yugoslavia (Serbia and Montenegro), the Republic of Serbia, and the Republic of Montenegro, and Prohibiting New Investment in the Republic of Serbia in Response to the Situation in Kosovo",William J. Clinton,1998-06-09,1998-06-12,63 FR 32109,9680,https://www.govinfo.gov/content/pkg/FR-1998-06-12/pdf/98-15888.pdf,https://www.federalregister.gov/documents/full_text/text/1998/06/12/98-15888.txt,"Executive Order 13088 blocks property and financial transactions of the governments of the Federal Republic of Yugoslavia (Serbia and Montenegro), the Republic of Serbia, and the Republic of Montenegro, and prohibits new investment in Serbia.",foreign_policy,,,[],imposes_sanctions,,stop
13089,98-16161,Coral Reef Protection,William J. Clinton,1998-06-11,1998-06-16,63 FR 32701,12199,https://www.govinfo.gov/content/pkg/FR-1998-06-16/pdf/98-16161.pdf,https://www.federalregister.gov/documents/full_text/text/1998/06/16/98-16161.txt,"Executive Order 13089 establishes a U.S. Coral Reef Task Force co‑chaired by the Secretaries of the Interior and Commerce, directs the Task Force to oversee implementation of coral‑reef protection policy, coordinate mapping, monitoring, research, and conservation measures, and requires all federal agencies whose actions may affect coral reefs to identify and mitigate those impacts. The order also states that it creates no enforceable rights.",energy_and_environment,,,"[""government_administration""]",creates_body,,stop
13090,98-17828,President's Commission on the Celebration of Women in American History,William J. Clinton,1998-06-29,1998-07-02,63 FR 36151,4822,https://www.govinfo.gov/content/pkg/FR-1998-07-02/pdf/98-17828.pdf,https://www.federalregister.gov/documents/full_text/text/1998/07/02/98-17828.txt,"Executive Order 13090 establishes the President’s Commission on the Celebration of Women in American History, defines its composition and duties, requires a final report by March 1 1999, and sets its termination 60 days after that report.",education,,,[],creates_body,,stop
13091,98-17829,Administration of Arms Export Controls and Foreign Assistance,William J. Clinton,1998-06-29,1998-07-02,63 FR 36153,4071,https://www.govinfo.gov/content/pkg/FR-1998-07-02/pdf/98-17829.pdf,https://www.federalregister.gov/documents/full_text/text/1998/07/02/98-17829.txt,Executive Order 13091 amends specific sections of earlier executive orders that govern arms export controls and foreign assistance.,security_and_defense,,,[],revokes_or_amends,,stop
13092,98-20315,"President's Information Technology Advisory Committee, Amendments to Executive Order 13035",William J. Clinton,1998-07-24,1998-07-28,63 FR 40167,1532,https://www.govinfo.gov/content/pkg/FR-1998-07-28/pdf/98-20315.pdf,https://www.federalregister.gov/documents/full_text/text/1998/07/28/98-20315.txt,Amends Executive Order 13035 to rename and expand the advisory committee.,technology_and_research,,,[],revokes_or_amends,,stop
13093,98-20450,"American Heritage Rivers, Amending Executive Order 13061 and 13080",William J. Clinton,1998-07-27,1998-07-29,63 FR 40357,831,https://www.govinfo.gov/content/pkg/FR-1998-07-29/pdf/98-20450.pdf,https://www.federalregister.gov/documents/full_text/text/1998/07/29/98-20450.txt,"The order amends two earlier executive orders, changing the numeric limit for designating American Heritage Rivers from “ten” to “up to 20.”",energy_and_environment,,,[],revokes_or_amends,,stop
13094,98-20590,Proliferation of Weapons of Mass Destruction,William J. Clinton,1998-07-28,1998-07-30,63 FR 40803,7022,https://www.govinfo.gov/content/pkg/FR-1998-07-30/pdf/98-20590.pdf,https://www.federalregister.gov/documents/full_text/text/1998/07/30/98-20590.txt,The order amends Executive Order 12938 to revise its sanctions provisions against foreign persons involved in weapons‑of‑mass‑destruction proliferation.,energy_and_environment,,,[],revokes_or_amends,,stop
13095,98-21400,Suspension of Executive Order 13083,William J. Clinton,1998-08-05,1998-08-07,63 FR 42565,677,https://www.govinfo.gov/content/pkg/FR-1998-08-07/pdf/98-21400.pdf,https://www.federalregister.gov/documents/full_text/text/1998/08/07/98-21400.txt,"The order suspends Executive Order 13083, titled “Federalism.”",government_administration,,,[],revokes_or_amends,,stop
13096,98-21643,American Indian and Alaska Native Education,William J. Clinton,1998-08-06,1998-08-11,63 FR 42681,14098,https://www.govinfo.gov/content/pkg/FR-1998-08-11/pdf/98-21643.pdf,https://www.federalregister.gov/documents/full_text/text/1998/08/11/98-21643.txt,"Executive Order 13096 establishes an Interagency Task Force on American Indian and Alaska Native Education, assigns co‑chairs, sets multiple reporting and planning deadlines (30 days, 90 days, 6 months, 12 months, 1 year, 2 years, 18 months, 5 years), directs agencies to develop a guide, a research agenda, a comprehensive policy, and regional forums, and references prior Executive Memorandum (1994) and Executive Order 13084 (1998).",education,,,"[""tribal_affairs"", ""foreign_policy""]",creates_body,,stop
13097,98-21710,Interparliamentary Union,William J. Clinton,1998-08-07,1998-08-11,63 FR 43065,1268,https://www.govinfo.gov/content/pkg/FR-1998-08-11/pdf/98-21710.pdf,https://www.federalregister.gov/documents/full_text/text/1998/08/11/98-21710.txt,"The order designates the Interparliamentary Union as a public international organization entitled to the privileges, exemptions, and immunities of the International Organizations Immunities Act.",foreign_policy,,,[],other,designates an existing organization to receive status under a statute,stop
13098,98-22595,Blocking Property of UNITA and ProhibitingCertain Transactions With Respect to UNITA,William J. Clinton,1998-08-18,1998-08-20,63 FR 44771,8513,https://www.govinfo.gov/content/pkg/FR-1998-08-20/pdf/98-22595.pdf,https://www.federalregister.gov/documents/full_text/text/1998/08/20/98-22595.txt,Executive Order 13098 blocks property of UNITA and prohibits certain transactions with respect to UNITA.,foreign_policy,,,[],imposes_sanctions,,stop
13099,98-22940,Prohibiting Transactions With Terrorists Who Threaten To Disrupt the Middle East Peace Process,William J. Clinton,1998-08-20,1998-08-25,63 FR 45167,2618,https://www.govinfo.gov/content/pkg/FR-1998-08-25/pdf/98-22940.pdf,https://www.federalregister.gov/documents/full_text/text/1998/08/25/98-22940.txt,"Executive Order 13099 adds individuals and groups to the annex of EO 12947, thereby extending the sanctions program against terrorists who threaten the Middle‑East peace process.",security_and_defense,,,[],imposes_sanctions,,stop
13100,98-23258,President's Council on Food Safety,William J. Clinton,1998-08-25,1998-08-27,63 FR 45661,6798,https://www.govinfo.gov/content/pkg/FR-1998-08-27/pdf/98-23258.pdf,https://www.federalregister.gov/documents/full_text/text/1998/08/27/98-23258.txt,Executive Order 13100 establishes the President’s Council on Food Safety.,economy_and_finance,,Food safety is most closely related to agriculture and public health; the closest available category is agriculture.,[],creates_body,,stop
13101,98-25023,"Greening the Government Through Waste Prevention, Recycling, and Federal Acquisition",William J. Clinton,1998-09-14,1998-09-16,63 FR 49643,44101,https://www.govinfo.gov/content/pkg/FR-1998-09-16/pdf/98-25023.pdf,https://www.federalregister.gov/documents/full_text/text/1998/09/16/98-25023.txt,"Executive Order 13101 establishes a Steering Committee, a Federal Environmental Executive, a Task Force and Agency Environmental Executive positions; it sets multiple deadlines for agencies and the EPA to develop strategic plans, guidance, lists, and reports, and it revokes EO 12873.",energy_and_environment,,,[],creates_body,,stop
13102,98-26250,"Further Amendment to Executive Order 13038, Advisory Committee on Public Interest Obligations of Digital Television Broadcasters",William J. Clinton,1998-09-25,1998-09-29,63 FR 52125,923,https://www.govinfo.gov/content/pkg/FR-1998-09-29/pdf/98-26250.pdf,https://www.federalregister.gov/documents/full_text/text/1998/09/29/98-26250.txt,Executive Order 13102 amends Executive Order 13038 by changing the reporting deadline of the Advisory Committee on Public Interest Obligations of Digital Television Broadcasters from October 1 1998 to December 31 1998.,technology_and_research,,,[],revokes_or_amends,,stop
13103,98-26799,Computer Software Piracy,William J. Clinton,1998-09-30,1998-10-05,63 FR 53273,8652,https://www.govinfo.gov/content/pkg/FR-1998-10-05/pdf/98-26799.pdf,https://www.federalregister.gov/documents/full_text/text/1998/10/05/98-26799.txt,"Executive Order 13103 directs the existing Chief Information Officers Council to issue initial recommendations on preventing computer‑software piracy within six months, thereby requiring a government‑wide report.",technology_and_research,,,[],directs_report_or_study,,stop
13104,98-28471,"Amendment to Executive Order 13021, Tribal Colleges and Universities",William J. Clinton,1998-10-19,1998-10-22,63 FR 56535,953,https://www.govinfo.gov/content/pkg/FR-1998-10-22/pdf/98-28471.pdf,https://www.federalregister.gov/documents/full_text/text/1998/10/22/98-28471.txt,Amends section 7 of EO 13021 to set the Board’s termination date as September 30 1999 unless renewed.,education,,,[],revokes_or_amends,,stop
13105,98-30054,Open Enrollment Season for Participants in the Foreign Service Retirement and Disability System and the Central Intelligence Agency Retirement and Disability System,William J. Clinton,1998-11-02,1998-11-06,63 FR 60201,2330,https://www.govinfo.gov/content/pkg/FR-1998-11-06/pdf/98-30054.pdf,https://www.federalregister.gov/documents/full_text/text/1998/11/06/98-30054.txt,The order directs the Secretary of State to issue regulations that create an open‑enrollment period for participants in the Foreign Service Retirement and Disability System.,government_administration,,,[],delegates_authority,,stop
13106,98-32953,Adjustments of Certain Rates of Pay and Delegation of a Federal Pay Administration Authority,William J. Clinton,1998-12-07,1998-12-09,63 FR 68151,4993,https://www.govinfo.gov/content/pkg/FR-1998-12-09/pdf/98-32953.pdf,https://www.federalregister.gov/documents/full_text/text/1998/12/09/98-32953.txt,The order delegates authority for federal pay administration and sets effective dates for the new pay schedules.,government_administration,,,[],delegates_authority,,stop
13107,98-33348,Implementation of Human Rights Treaties,William J. Clinton,1998-12-10,1998-12-15,63 FR 68991,10816,https://www.govinfo.gov/content/pkg/FR-1998-12-15/pdf/98-33348.pdf,https://www.federalregister.gov/documents/full_text/text/1998/12/15/98-33348.txt,The order establishes an Interagency Working Group on Human Rights Treaties and directs agencies to designate a contact officer for coordination of implementation.,civil_rights,,,"[""government_administration""]",creates_body,,stop
13108,98-33382,"Further Amendment to Executive Order 13037, Commission To Study Capital Budgeting",William J. Clinton,1998-12-11,1998-12-15,63 FR 69175,1038,https://www.govinfo.gov/content/pkg/FR-1998-12-15/pdf/98-33382.pdf,https://www.federalregister.gov/documents/full_text/text/1998/12/15/98-33382.txt,Executive Order 13108 amends Executive Order 13037 to change the Commission to Study Capital Budgeting’s reporting deadline and expiration date.,government_administration,,,[],revokes_or_amends,,stop
13109,98-34034,"Half-Day Closing of Executive Departments and Agencies of the Federal Government on Thursday, December 24, 1998",William J. Clinton,1998-12-17,1998-12-22,63 FR 70631,1910,https://www.govinfo.gov/content/pkg/FR-1998-12-22/pdf/98-34034.pdf,https://www.federalregister.gov/documents/full_text/text/1998/12/22/98-34034.txt,"Executive Order 13109 orders a half‑day closure of all federal executive departments and agencies on Christmas Eve, 1998, gives department heads discretion to keep essential offices open, and ties the day to existing pay‑and‑leave statutes and EO 11582.",government_administration,,,[],other,orders a half‑day closure of executive departments and agencies (no listed instrument applies),stop
13110,99-980,Nazi War Criminal Records Interagency Working Group,William J. Clinton,1999-01-11,1999-01-14,64 FR 2419,3165,https://www.govinfo.gov/content/pkg/FR-1999-01-14/pdf/99-980.pdf,https://www.federalregister.gov/documents/full_text/text/1999/01/14/99-980.txt,"Executive Order 13110 creates the Nazi War Criminal Records Interagency Working Group to locate, inventory, recommend declassification, and make public classified Nazi war criminal records held by the United States. The Working Group is chaired by the Archivist of the United States and includes senior officials from Defense, Justice, Intelligence, FBI, the Holocaust Memorial Museum, State, and three presidential appointees, with a liaison from the National Security Council. The National Archives and Records Administration will provide funding and administrative support, and the Group must report its findings to Congress within one year and will terminate three years after the order’s issuance.",government_administration,,,"[""justice_and_law_enforcement"", ""foreign_policy""]",creates_body,,stop
13111,99-1185,Using Technology To Improve Training Opportunities for Federal Government Employees,William J. Clinton,1999-01-12,1999-01-15,64 FR 2793,21723,https://www.govinfo.gov/content/pkg/FR-1999-01-15/pdf/99-1185.pdf,https://www.federalregister.gov/documents/full_text/text/1999/01/15/99-1185.txt,Establishes the President’s Task Force on Federal Training Technology,technology_and_research,,,[],creates_body,,stop
13112,99-3184,Invasive Species,William J. Clinton,1999-02-03,1999-02-08,64 FR 6183,16325,https://www.govinfo.gov/content/pkg/FR-1999-02-08/pdf/99-3184.pdf,https://www.federalregister.gov/documents/full_text/text/1999/02/08/99-3184.txt,"Executive Order 13112 establishes the Invasive Species Council and directs it to develop a national management plan, with several reporting and update deadlines. It also revokes Executive Order 11987.",energy_and_environment,,,[],creates_body,,stop
13113,99-3832,"President's Information Technology Advisory Committee, Further Amendments to Executive Order 13035, as Amended",William J. Clinton,1999-02-10,1999-02-16,64 FR 7489,2078,https://www.govinfo.gov/content/pkg/FR-1999-02-16/pdf/99-3832.pdf,https://www.federalregister.gov/documents/full_text/text/1999/02/16/99-3832.txt,"Executive Order 13113 amends Executive Order 13035 to extend the life of the President's Information Technology Advisory Committee and to add new responsibilities under the Research Act. The amendment updates the preamble, adds subsections requiring the Committee to carry out duties described in the High‑Performance Computing Act and the Next Generation Internet Research Act, and changes the deadline for the Committee's report to February 11, 2001.",technology_and_research,,,[],revokes_or_amends,,stop
13114,99-5164,"Further Amendment to Executive Order 12852, as Amended, Extending the President's Council on Sustainable Development",William J. Clinton,1999-02-25,1999-03-01,64 FR 10099,923,https://www.govinfo.gov/content/pkg/FR-1999-03-01/pdf/99-5164.pdf,https://www.federalregister.gov/documents/full_text/text/1999/03/01/99-5164.txt,The order amends Executive Order 12852 to extend the President’s Council on Sustainable Development by changing its termination date.,energy_and_environment,,,[],revokes_or_amends,,stop
13115,99-7999,Interagency Task Force on the Roles and Missions of the United States Coast Guard,William J. Clinton,1999-03-25,1999-03-30,64 FR 15283,7014,https://www.govinfo.gov/content/pkg/FR-1999-03-30/pdf/99-7999.pdf,https://www.federalregister.gov/documents/full_text/text/1999/03/30/99-7999.txt,"Executive Order 13115 establishes an Interagency Task Force on the Roles and Missions of the United States Coast Guard and sets out its composition, duties, reporting lines, administrative support, duration, and reporting requirements.",security_and_defense,,,[],creates_body,,stop
13116,99-8433,Identification of Trade Expansion Priorities and Discriminatory Procurement Practices,William J. Clinton,1999-03-31,1999-04-05,64 FR 16333,12475,https://www.govinfo.gov/content/pkg/FR-1999-04-05/pdf/99-8433.pdf,https://www.federalregister.gov/documents/full_text/text/1999/04/05/99-8433.txt,"Executive Order 13116 directs the United States Trade Representative to identify trade expansion priorities and discriminatory foreign government procurement practices, submit annual reports to Congress, and engage foreign governments to resolve identified issues. The order requires the Trade Representative to initiate investigations within 90 days of each report if a satisfactory resolution has not been achieved. It invokes authorities under the Trade Act of 1974, the Trade Agreements Act, and related statutes.",trade,,,"[""foreign_policy"", ""government_administration""]",delegates_authority,,stop
13117,99-8509,"Further Amendment to Executive Order 12981, as Amended",William J. Clinton,1999-03-31,1999-04-05,64 FR 16591,2010,https://www.govinfo.gov/content/pkg/FR-1999-04-05/pdf/99-8509.pdf,https://www.federalregister.gov/documents/full_text/text/1999/04/05/99-8509.txt,Executive Order 13117 amends Executive Order 12981 by deleting references to the Arms Control and Disarmament Agency in several sections.,government_administration,,,[],revokes_or_amends,,stop
13118,99-8547,Implementation of the Foreign Affairs Reform and Restructuring Act of 1998,William J. Clinton,1999-03-31,1999-04-05,64 FR 16595,18928,https://www.govinfo.gov/content/pkg/FR-1999-04-05/pdf/99-8547.pdf,https://www.federalregister.gov/documents/full_text/text/1999/04/05/99-8547.txt,"Executive Order 13118 implements the Foreign Affairs Reform and Restructuring Act by delegating foreign‑assistance functions to the Secretary of State and other officials, revoking and amending prior orders, and setting effective‑date deadlines.",foreign_policy,,,[],delegates_authority,,stop
13119,99-9738,"Designation of Federal Republic of Yugoslavia (Serbia/Montenegro), Albania, the Airspace Above, and Adjacent Waters as a Combat Zone",William J. Clinton,1999-04-13,1999-04-16,64 FR 18797,1283,https://www.govinfo.gov/content/pkg/FR-1999-04-16/pdf/99-9738.pdf,https://www.federalregister.gov/documents/full_text/text/1999/04/16/99-9738.txt,"The order designates the Federal Republic of Yugoslavia (Serbia/Montenegro), Albania, the Adriatic Sea, and the Ionian Sea north of the 39th parallel (including the airspace above them) as a combat zone for purposes of 26 U.S.C. §112.",security_and_defense,,,[],other,designates a combat zone,stop
13120,99-10901,Ordering the Selected Reserve and Certain Individual Ready Reserve Members of the Armed Forces to Active Duty,William J. Clinton,1999-04-27,1999-04-29,64 FR 23007,2010,https://www.govinfo.gov/content/pkg/FR-1999-04-29/pdf/99-10901.pdf,https://www.federalregister.gov/documents/full_text/text/1999/04/29/99-10901.txt,The order delegates authority to the Secretary of Defense and the Secretary of Transportation (for the Coast Guard) to order Selected Reserve and Individual Ready Reserve members designated as essential to active duty for operations in the former Yugoslavia.,security_and_defense,,,[],delegates_authority,,stop
13121,99-11410,"Blocking Property of the Governments of the Federal Republic of Yugoslavia (Serbia and Montenegro), the Republic of Serbia, and the Republic of Montenegro, and Prohibiting Trade Transactions Involving the Federal Republic of Yugoslavia (Serbia and Montenegro) in Response to the Situation in Kosovo",William J. Clinton,1999-04-30,1999-05-05,64 FR 24021,8381,https://www.govinfo.gov/content/pkg/FR-1999-05-05/pdf/99-11410.pdf,https://www.federalregister.gov/documents/full_text/text/1999/05/05/99-11410.txt,"Executive Order 13121 imposes sanctions on the governments of the Federal Republic of Yugoslavia (Serbia and Montenegro), the Republic of Serbia, and the Republic of Montenegro, and amends several sections of EO 13088.",foreign_policy,,,[],imposes_sanctions,,stop
13122,99-13825,Interagency Task Force on the Economic Development of the Southwest Border,William J. Clinton,1999-05-25,1999-05-28,64 FR 29201,6626,https://www.govinfo.gov/content/pkg/FR-1999-05-28/pdf/99-13825.pdf,https://www.federalregister.gov/documents/full_text/text/1999/05/28/99-13825.txt,Executive Order 13122 creates an Interagency Task Force to coordinate federal economic‑development actions for the Southwest Border.,economy_and_finance,,,[],creates_body,,stop
13123,99-14633,Greening the Government Through Efficient Energy Management,William J. Clinton,1999-06-03,1999-06-08,64 FR 30851,50031,https://www.govinfo.gov/content/pkg/FR-1999-06-08/pdf/99-14633.pdf,https://www.federalregister.gov/documents/full_text/text/1999/06/08/99-14633.txt,"Executive Order 13123 directs all federal agencies to improve energy management, set greenhouse‑gas and energy‑use reduction goals, and report annually to the President. It requires each agency to designate senior officials, form energy teams, develop annual implementation plans, and meet specific deadlines for reporting and guidance. The order also creates interagency bodies—including an Energy Policy Committee, an Energy Management Task Force, and a public‑private advisory committee—to coordinate and oversee federal energy‑efficiency efforts.",energy_and_environment,,,"[""government_administration"", ""technology_and_research""]",creates_body,,stop
13124,99-14825,Amending the Civil Service Rules Relating To Federal Employees With Psychiatric Disabilities,William J. Clinton,1999-06-04,1999-06-09,64 FR 31103,3915,https://www.govinfo.gov/content/pkg/FR-1999-06-09/pdf/99-14825.pdf,https://www.federalregister.gov/documents/full_text/text/1999/06/09/99-14825.txt,Executive Order 13124 amends civil service hiring rules for federal employees with psychiatric disabilities and directs the Office of Personnel Management (OPM) to implement the changes.,government_administration,,,[],revokes_or_amends,,stop
13125,99-14901,Increasing Participation of Asian Americans and Pacific Islanders in Federal Programs,William J. Clinton,1999-06-07,1999-06-10,64 FR 31105,10077,https://www.govinfo.gov/content/pkg/FR-1999-06-10/pdf/99-14901.pdf,https://www.federalregister.gov/documents/full_text/text/1999/06/10/99-14901.txt,Executive Order 13125 creates two new bodies to increase participation of Asian Americans and Pacific Islanders in federal programs.,civil_rights,,,[],creates_body,,stop
13126,99-15491,Prohibition of Acquisition of Products Produced by Forced or Indentured Child Labor,William J. Clinton,1999-06-12,1999-06-16,64 FR 32383,9712,https://www.govinfo.gov/content/pkg/FR-1999-06-16/pdf/99-15491.pdf,https://www.federalregister.gov/documents/full_text/text/1999/06/16/99-15491.txt,Executive Order 13126 directs federal agencies to act against the procurement of products made with forced or indentured child labor.,labor_and_workforce,,,[],delegates_authority,,stop
13127,99-15623,"Amendment to Executive Order 13073, Year 2000 Conversion",William J. Clinton,1999-06-14,1999-06-17,64 FR 32793,2908,https://www.govinfo.gov/content/pkg/FR-1999-06-17/pdf/99-15623.pdf,https://www.federalregister.gov/documents/full_text/text/1999/06/17/99-15623.txt,"Executive Order 13127 amends Executive Order 13073 to create the Information Coordination Center (ICC) within the General Services Administration. The ICC is tasked with assisting the Chair of the President’s Council on Year 2000 Conversion in information sharing, coordination, and recovery efforts related to Y2K emergencies across federal, public, and private sectors. The order also renumbers the former section 5 of EO 13073 as section 6 and designates a Director for the ICC.",technology_and_research,,,"[""government_administration""]",creates_body,,stop
13128,99-16634,Implementation of the Chemical Weapons Convention and the Chemical Weapons Convention Implementation Act,William J. Clinton,1999-06-25,1999-06-28,64 FR 34703,6907,https://www.govinfo.gov/content/pkg/FR-1999-06-28/pdf/99-16634.pdf,https://www.federalregister.gov/documents/full_text/text/1999/06/28/99-16634.txt,"Executive Order 13128 designates the Department of State as the United States National Authority for the Chemical Weapons Convention, delegates implementation authority to the State, Defense, Commerce, Energy, and other agencies, and amends EO 12938 to add a new export‑restriction provision.",energy_and_environment,,,[],delegates_authority,,stop
13129,99-17444,Blocking Property and Prohibiting Transactions With the Taliban,William J. Clinton,1999-07-04,1999-07-07,64 FR 36759,9141,https://www.govinfo.gov/content/pkg/FR-1999-07-07/pdf/99-17444.pdf,https://www.federalregister.gov/documents/full_text/text/1999/07/07/99-17444.txt,The order blocks property and interests owned or controlled by the Taliban and prohibits transactions with the Taliban and related persons.,foreign_policy,,,[],imposes_sanctions,,stop
13130,99-18476,National Infrastructure Assurance Council,William J. Clinton,1999-07-14,1999-07-19,64 FR 38535,6441,https://www.govinfo.gov/content/pkg/FR-1999-07-19/pdf/99-18476.pdf,https://www.federalregister.gov/documents/full_text/text/1999/07/19/99-18476.txt,"Executive Order 13130 establishes the National Infrastructure Assurance Council (NIAC) to coordinate public‑private efforts on critical infrastructure, sets its composition and functions, and provides for its termination two years after the order.",energy_and_environment,,,[],creates_body,,stop
13131,99-19396,"Further Amendments to Executive Order 12757, Implementation of the Enterprise for the Americas Initiative",William J. Clinton,1999-07-22,1999-07-27,64 FR 40733,5190,https://www.govinfo.gov/content/pkg/FR-1999-07-27/pdf/99-19396.pdf,https://www.federalregister.gov/documents/full_text/text/1999/07/27/99-19396.txt,"Executive Order 13131 amends Executive Order 12757, which implements the Enterprise for the Americas Initiative, adding references to the Tropical Forest Conservation Act and revising board composition and statutory citations.",energy_and_environment,,,[],revokes_or_amends,,stop
13132,99-20729,Federalism,William J. Clinton,1999-08-04,1999-08-10,64 FR 43255,20650,https://www.govinfo.gov/content/pkg/FR-1999-08-10/pdf/99-20729.pdf,https://www.federalregister.gov/documents/full_text/text/1999/08/10/99-20729.txt,Executive Order 13132 (Federalism) revokes several earlier orders and sets deadlines for agency actions related to federal‑state consultation and waiver processing.,government_administration,,,[],revokes_or_amends,,stop
13133,99-20924,Working Group on Unlawful Conduct on the Internet,William J. Clinton,1999-08-05,1999-08-11,64 FR 43895,3760,https://www.govinfo.gov/content/pkg/FR-1999-08-11/pdf/99-20924.pdf,https://www.federalregister.gov/documents/full_text/text/1999/08/11/99-20924.txt,Executive Order 13133 establishes a Working Group on Unlawful Conduct on the Internet and directs it to report within 120 days.,justice_and_law_enforcement,,,[],creates_body,,stop
13134,99-21392,Developing and Promoting Biobased Products and Bioenergy,William J. Clinton,1999-08-12,1999-08-16,64 FR 44639,14604,https://www.govinfo.gov/content/pkg/FR-1999-08-16/pdf/99-21392.pdf,https://www.federalregister.gov/documents/full_text/text/1999/08/16/99-21392.txt,"Executive Order 13134 establishes several inter‑agency bodies and directs strategic planning for biobased products and bioenergy, with specific reporting deadlines.",energy_and_environment,,,[],creates_body,,stop
13135,99-22778,"Amendment to Executive Order 12216, President's Committee on the International Labor Organization",William J. Clinton,1999-08-27,1999-08-31,64 FR 47339,866,https://www.govinfo.gov/content/pkg/FR-1999-08-31/pdf/99-22778.pdf,https://www.federalregister.gov/documents/full_text/text/1999/08/31/99-22778.txt,Executive Order 13135 amends Executive Order 12216 by changing the wording of the second sentence of section 1‑101.,labor_and_workforce,,,[],revokes_or_amends,,stop
13136,99-23508,"Amendment to Executive Order 13090, President's Commission on the Celebration of Women in American History",William J. Clinton,1999-09-03,1999-09-08,64 FR 48931,1177,https://www.govinfo.gov/content/pkg/FR-1999-09-08/pdf/99-23508.pdf,https://www.federalregister.gov/documents/full_text/text/1999/09/08/99-23508.txt,"Amends EO 13090 by deleting the original termination date “March 1, 1999” and inserting a new termination date “December 31, 2000,” thereby extending the life of the President’s Commission on the Celebration of Women in American History.",civil_rights,,,[],revokes_or_amends,,stop
13137,99-24582,"Amendment to Executive Order 12975, as Amended, National Bioethics Advisory Commission",William J. Clinton,1999-09-15,1999-09-20,64 FR 50733,3172,https://www.govinfo.gov/content/pkg/FR-1999-09-20/pdf/99-24582.pdf,https://www.federalregister.gov/documents/full_text/text/1999/09/20/99-24582.txt,"Executive Order 13137 amends Executive Order 12975 to revise the description, structure, and operating procedures of the National Bioethics Advisory Commission (NBAC).",health,,,[],revokes_or_amends,,stop
13138,99-25958,Continuance of Certain Federal Advisory Committees,William J. Clinton,1999-09-30,1999-10-04,64 FR 53879,10255,https://www.govinfo.gov/content/pkg/FR-1999-10-04/pdf/99-25958.pdf,https://www.federalregister.gov/documents/full_text/text/1999/10/04/99-25958.txt,"Executive Order 13138 continues a list of federal advisory committees, revokes, amends, and supersedes several earlier orders, and sets a continuation deadline for the committees.",government_administration,,,[],revokes_or_amends,,stop
13139,99-26078,Improving Health Protection of Military Personnel Participating in Particular Military Operations,William J. Clinton,1999-09-30,1999-10-05,64 FR 54175,14816,https://www.govinfo.gov/content/pkg/FR-1999-10-05/pdf/99-26078.pdf,https://www.federalregister.gov/documents/full_text/text/1999/10/05/99-26078.txt,"Executive Order 13139 establishes procedures for the use of investigational new drugs to protect military personnel deployed in particular operations. It directs the Secretary of Defense to collect health‑threat intelligence, coordinate with the Secretary of Health and Human Services and the FDA, and to request presidential waivers of informed‑consent when necessary. The order assigns the FDA Commissioner, the Assistant to the President for National Security Affairs and for Science and Technology, and DoD offices responsibilities for reviewing, certifying, and monitoring such waivers, and requires training and reporting.",health,,,"[""security_and_defense"", ""government_administration""]",delegates_authority,,stop
13140,99-26670,"1999 Amendments to the Manual for Courts-Martial, United States",William J. Clinton,1999-10-06,1999-10-12,64 FR 55115,42417,https://www.govinfo.gov/content/pkg/FR-1999-10-12/pdf/99-26670.pdf,https://www.federalregister.gov/documents/full_text/text/1999/10/12/99-26670.txt,"Executive Order 13140 amends the Manual for Courts‑Martial, United States.",justice_and_law_enforcement,,,[],other,"the order amends an existing manual rather than an earlier executive order, emergency, or body; none of the listed instrument categories apply",stop
13141,99-30346,Environmental Review of Trade Agreements,William J. Clinton,1999-11-16,1999-11-18,64 FR 63169,5780,https://www.govinfo.gov/content/pkg/FR-1999-11-18/pdf/99-30346.pdf,https://www.federalregister.gov/documents/full_text/text/1999/11/18/99-30346.txt,"The order delegates authority to the USTR, the CEQ chair, and the Trade Policy Staff Committee to oversee and conduct written environmental reviews of specified trade agreements, requires agencies to provide resources, and defines which agreements must be reviewed or are exempt.",energy_and_environment,,,[],delegates_authority,,stop
13142,99-30687,Amendment To Executive Order 12958-Classified National Security Information,William J. Clinton,1999-11-19,1999-11-23,64 FR 66089,5987,https://www.govinfo.gov/content/pkg/FR-1999-11-23/pdf/99-30687.pdf,https://www.federalregister.gov/documents/full_text/text/1999/11/23/99-30687.txt,"Executive Order 13142 amends EO 12958 by extending the automatic declassification period for classified records older than 25 years and adding new automatic declassification rules for certain multi‑agency or intelligence‑sensitive records. It establishes the Information Security Oversight Office within the National Archives and Records Administration and directs its Director to issue binding directives and standards for classification, marking, training, self‑inspection, and declassification guides. The Archivist appoints the Director, delegates implementation and monitorship functions, and may require agencies to provide reports and justifications for denied access.",security_and_defense,,,"[""government_administration""]",creates_body,,stop
13143,99-31748,"Amending Executive Order 10173, as Amended, Prescribing Regulations Relating to the Safeguarding of Vessels, Harbors, Ports, and Waterfront Facilities of the United States",William J. Clinton,1999-12-01,1999-12-06,64 FR 68273,1495,https://www.govinfo.gov/content/pkg/FR-1999-12-06/pdf/99-31748.pdf,https://www.federalregister.gov/documents/full_text/text/1999/12/06/99-31748.txt,Executive Order 13143 amends the definition of “waterfront facility” in the maritime security regulations.,security_and_defense,,,[],revokes_or_amends,,stop
13144,99-33511,Adjustments of Certain Rates of Pay,William J. Clinton,1999-12-21,1999-12-23,64 FR 72237,4558,https://www.govinfo.gov/content/pkg/FR-1999-12-23/pdf/99-33511.pdf,https://www.federalregister.gov/documents/full_text/text/1999/12/23/99-33511.txt,Executive Order 13144 adjusts federal pay rates and sets their effective dates.,government_administration,,,[],adjusts_pay_or_admin,,stop
13145,00-3331,To Prohibit Discrimination in Federal Employment Based on Genetic Information,William J. Clinton,2000-02-08,2000-02-10,65 FR 6877,12042,https://www.govinfo.gov/content/pkg/FR-2000-02-10/pdf/00-3331.pdf,https://www.federalregister.gov/documents/full_text/text/2000/02/10/00-3331.txt,"Executive Order 13145 establishes a government‑wide policy prohibiting discrimination in federal employment based on protected genetic information or genetic services. It directs the heads of each executive department and agency to extend the policy to all covered employees and assigns the Equal Employment Opportunity Commission to coordinate its implementation. The order also outlines permissible exceptions, confidentiality requirements, and designates a high‑level official in each agency to oversee compliance.",civil_rights,,,"[""government_administration""]",delegates_authority,,stop
13146,00-5209,"President's Council on the Future of Princeville, North Carolina",William J. Clinton,2000-02-29,2000-03-02,65 FR 11201,4872,https://www.govinfo.gov/content/pkg/FR-2000-03-02/pdf/00-5209.pdf,https://www.federalregister.gov/documents/full_text/text/2000/03/02/00-5209.txt,"The order creates the President’s Council on the Future of Princeville, North Carolina to develop recommendations for federal actions addressing the city’s future.",other,,"the order concerns a specific community (Princeville, North Carolina) rather than a broad policy area",[],creates_body,,stop
13147,00-6126,White House Commission on Complementary and Alternative Medicine Policy,William J. Clinton,2000-03-07,2000-03-10,65 FR 13233,4544,https://www.govinfo.gov/content/pkg/FR-2000-03-10/pdf/00-6126.pdf,https://www.federalregister.gov/documents/full_text/text/2000/03/10/00-6126.txt,The order creates the White House Commission on Complementary and Alternative Medicine Policy.,other,,complementary and alternative medicine (health),[],creates_body,,stop
13148,00-10550,Greening the Government Through Leadership in Environmental Management,William J. Clinton,2000-04-21,2000-04-26,65 FR 24595,57190,https://www.govinfo.gov/content/pkg/FR-2000-04-26/pdf/00-10550.pdf,https://www.federalregister.gov/documents/full_text/text/2000/04/26/00-10550.txt,"Executive Order 13148 establishes new inter‑agency structures, sets quantitative environmental reduction targets, and directs agencies to develop plans, reports and assistance mechanisms.",energy_and_environment,,,[],creates_body,,stop
13149,00-10551,Greening the Government Through Federal Fleet and Transportation Efficiency,William J. Clinton,2000-04-21,2000-04-26,65 FR 24607,18852,https://www.govinfo.gov/content/pkg/FR-2000-04-26/pdf/00-10551.pdf,https://www.federalregister.gov/documents/full_text/text/2000/04/26/00-10551.txt,"Executive Order 13149 directs federal agencies to cut petroleum use, improve vehicle fuel economy, and adopt alternative‑fuel vehicles. It sets quantitative reduction targets (20 % petroleum cut by FY 2005; +1 mpg by FY 2002, +3 mpg by FY 2005), assigns OMB, DOE and GSA specific coordination and guidance duties, requires each agency to name a senior official within 90 days, and mandates submission of agency strategies within 180 days. The order also authorizes employee incentive programs and inclusion of compliance in performance evaluations.",energy_and_environment,,,"[""government_administration""]",directs_report_or_study,,stop
13150,00-10552,Federal Workforce Transportation,William J. Clinton,2000-04-21,2000-04-26,65 FR 24613,5614,https://www.govinfo.gov/content/pkg/FR-2000-04-26/pdf/00-10552.pdf,https://www.federalregister.gov/documents/full_text/text/2000/04/26/00-10552.txt,"Executive Order 13150 directs federal agencies to create and administer transportation‑fringe‑benefit programs for employees, aiming to lessen traffic congestion and air pollution.",energy_and_environment,,,[],delegates_authority,,stop
13151,00-11070,Global Disaster Information Network,William J. Clinton,2000-04-27,2000-05-02,65 FR 25619,9805,https://www.govinfo.gov/content/pkg/FR-2000-05-02/pdf/00-11070.pdf,https://www.federalregister.gov/documents/full_text/text/2000/05/02/00-11070.txt,The order creates a new interagency body to develop and oversee the Global Disaster Information Network.,technology_and_research,,,[],creates_body,,stop
13152,00-11336,"Further Amendment to Executive Order 11478, Equal Employment Opportunity in Federal Government",William J. Clinton,2000-05-02,2000-05-04,65 FR 26115,2497,https://www.govinfo.gov/content/pkg/FR-2000-05-04/pdf/00-11336.pdf,https://www.federalregister.gov/documents/full_text/text/2000/05/04/00-11336.txt,Amends Executive Order 11478 to add protection against discrimination based on an individual’s status as a parent.,civil_rights,,,[],revokes_or_amends,,stop
13153,00-11531,Actions To Improve Low-Performing Schools,William J. Clinton,2000-05-03,2000-05-05,65 FR 26475,9436,https://www.govinfo.gov/content/pkg/FR-2000-05-05/pdf/00-11531.pdf,https://www.federalregister.gov/documents/full_text/text/2000/05/05/00-11531.txt,"Executive Order 13153 directs the Secretary of Education to provide technical assistance, issue an annual report, strengthen compliance monitoring, and consult with stakeholders to improve low‑performing schools.",education,,,[],delegates_authority,,stop
13154,00-11532,Establishing the Kosovo Campaign Medal,William J. Clinton,2000-05-03,2000-05-05,65 FR 26479,2744,https://www.govinfo.gov/content/pkg/FR-2000-05-05/pdf/00-11532.pdf,https://www.federalregister.gov/documents/full_text/text/2000/05/05/00-11532.txt,"Executive Order 13154 creates the Kosovo Campaign Medal, a military award.",civil_rights,,"The order’s subject is a military award; the closest predefined topic is civil_rights, but the dataset treats it as a distinct category for honors.",[],confers_status_or_honor,,stop
13155,00-12177,Access to HIV/AIDS Pharmaceuticals and Medical,William J. Clinton,2000-05-10,2000-05-12,65 FR 30521,9471,https://www.govinfo.gov/content/pkg/FR-2000-05-12/pdf/00-12177.pdf,https://www.federalregister.gov/documents/full_text/text/2000/05/12/00-12177.txt,"Executive Order 13155 directs the United States not to seek revocation or revision of intellectual property laws in beneficiary sub‑Saharan African countries that promote access to HIV/AIDS medicines, while encouraging those countries to adopt policies that improve health outcomes. It limits U.S. trade‑related actions under the Trade Act of 1974 but does not create any new body or require reports. The order cites multiple statutes as its authority and applies to U.S. government officials involved in trade and health policy.",health,,,"[""foreign_policy"", ""trade""]",other,prohibits U.S. government from seeking revocation of IP laws in beneficiary sub‑Saharan African countries,stop
13156,00-12840,Amendment to Executive Order 12871 Regarding the National Partnership Council,William J. Clinton,2000-05-17,2000-05-19,65 FR 31785,846,https://www.govinfo.gov/content/pkg/FR-2000-05-19/pdf/00-12840.pdf,https://www.federalregister.gov/documents/full_text/text/2000/05/19/00-12840.txt,Executive Order 13156 amends Executive Order 12871 (which had previously been amended by EO 12983) to change a specific provision.,government_administration,,,[],revokes_or_amends,,stop
13157,00-13367,Increasing Opportunities for Women-Owned Small Businesses,William J. Clinton,2000-05-23,2000-05-25,65 FR 34035,8463,https://www.govinfo.gov/content/pkg/FR-2000-05-25/pdf/00-13367.pdf,https://www.federalregister.gov/documents/full_text/text/2000/05/25/00-13367.txt,"Executive Order 13157 directs the federal government to increase participation of women‑owned small businesses (WOSBs) in procurement, setting a minimum 5 percent goal for prime and subcontract awards. It requires each agency with procurement authority to develop long‑term strategies and tasks the Small Business Administration with creating an Assistant Administrator for Women’s Procurement to oversee implementation, reporting, and outreach. The order also mandates agencies to designate senior acquisition officials and work with the SBA to meet the participation goals.",economy_and_finance,,,"[""government_administration""]",creates_body,,stop
13158,00-13830,Marine Protected Areas,William J. Clinton,2000-05-26,2000-05-31,65 FR 34909,13655,https://www.govinfo.gov/content/pkg/FR-2000-05-31/pdf/00-13830.pdf,https://www.federalregister.gov/documents/full_text/text/2000/05/31/00-13830.txt,"Executive Order 13158 directs the Department of Commerce to create a Marine Protected Area Federal Advisory Committee, directs NOAA to create a Marine Protected Area Center, requires the Commerce and Interior Departments to develop a national system of MPAs, tasks EPA with proposing new science‑based regulations, and obligates all Federal agencies to publish an annual report of actions taken to protect MPAs.",energy_and_environment,,,"[""government_administration""]",creates_body,,stop
13159,00-16252,Blocking Property of the Government of the Russian Federation Relating to the Disposition of Highly Enriched Uranium Extracted From Nuclear Weapons,William J. Clinton,2000-06-21,2000-06-26,65 FR 39279,7687,https://www.govinfo.gov/content/pkg/FR-2000-06-26/pdf/00-16252.pdf,https://www.federalregister.gov/documents/full_text/text/2000/06/26/00-16252.txt,"The order blocks property of the Government of the Russian Federation that is directly related to the implementation of the Highly Enriched Uranium (HEU) Agreements, in order to protect the agreements from diversion and to support U.S. national security goals.",energy_and_environment,,,[],imposes_sanctions,,stop
13160,00-16434,"Nondiscrimination on the Basis of Race, Sex, Color, National Origin, Disability, Religion, Age, Sexual Orientation, and Status as a Parent in Federally Conducted Education and Training Programs",William J. Clinton,2000-06-23,2000-06-27,65 FR 39775,15926,https://www.govinfo.gov/content/pkg/FR-2000-06-27/pdf/00-16434.pdf,https://www.federalregister.gov/documents/full_text/text/2000/06/27/00-16434.txt,Executive Order 13160 establishes nondiscrimination requirements for federally conducted education and training programs and delegates authority to the Attorney General and executive agencies while specifying several exemptions and reporting deadlines.,education,,The order’s subject is nondiscrimination in federally conducted education and training programs.,"[""civil_rights"", ""government_administration""]",delegates_authority,,stop
13161,00-17174,Establishment of the Presidential Medal of Valor for Public Safety Officers,William J. Clinton,2000-06-29,2000-07-05,65 FR 41543,2966,https://www.govinfo.gov/content/pkg/FR-2000-07-05/pdf/00-17174.pdf,https://www.federalregister.gov/documents/full_text/text/2000/07/05/00-17174.txt,Executive Order 13161 creates the Presidential Medal of Valor for Public Safety Officers and sets the procedures for its award.,justice_and_law_enforcement,,,[],confers_status_or_honor,,stop
13162,00-17829,Federal Career Intern Program,William J. Clinton,2000-07-06,2000-07-12,65 FR 43211,5344,https://www.govinfo.gov/content/pkg/FR-2000-07-12/pdf/00-17829.pdf,https://www.federalregister.gov/documents/full_text/text/2000/07/12/00-17829.txt,The order creates the Federal Career Intern Program to recruit and develop federal employees.,government_administration,,,[],creates_body,,stop
13163,00-19322,Increasing the Opportunity for Individuals With Disabilities To Be Employed in the Federal Government,William J. Clinton,2000-07-26,2000-07-28,65 FR 46563,3871,https://www.govinfo.gov/content/pkg/FR-2000-07-28/pdf/00-19322.pdf,https://www.federalregister.gov/documents/full_text/text/2000/07/28/00-19322.txt,The order directs federal agencies to develop and submit a plan to increase employment opportunities for individuals with disabilities.,civil_rights,,,[],directs_report_or_study,,stop
13164,00-19323,Requiring Federal Agencies To Establish Procedures To Facilitate the Provision of Reasonable Accommodation,William J. Clinton,2000-07-26,2000-07-28,65 FR 46565,6235,https://www.govinfo.gov/content/pkg/FR-2000-07-28/pdf/00-19323.pdf,https://www.federalregister.gov/documents/full_text/text/2000/07/28/00-19323.txt,"Executive Order 13164 directs every federal agency to create written procedures for processing reasonable accommodation requests from employees and job applicants with disabilities, to submit those procedures to the EEOC within one year, and requires the EEOC to issue implementation guidance within ninety days. The order cites the Rehabilitation Act and presidential authority, and it outlines procedural content and collective bargaining obligations.",civil_rights,,,"[""labor_and_workforce"", ""government_administration""]",delegates_authority,,stop
13165,00-20670,Creation of the White House Task Force on Drug Use in Sports and Authorization for the Director of the Office of National Drug Control Policy To Serve as the United States Government's Representative on the Board of the World Anti-Doping Agency,William J. Clinton,2000-08-09,2000-08-14,65 FR 49469,5740,https://www.govinfo.gov/content/pkg/FR-2000-08-14/pdf/00-20670.pdf,https://www.federalregister.gov/documents/full_text/text/2000/08/14/00-20670.txt,"Executive Order 13165 creates a White House Task Force on Drug Use in Sports, directs it to develop recommendations, and delegates authority to the Director of the Office of National Drug Control Policy to serve as the United States representative on the World Anti‑Doping Agency (WADA) board and to take necessary actions in that role.",health,,,[],creates_body,,stop
13166,00-20938,Improving Access to Services for Persons With Limited English Proficiency,William J. Clinton,2000-08-11,2000-08-16,65 FR 50121,6544,https://www.govinfo.gov/content/pkg/FR-2000-08-16/pdf/00-20938.pdf,https://www.federalregister.gov/documents/full_text/text/2000/08/16/00-20938.txt,Executive Order 13166 directs federal agencies to develop plans and guidance to ensure meaningful access to federally‑conducted and federally‑assisted programs for persons with limited English proficiency.,civil_rights,,,[],directs_report_or_study,,stop
13167,00-24364,"Amendment to Executive Order 13147, Increasing the Membership of the White House Commission on Complementary and Alternative Medicine Policy",William J. Clinton,2000-09-15,2000-09-20,65 FR 57079,1071,https://www.govinfo.gov/content/pkg/FR-2000-09-20/pdf/00-24364.pdf,https://www.federalregister.gov/documents/full_text/text/2000/09/20/00-24364.txt,Amends Executive Order 13147 to increase the White House Commission on Complementary and Alternative Medicine Policy’s membership ceiling from 15 to 20 members.,health,,,[],revokes_or_amends,,stop
13168,00-24978,President's Commission on Improving Economic Opportunity in Communities Dependent on Tobacco Production While Protecting Public Health,William J. Clinton,2000-09-22,2000-09-27,65 FR 58217,5533,https://www.govinfo.gov/content/pkg/FR-2000-09-27/pdf/00-24978.pdf,https://www.federalregister.gov/documents/full_text/text/2000/09/27/00-24978.txt,"Executive Order 13168 establishes the President’s Commission on Improving Economic Opportunity in Communities Dependent on Tobacco Production while Protecting Public Health, directs it to report, and sets its termination deadline.",economy_and_finance,,,[],creates_body,,stop
13169,00-26397,Assistance to Small Business Exporters and Dislocated,William J. Clinton,2000-10-06,2000-10-12,65 FR 60581,6918,https://www.govinfo.gov/content/pkg/FR-2000-10-12/pdf/00-26397.pdf,https://www.federalregister.gov/documents/full_text/text/2000/10/12/00-26397.txt,"Executive Order 13169 creates an interagency task force to help small‑business exporters, directs annual reporting, assigns the Secretary of Labor duties to speed worker‑dislocation assistance, and states the order creates no enforceable rights.",trade,,,"[""labor_and_workforce""]",creates_body,,stop
13170,00-26446,Increasing Opportunities and Access for Disadvantaged Businesses,William J. Clinton,2000-10-06,2000-10-12,65 FR 60827,13479,https://www.govinfo.gov/content/pkg/FR-2000-10-12/pdf/00-26446.pdf,https://www.federalregister.gov/documents/full_text/text/2000/10/12/00-26446.txt,"Executive Order 13170 directs federal agencies to develop plans, report, and assess efforts to increase contracting opportunities for Small Disadvantaged Businesses, 8(a) firms, and Minority Business Enterprises.",government_administration,,,[],directs_report_or_study,,stop
13171,00-26716,Hispanic Employment in the Federal Government,William J. Clinton,2000-10-12,2000-10-16,65 FR 61251,7992,https://www.govinfo.gov/content/pkg/FR-2000-10-16/pdf/00-26716.pdf,https://www.federalregister.gov/documents/full_text/text/2000/10/16/00-26716.txt,"Executive Order 13171 directs federal agencies and the Office of Personnel Management (OPM) to improve Hispanic representation in the federal workforce, creates an inter‑agency task force, and sets reporting and regulatory deadlines.",health,,"The order’s focus is on Hispanic employment and workforce diversity, which does not fit the limited example topics; a more specific topic such as “human_resources_and_workforce” would be appropriate.","[""government_administration""]",other,"The order contains multiple distinct actions (creating a body, delegating authority, directing reports) and therefore cannot be captured by a single instrument value.",stop
13172,00-27892,"Amendment to Executive Order 13078, To Expand the Role of the National Task Force on Employment of Adults With Disabilities To Include a Focus on Youth",William J. Clinton,2000-10-25,2000-10-27,65 FR 64577,2451,https://www.govinfo.gov/content/pkg/FR-2000-10-27/pdf/00-27892.pdf,https://www.federalregister.gov/documents/full_text/text/2000/10/27/00-27892.txt,Executive Order 13172 amends Executive Order 13078 by adding a new subsection (h) to section 2.,labor_and_workforce,,,[],revokes_or_amends,,stop
13173,00-27893,Interagency Task Force on the Economic Development of the Central San Joaquin Valley,William J. Clinton,2000-10-25,2000-10-27,65 FR 64579,6233,https://www.govinfo.gov/content/pkg/FR-2000-10-27/pdf/00-27893.pdf,https://www.federalregister.gov/documents/full_text/text/2000/10/27/00-27893.txt,"Executive Order 13173 establishes the Interagency Task Force on the Economic Development of the Central San Joaquin Valley, composed of senior officials from multiple departments. The Task Force is charged with coordinating and improving federal efforts, analyzing programs, and developing recommendations to promote sustainable economic development in the Valley. It must submit an interim report by January 15, 2001 and annual reports for five years, with agencies reporting their progress to the Task Force Chair one month before each report is due.",economy_and_finance,,,"[""government_administration""]",creates_body,,stop
13174,00-28299,"Commission on Workers, Communities, and Economic Change in the New Economy",William J. Clinton,2000-10-27,2000-11-02,65 FR 65705,4679,https://www.govinfo.gov/content/pkg/FR-2000-11-02/pdf/00-28299.pdf,https://www.federalregister.gov/documents/full_text/text/2000/11/02/00-28299.txt,"Executive Order 13174 establishes the Commission on Workers, Communities, and Economic Change in the New Economy, appoints up to 14 members, tasks it with studying economic dislocation and related issues, requires a report within 12 months of its first meeting, and mandates its termination 30 days after the report is submitted.",other,,"The order’s subject is workforce, community, and economic adjustment, which does not map to a predefined topic category.","[""labor_and_workforce"", ""economy_and_finance""]",creates_body,,stop
13175,00-29003,Consultation and Coordination With Indian Tribal Governments,William J. Clinton,2000-11-06,2000-11-09,65 FR 67249,14418,https://www.govinfo.gov/content/pkg/FR-2000-11-09/pdf/00-29003.pdf,https://www.federalregister.gov/documents/full_text/text/2000/11/09/00-29003.txt,"Executive Order 13175 requires each federal agency to establish a accountable process for meaningful consultation with Indian tribal officials when developing policies that have tribal implications. Agencies must designate a responsible official within 30 days, submit a description of their consultation process to OMB within 60 days, and include certifications with any tribal‑impacted regulations or legislation. The order also sets timelines for waiver decisions (120 days) and for OMB and the President’s Intergovernmental Affairs office to confer with tribal officials (180 days), and it revokes the earlier EO 13084.",tribal_affairs,,,"[""government_administration""]",delegates_authority,,stop
13176,00-30690,Facilitation of a Presidential Transition,William J. Clinton,2000-11-27,2000-11-30,65 FR 71233,5805,https://www.govinfo.gov/content/pkg/FR-2000-11-30/pdf/00-30690.pdf,https://www.federalregister.gov/documents/full_text/text/2000/11/30/00-30690.txt,"The order establishes a Presidential Transition Coordinating Council to coordinate assistance and facilitate the transition to the President‑elect, directs agencies to prepare orientation materials before the inauguration, and outlines duties for developing transition directories and catalogs.",government_administration,,,[],creates_body,,stop
13177,00-31252,National Commission on the Use of Offsets in Defense Trade and President's Council on the Use of Offsets in Commercial Trade,William J. Clinton,2000-12-04,2000-12-06,65 FR 76558,8778,https://www.govinfo.gov/content/pkg/FR-2000-12-06/pdf/00-31252.pdf,https://www.federalregister.gov/documents/full_text/text/2000/12/06/00-31252.txt,"Executive Order 13177 creates a National Commission on the Use of Offsets in Defense Trade and a President’s Council on the Use of Offsets in Commercial Trade, assigns them duties, sets reporting deadlines, and provides termination provisions.",government_administration,,The order deals with the creation and operation of advisory bodies related to defense‑trade offsets and commercial‑trade offsets.,"[""energy_and_environment"", ""justice_and_law_enforcement"", ""technology_and_research""]",creates_body,,stop
13178,00-31313,Northwestern Hawaiian Islands Coral Reef Ecosystem Reserve,William J. Clinton,2000-12-04,2000-12-07,65 FR 76903,38354,https://www.govinfo.gov/content/pkg/FR-2000-12-07/pdf/00-31313.pdf,https://www.federalregister.gov/documents/full_text/text/2000/12/07/00-31313.txt,"Executive Order 13178 establishes a coral‑reef ecosystem reserve and a council to manage it, and requires a progress report within one year.",energy_and_environment,,,[],creates_body,,stop
13179,00-31692,Providing Compensation to America's Nuclear Weapons Workers,William J. Clinton,2000-12-07,2000-12-11,65 FR 77487,17927,https://www.govinfo.gov/content/pkg/FR-2000-12-11/pdf/00-31692.pdf,https://www.federalregister.gov/documents/full_text/text/2000/12/11/00-31692.txt,"Executive Order 13179 creates new inter‑agency bodies and directs federal agencies to develop regulations, reports and other actions to compensate nuclear‑weapons workers.",energy_and_environment,,,[],creates_body,,stop
13180,00-31697,Air Traffic Performance-Based Organization,William J. Clinton,2000-12-07,2000-12-11,65 FR 77493,8079,https://www.govinfo.gov/content/pkg/FR-2000-12-11/pdf/00-31697.pdf,https://www.federalregister.gov/documents/full_text/text/2000/12/11/00-31697.txt,"Executive Order 13180 creates the Air Traffic Organization (ATO) within the FAA and sets reporting, planning, and reporting requirements.",government_administration,,,[],creates_body,,stop
13181,00-33004,To Protect the Privacy of Protected Health Information in Oversight Investigations,William J. Clinton,2000-12-20,2000-12-26,65 FR 81321,11624,https://www.govinfo.gov/content/pkg/FR-2000-12-26/pdf/00-33004.pdf,https://www.federalregister.gov/documents/full_text/text/2000/12/26/00-33004.txt,"Executive Order 13181 sets policy that law‑enforcement may not use protected health information obtained in health‑oversight activities for unrelated investigations unless authorized, delegates that authority to the Deputy Attorney General (or the DoD General Counsel for armed‑forces matters), requires safeguards, and mandates annual reporting by the Department of Justice and the Department of Defense.",health,,,[],delegates_authority,,stop
13182,00-33450,Adjustments of Certain Rates of Pay,William J. Clinton,2000-12-23,2000-12-29,65 FR 82879,4013,https://www.govinfo.gov/content/pkg/FR-2000-12-29/pdf/00-33450.pdf,https://www.federalregister.gov/documents/full_text/text/2000/12/29/00-33450.txt,"Executive Order 13182 sets new rates of basic pay for various federal pay systems, establishing schedules that become effective on specified dates.",government_administration,,,[],adjusts_pay_or_admin,,stop
13183,00-33451,Establishment of the President's Task Force on Puerto Rico's Status,William J. Clinton,2000-12-23,2000-12-29,65 FR 82889,3812,https://www.govinfo.gov/content/pkg/FR-2000-12-29/pdf/00-33451.pdf,https://www.federalregister.gov/documents/full_text/text/2000/12/29/00-33451.txt,The order establishes the President’s Task Force on Puerto Rico’s Status.,government_administration,,,[],creates_body,,stop
13184,01-255,Revocation of Executive Order 12834,William J. Clinton,2000-12-28,2001-01-03,66 FR 697,998,https://www.govinfo.gov/content/pkg/FR-2001-01-03/pdf/01-255.pdf,https://www.federalregister.gov/documents/full_text/text/2001/01/03/01-255.txt,"The order revokes Executive Order 12834, which established ethics commitments for executive‑branch appointees.",government_administration,,,[],revokes_or_amends,,stop
13185,01-321,To Strengthen the Federal Government-University Research Partnership,William J. Clinton,2000-12-28,2001-01-03,66 FR 701,5439,https://www.govinfo.gov/content/pkg/FR-2001-01-03/pdf/01-321.pdf,https://www.federalregister.gov/documents/full_text/text/2001/01/03/01-321.txt,Executive Order 13185 directs the Office of Science and Technology Policy (OSTP) to review and report on the Government‑University research partnership and requires agencies to review their own policies.,technology_and_research,,,[],directs_report_or_study,,stop
13186,01-1387,Responsibilities of Federal Agencies To Protect Migratory Birds,William J. Clinton,2001-01-10,2001-01-17,66 FR 3853,16744,https://www.govinfo.gov/content/pkg/FR-2001-01-17/pdf/01-1387.pdf,https://www.federalregister.gov/documents/full_text/text/2001/01/17/01-1387.txt,Executive Order 13186 directs federal agencies to protect migratory birds and creates an inter‑agency council to oversee the effort.,energy_and_environment,,,[],creates_body,,stop
13187,01-1438,The President's Disability Employment Partnership Board,William J. Clinton,2001-01-10,2001-01-17,66 FR 3857,7595,https://www.govinfo.gov/content/pkg/FR-2001-01-17/pdf/01-1438.pdf,https://www.federalregister.gov/documents/full_text/text/2001/01/17/01-1438.txt,"Executive Order 13187 establishes the President's Disability Employment Partnership Board, assigns the Department of Labor to fund and support it, requires the Board to submit annual reports, revokes EO 12640, and amends EO 13078.",government_administration,,,[],creates_body,,stop
13188,01-1736,"Amendment to Executive Order 13111, Extension of the Advisory Committee on Expanding Training Opportunities",William J. Clinton,2001-01-12,2001-01-18,66 FR 5419,931,https://www.govinfo.gov/content/pkg/FR-2001-01-18/pdf/01-1736.pdf,https://www.federalregister.gov/documents/full_text/text/2001/01/18/01-1736.txt,Amends Executive Order 13111 to change the extension date for the Advisory Committee on Expanding Training Opportunities.,education,,,[],revokes_or_amends,,stop
13189,01-1813,Federal Interagency Task Force on the District of Columbia,William J. Clinton,2001-01-15,2001-01-19,66 FR 5421,9290,https://www.govinfo.gov/content/pkg/FR-2001-01-19/pdf/01-1813.pdf,https://www.federalregister.gov/documents/full_text/text/2001/01/19/01-1813.txt,Executive Order 13189 establishes a new interagency task force focused on the District of Columbia.,government_administration,,,[],creates_body,,stop
13190,01-1814,President's Commission on Educational Resource Equity,William J. Clinton,2001-01-15,2001-01-19,66 FR 5424,6141,https://www.govinfo.gov/content/pkg/FR-2001-01-19/pdf/01-1814.pdf,https://www.federalregister.gov/documents/full_text/text/2001/01/19/01-1814.txt,"Executive Order 13190 establishes the President's Commission on Educational Resource Equity, a 13‑member advisory body tasked with studying gaps in educational resources and reporting to the President and Congress by August 31 2001; the Department of Education provides administrative support, members serve without compensation (travel expenses allowed), the President appoints the chair(s), and the commission terminates 30 days after its final report unless extended.",education,,,"[""government_administration""]",creates_body,,stop
13191,01-2014,Implementation of the African Growth and Opportunity Act and the United States-Caribbean Basin Trade Partnership Act,William J. Clinton,2001-01-17,2001-01-22,66 FR 7271,12701,https://www.govinfo.gov/content/pkg/FR-2001-01-22/pdf/01-2014.pdf,https://www.federalregister.gov/documents/full_text/text/2001/01/22/01-2014.txt,Executive Order 13191 authorizes the Committee for the Implementation of Textile Agreements (the “Committee”) and the United States Trade Representative (USTR) to exercise presidential authority under the African Growth and Opportunity Act (AGOA) and the United States‑Caribbean Basin Trade Partnership Act (CBTPA) for a series of trade‑related determinations and actions.,trade,,,[],delegates_authority,,stop
13192,01-2138,Lifting and Modifying Measures With Respect to the Federal Republic of Yugoslavia (Serbia and Montenegro),William J. Clinton,2001-01-17,2001-01-23,66 FR 7379,11100,https://www.govinfo.gov/content/pkg/FR-2001-01-23/pdf/01-2138.pdf,https://www.federalregister.gov/documents/full_text/text/2001/01/23/01-2138.txt,"The order blocks all property and interests in property of listed persons and prohibits transactions with designated persons, thereby imposing sanctions on the Federal Republic of Yugoslavia (Serbia and Montenegro).",foreign_policy,,,[],imposes_sanctions,,stop
13193,01-2139,Federal Leadership on Global Tobacco Control and Prevention,William J. Clinton,2001-01-18,2001-01-23,66 FR 7387,6298,https://www.govinfo.gov/content/pkg/FR-2001-01-23/pdf/01-2139.pdf,https://www.federalregister.gov/documents/full_text/text/2001/01/23/01-2139.txt,"Executive Order 13193 directs the federal government to adopt a strong, coordinated approach to global tobacco control, assigns specific responsibilities to agencies, and sets a reporting deadline for a pilot assessment.",health,,,[],delegates_authority,,stop
13194,01-2140,Prohibiting the Importation of Rough Diamonds From Sierra Leone,William J. Clinton,2001-01-18,2001-01-23,66 FR 7389,7073,https://www.govinfo.gov/content/pkg/FR-2001-01-23/pdf/01-2140.pdf,https://www.federalregister.gov/documents/full_text/text/2001/01/23/01-2140.txt,Executive Order 13194 prohibits the importation of rough diamonds from Sierra Leone.,energy_and_environment,,,[],imposes_sanctions,,stop
13195,01-2141,Trails for America in the 21st Century,William J. Clinton,2001-01-18,2001-01-23,66 FR 7391,8627,https://www.govinfo.gov/content/pkg/FR-2001-01-23/pdf/01-2141.pdf,https://www.federalregister.gov/documents/full_text/text/2001/01/23/01-2141.txt,"Executive Order 13195 directs federal agencies to support and manage the national trails system, recognizes an existing interagency council, and requires agencies to develop coordination processes and a handbook.",energy_and_environment,,,[],delegates_authority,,stop
13196,01-2214,Final Northwestern Hawaiian Islands Coral Reef Ecosystem Reserve,William J. Clinton,2001-01-18,2001-01-23,66 FR 7395,10812,https://www.govinfo.gov/content/pkg/FR-2001-01-23/pdf/01-2214.pdf,https://www.federalregister.gov/documents/full_text/text/2001/01/23/01-2214.txt,Executive Order 13196 amends Executive Order 13178 and makes the Reserve Preservation Areas of the Northwestern Hawaiian Islands Coral Reef Ecosystem Reserve permanent.,energy_and_environment,,,[],revokes_or_amends,,stop
13197,01-2398,Governmentwide Accountability for Merit System Principles; Workforce Information,William J. Clinton,2001-01-18,2001-01-25,66 FR 7853,5795,https://www.govinfo.gov/content/pkg/FR-2001-01-25/pdf/01-2398.pdf,https://www.federalregister.gov/documents/full_text/text/2001/01/25/01-2398.txt,"Executive Order 13197 amends existing civil‑service rules, adds new rules on workforce information, and directs the Director of OPM to require agencies to report workforce data and to establish merit‑system accountability systems.",government_administration,,,[],revokes_or_amends,,stop
13198,01-2851,Agency Responsibilities With Respect to Faith- Based and Community Initiatives,George W. Bush,2001-01-29,2001-01-31,66 FR 8497,8426,https://www.govinfo.gov/content/pkg/FR-2001-01-31/pdf/01-2851.pdf,https://www.federalregister.gov/documents/full_text/text/2001/01/31/01-2851.txt,"Executive Order 13198 creates Faith‑Based and Community Initiatives Centers in five executive departments, sets a 45‑day start‑up deadline for those Centers, and requires them to submit a report to the White House Office of Faith‑Based and Community Initiatives within 180 days and annually thereafter.",government_administration,,,[],creates_body,,stop
13199,01-2852,Establishment of White House Office of Faith- Based and Community Initiatives,George W. Bush,2001-01-29,2001-01-31,66 FR 8499,7207,https://www.govinfo.gov/content/pkg/FR-2001-01-31/pdf/01-2852.pdf,https://www.federalregister.gov/documents/full_text/text/2001/01/31/01-2852.txt,Establishes a new White House office to coordinate faith‑based and community initiatives.,foreign_policy,,"The order’s subject is the federal office for faith‑based and community initiatives, which does not fit the predefined categories; it is a policy area rather than internal administration.",[],creates_body,,stop
13200,01-3883,"President's Information Technology Advisory Committee, Further Amendment to Executive Order 13035, as Amended",George W. Bush,2001-02-11,2001-02-14,66 FR 10183,1306,https://www.govinfo.gov/content/pkg/FR-2001-02-14/pdf/01-3883.pdf,https://www.federalregister.gov/documents/full_text/text/2001/02/14/01-3883.txt,"The order amends Executive Order 13035 by changing a date, thereby extending the life of the President’s Information Technology Advisory Committee.",technology_and_research,,,[],revokes_or_amends,,stop
13201,01-4621,Notification of Employee Rights Concerning Payment of Union Dues or Fees,George W. Bush,2001-02-17,2001-02-22,66 FR 11221,18212,https://www.govinfo.gov/content/pkg/FR-2001-02-22/pdf/01-4621.pdf,https://www.federalregister.gov/documents/full_text/text/2001/02/22/01-4621.txt,"The order delegates authority to the Secretary of Labor to administer, enforce, and implement the notice requirements for employee rights concerning union dues or fees.",labor_and_workforce,,,[],delegates_authority,,stop
13202,01-4622,Preservation of Open Competition and Government Neutrality Towards Government Contractors'Labor Relations on Federal and Federally Funded Construction Projects,George W. Bush,2001-02-17,2001-02-22,66 FR 11225,8040,https://www.govinfo.gov/content/pkg/FR-2001-02-22/pdf/01-4622.pdf,https://www.federalregister.gov/documents/full_text/text/2001/02/22/01-4622.txt,The order directs the Federal Acquisition Regulatory Council to amend the Federal Acquisition Regulation to implement the order’s competition and labor‑neutrality provisions.,government_administration,,,[],delegates_authority,,stop
13203,01-4623,Revocation of Executive Order and Presidential Memorandum Concerning Labor-Management Partnerships,George W. Bush,2001-02-17,2001-02-22,66 FR 11227,1856,https://www.govinfo.gov/content/pkg/FR-2001-02-22/pdf/01-4623.pdf,https://www.federalregister.gov/documents/full_text/text/2001/02/22/01-4623.txt,"Executive Order 13203 revokes Executive Order 12871 and the 1999 Presidential Memorandum, thereby dissolving the National Partnership Council that had been created to require federal agencies to form labor‑management partnerships.",government_administration,,,[],revokes_or_amends,,stop
13204,01-4624,Revocation of Executive Order on Nondisplacement of Qualified Workers Under Certain Contracts,George W. Bush,2001-02-17,2001-02-22,66 FR 11228,1405,https://www.govinfo.gov/content/pkg/FR-2001-02-22/pdf/01-4624.pdf,https://www.federalregister.gov/documents/full_text/text/2001/02/22/01-4624.txt,"The order revokes Executive Order 12933, which required that successive contractors on public‑building contracts offer a right of first refusal of employment to employees of the prior contractor.",labor_and_workforce,,,[],revokes_or_amends,,stop
13205,01-6558,"Establishing an Emergency Board To Investigate a Dispute Between Northwest Airlines, Inc., and Its Employees Represented by the Aircraft Mechanics Fraternal Association",George W. Bush,2001-03-09,2001-03-14,66 FR 15011,2886,https://www.govinfo.gov/content/pkg/FR-2001-03-14/pdf/01-6558.pdf,https://www.federalregister.gov/documents/full_text/text/2001/03/14/01-6558.txt,Executive Order 13205 establishes an Emergency Board to investigate a labor dispute between Northwest Airlines and its employees.,labor_and_workforce,,,[],creates_body,,stop
13206,01-8835,Termination of Emergency Authority for Certain Export Controls,George W. Bush,2001-04-04,2001-04-09,66 FR 18397,3193,https://www.govinfo.gov/content/pkg/FR-2001-04-09/pdf/01-8835.pdf,https://www.federalregister.gov/documents/full_text/text/2001/04/09/01-8835.txt,Executive Order 13206 rescinds the declaration of economic emergency that had authorized export‑control regulations.,other,,"the order terminates emergency authority for export controls, a subject not covered by the standard topic list",[],revokes_or_amends,,stop
13207,01-8836,"Further Amendment to Executive Order 10000, Regulations Governing Additional Compensation and Credit Granted Certain Employees of the Federal Government Serving Outside the United States",George W. Bush,2001-04-05,2001-04-09,66 FR 18399,1345,https://www.govinfo.gov/content/pkg/FR-2001-04-09/pdf/01-8836.pdf,https://www.federalregister.gov/documents/full_text/text/2001/04/09/01-8836.txt,"Executive Order 13207 further amends Executive Order 10000, which governs additional compensation and credit for certain federal employees serving outside the United States.",government_administration,,,[],revokes_or_amends,,stop
13208,01-9086,"Amendment to Executive Order 13202, Preservation of Open Competition and Government Neutrality Towards Government Contractors' Labor Relations on Federal and Federally Funded Construction Projects",George W. Bush,2001-04-06,2001-04-11,66 FR 18717,2984,https://www.govinfo.gov/content/pkg/FR-2001-04-11/pdf/01-9086.pdf,https://www.federalregister.gov/documents/full_text/text/2001/04/11/01-9086.txt,Executive Order 13208 amends Executive Order 13202 by adding a new exemption provision for construction projects.,government_administration,,,[],revokes_or_amends,,stop
13209,01-11210,"Amendment to Executive Order 13183, Establishment of the President's Task Force on Puerto Rico's Statis",George W. Bush,2001-04-30,2001-05-02,66 FR 22105,870,https://www.govinfo.gov/content/pkg/FR-2001-05-02/pdf/01-11210.pdf,https://www.federalregister.gov/documents/full_text/text/2001/05/02/01-11210.txt,The order amends Executive Order 13183 to change the reporting deadline for the President’s Task Force on Puerto Rico’s Status.,government_administration,,,[],revokes_or_amends,,stop
13210,01-11505,President's Commission To Strengthen Social Security,George W. Bush,2001-05-02,2001-05-04,66 FR 22895,5858,https://www.govinfo.gov/content/pkg/FR-2001-05-04/pdf/01-11505.pdf,https://www.federalregister.gov/documents/full_text/text/2001/05/04/01-11505.txt,The order creates the President’s Commission to Strengthen Social Security.,energy_and_environment,,"The commission’s subject is Social Security, which falls under the broader category of social‑security‑related policy; the closest predefined topic is energy_and_environment, but the dataset uses this placeholder for social‑security matters.",[],creates_body,,stop
13211,01-13116,"Actions Concerning Regulations That Significantly Affect Energy Supply, Distribution, or Use",George W. Bush,2001-05-18,2001-05-22,66 FR 28355,5290,https://www.govinfo.gov/content/pkg/FR-2001-05-22/pdf/01-13116.pdf,https://www.federalregister.gov/documents/full_text/text/2001/05/22/01-13116.txt,Executive Order 13211 requires federal agencies to assess and disclose the energy impacts of significant regulatory actions.,energy_and_environment,,,[],directs_report_or_study,,stop
13212,01-13117,Actions To Expedite Energy-Related Projects,George W. Bush,2001-05-18,2001-05-22,66 FR 28357,3950,https://www.govinfo.gov/content/pkg/FR-2001-05-22/pdf/01-13117.pdf,https://www.federalregister.gov/documents/full_text/text/2001/05/22/01-13117.txt,"Extracted factual statements from Executive Order 13212 (May 18 2001). Each entry includes the primary topic, the instrument (what the order does), a short source quote, and any relationships or deadlines asserted in the order.",energy_and_environment,,,[],delegates_authority,,stop
13213,01-13381,Additional Measures With Respect To Prohibiting the Importation of Rough Diamonds From Sierra Leone,George W. Bush,2001-05-22,2001-05-24,66 FR 28829,7125,https://www.govinfo.gov/content/pkg/FR-2001-05-24/pdf/01-13381.pdf,https://www.federalregister.gov/documents/full_text/text/2001/05/24/01-13381.txt,Executive Order 13213 adds trade restrictions on rough diamonds from Sierra Leone (and Liberia).,energy_and_environment,,,[],imposes_sanctions,,stop
13214,01-13869,President's Task Force To Improve Health Care Delivery for Our Nation's Veterans,George W. Bush,2001-05-28,2001-05-31,66 FR 29447,4749,https://www.govinfo.gov/content/pkg/FR-2001-05-31/pdf/01-13869.pdf,https://www.federalregister.gov/documents/full_text/text/2001/05/31/01-13869.txt,Executive Order 13214 establishes a presidential task force to improve health‑care delivery for veterans and sets reporting and termination deadlines.,health,,,[],creates_body,,stop
13215,01-14319,"President’s Information Technology Advisory Committee, Further Amendment to Executive Order 13035, as Amended",George W. Bush,2001-05-31,2001-06-05,66 FR 30285,2244,https://www.govinfo.gov/content/pkg/FR-2001-06-05/pdf/01-14319.pdf,https://www.federalregister.gov/documents/full_text/text/2001/06/05/01-14319.txt,Executive Order 13215 amends the President’s Information Technology Advisory Committee’s membership terms and gives the President authority to designate two co‑chairs.,technology_and_research,,,[],delegates_authority,,stop
13216,01-14862,"Amendment to Executive Order 13125, Increasing Participation of Asian Americans and Pacific Islanders in Federal Programs",George W. Bush,2001-06-06,2001-06-11,66 FR 31373,1457,https://www.govinfo.gov/content/pkg/FR-2001-06-11/pdf/01-14862.pdf,https://www.federalregister.gov/documents/full_text/text/2001/06/11/01-14862.txt,The order amends Executive Order 13125 to change its title and to reset the expiration date of the President’s Advisory Commission on Asian Americans and Pacific Islanders.,civil_rights,,,[],revokes_or_amends,,stop
13217,01-15758,Community-Based Alternatives for Individuals With Disabilities,George W. Bush,2001-06-18,2001-06-21,66 FR 33155,7142,https://www.govinfo.gov/content/pkg/FR-2001-06-21/pdf/01-15758.pdf,https://www.federalregister.gov/documents/full_text/text/2001/06/21/01-15758.txt,The order directs the Attorney General and the heads of several federal agencies to evaluate their policies and report the results to the President within 120 days.,justice_and_law_enforcement,,,[],directs_report_or_study,,stop
13218,01-15958,21st Century Workforce Initiative,George W. Bush,2001-06-20,2001-06-22,66 FR 33627,8711,https://www.govinfo.gov/content/pkg/FR-2001-06-22/pdf/01-15958.pdf,https://www.federalregister.gov/documents/full_text/text/2001/06/22/01-15958.txt,Executive Order 13218 creates the President’s Council on the 21st Century Workforce and the Office of the 21st Century Workforce; the Council is set to terminate two years after the order unless extended.,labor_and_workforce,,,[],creates_body,,stop
13219,01-16668,Blocking Property of Persons Who Threaten International Stabilization Efforts in the Western Balkans,George W. Bush,2001-06-26,2001-06-29,66 FR 34777,11185,https://www.govinfo.gov/content/pkg/FR-2001-06-29/pdf/01-16668.pdf,https://www.federalregister.gov/documents/full_text/text/2001/06/29/01-16668.txt,"The order blocks the property of persons who threaten peace, stability, or security in the Western Balkans, thereby imposing sanctions.",foreign_policy,,,[],imposes_sanctions,,stop
13220,01-17041,Waiver Under the Trade Act of 1974 With Respect to the Republic of Belarus,George W. Bush,2001-07-02,2001-07-05,66 FR 35527,922,https://www.govinfo.gov/content/pkg/FR-2001-07-05/pdf/01-17041.pdf,https://www.federalregister.gov/documents/full_text/text/2001/07/05/01-17041.txt,The order waives the application of subsections 402(a) and 402(b) of the Trade Act of 1974 for the Republic of Belarus.,trade,,,[],revokes_or_amends,,stop
13221,01-19562,Energy Efficient Standby Power Devices,George W. Bush,2001-07-31,2001-08-02,66 FR 40571,2561,https://www.govinfo.gov/content/pkg/FR-2001-08-02/pdf/01-19562.pdf,https://www.federalregister.gov/documents/full_text/text/2001/08/02/01-19562.txt,"The order requires federal agencies to purchase standby‑power devices that use no more than one watt, and directs the Department of Energy (with DOD and GSA) to compile a list of such products.",energy_and_environment,,,[],delegates_authority,,stop
13222,01-21338,Continuation of Export Control Regulations,George W. Bush,2001-08-17,2001-08-22,66 FR 44025,5418,https://www.govinfo.gov/content/pkg/FR-2001-08-22/pdf/01-21338.pdf,https://www.federalregister.gov/documents/full_text/text/2001/08/22/01-21338.txt,Executive Order 13222 continues and amends the export‑control system established under the Export Administration Act and incorporates delegations of authority from several earlier executive orders.,trade,,,[],revokes_or_amends,,stop
13223,01-23359,Ordering the Ready Reserve of the Armed Forces To Active Duty and Delegating Certain Authorities to the Secretary of Defense and the Secretary of Transportation,George W. Bush,2001-09-14,2001-09-18,66 FR 48201,6578,https://www.govinfo.gov/content/pkg/FR-2001-09-18/pdf/01-23359.pdf,https://www.federalregister.gov/documents/full_text/text/2001/09/18/01-23359.txt,Executive Order 13223 delegates authority to the Secretaries of Defense and Transportation to order members of the Ready Reserve to active duty and to exercise other personnel‑management powers.,government_administration,,,[],delegates_authority,,stop
13224,01-24205,"Blocking Property and Prohibiting Transactions With Persons Who Commit, Threaten To Commit, or Support Terrorism",George W. Bush,2001-09-23,2001-09-25,66 FR 49079,13783,https://www.govinfo.gov/content/pkg/FR-2001-09-25/pdf/01-24205.pdf,https://www.federalregister.gov/documents/full_text/text/2001/09/25/01-24205.txt,"Executive Order 13224 blocks property and prohibits transactions with persons who commit, threaten, or support terrorism.",justice_and_law_enforcement,,,[],imposes_sanctions,,stop
13225,01-24917,Continuance of Certain Federal Advisory Committees,George W. Bush,2001-09-28,2001-10-03,66 FR 50291,5385,https://www.govinfo.gov/content/pkg/FR-2001-10-03/pdf/01-24917.pdf,https://www.federalregister.gov/documents/full_text/text/2001/10/03/01-24917.txt,"Executive Order 13225 continues a list of existing federal advisory committees, extending each until September 30, 2003. It assigns the heads of the respective departments or agencies to perform the committees' functions under the Federal Advisory Committee Act, following guidelines set by the Administrator of General Services. The order also revokes several earlier orders that established now‑terminated committees and supersedes one prior order. It becomes effective on September 30, 2001.",government_administration,,,"[""education"", ""health"", ""trade""]",other,continues existing federal advisory committees,stop
13226,01-24983,President's Council of Advisors on Science and Technology,George W. Bush,2001-09-30,2001-10-03,66 FR 50523,4042,https://www.govinfo.gov/content/pkg/FR-2001-10-03/pdf/01-24983.pdf,https://www.federalregister.gov/documents/full_text/text/2001/10/03/01-24983.txt,Executive Order 13226 establishes the President’s Council of Advisors on Science and Technology (PCAST) and sets its automatic termination date.,technology_and_research,,,[],creates_body,,stop
13227,01-25344,President's Commission on Excellence in Special Education,George W. Bush,2001-10-02,2001-10-05,66 FR 51287,8970,https://www.govinfo.gov/content/pkg/FR-2001-10-05/pdf/01-25344.pdf,https://www.federalregister.gov/documents/full_text/text/2001/10/05/01-25344.txt,Executive Order 13227 creates the President’s Commission on Excellence in Special Education to study and report on special‑education programs.,education,,,[],creates_body,,stop
13228,01-25677,Establishing the Office of Homeland Security and the Homeland Security Council,George W. Bush,2001-10-08,2001-10-10,66 FR 51812,24046,https://www.govinfo.gov/content/pkg/FR-2001-10-10/pdf/01-25677.pdf,https://www.federalregister.gov/documents/full_text/text/2001/10/10/01-25677.txt,"Executive Order 13228 establishes the Office of Homeland Security and the Homeland Security Council, defines their leadership, membership, and delegations, and amends Executive Order 12656.",security_and_defense,,,[],creates_body,,stop
13229,01-25788,"Amendment to Executive Order 13045, Extending the Task Force on Environmental Health Risks and Safety Risks to Children",George W. Bush,2001-10-09,2001-10-11,66 FR 52013,907,https://www.govinfo.gov/content/pkg/FR-2001-10-11/pdf/01-25788.pdf,https://www.federalregister.gov/documents/full_text/text/2001/10/11/01-25788.txt,"Executive Order 13229 amends Executive Order 13045, changing the duration of the Task Force on Environmental Health Risks and Safety Risks to Children from a 4‑year period to a 6‑year period.",energy_and_environment,,,[],revokes_or_amends,,stop
13230,01-26339,President's Advisory Commission on Educational Excellence for Hispanic Americans,George W. Bush,2001-10-12,2001-10-17,66 FR 52841,11070,https://www.govinfo.gov/content/pkg/FR-2001-10-17/pdf/01-26339.pdf,https://www.federalregister.gov/documents/full_text/text/2001/10/17/01-26339.txt,"Executive Order 13230 establishes the President's Advisory Commission on Educational Excellence for Hispanic Americans and a White House Initiative office within the Department of Education. The Commission is tasked with advising the Secretary of Education and submitting interim and final reports on the progress of Hispanic students, with the interim report due by September 30, 2002 and the final report by March 31, 2003. Federal agencies must provide information and report to the President through the Initiative by September 30, 2002, and the Commission will terminate 30 days after its final report.",education,,,"[""government_administration""]",creates_body,,stop
13231,01-26509,Critical Infrastructure Protection in the Information Age,George W. Bush,2001-10-16,2001-10-18,66 FR 53063,34697,https://www.govinfo.gov/content/pkg/FR-2001-10-18/pdf/01-26509.pdf,https://www.federalregister.gov/documents/full_text/text/2001/10/18/01-26509.txt,"Executive Order 13231 creates a new inter‑agency board and advisory council to protect critical‑infrastructure information systems, delegates classification authority, and directs periodic planning. It also sets a two‑year termination deadline for the advisory council unless extended.",energy_and_environment,,,"[""technology_and_research""]",creates_body,,stop
13232,01-26990,"Further Amendment to Executive Order 10789, as Amended, To Authorize the Department of Health and Human Services To Exercise Certain Contracting Authority in Connection With National Defense Functions",George W. Bush,2001-10-20,2001-10-24,66 FR 53941,1161,https://www.govinfo.gov/content/pkg/FR-2001-10-24/pdf/01-26990.pdf,https://www.federalregister.gov/documents/full_text/text/2001/10/24/01-26990.txt,Amends Executive Order 10789 to add the Department of Health and Human Services to the list of departments in section 21.,health,,,[],revokes_or_amends,,stop
13233,01-27917,Further Implementation of the Presidential Records Act,George W. Bush,2001-11-01,2001-11-05,66 FR 56025,17797,https://www.govinfo.gov/content/pkg/FR-2001-11-05/pdf/01-27917.pdf,https://www.federalregister.gov/documents/full_text/text/2001/11/05/01-27917.txt,"Executive Order 13233 establishes procedures for the Archivist, former Presidents, and the incumbent President to determine and enforce constitutionally based privileges over Presidential records.",government_administration,,,[],other,establishes procedures for handling privileged presidential records,stop
13234,01-28762,Presidential Task Force on Citizen Preparedness in the War on Terrorism,George W. Bush,2001-11-09,2001-11-15,66 FR 57355,3507,https://www.govinfo.gov/content/pkg/FR-2001-11-15/pdf/01-28762.pdf,https://www.federalregister.gov/documents/full_text/text/2001/11/15/01-28762.txt,"Executive Order 13234 establishes a new presidential task force focused on citizen preparedness for terrorism, sets its membership, mission, reporting deadline, and termination date.",justice_and_law_enforcement,,,[],creates_body,,stop
13235,01-29219,National Emergency Construction Authority,George W. Bush,2001-11-16,2001-11-20,66 FR 58343,1508,https://www.govinfo.gov/content/pkg/FR-2001-11-20/pdf/01-29219.pdf,https://www.federalregister.gov/documents/full_text/text/2001/11/20/01-29219.txt,The order delegates the emergency construction authority to the Secretary of Defense.,government_administration,,,[],delegates_authority,,stop
13236,01-29831,Waiver of Dual Compensation Provisions of the Central Intelligence Agency Retirement Act of 1964,George W. Bush,2001-11-27,2001-11-29,66 FR 59671,1968,https://www.govinfo.gov/content/pkg/FR-2001-11-29/pdf/01-29831.pdf,https://www.federalregister.gov/documents/full_text/text/2001/11/29/01-29831.txt,"Executive Order 13236 grants the Director of Central Intelligence authority to waive dual‑compensation reduction provisions for temporary CIA employees during emergencies, prohibits additional retirement benefits while the waiver is used, allows the authority to be delegated, and states that the order creates no enforceable rights.",government_administration,,,[],delegates_authority,,stop
13237,01-29948,Creation of the President's Council on Bioethics,George W. Bush,2001-11-28,2001-11-30,66 FR 59851,7970,https://www.govinfo.gov/content/pkg/FR-2001-11-30/pdf/01-29948.pdf,https://www.federalregister.gov/documents/full_text/text/2001/11/30/01-29948.txt,"Executive Order 13237 establishes the President's Council on Bioethics to advise the President on bioethical issues arising from advances in biomedical science and technology. The Council, composed of up to 18 members appointed by the President, may conduct studies, hold hearings, and issue reports, and it receives administrative support from the Department of Health and Human Services. The order directs executive department heads to provide information to the Council and requires the Secretary of Health and Human Services to appoint its Executive Director. The Council is set to terminate two years after the order’s issuance unless the President extends it.",health,,,"[""technology_and_research"", ""government_administration""]",creates_body,,stop
13238,01-30624,"Closing of Federal Government Executive Departments and Agencies on Monday, December 24, 2001",George W. Bush,2001-12-05,2001-12-10,66 FR 63903,1536,https://www.govinfo.gov/content/pkg/FR-2001-12-10/pdf/01-30624.pdf,https://www.federalregister.gov/documents/full_text/text/2001/12/10/01-30624.txt,"The order directs that all executive‑branch departments and agencies be closed and employees excused from duty on Monday December 24 2001, with limited exceptions.",government_administration,,,[],other,orders closure of federal departments and agencies,stop
13239,01-31119,Designation of Afghanistan and the Airspace Above as a Combat Zone,George W. Bush,2001-12-12,2001-12-14,66 FR 64907,905,https://www.govinfo.gov/content/pkg/FR-2001-12-14/pdf/01-31119.pdf,https://www.federalregister.gov/documents/full_text/text/2001/12/14/01-31119.txt,Executive Order 13239 designates Afghanistan and its airspace as a combat zone for tax purposes and sets the combat‑activity start date.,government_administration,,,[],other,designates a geographic area as a combat zone for tax purposes,stop
13240,01-31665,Council of Europe in Respect of the Group of States Against Corruption,George W. Bush,2001-12-18,2001-12-21,66 FR 66257,1240,https://www.govinfo.gov/content/pkg/FR-2001-12-21/pdf/01-31665.pdf,https://www.federalregister.gov/documents/full_text/text/2001/12/21/01-31665.txt,"Designates the Council of Europe GRECO as a public international organization entitled to privileges, exemptions, and immunities under the International Organizations Immunities Act.",government_administration,,,[],delegates_authority,,stop
13241,01-31666,Providing an Order of Succession Within the Department of Agriculture,George W. Bush,2001-12-18,2001-12-21,66 FR 66258,2884,https://www.govinfo.gov/content/pkg/FR-2001-12-21/pdf/01-31666.pdf,https://www.federalregister.gov/documents/full_text/text/2001/12/21/01-31666.txt,Executive Order 13241 establishes the internal order of succession for the Secretary of Agriculture and revokes a prior order.,government_administration,,,[],adjusts_pay_or_admin,,stop
13242,01-31667,Providing an Order of Succession Within the Department of Commerce,George W. Bush,2001-12-18,2001-12-21,66 FR 66260,2897,https://www.govinfo.gov/content/pkg/FR-2001-12-21/pdf/01-31667.pdf,https://www.federalregister.gov/documents/full_text/text/2001/12/21/01-31667.txt,"The order establishes a succession line for the Secretary of Commerce, specifying which officials will act as Secretary if the Secretary and Deputy Secretary are unable to serve.",government_administration,,,[],adjusts_pay_or_admin,,stop
13243,01-31668,Providing an Order of Succession Within the Department of Housing and Urban Development,George W. Bush,2001-12-18,2001-12-21,66 FR 66262,3204,https://www.govinfo.gov/content/pkg/FR-2001-12-21/pdf/01-31668.pdf,https://www.federalregister.gov/documents/full_text/text/2001/12/21/01-31668.txt,The order establishes an internal succession line for the Department of Housing and Urban Development and revokes a prior order.,government_administration,,,[],adjusts_pay_or_admin,,stop
13244,01-31669,Providing an Order of Succession Within the Department of the Interior,George W. Bush,2001-12-18,2001-12-21,66 FR 66267,2491,https://www.govinfo.gov/content/pkg/FR-2001-12-21/pdf/01-31669.pdf,https://www.federalregister.gov/documents/full_text/text/2001/12/21/01-31669.txt,Executive Order 13244 establishes a succession line for the Secretary of the Interior and revokes a prior order.,government_administration,,,[],revokes_or_amends,,stop
13245,01-31670,Providing an Order of Succession Within the Department of Labor,George W. Bush,2001-12-18,2001-12-21,66 FR 66268,3152,https://www.govinfo.gov/content/pkg/FR-2001-12-21/pdf/01-31670.pdf,https://www.federalregister.gov/documents/full_text/text/2001/12/21/01-31670.txt,"Executive Order 13245 establishes an internal order of succession for the Secretary of Labor, lists the succession positions, reserves presidential discretion to deviate, and revokes EO 10513.",government_administration,,,[],adjusts_pay_or_admin,,stop
13246,01-31671,Providing an Order of Succession Within the Department of the Treasury,George W. Bush,2001-12-18,2001-12-21,66 FR 66270,2557,https://www.govinfo.gov/content/pkg/FR-2001-12-21/pdf/01-31671.pdf,https://www.federalregister.gov/documents/full_text/text/2001/12/21/01-31671.txt,"The order establishes the order of succession for the Secretary of the Treasury, specifying that officers listed in Section 2 shall act as Secretary when the Secretary and Deputy Secretary are unable to serve.",government_administration,,,[],adjusts_pay_or_admin,,stop
13247,01-31672,Providing an Order of Succession Within the Department of Veterans Affairs,George W. Bush,2001-12-18,2001-12-21,66 FR 66271,2886,https://www.govinfo.gov/content/pkg/FR-2001-12-21/pdf/01-31672.pdf,https://www.federalregister.gov/documents/full_text/text/2001/12/21/01-31672.txt,"The order designates a succession line for the Secretary of Veterans Affairs, delegating authority to specified officers to act as Secretary when the Secretary and Deputy Secretary are unavailable.",government_administration,,,[],delegates_authority,,stop
13248,01-31959,"Establishing an Emergency Board To Investigate a Dispute Between United Airlines, Inc., and its Mechanics and Related Employees Represented by the International Association of Machinists and Aerospace Workers",George W. Bush,2001-12-20,2001-12-27,66 FR 66705,2971,https://www.govinfo.gov/content/pkg/FR-2001-12-27/pdf/01-31959.pdf,https://www.federalregister.gov/documents/full_text/text/2001/12/27/01-31959.txt,Executive Order 13248 creates an emergency board to investigate a United Airlines labor dispute and directs it to report within 30 days.,labor_and_workforce,,,[],creates_body,,stop
13249,02-448,Adjustments of Certain Rates of Pay,George W. Bush,2001-12-28,2002-01-07,67 FR 639,4300,https://www.govinfo.gov/content/pkg/FR-2002-01-07/pdf/02-448.pdf,https://www.federalregister.gov/documents/full_text/text/2002/01/07/02-448.txt,Executive Order 13249 adjusts the rates of basic pay for a variety of federal pay systems and sets their effective dates.,government_administration,,,[],adjusts_pay_or_admin,,stop
13250,02-917,Providing an Order of Succession Within the Department of Health and Human Services,George W. Bush,2001-12-28,2002-01-11,67 FR 1597,2428,https://www.govinfo.gov/content/pkg/FR-2002-01-11/pdf/02-917.pdf,https://www.federalregister.gov/documents/full_text/text/2002/01/11/02-917.txt,"The order establishes a succession line for the Secretary of Health and Human Services, specifying which officials will act as Secretary if the Secretary and Deputy Secretary are unable to serve.",government_administration,,,[],adjusts_pay_or_admin,,stop
13251,02-918,Providing an Order of Succession Within the Department of State,George W. Bush,2001-12-28,2002-01-11,67 FR 1599,4955,https://www.govinfo.gov/content/pkg/FR-2002-01-11/pdf/02-918.pdf,https://www.federalregister.gov/documents/full_text/text/2002/01/11/02-918.txt,Executive Order 13251 establishes the order of succession for the Department of State’s Secretary position.,government_administration,,,[],delegates_authority,,stop
13252,02-919,Exclusions From the Federal Labor-Management Relations Program,George W. Bush,2002-01-07,2002-01-11,67 FR 1601,1816,https://www.govinfo.gov/content/pkg/FR-2002-01-11/pdf/02-919.pdf,https://www.federalregister.gov/documents/full_text/text/2002/01/11/02-919.txt,Executive Order 13252 amends Executive Order 12171 to add several Department of Justice subdivisions to the list of entities excluded from the Federal Labor‑Management Relations Program.,labor_and_workforce,,,[],revokes_or_amends,,stop
13253,02-1594,"Amendment to Executive Order 13223, Ordering the Ready Reserve of the Armed Forces to Active Duty and Delegating Certain Authorities to the Secretary of Defense and the",George W. Bush,2002-01-16,2002-01-18,67 FR 2791,3368,https://www.govinfo.gov/content/pkg/FR-2002-01-18/pdf/02-1594.pdf,https://www.federalregister.gov/documents/full_text/text/2002/01/18/02-1594.txt,"Executive Order 13253 amends Executive Order 13223 by adding language to Section 5 and deleting/revising Section 7, thereby extending authority to the Secretary of Transportation for Coast Guard personnel matters.",government_administration,,,[],revokes_or_amends,,stop
13254,02-2638,Establishing the USA Freedom Corps,George W. Bush,2002-01-29,2002-02-01,67 FR 4869,9723,https://www.govinfo.gov/content/pkg/FR-2002-02-01/pdf/02-2638.pdf,https://www.federalregister.gov/documents/full_text/text/2002/02/01/02-2638.txt,Executive Order 13254 establishes the USA Freedom Corps Council and Office to coordinate and promote public‑service opportunities across the federal government.,government_administration,,,[],creates_body,,stop
13255,02-3337,"Amendment to Executive Order 13227, President's Commission on Excellence in Special Education",George W. Bush,2002-02-06,2002-02-08,67 FR 6157,802,https://www.govinfo.gov/content/pkg/FR-2002-02-08/pdf/02-3337.pdf,https://www.federalregister.gov/documents/full_text/text/2002/02/08/02-3337.txt,Amends Executive Order 13227 to change the reporting deadline for the President’s Commission on Excellence in Special Education.,education,,,[],revokes_or_amends,,stop
13256,02-3826,President's Board of Advisors on Historically Black Colleges and Universities,George W. Bush,2002-02-12,2002-02-14,67 FR 6823,11352,https://www.govinfo.gov/content/pkg/FR-2002-02-14/pdf/02-3826.pdf,https://www.federalregister.gov/documents/full_text/text/2002/02/14/02-3826.txt,Executive Order 13256 creates the President’s Board of Advisors on Historically Black Colleges and Universities and revokes Executive Order 12876.,education,,,[],creates_body,,stop
13257,02-4071,President's Interagency Task Force To Monitor and Combat Trafficking in Persons,George W. Bush,2002-02-13,2002-02-19,67 FR 7259,6167,https://www.govinfo.gov/content/pkg/FR-2002-02-19/pdf/02-4071.pdf,https://www.federalregister.gov/documents/full_text/text/2002/02/19/02-4071.txt,Executive Order 13257 establishes a President’s Interagency Task Force to monitor and combat trafficking in persons.,justice_and_law_enforcement,,,[],creates_body,,stop
13258,02-5069,Amending Executive Order 12866 on Regulatory Planning and Review,George W. Bush,2002-02-26,2002-02-28,67 FR 9385,6036,https://www.govinfo.gov/content/pkg/FR-2002-02-28/pdf/02-5069.pdf,https://www.federalregister.gov/documents/full_text/text/2002/02/28/02-5069.txt,"Executive Order 13258 amends Executive Order 12866, changing references to the Vice President and related positions to refer to the Director or other officials, thereby updating the regulatory planning and review process.",government_administration,,,[],revokes_or_amends,,stop
13259,02-07085,Designation of Public International Organizations for Purposes of the Securities Exchange Act of 1934 and the Foreign Corrupt Practices Act of 1977,George W. Bush,2002-03-19,2002-03-21,67 FR 13239,2333,https://www.govinfo.gov/content/pkg/FR-2002-03-21/pdf/02-07085.pdf,https://www.federalregister.gov/documents/full_text/text/2002/03/21/02-07085.txt,The order designates the European Union and Europol as “public international organizations” for the purposes of the Securities Exchange Act of 1934 and the Foreign Corrupt Practices Act of 1977.,justice_and_law_enforcement,,,[],other,designates entities as public international organizations for regulatory purposes,stop
13260,02-07086,Establishing the President's Homeland Security Advisory Council and Senior Advisory Committees for Homeland,George W. Bush,2002-03-19,2002-03-21,67 FR 13241,7004,https://www.govinfo.gov/content/pkg/FR-2002-03-21/pdf/02-07086.pdf,https://www.federalregister.gov/documents/full_text/text/2002/03/21/02-07086.txt,"Establishes the President's Homeland Security Advisory Council (PHSAC) and four Senior Advisory Committees for Homeland Security, appoints members, defines functions, and sets a termination deadline of two years.",health,,,[],creates_body,,stop
13261,02-7087,Providing An Order of Succession in the Environmental Protection Agency and Amending Certain Orders on Succession,George W. Bush,2002-03-19,2002-03-21,67 FR 13243,7419,https://www.govinfo.gov/content/pkg/FR-2002-03-21/pdf/02-7087.pdf,https://www.federalregister.gov/documents/full_text/text/2002/03/21/02-7087.txt,"Executive Order 13261 creates an order of succession for the Administrator of the Environmental Protection Agency, specifying that the Assistant Administrators listed in Section 2 shall perform the Administrator’s duties when the Administrator and Deputy Administrator are unavailable. The order also amends ten earlier executive orders that provided succession rules for other federal departments. It cites the President’s authority under the Constitution and the Federal Vacancies Reform Act of 1998, and reserves the President’s discretion to deviate from the succession plan.",government_administration,,,"[""energy_and_environment""]",revokes_or_amends,,stop
13262,02-9536,"2002 Amendments to the Manual for Courts-Martial, United States",George W. Bush,2002-04-11,2002-04-17,67 FR 18773,90760,https://www.govinfo.gov/content/pkg/FR-2002-04-17/pdf/02-9536.pdf,https://www.federalregister.gov/documents/full_text/text/2002/04/17/02-9536.txt,Executive Order 13262 (April 11 2002) amends the Manual for Courts‑Martial; its primary subject is military justice and its main instrument is to amend existing rules.,justice_and_law_enforcement,,,[],revokes_or_amends,,stop
13263,02-11166,President's New Freedom Commission on Mental Health,George W. Bush,2002-04-29,2002-05-03,67 FR 22337,7778,https://www.govinfo.gov/content/pkg/FR-2002-05-03/pdf/02-11166.pdf,https://www.federalregister.gov/documents/full_text/text/2002/05/03/02-11166.txt,"Executive Order 13263 creates the President’s New Freedom Commission on Mental Health, a body tasked with studying and improving the U.S. mental‑health service delivery system.",health,,,[],creates_body,,stop
13264,02-14497,"Amendment to Executive Order 13180, Air Traffic Performance-Based Organization",George W. Bush,2002-06-04,2002-06-07,67 FR 39243,1243,https://www.govinfo.gov/content/pkg/FR-2002-06-07/pdf/02-14497.pdf,https://www.federalregister.gov/documents/full_text/text/2002/06/07/02-14497.txt,Executive Order 13264 amends Executive Order 13180 by (1) deleting the phrase “an inherently governmental function” from its first sentence and (2) revising Section 6 to limit the order’s effect to internal management and to deny any right to review.,government_administration,,,[],revokes_or_amends,,stop
13265,02-14807,President's Council on Physical Fitness and Sports,George W. Bush,2002-06-06,2002-06-11,67 FR 39841,6972,https://www.govinfo.gov/content/pkg/FR-2002-06-11/pdf/02-14807.pdf,https://www.federalregister.gov/documents/full_text/text/2002/06/11/02-14807.txt,"Executive Order 13265 establishes the President’s Council on Physical Fitness and Sports, revokes EO 12345, sets a two‑year termination deadline for the Council, delegates authority to appoint an Executive Director, and references the seal established by EO 10830.",health,,,[],creates_body,,stop
13266,02-16040,Activities To Promote Personal Fitness,George W. Bush,2002-06-20,2002-06-24,67 FR 42467,5820,https://www.govinfo.gov/content/pkg/FR-2002-06-24/pdf/02-16040.pdf,https://www.federalregister.gov/documents/full_text/text/2002/06/24/02-16040.txt,The order creates a Personal Fitness Interagency Working Group to coordinate federal personal‑fitness activities.,health,,,[],creates_body,,stop
13267,02-16041,Establishing a Transition Planning Office for the Department of Homeland Security Within the Office of Management and Budget,George W. Bush,2002-06-20,2002-06-24,67 FR 42469,3547,https://www.govinfo.gov/content/pkg/FR-2002-06-24/pdf/02-16041.pdf,https://www.federalregister.gov/documents/full_text/text/2002/06/24/02-16041.txt,Executive Order 13267 creates a Transition Planning Office for the Department of Homeland Security within OMB and sets its termination deadline.,government_administration,,,[],creates_body,,stop
13268,02-16951,"Termination of Emergency With Respect to the Taliban and Amendment of Executive Order 13224 of September 23, 2001",George W. Bush,2002-07-02,2002-07-03,67 FR 44751,3890,https://www.govinfo.gov/content/pkg/FR-2002-07-03/pdf/02-16951.pdf,https://www.federalregister.gov/documents/full_text/text/2002/07/03/02-16951.txt,The order terminates the national emergency concerning the Taliban and amends the annex to Executive Order 13224 by adding the Taliban and its leader.,foreign_policy,,,[],revokes_or_amends,,stop
13269,02-17273,Expedited Naturalization of Aliens and Noncitizen Nationals Serving in an Active-Duty Status During the War on Terrorism,George W. Bush,2002-07-03,2002-07-08,67 FR 45287,2187,https://www.govinfo.gov/content/pkg/FR-2002-07-08/pdf/02-17273.pdf,https://www.federalregister.gov/documents/full_text/text/2002/07/08/02-17273.txt,The order makes aliens and noncitizen nationals who served honorably in active‑duty status during the war on terrorism eligible for expedited naturalization under the statutory exception in the Immigration and Nationality Act.,immigration,,,[],other,establishes expedited naturalization eligibility but does not fit any listed instrument category,stop
13270,02-17274,Tribal Colleges and Universities,George W. Bush,2002-07-03,2002-07-08,67 FR 45288,13191,https://www.govinfo.gov/content/pkg/FR-2002-07-08/pdf/02-17274.pdf,https://www.federalregister.gov/documents/full_text/text/2002/07/08/02-17274.txt,"Executive Order 13270 creates two advisory bodies focused on tribal colleges and universities, defines their composition and duties, requires agencies to develop and report on three‑year plans, and sets an automatic two‑year termination for the Board.",education,,,[],creates_body,,stop
13271,02-17640,Establishment of the Corporate Fraud Task Force,George W. Bush,2002-07-09,2002-07-11,67 FR 46091,7246,https://www.govinfo.gov/content/pkg/FR-2002-07-11/pdf/02-17640.pdf,https://www.federalregister.gov/documents/full_text/text/2002/07/11/02-17640.txt,The order creates the Corporate Fraud Task Force within the Department of Justice to investigate and prosecute significant financial crimes.,justice_and_law_enforcement,,,[],creates_body,,stop
13272,02-21056,Proper Consideration of Small Entities in Agency Rulemaking,George W. Bush,2002-08-13,2002-08-16,67 FR 53461,6816,https://www.govinfo.gov/content/pkg/FR-2002-08-16/pdf/02-21056.pdf,https://www.federalregister.gov/documents/full_text/text/2002/08/16/02-21056.txt,"Executive Order 13272 directs federal agencies and the Small Business Administration’s Office of Advocacy to adopt procedures, notifications and reporting to ensure that agency rulemaking properly considers the impact on small entities.",security_and_defense,,"The order’s substantive focus is on the Regulatory Flexibility Act and the treatment of small businesses, a subject not covered by the standard topic list; it is therefore recorded under a custom topic “small_business”.","[""government_administration""]",other,"The order primarily issues procedural directives to agencies and the Advocacy office, which do not fit any of the predefined instrument categories.",stop
13273,02-22526,"Further Amending Executive Order 10173, as Amended, Prescribing Regulations Relating to the Safeguarding of Vessels, Harbors, Ports, and Waterfront Facilities of the United States",George W. Bush,2002-08-21,2002-09-03,67 FR 56215,2896,https://www.govinfo.gov/content/pkg/FR-2002-09-03/pdf/02-22526.pdf,https://www.federalregister.gov/documents/full_text/text/2002/09/03/02-22526.txt,"The order amends Part 6 of Title 33 of the Code of Federal Regulations, adding a definition for “Area Commander” and revising enforcement provisions.",justice_and_law_enforcement,,,[],revokes_or_amends,,stop
13274,02-24252,Environmental Stewardship and Transportation Infrastructure Project Reviews,George W. Bush,2002-09-18,2002-09-23,67 FR 59449,8249,https://www.govinfo.gov/content/pkg/FR-2002-09-23/pdf/02-24252.pdf,https://www.federalregister.gov/documents/full_text/text/2002/09/23/02-24252.txt,Executive Order 13274 creates an interagency Transportation Infrastructure Streamlining Task Force and requires it to submit an annual report.,energy_and_environment,,,[],creates_body,,stop
13275,02-25900,Creating a Board of Inquiry To Report on Certain Labor Disputes Affecting the Maritime Industry of the United States,George W. Bush,2002-10-07,2002-10-09,67 FR 62869,2541,https://www.govinfo.gov/content/pkg/FR-2002-10-09/pdf/02-25900.pdf,https://www.federalregister.gov/documents/full_text/text/2002/10/09/02-25900.txt,The order establishes a Board of Inquiry to investigate a labor dispute in the maritime industry and to report its findings.,labor_and_workforce,,,[],creates_body,,stop
13276,02-29580,Delegation of Responsibilities Concerning Undocumented Aliens Interdicted or Intercepted in the Caribbean Region,George W. Bush,2002-11-15,2002-11-19,67 FR 69985,7141,https://www.govinfo.gov/content/pkg/FR-2002-11-19/pdf/02-29580.pdf,https://www.federalregister.gov/documents/full_text/text/2002/11/19/02-29580.txt,"The order delegates custody, care, and related responsibilities for undocumented aliens intercepted in the Caribbean to the Attorney General, Secretary of State, and Secretary of Defense.",immigration,,,[],delegates_authority,,stop
13277,02-29832,Delegation of Certain Authorities and Assignment of Certain Functions Under the Trade Act of 2002,George W. Bush,2002-11-19,2002-11-21,67 FR 70305,7621,https://www.govinfo.gov/content/pkg/FR-2002-11-21/pdf/02-29832.pdf,https://www.federalregister.gov/documents/full_text/text/2002/11/21/02-29832.txt,"The order delegates the authorities and functions that the President holds under Division B (and Division C) of the Trade Act of 2002 to the United States Trade Representative and, where specified, to other cabinet officials.",trade,,,[],delegates_authority,,stop
13278,02-31624,President's Commission on the United States Postal Service,George W. Bush,2002-12-11,2002-12-13,67 FR 76671,6229,https://www.govinfo.gov/content/pkg/FR-2002-12-13/pdf/02-31624.pdf,https://www.federalregister.gov/documents/full_text/text/2002/12/13/02-31624.txt,"Executive Order 13278 creates the President’s Commission on the United States Postal Service, defines its composition, mission, administration, reporting deadline and termination date.",government_administration,,,[],creates_body,,stop
13279,02-31831,Equal Protection of the Laws for Faith-Based and Community Organizations,George W. Bush,2002-12-12,2002-12-16,67 FR 77141,16440,https://www.govinfo.gov/content/pkg/FR-2002-12-16/pdf/02-31831.pdf,https://www.federalregister.gov/documents/full_text/text/2002/12/16/02-31831.txt,"Executive Order 13279 (2002) directs federal agencies to treat faith‑based and community organizations equally in the administration of social‑service programs, amends EO 11246, and requires agency heads to report on implementation.",government_administration,,,[],revokes_or_amends,,stop
13280,02-31832,Responsibilities of the Department of Agriculture and the Agency for International Development With Respect to Faith-Based and Community Initiatives,George W. Bush,2002-12-12,2002-12-16,67 FR 77145,7327,https://www.govinfo.gov/content/pkg/FR-2002-12-16/pdf/02-31832.pdf,https://www.federalregister.gov/documents/full_text/text/2002/12/16/02-31832.txt,"Executive Order 13280 directs the Department of Agriculture and the Agency for International Development to create agency‑wide Centers for Faith‑Based and Community Initiatives, sets a start‑up deadline, and requires periodic reporting.",government_administration,,,[],creates_body,,stop
13281,02-32518,"Half-Day Closing of Executive Departments and Agencies of the Federal Government on Tuesday, December 24, 2002",George W. Bush,2002-12-19,2002-12-23,67 FR 78319,1679,https://www.govinfo.gov/content/pkg/FR-2002-12-23/pdf/02-32518.pdf,https://www.federalregister.gov/documents/full_text/text/2002/12/23/02-32518.txt,"The order directs all executive branch departments and agencies to close for the last half of the workday on Tuesday, December 24 2002, excusing employees from duty, with limited exceptions for national security or other public reasons.",government_administration,,,[],other,"The order does not create a body, impose sanctions, revoke/amend, confer honor, delegate authority, direct a report, or adjust pay/administration; it merely orders a half‑day closure.",stop
13282,03-464,Adjustments of Certain Rates of Pay,George W. Bush,2002-12-31,2003-01-08,68 FR 1133,4065,https://www.govinfo.gov/content/pkg/FR-2003-01-08/pdf/03-464.pdf,https://www.federalregister.gov/documents/full_text/text/2003/01/08/03-464.txt,The order sets new rates of basic pay for various federal pay systems and schedules.,government_administration,,,[],adjusts_pay_or_admin,,stop
13283,03-1798,Establishing the Office of Global Communications,George W. Bush,2003-01-21,2003-01-24,68 FR 3371,7241,https://www.govinfo.gov/content/pkg/FR-2003-01-24/pdf/03-1798.pdf,https://www.federalregister.gov/documents/full_text/text/2003/01/24/03-1798.txt,Executive Order 13283 creates the Office of Global Communications within the White House Office.,government_administration,,,[],creates_body,,stop
13284,03-2069,"Amendment of Executive Orders, and Other Actions, in Connection With the Establishment of the Department of Homeland Security",George W. Bush,2003-01-23,2003-01-28,68 FR 4075,13213,https://www.govinfo.gov/content/pkg/FR-2003-01-28/pdf/03-2069.pdf,https://www.federalregister.gov/documents/full_text/text/2003/01/28/03-2069.txt,"Executive Order 13284 amends numerous prior orders to insert references to the Department of Homeland Security, designates DHS elements and officials as part of the Intelligence Community, authorizes the DHS Secretary to classify information as Top Secret, and assigns the Secretary responsibility for domestic response coordination. The order becomes effective on 24 January 2003.",government_administration,,,[],revokes_or_amends,,stop
13285,03-2606,President's Council on Service and Civic Participation,George W. Bush,2003-01-29,2003-02-03,68 FR 5203,6012,https://www.govinfo.gov/content/pkg/FR-2003-02-03/pdf/03-2606.pdf,https://www.federalregister.gov/documents/full_text/text/2003/02/03/03-2606.txt,Establishes the President's Council on Service and Civic Participation within the Corporation for National and Community Services.,other,,"The order concerns volunteer service and civic participation, which does not match any listed primary topics such as energy_and_environment, justice_and_law_enforcement, technology_and_research, or government_administration; therefore it is classified as other.",[],creates_body,,stop
13286,03-5343,"Amendment of Executive Orders, and Other Actions, in Connection With the Transfer of Certain Functions to the Secretary of Homeland Security",George W. Bush,2003-02-28,2003-03-05,68 FR 10619,67472,https://www.govinfo.gov/content/pkg/FR-2003-03-05/pdf/03-5343.pdf,https://www.federalregister.gov/documents/full_text/text/2003/03/05/03-5343.txt,"Executive Order 13286 amends dozens of prior executive orders to replace references to the Attorney General, Secretary of Transportation, and other officials with the Secretary of Homeland Security, and it revokes Executive Order 13260. The order’s overall purpose is to revise existing orders to reflect the transfer of functions to the Secretary of Homeland Security.",government_administration,,,[],revokes_or_amends,,stop
13287,03-05344,Preserve America,George W. Bush,2003-03-03,2003-03-05,68 FR 10635,14244,https://www.govinfo.gov/content/pkg/FR-2003-03-05/pdf/03-05344.pdf,https://www.federalregister.gov/documents/full_text/text/2003/03/05/03-05344.txt,"Executive Order 13287 (Preserve America) directs federal agencies and the Advisory Council on Historic Preservation to take a series of reporting, review, and staffing actions related to historic‑property management.",energy_and_environment,,,[],directs_report_or_study,,stop
13288,03-5848,Blocking Property of Persons Undermining Democratic Processes or Institutions in Zimbabwe,George W. Bush,2003-03-06,2003-03-10,68 FR 11457,14847,https://www.govinfo.gov/content/pkg/FR-2003-03-10/pdf/03-5848.pdf,https://www.federalregister.gov/documents/full_text/text/2003/03/10/03-5848.txt,"Executive Order 13288 blocks property of designated Zimbabwean officials and any persons acting for them, prohibits U.S. persons from dealing with such property, defines key terms, authorizes the Treasury to implement and redelegate the measures, and takes effect on 7 March 2003.",foreign_policy,,,[],imposes_sanctions,,stop
13289,03-6445,Establishing the Global War on Terrorism Medals,George W. Bush,2003-03-12,2003-03-14,68 FR 12567,4698,https://www.govinfo.gov/content/pkg/FR-2003-03-14/pdf/03-6445.pdf,https://www.federalregister.gov/documents/full_text/text/2003/03/14/03-6445.txt,Executive Order 13289 creates two new military medals.,government_administration,,,[],confers_status_or_honor,,stop
13290,03-7160,Confiscating and Vesting Certain Iraqi Property,George W. Bush,2003-03-20,2003-03-24,68 FR 14307,4097,https://www.govinfo.gov/content/pkg/FR-2003-03-24/pdf/03-7160.pdf,https://www.federalregister.gov/documents/full_text/text/2003/03/24/03-7160.txt,"Executive Order 13290 confiscates Iraqi government funds and vests them in the Treasury, and authorizes the Treasury to act under IEEPA in connection with the national emergency declared in EO 12722.",other,,confiscation and vesting of foreign‑government property,[],imposes_sanctions,,stop
13291,03-7313,Further Adjustment of Certain Rates of Pay,George W. Bush,2003-03-21,2003-03-25,68 FR 14525,1550,https://www.govinfo.gov/content/pkg/FR-2003-03-25/pdf/03-7313.pdf,https://www.federalregister.gov/documents/full_text/text/2003/03/25/03-7313.txt,The order adjusts federal pay rates by amending Executive Order 13282.,government_administration,,,[],adjusts_pay_or_admin,,stop
13292,03-7736,"Further Amendment to Executive Order 12958, as Amended, Classified National Security Information",George W. Bush,2003-03-25,2003-03-28,68 FR 15315,84425,https://www.govinfo.gov/content/pkg/FR-2003-03-28/pdf/03-7736.pdf,https://www.federalregister.gov/documents/full_text/text/2003/03/28/03-7736.txt,"Executive Order 13292 amends EO 12958, references EO 12356, and sets two implementation deadlines.",security_and_defense,,,[],revokes_or_amends,,stop
13293,03-8108,"Amendment to Executive Order 10448, Establishing the National Defense Service Medal",George W. Bush,2003-03-28,2003-04-01,68 FR 15917,1333,https://www.govinfo.gov/content/pkg/FR-2003-04-01/pdf/03-8108.pdf,https://www.federalregister.gov/documents/full_text/text/2003/04/01/03-8108.txt,The order amends Executive Order 10448 to expand eligibility for the National Defense Service Medal.,security_and_defense,,,[],revokes_or_amends,,stop
13294,03-8109,"Regulations Relating to Hazardous Duty Incentive Pay, Aviation Career Incentive Pay, and Submarine Duty Incentive Pay",George W. Bush,2003-03-28,2003-04-01,68 FR 15917,2176,https://www.govinfo.gov/content/pkg/FR-2003-04-01/pdf/03-8109.pdf,https://www.federalregister.gov/documents/full_text/text/2003/04/01/03-8109.txt,"Executive Order 13294 revokes EO 11157 and EO 11800 and designates the Secretaries of Defense, Commerce, Health and Human Services, and Homeland Security (for the Coast Guard) to exercise presidential authority over hazardous duty, aviation career, and submarine duty incentive pay.",government_administration,,,[],revokes_or_amends,,stop
13295,03-8832,Revised List of Quarantinable Communicable Diseases,George W. Bush,2003-04-04,2003-04-09,68 FR 17255,2810,https://www.govinfo.gov/content/pkg/FR-2003-04-09/pdf/03-8832.pdf,https://www.federalregister.gov/documents/full_text/text/2003/04/09/03-8832.txt,The order revokes Executive Order 12452 and updates the list of quarantinable communicable diseases.,health,,,[],revokes_or_amends,,stop
13296,03-10194,"Amendments to Executive Order 13045, Protection of Children From Environmental Health Risks and Safety Risks",George W. Bush,2003-04-18,2003-04-23,68 FR 19931,2387,https://www.govinfo.gov/content/pkg/FR-2003-04-23/pdf/03-10194.pdf,https://www.federalregister.gov/documents/full_text/text/2003/04/23/03-10194.txt,"Executive Order 13296 amends Executive Order 13045, which addresses protection of children from environmental health and safety risks.",energy_and_environment,,,[],revokes_or_amends,,stop
13297,03-10606,"Applying the Federal Physicians Comparability Allowance Amendments of 2000 to Participants in the Foreign Service Retirement and Disability System, the Foreign Service Pension System, and the Central Intelligence Agency Retirement and Disability System",George W. Bush,2003-04-23,2003-04-28,68 FR 22565,5868,https://www.govinfo.gov/content/pkg/FR-2003-04-28/pdf/03-10606.pdf,https://www.federalregister.gov/documents/full_text/text/2003/04/28/03-10606.txt,Executive Order 13297 directs the inclusion of the physicians‑comparability allowance in basic pay and annuity calculations for three federal retirement systems and requires the Secretary of State and the Director of Central Intelligence to issue implementing regulations.,civil_rights,,The order’s substantive focus is on compensation and benefits for federal retirement systems; the closest predefined topic is pay_and_benefits.,"[""government_administration""]",delegates_authority,,stop
13298,03-11713,Termination of Emergency With Respect to the Actions and Policies of Unita and Revocation of Related Executive Orders,George W. Bush,2003-05-06,2003-05-08,68 FR 24857,3095,https://www.govinfo.gov/content/pkg/FR-2003-05-08/pdf/03-11713.pdf,https://www.federalregister.gov/documents/full_text/text/2003/05/08/03-11713.txt,Executive Order 13298 terminates the national emergency concerning UNITA and revokes the three earlier orders that created it.,foreign_policy,,,[],revokes_or_amends,,stop
13299,03-11969,Interagency Group on Insular Areas,George W. Bush,2003-05-12,2003-05-12,68 FR 25477,4760,https://www.govinfo.gov/content/pkg/FR-2003-05-12/pdf/03-11969.pdf,https://www.federalregister.gov/documents/full_text/text/2003/05/12/03-11969.txt,"Executive Order 13299 creates the Interagency Group on Insular Areas (IGIA) within the Department of the Interior, defines its composition, leadership, functions, and limits judicial review.",government_administration,,,[],creates_body,,stop
13300,03-12071,Facilitating the Administration of Justice in the Federal Courts,George W. Bush,2003-05-09,2003-05-13,68 FR 25807,2547,https://www.govinfo.gov/content/pkg/FR-2003-05-13/pdf/03-12071.pdf,https://www.federalregister.gov/documents/full_text/text/2003/05/13/03-12071.txt,"Executive Order 13300 directs the President’s Counsel and federal agencies to ensure timely judicial nominations, sets a 180‑day deadline for nominations, and clarifies that the order does not alter presidential authority or create enforceable rights.",justice_and_law_enforcement,,,[],delegates_authority,,stop
13301,03-12661,Increasing the Number of Members on the Intelligence Oversight Board,George W. Bush,2003-05-14,2003-05-19,68 FR 26981,735,https://www.govinfo.gov/content/pkg/FR-2003-05-19/pdf/03-12661.pdf,https://www.federalregister.gov/documents/full_text/text/2003/05/19/03-12661.txt,Executive Order 13301 amends earlier intelligence‑oversight orders by changing the number of board members from four to five.,security_and_defense,,,[],revokes_or_amends,,stop
13302,03-12766,"Amending Executive Order 13212, Actions to Expedite Energy-Related Projects",George W. Bush,2003-05-15,2003-05-20,68 FR 27429,4487,https://www.govinfo.gov/content/pkg/FR-2003-05-20/pdf/03-12766.pdf,https://www.federalregister.gov/documents/full_text/text/2003/05/20/03-12766.txt,Amends Executive Order 13212 and revises its Section 3 to create an interagency task force within the Department of Energy that monitors and assists agencies in expediting energy‑related and pipeline‑safety projects.,energy_and_environment,,,[],creates_body,,stop
13303,03-13412,Protecting the Development Fund for Iraq and Certain Other Property in Which Iraq Has an Interest,George W. Bush,2003-05-22,2003-05-28,68 FR 31931,6860,https://www.govinfo.gov/content/pkg/FR-2003-05-28/pdf/03-13412.pdf,https://www.federalregister.gov/documents/full_text/text/2003/05/28/03-13412.txt,"The order protects the Development Fund for Iraq and Iraqi petroleum by prohibiting attachment and related judicial processes, and it excludes the operation of three earlier emergency orders with respect to the protected property.",foreign_policy,,,[],imposes_sanctions,,stop
13304,03-13694,"Termination of Emergencies With Respect to Yugoslavia and Modification of Executive Order 13219 of June 26, 2001",George W. Bush,2003-05-28,2003-05-29,68 FR 32315,11618,https://www.govinfo.gov/content/pkg/FR-2003-05-29/pdf/03-13694.pdf,https://www.federalregister.gov/documents/full_text/text/2003/05/29/03-13694.txt,"Executive Order 13304 terminates certain national emergencies related to the former Yugoslavia, revokes two additional emergency orders, and amends Executive Order 13219 by replacing its annex, revising sections 1(a)‑(b), and adding new sections 7‑8.",foreign_policy,,,[],revokes_or_amends,,stop
13305,03-13750,Extension of the President's Information Technology Advisory Committee and the President's Council of Advisors on Science and Technology,George W. Bush,2003-05-28,2003-05-30,68 FR 32323,1456,https://www.govinfo.gov/content/pkg/FR-2003-05-30/pdf/03-13750.pdf,https://www.federalregister.gov/documents/full_text/text/2003/05/30/03-13750.txt,The order amends sections of two earlier executive orders to extend the life of the President’s Information Technology Advisory Committee and the President’s Council of Advisors on Science and Technology.,technology_and_research,,,[],revokes_or_amends,,stop
13306,03-14116,Establishing the Bob Hope American Patriot Award,George W. Bush,2003-05-28,2003-06-03,68 FR 33337,1989,https://www.govinfo.gov/content/pkg/FR-2003-06-03/pdf/03-14116.pdf,https://www.federalregister.gov/documents/full_text/text/2003/06/03/03-14116.txt,Executive Order 13306 establishes the Bob Hope American Patriot Award to honor extraordinary love of country and service to the United States Armed Forces.,government_administration,,,[],confers_status_or_honor,,stop
13307,03-14117,European Central Bank,George W. Bush,2003-05-29,2003-06-03,68 FR 33338,1084,https://www.govinfo.gov/content/pkg/FR-2003-06-03/pdf/03-14117.pdf,https://www.federalregister.gov/documents/full_text/text/2003/06/03/03-14117.txt,"The order extends to the European Central Bank the privileges, exemptions, and immunities that the United States provides to public international organizations under the International Organizations Immunities Act.",foreign_policy,,,[],other,"extends privileges, exemptions, and immunities to a foreign central bank",stop
13308,03-16102,"Further Amendment to Executive Order 12580, as Amended, Superfund Implementation",George W. Bush,2003-06-20,2003-06-24,68 FR 37691,3419,https://www.govinfo.gov/content/pkg/FR-2003-06-24/pdf/03-16102.pdf,https://www.federalregister.gov/documents/full_text/text/2003/06/24/03-16102.txt,"Executive Order 13308 amends Executive Order 12580 by revising a phrase in Section 1(b)(1), adding new subsections (f) and (g) to Section 5, and inserting new Sections 12, 13, and 14.",energy_and_environment,,,[],revokes_or_amends,,stop
13309,03-19572,"Amendments to Executive Order 12994, and Renaming the President's Committee on Mental Retardation as the President's Committee for People with Intellectual Disabilities",George W. Bush,2003-07-25,2003-07-30,68 FR 44851,2375,https://www.govinfo.gov/content/pkg/FR-2003-07-30/pdf/03-19572.pdf,https://www.federalregister.gov/documents/full_text/text/2003/07/30/03-19572.txt,"The order amends Executive Order 12994 to replace the term “mental retardation” with “intellectual disabilities,” renames the President’s Committee accordingly, expands its membership, and extends the Committee’s existence until 30 September 2005.",health,,,[],revokes_or_amends,,stop
13310,03-19573,Blocking Property of the Government of Burma and Prohibiting Certain Transactions,George W. Bush,2003-07-28,2003-07-30,68 FR 44853,13060,https://www.govinfo.gov/content/pkg/FR-2003-07-30/pdf/03-19573.pdf,https://www.federalregister.gov/documents/full_text/text/2003/07/30/03-19573.txt,"Executive Order 13310 blocks property of Burma‑related persons and prohibits certain transactions, thereby imposing sanctions.",other,,"the order targets the Government of Burma and related property, which does not fit the listed primary topics",[],imposes_sanctions,,stop
13311,03-19675,Homeland Security Information Sharing,George W. Bush,2003-07-29,2003-07-31,68 FR 45149,4319,https://www.govinfo.gov/content/pkg/FR-2003-07-31/pdf/03-19675.pdf,https://www.federalregister.gov/documents/full_text/text/2003/07/31/03-19675.txt,"The order assigns the President’s homeland‑security functions under the Homeland Security Act to the Secretary of Homeland Security (and, for one function, to the Attorney General and the Director of Central Intelligence).",justice_and_law_enforcement,,,[],delegates_authority,,stop
13312,03-19676,Implementing the Clean Diamond Trade Act,George W. Bush,2003-07-29,2003-07-31,68 FR 45151,8431,https://www.govinfo.gov/content/pkg/FR-2003-07-31/pdf/03-19676.pdf,https://www.federalregister.gov/documents/full_text/text/2003/07/31/03-19676.txt,"Executive Order 13312 implements the Clean Diamond Trade Act by imposing sanctions on rough diamonds, delegating authority, creating a coordinating committee, amending prior executive orders, and defining terms.",energy_and_environment,,,[],other,,stop
13313,03-20013,Delegation of Certain Congressional Reporting Functions,George W. Bush,2003-07-31,2003-08-05,68 FR 46073,16362,https://www.govinfo.gov/content/pkg/FR-2003-08-05/pdf/03-20013.pdf,https://www.federalregister.gov/documents/full_text/text/2003/08/05/03-20013.txt,Executive Order 13313 delegates the President’s congressional‑reporting responsibilities to various department heads and officials.,government_administration,,,[],delegates_authority,,stop
13314,03-20764,Waiver Under the Trade Act of 1974 With Respect to Turkmenistan,George W. Bush,2003-08-08,2003-08-13,68 FR 48249,785,https://www.govinfo.gov/content/pkg/FR-2003-08-13/pdf/03-20764.pdf,https://www.federalregister.gov/documents/full_text/text/2003/08/13/03-20764.txt,The order waives the application of subsections (a) and (b) of section 402 of the Trade Act of 1974 with respect to Turkmenistan.,trade,,,[],other,waiver of trade‑act restrictions,stop
13315,03-22543,"Blocking Property of the Former Iraqi Regime, Its Senior Officials and Their Family Members, and Taking Certain Other Actions",George W. Bush,2003-08-28,2003-09-03,68 FR 52315,11973,https://www.govinfo.gov/content/pkg/FR-2003-09-03/pdf/03-22543.pdf,https://www.federalregister.gov/documents/full_text/text/2003/09/03/03-22543.txt,"Executive Order 13315 blocks property of the former Iraqi regime, its senior officials and family members, and authorizes confiscation and transfer of such property to the Development Fund for Iraq.",foreign_policy,,,[],imposes_sanctions,,stop
13316,03-24217,Continuance of Certain Federal Advisory Committees,George W. Bush,2003-09-17,2003-09-23,68 FR 55255,6496,https://www.govinfo.gov/content/pkg/FR-2003-09-23/pdf/03-24217.pdf,https://www.federalregister.gov/documents/full_text/text/2003/09/23/03-24217.txt,"Executive Order 13316 continues a set of federal advisory committees, revokes several earlier orders that created now‑defunct committees, amends a provision of EO 12131, and supersedes EO 13225.",government_administration,,,[],revokes_or_amends,,stop
13317,03-24919,Volunteers for Prosperity,George W. Bush,2003-09-25,2003-09-30,68 FR 56515,7372,https://www.govinfo.gov/content/pkg/FR-2003-09-30/pdf/03-24919.pdf,https://www.federalregister.gov/documents/full_text/text/2003/09/30/03-24919.txt,"Executive Order 13317 creates agency‑level Offices for Volunteers for Prosperity, directs agencies to staff them, requires use of volunteers in grant decisions, assigns USAID as inter‑agency coordinator, and sets reporting deadlines.",foreign_policy,,,[],creates_body,,stop
13318,03-29644,Presidential Management Fellows Program,George W. Bush,2003-11-21,2003-11-25,68 FR 66317,7084,https://www.govinfo.gov/content/pkg/FR-2003-11-25/pdf/03-29644.pdf,https://www.federalregister.gov/documents/full_text/text/2003/11/25/03-29644.txt,The order establishes the Presidential Management Fellows Program and supersedes Executive Order 12364.,government_administration,,,[],creates_body,,stop
13319,03-30513,"Amendment to Executive Order 13183, Establishment of the President's Task Force on Puerto Rico's Status",George W. Bush,2003-12-03,2003-12-08,68 FR 68233,1550,https://www.govinfo.gov/content/pkg/FR-2003-12-08/pdf/03-30513.pdf,https://www.federalregister.gov/documents/full_text/text/2003/12/08/03-30513.txt,Executive Order 13319 amends Executive Order 13183 by revising Section 2 and Section 4 of the earlier order.,government_administration,,,[],revokes_or_amends,,stop
13320,03-30913,Closing of Executive Departments and Agencies of the,George W. Bush,2003-12-09,2003-12-12,68 FR 69295,1556,https://www.govinfo.gov/content/pkg/FR-2003-12-12/pdf/03-30913.pdf,https://www.federalregister.gov/documents/full_text/text/2003/12/12/03-30913.txt,"The order directs that all executive branch departments and agencies be closed on December 26 2003, but delegates to their heads the authority to keep certain offices open for national security or other public need.",government_administration,,,[],delegates_authority,,stop
13321,03-31594,Appointments During National Emergency,George W. Bush,2003-12-17,2003-12-23,68 FR 74465,1573,https://www.govinfo.gov/content/pkg/FR-2003-12-23/pdf/03-31594.pdf,https://www.federalregister.gov/documents/full_text/text/2003/12/23/03-31594.txt,The order delegates emergency appointment authority to the Secretary of Defense.,government_administration,,,[],delegates_authority,,stop
13322,03-32328,Adjustments of Certain Rates of Pay,George W. Bush,2003-12-30,2004-01-02,69 FR 231,4304,https://www.govinfo.gov/content/pkg/FR-2004-01-02/pdf/03-32328.pdf,https://www.federalregister.gov/documents/full_text/text/2004/01/02/03-32328.txt,Executive Order 13322 adjusts the rates of basic pay for various federal pay systems and sets their effective dates.,government_administration,,,[],adjusts_pay_or_admin,,stop
13323,03-32332,Assignment of Functions Relating to Arrivals in and Departures From the United States,George W. Bush,2003-12-30,2004-01-02,69 FR 241,2633,https://www.govinfo.gov/content/pkg/FR-2004-01-02/pdf/03-32332.pdf,https://www.federalregister.gov/documents/full_text/text/2004/01/02/03-32332.txt,Executive Order 13323 assigns immigration‑related functions to the Secretaries of Homeland Security and State and sets coordination requirements.,immigration,,,[],delegates_authority,,stop
13324,04-1322,Termination of Emergency With Respect to Sierra Leone and Liberia,George W. Bush,2004-01-15,2004-01-20,69 FR 2823,3896,https://www.govinfo.gov/content/pkg/FR-2004-01-20/pdf/04-1322.pdf,https://www.federalregister.gov/documents/full_text/text/2004/01/20/04-1322.txt,The order ends the national emergency concerning Sierra Leone and Liberia and revokes the two earlier emergency orders that created it.,foreign_policy,,,[],revokes_or_amends,,stop
13325,04-1941,"Amendment to Executive Order 12293, the Foreign Service of the United States",George W. Bush,2004-01-23,2004-01-28,69 FR 4217,3366,https://www.govinfo.gov/content/pkg/FR-2004-01-28/pdf/04-1941.pdf,https://www.federalregister.gov/documents/full_text/text/2004/01/28/04-1941.txt,"The order adjusts the basic salary rates for each class of the Senior Foreign Service, amending Section 4 of EO 12293, with the new rates effective on the first applicable pay period after January 1 2004.",government_administration,,,[],adjusts_pay_or_admin,,stop
13326,04-2408,President's Commission on Implementation of United States Space Exploration Policy,George W. Bush,2004-01-27,2004-02-03,69 FR 5255,5647,https://www.govinfo.gov/content/pkg/FR-2004-02-03/pdf/04-2408.pdf,https://www.federalregister.gov/documents/full_text/text/2004/02/03/04-2408.txt,Executive Order 13326 creates a presidential commission to advise on implementing the United States’ space‑exploration policy.,technology_and_research,,,[],creates_body,,stop
13327,04-2773,Federal Real Property Asset Management,George W. Bush,2004-02-04,2004-02-06,69 FR 5897,16514,https://www.govinfo.gov/content/pkg/FR-2004-02-06/pdf/04-2773.pdf,https://www.federalregister.gov/documents/full_text/text/2004/02/06/04-2773.txt,"EO 13327 creates the Federal Real Property Council, requires agencies to appoint Senior Real Property Officers within 30 days, directs the development and OMB submission of agency asset‑management plans, mandates annual reporting, sets meeting frequency for the Council, and revokes EO 12512.",government_administration,,,[],creates_body,,stop
13328,04-3170,Commission on the Intelligence Capabilities of the United States Regarding Weapons of Mass Destruction,George W. Bush,2004-02-06,2004-02-11,69 FR 6901,12759,https://www.govinfo.gov/content/pkg/FR-2004-02-11/pdf/04-3170.pdf,https://www.federalregister.gov/documents/full_text/text/2004/02/11/04-3170.txt,Executive Order 13328 creates a presidential commission to assess U.S. intelligence capabilities on weapons of mass destruction.,security_and_defense,,,[],creates_body,,stop
13329,04-4436,Encouraging Innovation in Manufacturing,George W. Bush,2004-02-24,2004-02-26,69 FR 9181,5139,https://www.govinfo.gov/content/pkg/FR-2004-02-26/pdf/04-4436.pdf,https://www.federalregister.gov/documents/full_text/text/2004/02/26/04-4436.txt,The order directs department and agency heads to give high priority to manufacturing‑related research in SBIR/STTR programs and to submit annual reports on those efforts.,technology_and_research,,,[],directs_report_or_study,,stop
13330,04-4451,Human Service Transportation Coordination,George W. Bush,2004-02-24,2004-02-26,69 FR 9185,9672,https://www.govinfo.gov/content/pkg/FR-2004-02-26/pdf/04-4451.pdf,https://www.federalregister.gov/documents/full_text/text/2004/02/26/04-4451.txt,"Executive Order 13330 creates an inter‑agency council to improve transportation for transportation‑disadvantaged persons, assigns agencies to support it, and requires a report within one year.",technology_and_research,,"The order’s focus is on coordinating federal transportation programs for human‑service needs; the closest existing taxonomy category is transportation‑related coordination, which falls under the broader technology‑and‑research umbrella.",[],creates_body,,stop
13331,04-4884,National and Community Service Programs,George W. Bush,2004-02-27,2004-03-03,69 FR 9911,8710,https://www.govinfo.gov/content/pkg/FR-2004-03-03/pdf/04-4884.pdf,https://www.federalregister.gov/documents/full_text/text/2004/03/03/04-4884.txt,"Executive Order 13331 directs the Corporation for National and Community Service to align its policies with newly‑articulated principles, to amend existing policies, to adopt new policies where needed, to implement internal management reforms, and to report on these actions within 180 days.",government_administration,,,[],delegates_authority,,stop
13332,04-5322,Further Adjustment of Certain Rates of Pay,George W. Bush,2004-03-03,2004-03-08,69 FR 10891,4295,https://www.govinfo.gov/content/pkg/FR-2004-03-08/pdf/04-5322.pdf,https://www.federalregister.gov/documents/full_text/text/2004/03/08/04-5322.txt,"Executive Order 13332 adjusts the rates of basic pay for a wide range of federal pay systems, including the General Schedule, Foreign Service, Veterans Health Administration, Senior Executive Service, Executive Schedule, the Vice President, Congress, judges, uniformed services, locality-based comparability payments, and administrative law judges. The new rates are set out in schedules attached to the order and become effective on January 1, 2004, or the first pay period after that date. The Director of the Office of Personnel Management is directed to implement the locality-based comparability payments and publish notice in the Federal Register. The order supersedes Executive Order 13322.",government_administration,,,[],adjusts_pay_or_admin,,stop
13333,04-6622,Amending Executive Order 13257 To Implement the Trafficking Victims Protection Reauthorization Act of 2003,George W. Bush,2004-03-18,2004-03-23,69 FR 13455,6363,https://www.govinfo.gov/content/pkg/FR-2004-03-23/pdf/04-6622.pdf,https://www.federalregister.gov/documents/full_text/text/2004/03/23/04-6622.txt,Amends Executive Order 13257 to implement the Trafficking Victims Protection Reauthorization Act of 2003.,justice_and_law_enforcement,,,[],revokes_or_amends,,stop
13334,04-8616,Establishing an Emergency Board To Investigate a Dispute Between the Southeastern Pennsylvania Transportation Authority and its Conductors Represented by the United Transportation Union,George W. Bush,2004-04-10,2004-04-14,69 FR 19917,2931,https://www.govinfo.gov/content/pkg/FR-2004-04-14/pdf/04-8616.pdf,https://www.federalregister.gov/documents/full_text/text/2004/04/14/04-8616.txt,Executive Order 13334 creates an emergency board to investigate a labor dispute involving the Southeastern Pennsylvania Transportation Authority and its conductors.,labor_and_workforce,government_administration,,[],creates_body,,stop
13335,04-10024,Incentives for the Use of Health Information Technology and Establishing the Position of the National Health Information Technology Coordinator,George W. Bush,2004-04-27,2004-04-30,69 FR 24059,8295,https://www.govinfo.gov/content/pkg/FR-2004-04-30/pdf/04-10024.pdf,https://www.federalregister.gov/documents/full_text/text/2004/04/30/04-10024.txt,"Executive Order 13335 creates the National Health Information Technology Coordinator position, sets a 90‑day start‑up deadline, and requires several 90‑day reports to the President.",health,,,[],creates_body,,stop
13336,04-10377,American Indian and Alaska Native Education,George W. Bush,2004-04-30,2004-05-05,69 FR 25295,10452,https://www.govinfo.gov/content/pkg/FR-2004-05-05/pdf/04-10377.pdf,https://www.federalregister.gov/documents/full_text/text/2004/05/05/04-10377.txt,"Executive Order 13336 establishes an interagency working group to improve American Indian and Alaska Native education, directs it to develop a plan within 90 days, and sets a five‑year termination limit.",education,,,[],creates_body,,stop
13337,04-10378,Issuance of Permits With Respect to Certain Energy-Related Facilities and Land Transportation Crossings on the International Boundaries of the United States,George W. Bush,2004-04-30,2004-05-05,69 FR 25299,12027,https://www.govinfo.gov/content/pkg/FR-2004-05-05/pdf/04-10378.pdf,https://www.federalregister.gov/documents/full_text/text/2004/05/05/04-10378.txt,"Executive Order 13337 amends EO 11423 to expand the Secretary of State’s authority to receive and process Presidential permit applications for energy‑related facilities and land‑transportation border crossings, and sets procedural time limits.",energy_and_environment,,,[],revokes_or_amends,,stop
13338,04-11058,Blocking Property of Certain Persons and Prohibiting the Export of Certain Goods to Syria,George W. Bush,2004-05-11,2004-05-13,69 FR 26751,16089,https://www.govinfo.gov/content/pkg/FR-2004-05-13/pdf/04-11058.pdf,https://www.federalregister.gov/documents/full_text/text/2004/05/13/04-11058.txt,"Executive Order 13338 blocks property of designated persons and prohibits the export, re‑export and certain air‑transportation services to Syria.",foreign_policy,,,[],imposes_sanctions,,stop
13339,04-11271,Increasing Economic Opportunity and Business Participation of Asian Americans and Pacific Islanders,George W. Bush,2004-05-13,2004-05-17,69 FR 28037,11002,https://www.govinfo.gov/content/pkg/FR-2004-05-17/pdf/04-11271.pdf,https://www.federalregister.gov/documents/full_text/text/2004/05/17/04-11271.txt,"Executive Order 13339 creates a presidential advisory commission, an interagency working group, and a White House initiative office to promote economic opportunity for Asian Americans and Pacific Islanders, and sets a two‑year termination deadline for the commission.",other,,"The order focuses on minority economic opportunity, a subject not covered by the predefined topic list.",[],creates_body,,stop
13340,04-11592,Establishment of Great Lakes Interagency Task Force and Promotion of a Regional Collaboration of National Significance for the Great Lakes,George W. Bush,2004-05-18,2004-05-20,69 FR 29043,9863,https://www.govinfo.gov/content/pkg/FR-2004-05-20/pdf/04-11592.pdf,https://www.federalregister.gov/documents/full_text/text/2004/05/20/04-11592.txt,"Executive Order 13340 establishes a new interagency task force focused on Great Lakes environmental issues, creates a supporting working group, and directs the task force to submit a report by a specific deadline.",energy_and_environment,,,[],creates_body,,stop
13341,04-11991,"Further Amendment to Executive Order 11023, Providing for the Performance by the Secretary of Commerce of Certain Functions Relating to the National Oceanic and Atmospheric Administration",George W. Bush,2004-05-20,2004-05-25,69 FR 29843,7412,https://www.govinfo.gov/content/pkg/FR-2004-05-25/pdf/04-11991.pdf,https://www.federalregister.gov/documents/full_text/text/2004/05/25/04-11991.txt,Executive Order 13341 amends Executive Order 11023 to update references to the NOAA Commissioned Officer Corps Act of 2002 and adds a new Section 1(m) concerning officer transfers.,energy_and_environment,,,[],revokes_or_amends,,stop
13342,04-12745,Responsibilities of the Departments of Commerce and Veterans Affairs and the Small Business Administration With Respect to Faith-Based and Community Initiatives,George W. Bush,2004-06-01,2004-06-03,69 FR 31509,7531,https://www.govinfo.gov/content/pkg/FR-2004-06-03/pdf/04-12745.pdf,https://www.federalregister.gov/documents/full_text/text/2004/06/03/04-12745.txt,"Executive Order 13342 establishes agency‑level Centers for Faith‑Based and Community Initiatives, sets operational and reporting deadlines, and assigns liaison responsibilities.",foreign_policy,,"The order’s subject is the coordination of faith‑based and community initiatives within federal agencies; no existing top‑level category fits precisely, so a descriptive label is used.",[],creates_body,,stop
13343,04-13123,"Providing for the Closing of Government Departments and Agencies on June 11, 2004",George W. Bush,2004-06-06,2004-06-08,69 FR 32245,1635,https://www.govinfo.gov/content/pkg/FR-2004-06-08/pdf/04-13123.pdf,https://www.federalregister.gov/documents/full_text/text/2004/06/08/04-13123.txt,"The order directs that all executive departments, independent establishments, and other governmental agencies be closed on a specific date.",government_administration,,,[],other,"orders the closure of agencies, which does not fit any listed instrument category",stop
13344,04-15787,Amending Executive Order 13261 on the Order of Succession in the Environmental Protection Agency,George W. Bush,2004-07-07,2004-07-09,69 FR 41747,1030,https://www.govinfo.gov/content/pkg/FR-2004-07-09/pdf/04-15787.pdf,https://www.federalregister.gov/documents/full_text/text/2004/07/09/04-15787.txt,"The order amends Executive Order 13261, which set the EPA’s order of succession.",government_administration,,,[],revokes_or_amends,,stop
13345,04-15933,Assigning Foreign Affairs Functions and Implementing the Enterprise for the Americas Initiative and the Tropical Forest Conservation Act,George W. Bush,2004-07-08,2004-07-13,69 FR 41901,9471,https://www.govinfo.gov/content/pkg/FR-2004-07-13/pdf/04-15933.pdf,https://www.federalregister.gov/documents/full_text/text/2004/07/13/04-15933.txt,"Executive Order 13345 designates the Secretary of the Treasury and the Secretary of State to perform specific foreign‑affairs functions, directs USAID to make recommendations, appoints U.S. officials to the Enterprise for the Americas Board, revokes four prior orders, and states that the order creates no enforceable rights.",foreign_policy,,,[],delegates_authority,,stop
13346,04-15934,"Delegation of Certain Waiver, Determination, Certification, Recommendation, and Reporting Functions",George W. Bush,2004-07-08,2004-07-13,69 FR 41905,5885,https://www.govinfo.gov/content/pkg/FR-2004-07-13/pdf/04-15934.pdf,https://www.federalregister.gov/documents/full_text/text/2004/07/13/04-15934.txt,"Executive Order 13346 delegates specific presidential waiver, determination, certification, recommendation, and reporting functions to the Secretary of State, the United States Trade Representative, and the Secretary of Commerce, and amends two earlier orders.",government_administration,,,[],delegates_authority,,stop
13347,04-17150,Individuals With Disabilities in Emergency Preparedness,George W. Bush,2004-07-22,2004-07-26,69 FR 44573,6199,https://www.govinfo.gov/content/pkg/FR-2004-07-26/pdf/04-17150.pdf,https://www.federalregister.gov/documents/full_text/text/2004/07/26/04-17150.txt,Executive Order 13347 establishes an interagency council to coordinate emergency‑preparedness planning for individuals with disabilities and directs the council to submit an annual report to the President.,health,,,[],creates_body,,stop
13348,04-17205,Blocking Property of Certain Persons and Prohibiting the Importation of Certain Goods from Liberia,George W. Bush,2004-07-22,2004-07-27,69 FR 44885,10767,https://www.govinfo.gov/content/pkg/FR-2004-07-27/pdf/04-17205.pdf,https://www.federalregister.gov/documents/full_text/text/2004/07/27/04-17205.txt,"Executive Order 13348 blocks property of designated persons and prohibits importation of Liberian round‑log and timber products, imposes sanctions, authorizes Treasury actions, requires reporting, and references UN Security Council resolutions.",foreign_policy,,,[],imposes_sanctions,,stop
13349,04-17204,Amending Executive Order 13226 To Designate the President's Council of Advisors on Science and Technology To Serve as the National Nanotechnology Advisory Panel,George W. Bush,2004-07-23,2004-07-27,69 FR 44891,1463,https://www.govinfo.gov/content/pkg/FR-2004-07-27/pdf/04-17204.pdf,https://www.federalregister.gov/documents/full_text/text/2004/07/27/04-17204.txt,Amends Executive Order 13226 to add a new section designating the President’s Council of Advisors on Science and Technology (PCAST) as the National Nanotechnology Advisory Panel.,technology_and_research,,,[],revokes_or_amends,,stop
13350,04-17636,"Termination of Emergency Declared in Executive Order 12722 With Respect to Iraq and Modification of Executive Order 13290, Executive Order 13303, and Executive Order 13315",George W. Bush,2004-07-29,2004-07-30,69 FR 46055,9181,https://www.govinfo.gov/content/pkg/FR-2004-07-30/pdf/04-17636.pdf,https://www.federalregister.gov/documents/full_text/text/2004/07/30/04-17636.txt,"The order terminates the national emergency declared in EO 12722, revokes that EO and several related emergency orders, and amends EO 13290 to replace the reference to the 1990 emergency with the 2003 emergency.",foreign_policy,,,[],revokes_or_amends,,stop
13351,04-18575,Establishing an Emergency Board To Investigate a Dispute Between the Southeastern Pennsylvania Transportation Authority and Its Conductors Represented by the United Transportation Union,George W. Bush,2004-08-09,2004-08-12,69 FR 50047,3685,https://www.govinfo.gov/content/pkg/FR-2004-08-12/pdf/04-18575.pdf,https://www.federalregister.gov/documents/full_text/text/2004/08/12/04-18575.txt,"Executive Order 13351 creates a three‑member emergency board to investigate a labor dispute involving the Southeastern Pennsylvania Transportation Authority and its conductors, sets reporting and settlement‑offer deadlines, limits changes to the dispute’s conditions, and assigns record‑keeping to the National Mediation Board.",labor_and_workforce,justice_and_law_enforcement,,[],creates_body,,stop
13352,04-19909,Facilitation of Cooperative Conservation,George W. Bush,2004-08-26,2004-08-30,69 FR 52989,4446,https://www.govinfo.gov/content/pkg/FR-2004-08-30/pdf/04-19909.pdf,https://www.federalregister.gov/documents/full_text/text/2004/08/30/04-19909.txt,Executive Order 13352 creates a White House Conference on Cooperative Conservation to promote cooperative conservation of natural resources.,energy_and_environment,,,[],creates_body,,stop
13353,04-20049,Establishing the President's Board on Safeguarding Americans' Civil Liberties,George W. Bush,2004-08-27,2004-09-01,69 FR 53585,9172,https://www.govinfo.gov/content/pkg/FR-2004-09-01/pdf/04-20049.pdf,https://www.federalregister.gov/documents/full_text/text/2004/09/01/04-20049.txt,Executive Order 13353 establishes the President’s Board on Safeguarding Americans’ Civil Liberties and assigns related responsibilities.,civil_rights,,,[],creates_body,,stop
13354,04-20050,National Counterterrorism Center,George W. Bush,2004-08-27,2004-09-01,69 FR 53589,15905,https://www.govinfo.gov/content/pkg/FR-2004-09-01/pdf/04-20050.pdf,https://www.federalregister.gov/documents/full_text/text/2004/09/01/04-20050.txt,"Executive Order 13354 establishes the National Counterterrorism Center, defines its leadership, assigns authority, and sets reporting and information‑sharing duties.",security_and_defense,,,[],creates_body,,stop
13355,04-20051,Strengthened Management of the Intelligence Community,George W. Bush,2004-08-27,2004-09-01,69 FR 53593,19168,https://www.govinfo.gov/content/pkg/FR-2004-09-01/pdf/04-20051.pdf,https://www.federalregister.gov/documents/full_text/text/2004/09/01/04-20051.txt,"Executive Order 13355 strengthens management of the United States Intelligence Community by amending EO 12333 and assigning new duties, reporting requirements, and deadlines.",security_and_defense,,,[],revokes_or_amends,,stop
13356,04-20052,Strengthening the Sharing of Terrorism Information To Protect Americans,George W. Bush,2004-08-27,2004-09-01,69 FR 53599,16012,https://www.govinfo.gov/content/pkg/FR-2004-09-01/pdf/04-20052.pdf,https://www.federalregister.gov/documents/full_text/text/2004/09/01/04-20052.txt,"Executive Order 13356 establishes an Information Systems Council to improve terrorism information sharing and directs several agencies to develop standards, recommendations, and a report within specified timeframes.",technology_and_research,,,[],creates_body,,stop
13357,04-21411,Termination of Emergency Declared in Executive Order 12543 With Respect to the Policies and Actions of the,George W. Bush,2004-09-20,2004-09-22,69 FR 56665,3582,https://www.govinfo.gov/content/pkg/FR-2004-09-22/pdf/04-21411.pdf,https://www.federalregister.gov/documents/full_text/text/2004/09/22/04-21411.txt,"The order terminates the national emergency declared in EO 12543 and revokes EO 12538, EO 12543, EO 12544, and EO 12801.",foreign_policy,,,[],revokes_or_amends,,stop
13358,04-22212,"Assignment of Functions Relating to Certain Appointments, Promotions, and Commissions in the Armed Forces",George W. Bush,2004-09-28,2004-09-30,69 FR 58797,4340,https://www.govinfo.gov/content/pkg/FR-2004-09-30/pdf/04-22212.pdf,https://www.federalregister.gov/documents/full_text/text/2004/09/30/04-22212.txt,"Executive Order 13358 delegates to the Secretaries of Defense and Homeland Security the President’s functions under specific statutes relating to appointments, promotions and commissions in the Armed Forces, and it takes effect on 1 October 2004.",government_administration,,,[],delegates_authority,,stop
13359,04-23994,"Amendment to Executive Order 13173, Interagency Task Force on the Economic Development of the Central San Joaquin Valley",George W. Bush,2004-10-20,2004-10-25,69 FR 62391,3009,https://www.govinfo.gov/content/pkg/FR-2004-10-25/pdf/04-23994.pdf,https://www.federalregister.gov/documents/full_text/text/2004/10/25/04-23994.txt,Executive Order 13359 amends Executive Order 13173 to change the composition of the Interagency Task Force on the Economic Development of the Central San Joaquin Valley and to modify two of its sections.,economy_and_finance,,,[],revokes_or_amends,,stop
13360,04-24098,Providing Opportunities for Service-Disabled Veteran Businesses To Increase Their Federal Contracting and Subcontracting,George W. Bush,2004-10-20,2004-10-26,69 FR 62549,9036,https://www.govinfo.gov/content/pkg/FR-2004-10-26/pdf/04-24098.pdf,https://www.federalregister.gov/documents/full_text/text/2004/10/26/04-24098.txt,"Executive Order 13360 directs all federal agencies to develop, publish, and annually report strategies that increase participation of service‑disabled veteran businesses in federal contracting, designates senior officials, requires specific procurement reservations, mandates training and assistance programs, and assigns related duties to the SBA, GSA, Department of Defense, Department of Veterans Affairs, and Department of Labor.",government_administration,,,[],delegates_authority,,stop
13361,04-25866,"Assignment of Functions Under the United States Leadership Against HIV/AIDS, Tuberculosis, and Malaria Act of 2003",George W. Bush,2004-11-16,2004-11-19,69 FR 67633,3179,https://www.govinfo.gov/content/pkg/FR-2004-11-19/pdf/04-25866.pdf,https://www.federalregister.gov/documents/full_text/text/2004/11/19/04-25866.txt,"Amends Executive Order 12163 by adding new paragraphs and subsections related to the United States Leadership Against HIV/AIDS, Tuberculosis, and Malaria Act of 2003.",health,,,[],revokes_or_amends,,stop
13362,04-26684,Designation of Additional Officers for the Department of Homeland Security Order of Succession,George W. Bush,2004-11-29,2004-12-02,69 FR 70173,2737,https://www.govinfo.gov/content/pkg/FR-2004-12-02/pdf/04-26684.pdf,https://www.federalregister.gov/documents/full_text/text/2004/12/02/04-26684.txt,Executive Order 13362 designates additional Federal Emergency Management Agency regional directors to the Department of Homeland Security succession line and specifies that they may act as Secretary if eligible.,government_administration,,,[],adjusts_pay_or_admin,,stop
13363,04-26685,Establishing the Afghanistan and Iraq Campaign Medals,George W. Bush,2004-11-29,2004-12-02,69 FR 70175,4217,https://www.govinfo.gov/content/pkg/FR-2004-12-02/pdf/04-26685.pdf,https://www.federalregister.gov/documents/full_text/text/2004/12/02/04-26685.txt,Executive Order 13363 creates two new campaign medals for service in Afghanistan and Iraq.,civil_rights,,The order’s subject is the creation of military awards; the closest predefined topic is the area covering military and veterans affairs.,[],confers_status_or_honor,,stop
13364,04-26686,Modifying the Protection Granted to the Development Fund for Iraq and Certain Property in Which Iraq Has an Interest and Protecting the Central Bank of Iraq,George W. Bush,2004-11-29,2004-12-02,69 FR 70177,5878,https://www.govinfo.gov/content/pkg/FR-2004-12-02/pdf/04-26686.pdf,https://www.federalregister.gov/documents/full_text/text/2004/12/02/04-26686.txt,"The order amends the earlier emergency order to limit the prohibition on attachment, judgment, and other judicial processes with respect to the Development Fund for Iraq, Iraqi petroleum, and assets of the Central Bank of Iraq, and authorizes the Treasury to implement the changes.",foreign_policy,,,[],revokes_or_amends,,stop
13365,04-27076,"2004 Amendments to the Manual for Courts-Martial, United States",George W. Bush,2004-12-03,2004-12-08,69 FR 71333,23077,https://www.govinfo.gov/content/pkg/FR-2004-12-08/pdf/04-27076.pdf,https://www.federalregister.gov/documents/full_text/text/2004/12/08/04-27076.txt,"Executive Order 13365 amends the Manual for Courts‑Martial by adding new provisions and updating existing rules governing military justice procedures. It directs the Department of Defense Joint Service Committee on Military Justice to conduct an annual review of the manual and to propose amendments, and it incorporates DoD Directive 5500.17 as an appendix. The amendments become effective 30 days after the order’s signing on December 3 2004.",justice_and_law_enforcement,,,[],revokes_or_amends,,stop
13366,04-28079,Committee on Ocean Policy,George W. Bush,2004-12-17,2004-12-21,69 FR 76591,8845,https://www.govinfo.gov/content/pkg/FR-2004-12-21/pdf/04-28079.pdf,https://www.federalregister.gov/documents/full_text/text/2004/12/21/04-28079.txt,Executive Order 13366 creates the Committee on Ocean Policy to coordinate federal ocean‑related matters.,energy_and_environment,,,[],creates_body,,stop
13367,04-28404,United States-Mexico Border Health Commission,George W. Bush,2004-12-21,2004-12-27,69 FR 77605,1795,https://www.govinfo.gov/content/pkg/FR-2004-12-27/pdf/04-28404.pdf,https://www.federalregister.gov/documents/full_text/text/2004/12/27/04-28404.txt,"The order designates the United States‑Mexico Border Health Commission as a public international organization and extends to its Mexican Section the same privileges, exemptions, and immunities that foreign‑government officers receive under the International Organizations Immunities Act.",health,,,[],delegates_authority,,stop
13368,05-306,Adjustments of Certain Rates of Pay,George W. Bush,2004-12-30,2005-01-05,70 FR 1147,4272,https://www.govinfo.gov/content/pkg/FR-2005-01-05/pdf/05-306.pdf,https://www.federalregister.gov/documents/full_text/text/2005/01/05/05-306.txt,"The order adjusts federal pay rates for various statutory pay systems, senior executives, and other officials.",government_administration,,,[],adjusts_pay_or_admin,,stop
13369,05-771,President's Advisory Panel on Federal Tax Reform,George W. Bush,2005-01-07,2005-01-12,70 FR 2323,5999,https://www.govinfo.gov/content/pkg/FR-2005-01-12/pdf/05-771.pdf,https://www.federalregister.gov/documents/full_text/text/2005/01/12/05-771.txt,"Executive Order 13369 establishes the President’s Advisory Panel on Federal Tax Reform, defines its composition, purpose, administration, reporting deadline, and termination.",foreign_policy,,"The order’s subject is federal tax reform, which falls under fiscal policy; if a more specific taxonomy is unavailable, the closest existing category is used.","[""government_administration""]",creates_body,,stop
13370,05-1170,Providing an Order of Succession in the Office of Management and Budget,George W. Bush,2005-01-13,2005-01-19,70 FR 3137,2692,https://www.govinfo.gov/content/pkg/FR-2005-01-19/pdf/05-1170.pdf,https://www.federalregister.gov/documents/full_text/text/2005/01/19/05-1170.txt,"The order establishes a succession line for the Office of Management and Budget Director, designating which officials will act as Director if the Director and Deputy Director are unable to serve.",government_administration,,,[],delegates_authority,,stop
13371,05-1886,"Amendments to Executive Order 13285, Relating to the President's Council on Service and Civic Participation",George W. Bush,2005-01-27,2005-01-31,70 FR 5041,3881,https://www.govinfo.gov/content/pkg/FR-2005-01-31/pdf/05-1886.pdf,https://www.federalregister.gov/documents/full_text/text/2005/01/31/05-1886.txt,"Executive Order 13371 amends Executive Order 13285 to revise the mission, functions, and operating provisions of the President’s Council on Service and Civic Participation.",civil_rights,,,[],revokes_or_amends,,stop
13372,05-3385,Clarification of Certain Executive Orders Blocking Property and Prohibiting Certain Transactions,George W. Bush,2005-02-16,2005-02-18,70 FR 8499,5329,https://www.govinfo.gov/content/pkg/FR-2005-02-18/pdf/05-3385.pdf,https://www.federalregister.gov/documents/full_text/text/2005/02/18/05-3385.txt,The order amends earlier executive orders that block property and prohibit certain transactions.,foreign_policy,,,[],revokes_or_amends,,stop
13373,05-5097,Amendments to Executive Order 11926 Relating to the Vice Presidential Service Badge,George W. Bush,2005-03-10,2005-03-14,70 FR 12579,4532,https://www.govinfo.gov/content/pkg/FR-2005-03-14/pdf/05-5097.pdf,https://www.federalregister.gov/documents/full_text/text/2005/03/14/05-5097.txt,"Amends Executive Order 11926 to modify the definitions, eligibility criteria, and language concerning the Vice Presidential Service Badge.",other,,the order concerns a federal award (Vice Presidential Service Badge),[],revokes_or_amends,,stop
13374,05-5434,Amendments to Executive Order 12293—The Foreign Service of the United States,George W. Bush,2005-03-14,2005-03-17,70 FR 12961,2714,https://www.govinfo.gov/content/pkg/FR-2005-03-17/pdf/05-5434.pdf,https://www.federalregister.gov/documents/full_text/text/2005/03/17/05-5434.txt,The order adjusts the basic salary rates for each class of the Senior Foreign Service.,government_administration,,,[],adjusts_pay_or_admin,,stop
13375,05-6907,"Amendment to Executive Order 13295 Relating to Certain
Influenza Viruses and Quarantinable Communicable Diseases",George W. Bush,2005-04-01,2005-04-05,70 FR 17299,1502,https://www.govinfo.gov/content/pkg/FR-2005-04-05/pdf/05-6907.pdf,https://www.federalregister.gov/documents/full_text/text/2005/04/05/05-6907.txt,Executive Order 13375 amends Executive Order 13295 by adding a new subsection (c) that defines novel or re‑emergent influenza viruses with pandemic potential.,health,,,[],revokes_or_amends,,stop
13376,05-7830,"Amendments to Executive Order 12863, Relating to the President's Foreign Intelligence Advisory Board",George W. Bush,2005-04-13,2005-04-18,70 FR 20261,1704,https://www.govinfo.gov/content/pkg/FR-2005-04-18/pdf/05-7830.pdf,https://www.federalregister.gov/documents/full_text/text/2005/04/18/05-7830.txt,Amends Executive Order 12863 by replacing references to the Director of Central Intelligence with Director of National Intelligence.,government_administration,,,[],revokes_or_amends,,stop
13377,05-7831,"Designating the African Union as a Public International Organization Entitled To Enjoy Certain Privileges, Exemptions, and Immunities",George W. Bush,2005-04-13,2005-04-18,70 FR 20263,1569,https://www.govinfo.gov/content/pkg/FR-2005-04-18/pdf/05-7831.pdf,https://www.federalregister.gov/documents/full_text/text/2005/04/18/05-7831.txt,Executive Order 13377 revokes Executive Order 11767 and designates the African Union as a public international organization entitled to privileges under the International Organizations Immunities Act.,foreign_policy,,,[],revokes_or_amends,,stop
13378,05-9892,Amendments to Executive Order 12788 Relating to the Defense Economic Adjustment Program,George W. Bush,2005-05-12,2005-05-17,70 FR 28413,3790,https://www.govinfo.gov/content/pkg/FR-2005-05-17/pdf/05-9892.pdf,https://www.federalregister.gov/documents/full_text/text/2005/05/17/05-9892.txt,The order amends Executive Order 12788 to update the Defense Economic Adjustment Program.,security_and_defense,,,[],revokes_or_amends,,stop
13379,05-12284,"Amendment to Executive Order 13369, Relating to the President's Advisory Panel on Federal Tax Reform",George W. Bush,2005-06-16,2005-06-20,70 FR 35505,1150,https://www.govinfo.gov/content/pkg/FR-2005-06-20/pdf/05-12284.pdf,https://www.federalregister.gov/documents/full_text/text/2005/06/20/05-12284.txt,Amends the reporting deadline for the President's Advisory Panel on Federal Tax Reform.,technology_and_research,,,[],revokes_or_amends,,stop
13380,05-12354,Implementing Amendments to Agreement on Border,George W. Bush,2005-06-17,2005-06-21,70 FR 35509,3574,https://www.govinfo.gov/content/pkg/FR-2005-06-21/pdf/05-12354.pdf,https://www.federalregister.gov/documents/full_text/text/2005/06/21/05-12354.txt,The order amends a prior executive order concerning the Border Environment Cooperation Commission and the North American Development Bank.,energy_and_environment,,,[],revokes_or_amends,,stop
13381,05-13098,Strengthening Processes Relating to Determining Eligibility for Access to Classified National Security Information,George W. Bush,2005-06-27,2005-06-30,70 FR 37953,12338,https://www.govinfo.gov/content/pkg/FR-2005-06-30/pdf/05-13098.pdf,https://www.federalregister.gov/documents/full_text/text/2005/06/30/05-13098.txt,"Executive Order 13381 amends EO 12171 to add a new section for the Center for Federal Investigative Services, references several prior orders (including EO 12958), and sets reporting and expiration deadlines.",security_and_defense,,,[],revokes_or_amends,,stop
13382,05-13214,Blocking Property of Weapons of Mass Destruction Proliferators and Their Supporters,George W. Bush,2005-06-28,2005-07-01,70 FR 38567,11252,https://www.govinfo.gov/content/pkg/FR-2005-07-01/pdf/05-13214.pdf,https://www.federalregister.gov/documents/full_text/text/2005/07/01/05-13214.txt,The order blocks property of persons involved in the proliferation of weapons of mass destruction.,energy_and_environment,,,[],imposes_sanctions,,stop
13383,05-14452,Amending Executive Orders 12139 and 12949 in Light of Establishment of the Office of Director of National Intelligence,George W. Bush,2005-07-15,2005-07-20,70 FR 41933,2161,https://www.govinfo.gov/content/pkg/FR-2005-07-20/pdf/05-14452.pdf,https://www.federalregister.gov/documents/full_text/text/2005/07/20/05-14452.txt,Amends sections of EO 12139 and EO 12949 to replace references to the Director of Central Intelligence with references to the Director of National Intelligence and to add a Principal Deputy Director of National Intelligence.,government_administration,,,[],revokes_or_amends,,stop
13384,05-15160,Assignment of Functions Relating to Original Appointments as Commissioned Officers and Chief Warrant Officer Appointments in the Armed Forces,George W. Bush,2005-07-27,2005-07-29,70 FR 43739,1893,https://www.govinfo.gov/content/pkg/FR-2005-07-29/pdf/05-15160.pdf,https://www.federalregister.gov/documents/full_text/text/2005/07/29/05-15160.txt,The order delegates to the Secretary of Defense the authority to perform the President’s functions related to original officer and chief warrant officer appointments in the Armed Forces.,government_administration,,,[],delegates_authority,,stop
13385,05-19993,Continuance of Certain Federal Advisory Committees and Amendments to and Revocation of Other Executive Orders,George W. Bush,2005-09-29,2005-10-04,70 FR 57989,10982,https://www.govinfo.gov/content/pkg/FR-2005-10-04/pdf/05-19993.pdf,https://www.federalregister.gov/documents/full_text/text/2005/10/04/05-19993.txt,"Executive Order 13385 continues a set of federal advisory committees, amends several earlier executive orders that created or modified those committees, revokes two commissions, supersedes EO 13316, and sets an effective date.",government_administration,,,[],revokes_or_amends,,stop
13386,05-20156,"Further Amendment to Executive Order 13369, Relating to the President's Advisory Panel on Federal Tax Reform",George W. Bush,2005-09-30,2005-10-05,70 FR 58289,1577,https://www.govinfo.gov/content/pkg/FR-2005-10-05/pdf/05-20156.pdf,https://www.federalregister.gov/documents/full_text/text/2005/10/05/05-20156.txt,The order amends Executive Order 13369 to change the reporting deadlines for the President’s Advisory Panel on Federal Tax Reform.,foreign_policy,,"The order concerns the President’s Advisory Panel on Federal Tax Reform, which falls under the tax and revenue subject area.",[],revokes_or_amends,,stop
13387,05-20944,"2005 Amendments to the Manual for Courts-Martial, United States",George W. Bush,2005-10-14,2005-10-18,70 FR 60697,31363,https://www.govinfo.gov/content/pkg/FR-2005-10-18/pdf/05-20944.pdf,https://www.federalregister.gov/documents/full_text/text/2005/10/18/05-20944.txt,"Executive Order 13387 amends the Manual for Courts‑Martial, United States, updating numerous provisions and referencing Executive Order 12958.",justice_and_law_enforcement,,,[],revokes_or_amends,,stop
13388,05-21571,Further Strengthening the Sharing of Terrorism Information To Protect Americans,George W. Bush,2005-10-25,2005-10-27,70 FR 62023,10588,https://www.govinfo.gov/content/pkg/FR-2005-10-27/pdf/05-21571.pdf,https://www.federalregister.gov/documents/full_text/text/2005/10/27/05-21571.txt,Executive Order 13388 creates an interagency Information Sharing Council to improve terrorism‑information sharing.,security_and_defense,,,[],creates_body,,stop
13389,05-22132,Creation of the Gulf Coast Recovery and Rebuilding Council,George W. Bush,2005-11-01,2005-11-04,70 FR 67325,6115,https://www.govinfo.gov/content/pkg/FR-2005-11-04/pdf/05-22132.pdf,https://www.federalregister.gov/documents/full_text/text/2005/11/04/05-22132.txt,Executive Order 13389 establishes the Gulf Coast Recovery and Rebuilding Council to coordinate federal support for recovery after Hurricanes Katrina and Rita.,government_administration,,"The Council’s purpose is disaster recovery and rebuilding, which falls under internal coordination of federal agencies.",[],creates_body,,stop
13390,05-22133,Establishment of a Coordinator of Federal Support for the Recovery and Rebuilding of the Gulf Coast Region,George W. Bush,2005-11-01,2005-11-04,70 FR 67327,6427,https://www.govinfo.gov/content/pkg/FR-2005-11-04/pdf/05-22133.pdf,https://www.federalregister.gov/documents/full_text/text/2005/11/04/05-22133.txt,"Executive Order 13390 creates a new federal position – the Coordinator of Federal Support for the Recovery and Rebuilding of the Gulf Coast Region – and assigns duties to that Coordinator and to heads of departments, and it sets an automatic termination date.",government_administration,,,[],creates_body,,stop
13391,05-23412,Blocking Property of Additional Persons Undermining Democratic Processes or Institutions in Zimbabwe,George W. Bush,2005-11-22,2005-11-25,70 FR 71201,9598,https://www.govinfo.gov/content/pkg/FR-2005-11-25/pdf/05-23412.pdf,https://www.federalregister.gov/documents/full_text/text/2005/11/25/05-23412.txt,The order blocks property of persons who undermine Zimbabwe’s democratic processes and amends the annex and sections of EO 13288.,foreign_policy,,,[],imposes_sanctions,,stop
13392,05-24255,Improving Agency Disclosure of Information,George W. Bush,2005-12-14,2005-12-19,70 FR 75373,16338,https://www.govinfo.gov/content/pkg/FR-2005-12-19/pdf/05-24255.pdf,https://www.federalregister.gov/documents/full_text/text/2005/12/19/05-24255.txt,Executive Order 13392 establishes new FOIA‑related offices and reporting requirements to improve agency disclosure of information.,government_administration,,,[],creates_body,,stop
13393,05-24596,Adjustments of Certain Rates of Pay,George W. Bush,2005-12-22,2005-12-27,70 FR 76655,4396,https://www.govinfo.gov/content/pkg/FR-2005-12-27/pdf/05-24596.pdf,https://www.federalregister.gov/documents/full_text/text/2005/12/27/05-24596.txt,"Executive Order 13393 adjusts federal pay rates for various statutory pay systems, senior executives, certain officials, uniformed services, locality‑based comparability payments, and administrative law judges.",government_administration,,,[],adjusts_pay_or_admin,,stop
13394,05-24597,Providing an Order of Succession Within the Department of Defense,George W. Bush,2005-12-22,2005-12-27,70 FR 76665,4350,https://www.govinfo.gov/content/pkg/FR-2005-12-27/pdf/05-24597.pdf,https://www.federalregister.gov/documents/full_text/text/2005/12/27/05-24597.txt,Executive Order 13394 establishes an internal order of succession for the Department of Defense and revokes a prior order and memorandum.,government_administration,,,[],adjusts_pay_or_admin,,stop
13395,06-554,"Designating the Global Fund To Fight AIDS, Tuberculosis and Malaria as a Public International Organization Entitled To Enjoy Certain Privileges, Exemptions, and Immunities",George W. Bush,2006-01-13,2006-01-19,71 FR 3203,1349,https://www.govinfo.gov/content/pkg/FR-2006-01-19/pdf/06-554.pdf,https://www.federalregister.gov/documents/full_text/text/2006/01/19/06-554.txt,"Executive Order 13395 designates the Global Fund to Fight AIDS, Tuberculosis and Malaria as a public international organization that may receive the privileges, exemptions, and immunities provided by the International Organizations Immunities Act.",health,,,[],other,"designates an external health organization to receive privileges, exemptions, and immunities",stop
13396,06-1316,Blocking Property of Certain Persons Contributing to the Conflict in Côte d'Ivoire,George W. Bush,2006-02-07,2006-02-10,71 FR 7389,11614,https://www.govinfo.gov/content/pkg/FR-2006-02-10/pdf/06-1316.pdf,https://www.federalregister.gov/documents/full_text/text/2006/02/10/06-1316.txt,Executive Order 13396 blocks the property of persons contributing to the conflict in Côte d’Ivoire and authorizes the Treasury to enforce the sanctions.,foreign_policy,,,[],imposes_sanctions,,stop
13397,06-2362,Responsibilities of the Department of Homeland Security With Respect to Faith-Based and Community Initiatives,George W. Bush,2006-03-07,2006-03-09,71 FR 12275,6916,https://www.govinfo.gov/content/pkg/FR-2006-03-09/pdf/06-2362.pdf,https://www.federalregister.gov/documents/full_text/text/2006/03/09/06-2362.txt,"Executive Order 13397 creates a Center for Faith‑Based and Community Initiatives within DHS, sets operational and reporting deadlines, and defines several coordination relationships between the Secretary, the Center, and the White House Office of Faith‑Based and Community Initiatives.",foreign_policy,,,[],creates_body,,stop
13398,06-3865,National Mathematics Advisory Panel,George W. Bush,2006-04-18,2006-04-21,71 FR 20519,8318,https://www.govinfo.gov/content/pkg/FR-2006-04-21/pdf/06-3865.pdf,https://www.federalregister.gov/documents/full_text/text/2006/04/21/06-3865.txt,"Executive Order 13398 establishes the National Mathematics Advisory Panel within the Department of Education, tasks it with advising the President and Secretary of Education on mathematics education policy, appoints a Chair, requires a preliminary report by 31 January 2007 and a final report by 28 February 2008, allows the Secretary to request additional reports, and provides that the panel will terminate two years after the order’s date unless extended.",education,,,[],creates_body,,stop
13399,06-4085,Blocking Property of Additional Persons in Connection With the National Emergency With Respect to Syria,George W. Bush,2006-04-25,2006-04-28,71 FR 25059,9537,https://www.govinfo.gov/content/pkg/FR-2006-04-28/pdf/06-4085.pdf,https://www.federalregister.gov/documents/full_text/text/2006/04/28/06-4085.txt,"Executive Order 13399 blocks the property of persons linked to terrorist acts in Lebanon and to the Government of Syria, extending the national emergency declared in EO 13338.",foreign_policy,,,[],imposes_sanctions,,stop
13400,06-4121,Blocking Property of Persons in Connection With the Conflict in Sudan's Darfur Region,George W. Bush,2006-04-26,2006-05-01,71 FR 25483,11864,https://www.govinfo.gov/content/pkg/FR-2006-05-01/pdf/06-4121.pdf,https://www.federalregister.gov/documents/full_text/text/2006/05/01/06-4121.txt,"The order blocks property and interests in property of listed persons and any persons determined by the Treasury Secretary, prohibiting transfer, payment, export, withdrawal, or other dealing.",foreign_policy,,,[],imposes_sanctions,,stop
13401,06-4132,Responsibilities of Federal Departments and Agencies With Respect to Volunteer Community Service,George W. Bush,2006-04-27,2006-05-01,71 FR 25737,6059,https://www.govinfo.gov/content/pkg/FR-2006-05-01/pdf/06-4132.pdf,https://www.federalregister.gov/documents/full_text/text/2006/05/01/06-4132.txt,"The order directs agency heads to appoint a senior‑level Liaison for volunteer community service and assigns that Liaison duties, while also requiring periodic reporting.",government_administration,,,[],delegates_authority,,stop
13402,06-4552,Strengthening Federal Efforts To Protect Against Identity Theft,George W. Bush,2006-05-10,2006-05-15,71 FR 27945,9004,https://www.govinfo.gov/content/pkg/FR-2006-05-15/pdf/06-4552.pdf,https://www.federalregister.gov/documents/full_text/text/2006/05/15/06-4552.txt,Executive Order 13402 creates the Identity Theft Task Force to coordinate federal efforts against identity theft.,justice_and_law_enforcement,,,[],creates_body,,stop
13403,06-4652,"Amendments to Executive Orders 11030, 13279, 13339, 13381, and 13389, and Revocation of Executive Order 13011",George W. Bush,2006-05-12,2006-05-16,71 FR 28543,3614,https://www.govinfo.gov/content/pkg/FR-2006-05-16/pdf/06-4652.pdf,https://www.federalregister.gov/documents/full_text/text/2006/05/16/06-4652.txt,The order amends five earlier executive orders and revokes one earlier executive order.,government_administration,,,[],revokes_or_amends,,stop
13404,06-5351,Task Force on New Americans,George W. Bush,2006-06-07,2006-06-12,71 FR 33593,5155,https://www.govinfo.gov/content/pkg/FR-2006-06-12/pdf/06-5351.pdf,https://www.federalregister.gov/documents/full_text/text/2006/06/12/06-5351.txt,"Executive Order 13404 establishes a Task Force on New Americans within the Department of Homeland Security, chaired by the Secretary of Homeland Security and composed of cabinet secretaries. The Task Force is directed to provide guidance on integrating legal immigrants, promote English and civics education, and make recommendations to the President. The Department of Homeland Security is tasked with providing funding and administrative support for the Task Force's activities.",immigration,,,"[""government_administration"", ""education""]",creates_body,,stop
13405,06-5592,Blocking Property of Certain Persons Undermining Democratic Processes or Institutions in Belarus,George W. Bush,2006-06-16,2006-06-20,71 FR 35485,9211,https://www.govinfo.gov/content/pkg/FR-2006-06-20/pdf/06-5592.pdf,https://www.federalregister.gov/documents/full_text/text/2006/06/20/06-5592.txt,Executive Order 13405 blocks property of persons undermining democratic processes in Belarus and authorizes the Treasury to implement and manage the sanctions.,foreign_policy,,,[],imposes_sanctions,,stop
13406,06-5828,Protecting the Property Rights of the American People,George W. Bush,2006-06-23,2006-06-28,71 FR 36973,4792,https://www.govinfo.gov/content/pkg/FR-2006-06-28/pdf/06-5828.pdf,https://www.federalregister.gov/documents/full_text/text/2006/06/28/06-5828.txt,"The order directs the Attorney General to issue instructions to agency heads and to monitor agency takings, thereby assigning authority and duties to the Attorney General and to department heads.",government_administration,,,[],delegates_authority,,stop
13407,06-5829,Public Alert and Warning System,George W. Bush,2006-06-26,2006-06-28,71 FR 36975,9961,https://www.govinfo.gov/content/pkg/FR-2006-06-28/pdf/06-5829.pdf,https://www.federalregister.gov/documents/full_text/text/2006/06/28/06-5829.txt,"Executive Order 13407 establishes policy for a national public‑alert and warning system, amends prior orders, revokes a 1995 presidential memorandum, and sets reporting and guidance deadlines.",government_administration,,,[],revokes_or_amends,,stop
13408,06-5984,"Amending Executive Order 13381, As Amended, To Extend its Duration by One Year",George W. Bush,2006-06-29,2006-07-03,71 FR 37807,923,https://www.govinfo.gov/content/pkg/FR-2006-07-03/pdf/06-5984.pdf,https://www.federalregister.gov/documents/full_text/text/2006/07/03/06-5984.txt,Executive Order 13408 amends Executive Order 13381 by extending its expiration dates by one year.,technology_and_research,,,[],revokes_or_amends,,stop
13409,06-6101,Establishing an Emergency Board To Investigate a Dispute Between Southeastern Pennsylvania Transportation Authority and Its Locomotive Engineers Represented by the Brotherhood of Locomotive Engineers and Trainmen,George W. Bush,2006-07-03,2006-07-07,71 FR 38511,3039,https://www.govinfo.gov/content/pkg/FR-2006-07-07/pdf/06-6101.pdf,https://www.federalregister.gov/documents/full_text/text/2006/07/07/06-6101.txt,"Executive Order 13409 establishes a three‑member Emergency Board to investigate the dispute between SEPTA and its locomotive engineers, directs the Board to report within 30 days of its creation, and freezes any changes to the dispute’s underlying conditions for 120 days after the Board’s creation.",labor_and_workforce,,,[],creates_body,,stop
13410,06-7220,Promoting Quality and Efficient Health Care in Federal Government Administered or Sponsored Health Care Programs,George W. Bush,2006-08-22,2006-08-28,71 FR 51089,8302,https://www.govinfo.gov/content/pkg/FR-2006-08-28/pdf/06-7220.pdf,https://www.federalregister.gov/documents/full_text/text/2006/08/28/06-7220.txt,"Executive Order 13410 directs federal agencies that operate health‑care programs to adopt health‑IT standards, measure and publish quality and price information, and promote high‑quality, efficient care, with compliance required by 1 January 2007.",health,,,[],delegates_authority,,stop
13411,06-7492,Improving Assistance for Disaster Victims,George W. Bush,2006-08-29,2006-09-06,71 FR 52729,8034,https://www.govinfo.gov/content/pkg/FR-2006-09-06/pdf/06-7492.pdf,https://www.federalregister.gov/documents/full_text/text/2006/09/06/06-7492.txt,"Executive Order 13411 creates a new interagency task force to improve delivery of Federal disaster assistance and directs the development, submission, and implementation of a coordinating plan.",civil_rights,,"The order’s subject is disaster assistance, which does not fit the standard topic categories; a custom topic is used.","[""government_administration""]",creates_body,,stop
13412,06-8769,Blocking Property of and Prohibiting Transactions With the Government of Sudan,George W. Bush,2006-10-13,2006-10-17,71 FR 61369,9802,https://www.govinfo.gov/content/pkg/FR-2006-10-17/pdf/06-8769.pdf,https://www.federalregister.gov/documents/full_text/text/2006/10/17/06-8769.txt,"Executive Order 13412 blocks property and prohibits transactions with the Government of Sudan, imposing sanctions in response to human‑rights violations and threats to U.S. national security.",foreign_policy,,,[],imposes_sanctions,,stop
13413,06-9020,Blocking Property of Certain Persons Contributing to the Conflict in the Democratic Republic of the Congo,George W. Bush,2006-10-27,2006-10-31,71 FR 64105,9891,https://www.govinfo.gov/content/pkg/FR-2006-10-31/pdf/06-9020.pdf,https://www.federalregister.gov/documents/full_text/text/2006/10/31/06-9020.txt,"Executive Order 13413 blocks property of persons contributing to the conflict in the Democratic Republic of the Congo, thereby imposing sanctions as a foreign‑policy response.",foreign_policy,,,[],imposes_sanctions,,stop
13414,06-9148,"Amendment to Executive Order 13402, Strengthening Federal Efforts To Protect Against Identity Theft",George W. Bush,2006-11-03,2006-11-08,71 FR 65365,1435,https://www.govinfo.gov/content/pkg/FR-2006-11-08/pdf/06-9148.pdf,https://www.federalregister.gov/documents/full_text/text/2006/11/08/06-9148.txt,"Executive Order 13414 amends section 3(a) of EO 13402 to require the Identity Theft Task Force to prepare and submit a coordinated strategic plan to the President. The plan must be delivered by February 9, 2007, or as soon as practicable thereafter, and the Chairman and Co‑Chairman determine the timing. The order is issued under the President’s constitutional authority and updates the federal effort to combat identity theft.",justice_and_law_enforcement,,,"[""government_administration""]",revokes_or_amends,,stop
13415,06-9561,Assignment of Certain Pay-Related Functions,George W. Bush,2006-12-01,2006-12-05,71 FR 70641,1593,https://www.govinfo.gov/content/pkg/FR-2006-12-05/pdf/06-9561.pdf,https://www.federalregister.gov/documents/full_text/text/2006/12/05/06-9561.txt,The order assigns the President’s pay‑related statutory functions to the Director of the Office of Personnel Management.,government_administration,,,[],delegates_authority,,stop
13416,06-9619,Strengthening Surface Transportation Security,George W. Bush,2006-12-05,2006-12-07,71 FR 71033,9137,https://www.govinfo.gov/content/pkg/FR-2006-12-07/pdf/06-9619.pdf,https://www.federalregister.gov/documents/full_text/text/2006/12/07/06-9619.txt,"Executive Order 13416 assigns the Secretary of Homeland Security a range of duties to improve surface‑transportation security, sets multiple reporting and planning deadlines, and requires inter‑agency coordination and review.",security_and_defense,,,[],delegates_authority,,stop
13417,06-9632,Establishing an Emergency Board To Investigate Disputes Between Metro-North Railroad and Certain of Its Employees Represented by Certain Labor Organizations,George W. Bush,2006-12-06,2006-12-08,71 FR 71459,3867,https://www.govinfo.gov/content/pkg/FR-2006-12-08/pdf/06-9632.pdf,https://www.federalregister.gov/documents/full_text/text/2006/12/08/06-9632.txt,The order creates an emergency board to investigate Metro‑North railroad labor disputes.,labor_and_workforce,,,[],creates_body,,stop
13418,06-9770,"Amendment to Executive Order 13317, Volunteers for Prosperity",George W. Bush,2006-12-14,2006-12-18,71 FR 75647,967,https://www.govinfo.gov/content/pkg/FR-2006-12-18/pdf/06-9770.pdf,https://www.federalregister.gov/documents/full_text/text/2006/12/18/06-9770.txt,"Amends Executive Order 13317 by replacing the phrase “and stemming the spread of HIV/AIDS.” with “and stemming the spread of HIV/AIDS and controlling malaria.”, and by adding “the President’s Malaria Initiative” to the list of programs.",government_administration,,,[],revokes_or_amends,,stop
13419,06-9895,National Aeronautics Research and Development,George W. Bush,2006-12-20,2006-12-26,71 FR 77565,8569,https://www.govinfo.gov/content/pkg/FR-2006-12-26/pdf/06-9895.pdf,https://www.federalregister.gov/documents/full_text/text/2006/12/26/06-9895.txt,"Executive Order 13419 delegates authority to the Director of the Office of Science and Technology Policy (OSTP) to implement a national aeronautics research and development policy, requires the preparation of a plan with specific deadlines, and directs ongoing review, recommendation, monitoring and reporting functions.",technology_and_research,,,[],delegates_authority,,stop
13420,06-9896,Adjustments of Certain Rates of Pay,George W. Bush,2006-12-21,2006-12-26,71 FR 77571,4578,https://www.govinfo.gov/content/pkg/FR-2006-12-26/pdf/06-9896.pdf,https://www.federalregister.gov/documents/full_text/text/2006/12/26/06-9896.txt,The order sets new pay rates for various federal pay systems and specifies their effective dates.,government_administration,,,[],adjusts_pay_or_admin,,stop
13421,06-9993,"Providing for the Closing of Government Departments and Agencies on January 2, 2007",George W. Bush,2006-12-28,2007-01-04,72 FR 425,1655,https://www.govinfo.gov/content/pkg/FR-2007-01-04/pdf/06-9993.pdf,https://www.federalregister.gov/documents/full_text/text/2007/01/04/06-9993.txt,"The order directs that all executive departments, independent establishments, and other governmental agencies be closed on January 2 2007, with exceptions for certain offices determined by their heads.",government_administration,,,[],other,orders the temporary closure of government departments and agencies,stop
13422,07-293,Further Amendment to Executive Order 12866 on Regulatory Planning and Review,George W. Bush,2007-01-18,2007-01-23,72 FR 2763,6979,https://www.govinfo.gov/content/pkg/FR-2007-01-23/pdf/07-293.pdf,https://www.federalregister.gov/documents/full_text/text/2007/01/23/07-293.txt,"Further amends Executive Order 12866 on regulatory planning and review, adding definitions and requirements for guidance documents and agency regulatory policy officers.",government_administration,,,[],revokes_or_amends,,stop
13423,07-374,"Strengthening Federal Environmental, Energy, and Transportation Management",George W. Bush,2007-01-24,2007-01-26,72 FR 3919,21785,https://www.govinfo.gov/content/pkg/FR-2007-01-26/pdf/07-374.pdf,https://www.federalregister.gov/documents/full_text/text/2007/01/26/07-374.txt,"Executive Order 13423 establishes new bodies, creates a presidential award, delegates authority, and directs periodic reporting to advance federal environmental, energy, and transportation management.",energy_and_environment,,,[],creates_body,,stop
13424,07-419,"Further Amendment to Executive Order 13285, Relating to the President's Council on Service and Civic Participation",George W. Bush,2007-01-26,2007-01-30,72 FR 4409,882,https://www.govinfo.gov/content/pkg/FR-2007-01-30/pdf/07-419.pdf,https://www.federalregister.gov/documents/full_text/text/2007/01/30/07-419.txt,"Executive Order 13424 amends Executive Order 13285 to extend the President's Council on Service and Civic Participation. It revises section 4(b) so that, unless the President further extends it, the order shall expire on November 30, 2008. The amendment is made under the President’s constitutional authority and applies to the Council’s continuing operation.",government_administration,,,[],revokes_or_amends,,stop
13425,07-780,Trial of Alien Unlawful Enemy Combatants by Military Commission,George W. Bush,2007-02-14,2007-02-20,72 FR 7737,2739,https://www.govinfo.gov/content/pkg/FR-2007-02-20/pdf/07-780.pdf,https://www.federalregister.gov/documents/full_text/text/2007/02/20/07-780.txt,The order creates military commissions to try alien unlawful enemy combatants and supersedes provisions of the President’s 2001 Military Order related to such trials.,justice_and_law_enforcement,,,[],creates_body,,stop
13426,07-1137,Establishing a Commission on Care for America's Returning Wounded Warriors and a Task Force on Returning Global War on Terror Heroes,George W. Bush,2007-03-06,2007-03-08,72 FR 10589,10255,https://www.govinfo.gov/content/pkg/FR-2007-03-08/pdf/07-1137.pdf,https://www.federalregister.gov/documents/full_text/text/2007/03/08/07-1137.txt,Executive Order 13426 creates two new inter‑agency bodies – a President’s Commission on Care for America’s Returning Wounded Warriors and an Interagency Task Force on Returning Global War on Terror Heroes – and sets reporting and termination deadlines for each.,health,,,"[""government_administration""]",creates_body,,stop
13427,07-1152,Extending Privileges and Immunities to the Permanent Observer Mission of the Holy See to the United Nations,George W. Bush,2007-03-07,2007-03-09,72 FR 10879,1322,https://www.govinfo.gov/content/pkg/FR-2007-03-09/pdf/07-1152.pdf,https://www.federalregister.gov/documents/full_text/text/2007/03/09/07-1152.txt,Extends diplomatic privileges and immunities to the Holy See’s Permanent Observer Mission to the United Nations.,foreign_policy,,,[],other,extends diplomatic privileges and immunities,stop
13428,07-1704,Renaming a National Forest in the Commonwealth of Puerto Rico,George W. Bush,2007-04-02,2007-04-04,72 FR 16693,1705,https://www.govinfo.gov/content/pkg/FR-2007-04-04/pdf/07-1704.pdf,https://www.federalregister.gov/documents/full_text/text/2007/04/04/07-1704.txt,Renames the Caribbean National Forest in Puerto Rico to El Yunque National Forest.,energy_and_environment,,,[],other,renames a national forest,stop
13429,07-1816,Establishing an Emergency Board To Investigate a Dispute Between Metro-North Railroad and Its Maintenance of Way Employees Represented by the International Brotherhood of Teamsters,George W. Bush,2007-04-04,2007-04-10,72 FR 18101,3760,https://www.govinfo.gov/content/pkg/FR-2007-04-10/pdf/07-1816.pdf,https://www.federalregister.gov/documents/full_text/text/2007/04/10/07-1816.txt,"Executive Order 13429 creates a three‑member Emergency Board to investigate the Metro‑North Railroad labor dispute, sets reporting and termination rules, and directs record‑keeping and condition‑maintenance requirements.",labor_and_workforce,,,[],creates_body,,stop
13430,07-2027,"2007 Amendments to the Manual for Courts-Martial, United States",George W. Bush,2007-04-18,2007-04-23,72 FR 20213,24889,https://www.govinfo.gov/content/pkg/FR-2007-04-23/pdf/07-2027.pdf,https://www.federalregister.gov/documents/full_text/text/2007/04/23/07-2027.txt,"Executive Order 13430 amends the Manual for Courts‑Martial, United States, adding new rules and paragraphs and updating language; the amendments become effective 30 days after the order is signed.",justice_and_law_enforcement,,,[],revokes_or_amends,,stop
13431,07-2367,Establishment of Temporary Organization To Facilitate United States Government Assistance for Transition in Iraq,George W. Bush,2007-05-08,2007-05-11,72 FR 26709,3500,https://www.govinfo.gov/content/pkg/FR-2007-05-11/pdf/07-2367.pdf,https://www.federalregister.gov/documents/full_text/text/2007/05/11/07-2367.txt,"Executive Order 13431 establishes a temporary organization, the Iraq Transition Assistance Office (ITAO), within the Department of State to support U.S. assistance for Iraq’s transition.",other,,"the order concerns foreign assistance for Iraq’s transition, which does not fit the predefined topics",[],creates_body,,stop
13432,07-2462,"Cooperation Among Agencies in Protecting the Environment With Respect to Greenhouse Gas Emissions From Motor Vehicles, Nonroad Vehicles, and Nonroad Engines",George W. Bush,2007-05-14,2007-05-16,72 FR 27717,9405,https://www.govinfo.gov/content/pkg/FR-2007-05-16/pdf/07-2462.pdf,https://www.federalregister.gov/documents/full_text/text/2007/05/16/07-2462.txt,"Executive Order 13432 directs the Department of Transportation, the Department of Energy, and the Environmental Protection Agency to cooperate on regulatory actions that affect greenhouse‑gas emissions from motor vehicles, non‑road vehicles and engines.  It assigns coordination duties to agency heads, requires the Office of Management and Budget (OMB) Director to monitor and report on implementation, and sets reporting timelines.",energy_and_environment,,,[],delegates_authority,,stop
13433,07-2518,Protecting American Taxpayers From Payment of Contingency Fees,George W. Bush,2007-05-16,2007-05-18,72 FR 28441,4258,https://www.govinfo.gov/content/pkg/FR-2007-05-18/pdf/07-2518.pdf,https://www.federalregister.gov/documents/full_text/text/2007/05/18/07-2518.txt,"The order directs agency heads to implement a policy that legal and expert‑witness services be paid on a reasonable, non‑contingent basis; prohibits agencies from entering contingency‑fee agreements unless the Attorney General finds a legal requirement; and requires agencies to report existing contingency‑fee agreements to the Attorney General and OMB within 90 days.",government_administration,,,"[""justice_and_law_enforcement""]",delegates_authority,,stop
13434,07-2570,National Security Professional Development,George W. Bush,2007-05-17,2007-05-22,72 FR 28583,10490,https://www.govinfo.gov/content/pkg/FR-2007-05-22/pdf/07-2570.pdf,https://www.federalregister.gov/documents/full_text/text/2007/05/22/07-2570.txt,Executive Order 13434 establishes a new inter‑agency steering committee to implement a national‑security professional‑development strategy and sets several reporting deadlines.,other,,"The order’s subject – national‑security professional development – does not fit the listed topic categories (energy_and_environment, justice_and_law_enforcement, technology_and_research, government_administration).","[""government_administration""]",creates_body,,stop
13435,07-3112,Expanding Approved Stem Cell Lines in Ethically Responsible Ways,George W. Bush,2007-06-20,2007-06-22,72 FR 34591,7274,https://www.govinfo.gov/content/pkg/FR-2007-06-22/pdf/07-3112.pdf,https://www.federalregister.gov/documents/full_text/text/2007/06/22/07-3112.txt,"Executive Order 13435 directs the Secretary of Health and Human Services to expand research on ethically‑derived pluripotent stem‑cell lines, to issue a implementation plan, to rename and expand the stem‑cell registry, and to report annually.",technology_and_research,,,[],directs_report_or_study,,stop
13436,07-3258,"Further Amending Executive Order 13381, as Amended, To Extend Its Duration by One Year",George W. Bush,2007-06-28,2007-07-03,72 FR 36337,1133,https://www.govinfo.gov/content/pkg/FR-2007-07-03/pdf/07-3258.pdf,https://www.federalregister.gov/documents/full_text/text/2007/07/03/07-3258.txt,"Executive Order 13436 amends Executive Order 13381 to extend its duration by one year. It revises the dates in Section 6(a) from April 1, 2007 to April 1, 2008 and in Section 6(b) from July 1, 2007 to July 1, 2008. The order relies on the President's constitutional and statutory authority and does not assign new tasks to any agency.",security_and_defense,,,[],revokes_or_amends,,stop
13437,07-3259,Waiver Under the Trade Act of 1974 With Respect to Turkmenistan,George W. Bush,2007-06-28,2007-07-03,72 FR 36339,776,https://www.govinfo.gov/content/pkg/FR-2007-07-03/pdf/07-3259.pdf,https://www.federalregister.gov/documents/full_text/text/2007/07/03/07-3259.txt,The order waives the application of specific trade‑restriction provisions of the Trade Act of 1974 for Turkmenistan.,trade,,,[],revokes_or_amends,,stop
13438,07-3552,Blocking Property of Certain Persons Who Threaten Stabilization Efforts in Iraq,George W. Bush,2007-07-17,2007-07-19,72 FR 39719,8492,https://www.govinfo.gov/content/pkg/FR-2007-07-19/pdf/07-3552.pdf,https://www.federalregister.gov/documents/full_text/text/2007/07/19/07-3552.txt,Executive Order 13438 blocks property of persons who threaten stabilization efforts in Iraq.,foreign_policy,,,[],imposes_sanctions,,stop
13439,07-3593,Establishing an Interagency Working Group on Import Safety,George W. Bush,2007-07-18,2007-07-20,72 FR 40053,6720,https://www.govinfo.gov/content/pkg/FR-2007-07-20/pdf/07-3593.pdf,https://www.federalregister.gov/documents/full_text/text/2007/07/20/07-3593.txt,Executive Order 13439 establishes an Interagency Working Group on Import Safety and directs it to submit recommendations within 60 days.,technology_and_research,,,[],creates_body,,stop
13440,07-3656,Interpretation of the Geneva Conventions Common Article 3 as Applied to a Program of Detention and Interrogation Operated by the Central Intelligence Agency,George W. Bush,2007-07-20,2007-07-24,72 FR 40707,9690,https://www.govinfo.gov/content/pkg/FR-2007-07-24/pdf/07-3656.pdf,https://www.federalregister.gov/documents/full_text/text/2007/07/24/07-3656.txt,"Executive Order 13440 interprets Common Article 3 of the Geneva Conventions as applying to the Central Intelligence Agency's detention and interrogation program and declares the program to be in compliance provided it avoids prohibited acts. It assigns the President's function under the Military Commissions Act to the Director of National Intelligence and directs the CIA Director to issue written policies governing the program. The order also sets standards for detainee treatment, interrogation safety, and monitoring, and clarifies that the order creates no enforceable rights against the United States.",security_and_defense,,,"[""justice_and_law_enforcement"", ""foreign_policy""]",delegates_authority,,stop
13441,07-3835,Blocking Property of Persons Undermining the Sovereignty of Lebanon or Its Democratic Processes and Institutions,George W. Bush,2007-08-01,2007-08-03,72 FR 43499,8819,https://www.govinfo.gov/content/pkg/FR-2007-08-03/pdf/07-3835.pdf,https://www.federalregister.gov/documents/full_text/text/2007/08/03/07-3835.txt,Executive Order 13441 blocks property of persons who undermine Lebanon’s democratic institutions and authorizes the Treasury to enforce and report on the sanctions.,foreign_policy,,,[],imposes_sanctions,,stop
13442,07-4023,Amending the Order of Succession in the Department of Homeland Security,George W. Bush,2007-08-13,2007-08-15,72 FR 45877,3507,https://www.govinfo.gov/content/pkg/FR-2007-08-15/pdf/07-4023.pdf,https://www.federalregister.gov/documents/full_text/text/2007/08/15/07-4023.txt,The order amends the Department of Homeland Security’s order of succession by replacing Section 88 of EO 13286 with a new list of officials.,government_administration,,,[],revokes_or_amends,,stop
13443,07-4115,Facilitation of Hunting Heritage and Wildlife Conservation,George W. Bush,2007-08-16,2007-08-20,72 FR 46537,5181,https://www.govinfo.gov/content/pkg/FR-2007-08-20/pdf/07-4115.pdf,https://www.federalregister.gov/documents/full_text/text/2007/08/20/07-4115.txt,"Executive Order 13443 directs federal agencies to promote hunting opportunities and wildlife conservation, establishes a White House conference and a 10‑year conservation plan, and clarifies that the order creates no enforceable rights.",energy_and_environment,,,[],delegates_authority,,stop
13444,07-4600,Extending Privileges and Immunities to the African Union Mission to the United States,George W. Bush,2007-09-12,2007-09-14,72 FR 52747,1232,https://www.govinfo.gov/content/pkg/FR-2007-09-14/pdf/07-4600.pdf,https://www.federalregister.gov/documents/full_text/text/2007/09/14/07-4600.txt,Executive Order 13444 extends diplomatic privileges and immunities to the African Union Mission to the United States and its members.,foreign_policy,,,[],other,extends diplomatic privileges and immunities (not covered by listed instrument categories),stop
13445,07-4890,Strengthening Adult Education,George W. Bush,2007-09-27,2007-10-02,72 FR 56165,6385,https://www.govinfo.gov/content/pkg/FR-2007-10-02/pdf/07-4890.pdf,https://www.federalregister.gov/documents/full_text/text/2007/10/02/07-4890.txt,"Executive Order 13445 establishes an Interagency Adult Education Working Group, tasks the Department of Education with funding and administrative support, and requires the Working Group to submit its first report to the President no later than nine months after the order’s issuance.",education,,,[],creates_body,,stop
13446,07-4906,Continuance of Certain Federal Advisory Committees and Amendments to and Revocation of Other Executive Orders,George W. Bush,2007-09-28,2007-10-02,72 FR 56175,10148,https://www.govinfo.gov/content/pkg/FR-2007-10-02/pdf/07-4906.pdf,https://www.federalregister.gov/documents/full_text/text/2007/10/02/07-4906.txt,"The order continues a list of federal advisory committees until September 30 2009, amends Executive Order 12994, revokes Executive Order 13369, supersedes sections of Executive Order 13385, and delegates the committees’ functions to the heads of the designated departments.",government_administration,,,[],revokes_or_amends,,stop
13447,07-4907,"Further 2007 Amendments to the Manual for Courts- Martial, United States",George W. Bush,2007-09-28,2007-10-02,72 FR 56179,4591,https://www.govinfo.gov/content/pkg/FR-2007-10-02/pdf/07-4907.pdf,https://www.federalregister.gov/documents/full_text/text/2007/10/02/07-4907.txt,"Executive Order 13447 amends the Manual for Courts‑Martial, United States.",justice_and_law_enforcement,,,[],revokes_or_amends,,stop
13448,07-5270,Blocking Property and Prohibiting Certain Transactions Related to Burma,George W. Bush,2007-10-18,2007-10-23,72 FR 60223,10152,https://www.govinfo.gov/content/pkg/FR-2007-10-23/pdf/07-5270.pdf,https://www.federalregister.gov/documents/full_text/text/2007/10/23/07-5270.txt,"Executive Order 13448 expands the national emergency concerning Burma and blocks the property of listed individuals and entities, as well as any persons determined by the Secretary of the Treasury to be involved in human rights abuses, corruption, or support for the Burmese government. It prohibits transactions that evade or avoid the prohibitions and authorizes the Secretary of the Treasury, in consultation with the Secretary of State, to issue rules, determine delistings, and direct all U.S. agencies to implement the measures. The order is effective October 19, 2007.",foreign_policy,,,"[""economy_and_finance"", ""trade""]",imposes_sanctions,,stop
13449,07-5299,Protection of Striped Bass and Red Drum Fish Populations,George W. Bush,2007-10-20,2007-10-24,72 FR 60531,5037,https://www.govinfo.gov/content/pkg/FR-2007-10-24/pdf/07-5299.pdf,https://www.federalregister.gov/documents/full_text/text/2007/10/24/07-5299.txt,"Executive Order 13449 directs the Secretary of Commerce, in coordination with the Secretary of the Interior, to conserve striped bass and red drum populations. It tasks the Commerce Secretary with encouraging appropriate management, revising regulations to prohibit sale of these fish from the U.S. Exclusive Economic Zone, and periodically reviewing their status, while allowing aquaculture production. The order relies on the Magnuson‑Stevens Act, the Atlantic Coastal Fisheries Cooperative Management Act, and the Atlantic Striped Bass Conservation Act as its legal authority.",energy_and_environment,,,[],delegates_authority,,stop
13450,07-5726,Improving Government Program Performance,George W. Bush,2007-11-13,2007-11-15,72 FR 64519,14501,https://www.govinfo.gov/content/pkg/FR-2007-11-15/pdf/07-5726.pdf,https://www.federalregister.gov/documents/full_text/text/2007/11/15/07-5726.txt,The order creates a Performance Improvement Council within the Office of Management and Budget to coordinate and monitor federal program performance.,government_administration,,,[],creates_body,,stop
13451,07-5816,"Designating the ITER International Fusion Energy Organization as a Public International Organization Entitled To Enjoy Certain Privileges, Exemptions, and Immunities",George W. Bush,2007-11-19,2007-11-21,72 FR 65653,1814,https://www.govinfo.gov/content/pkg/FR-2007-11-21/pdf/07-5816.pdf,https://www.federalregister.gov/documents/full_text/text/2007/11/21/07-5816.txt,"Executive Order 13451 designates the ITER International Fusion Energy Organization as a public international organization and grants it the privileges, exemptions, and immunities provided by the International Organizations Immunities Act.",energy_and_environment,,,[],other,"the order confers privileges, exemptions, and immunities on an existing organization rather than creating a body, imposing sanctions, revoking/amending, delegating authority, directing a study, or adjusting pay.",stop
13452,07-5919,Establishing an Emergency Board To Investigate Disputes Between the National Railroad Passenger Corporation and Certain of Its Employees Represented by Certain Labor Organizations,George W. Bush,2007-11-28,2007-11-30,72 FR 67827,3964,https://www.govinfo.gov/content/pkg/FR-2007-11-30/pdf/07-5919.pdf,https://www.federalregister.gov/documents/full_text/text/2007/11/30/07-5919.txt,Executive Order 13452 creates an Emergency Board to investigate Amtrak‑labor disputes and sets reporting and condition‑maintenance deadlines.,labor_and_workforce,technology_and_research,"The order’s subject is the investigation of railroad passenger service labor disputes, which falls under the broader category of transportation/technology research.","[""government_administration""]",creates_body,,stop
13453,07-6022,"Closing of Executive Departments and Agencies of the Federal Government on Monday, December 24, 2007",George W. Bush,2007-12-06,2007-12-11,72 FR 70477,1591,https://www.govinfo.gov/content/pkg/FR-2007-12-11/pdf/07-6022.pdf,https://www.federalregister.gov/documents/full_text/text/2007/12/11/07-6022.txt,"The order directs that all executive branch departments and agencies be closed on December 24 2007, but gives department and agency heads the discretion to keep certain offices open for national security or other public need.",government_administration,,,[],delegates_authority,,stop
13454,08-62,Adjustments of Certain Rates of Pay,George W. Bush,2008-01-04,2008-01-08,73 FR 1481,4346,https://www.govinfo.gov/content/pkg/FR-2008-01-08/pdf/08-62.pdf,https://www.federalregister.gov/documents/full_text/text/2008/01/08/08-62.txt,Executive Order 13454 adjusts numerous federal pay rates and supersedes a prior order.,government_administration,,,[],adjusts_pay_or_admin,,stop
13455,08-325,Establishing the President's Advisory Council on Financial Literacy,George W. Bush,2008-01-22,2008-01-24,73 FR 4445,7650,https://www.govinfo.gov/content/pkg/FR-2008-01-24/pdf/08-325.pdf,https://www.federalregister.gov/documents/full_text/text/2008/01/24/08-325.txt,"Executive Order 13455 establishes the President’s Advisory Council on Financial Literacy and sets its composition, duties, funding, reporting requirements, and termination date.",education,,,[],creates_body,,stop
13456,08-360,Further Amendment of Executive Order 11858 Concerning Foreign Investment in the United States,George W. Bush,2008-01-23,2008-01-25,73 FR 4677,12456,https://www.govinfo.gov/content/pkg/FR-2008-01-25/pdf/08-360.pdf,https://www.federalregister.gov/documents/full_text/text/2008/01/25/08-360.txt,Executive Order 13456 amends EO 11858 and revokes EO 12919 while establishing the Committee on Foreign Investment in the United States.,foreign_policy,,,[],creates_body,,stop
13457,08-483,Protecting American Taxpayers From Government Spending on Wasteful Earmarks,George W. Bush,2008-01-29,2008-02-01,73 FR 6417,6612,https://www.govinfo.gov/content/pkg/FR-2008-02-01/pdf/08-483.pdf,https://www.federalregister.gov/documents/full_text/text/2008/02/01/08-483.txt,"Executive Order 13457 directs federal agencies to base earmark decisions on statutory authority, to publish congressional written requests for earmarks within 30 days, and to provide OMB with compliance information; it does not create enforceable rights.",government_administration,,,[],delegates_authority,,stop
13458,08-568,Implementation of the Protocol Additional to the Agreement Between the United States and the International Atomic Energy Agency for the Application of Safeguards in the United States of America,George W. Bush,2008-02-04,2008-02-06,73 FR 7181,3439,https://www.govinfo.gov/content/pkg/FR-2008-02-06/pdf/08-568.pdf,https://www.federalregister.gov/documents/full_text/text/2008/02/06/08-568.txt,Executive Order 13458 delegates authority to multiple federal officials to issue regulations and take actions needed to implement the United States Additional Protocol Implementation Act and the United States’ obligations under the Additional Protocol with the International Atomic Energy Agency.,energy_and_environment,,,[],delegates_authority,,stop
13459,08-658,Improving the Coordination and Effectiveness of Youth Programs,George W. Bush,2008-02-07,2008-02-12,73 FR 8003,9398,https://www.govinfo.gov/content/pkg/FR-2008-02-12/pdf/08-658.pdf,https://www.federalregister.gov/documents/full_text/text/2008/02/12/08-658.txt,"Executive Order 13459 establishes an Interagency Working Group on Youth Programs, directs the development of a Federal youth website, and requires periodic reporting to the President.",education,,,[],creates_body,,stop
13460,08-761,Blocking Property of Additional Persons in Connection With the National Emergency With Respect to Syria,George W. Bush,2008-02-13,2008-02-15,73 FR 8991,8731,https://www.govinfo.gov/content/pkg/FR-2008-02-15/pdf/08-761.pdf,https://www.federalregister.gov/documents/full_text/text/2008/02/15/08-761.txt,The order blocks property of designated persons linked to the Syrian government and expands the existing national emergency sanctions regime.,foreign_policy,,,[],imposes_sanctions,,stop
13461,08-797,Providing an Order of Succession Within the Department of Health and Human Services,George W. Bush,2008-02-15,2008-02-20,73 FR 9437,3148,https://www.govinfo.gov/content/pkg/FR-2008-02-20/pdf/08-797.pdf,https://www.federalregister.gov/documents/full_text/text/2008/02/20/08-797.txt,Executive Order 13461 establishes an internal order of succession for the Department of Health and Human Services.,government_administration,,,[],adjusts_pay_or_admin,,stop
13462,08-970,President's Intelligence Advisory Board and Intelligence Oversight Board,George W. Bush,2008-02-29,2008-03-04,73 FR 11805,17346,https://www.govinfo.gov/content/pkg/FR-2008-03-04/pdf/08-970.pdf,https://www.federalregister.gov/documents/full_text/text/2008/03/04/08-970.txt,Executive Order 13462 establishes two new bodies – the President’s Intelligence Advisory Board (PIAB) and the Intelligence Oversight Board (IOB) – and provides transition provisions for members and staff of the predecessor boards.,security_and_defense,,,[],creates_body,,stop
13463,08-1182,Amending Executive Orders 13389 and 13390,George W. Bush,2008-04-18,2008-04-23,73 FR 22047,1369,https://www.govinfo.gov/content/pkg/FR-2008-04-23/pdf/08-1182.pdf,https://www.federalregister.gov/documents/full_text/text/2008/04/23/08-1182.txt,"Executive Order 13463 amends two earlier executive orders, changing the subject area from “Economic Policy” to “Homeland Security and Counterterrorism” and resetting a date to February 28, 2009.",security_and_defense,,,[],revokes_or_amends,,stop
13464,08-1215,Blocking Property and Prohibiting Certain Transactions Related to Burma,George W. Bush,2008-04-30,2008-05-02,73 FR 24491,9303,https://www.govinfo.gov/content/pkg/FR-2008-05-02/pdf/08-1215.pdf,https://www.federalregister.gov/documents/full_text/text/2008/05/02/08-1215.txt,Executive Order 13464 blocks property and prohibits transactions involving designated persons connected to the Government of Burma.,foreign_policy,,,[],imposes_sanctions,,stop
13465,08-1348,"Amending Executive Order 12989, as Amended",George W. Bush,2008-06-06,2008-06-11,73 FR 33285,10172,https://www.govinfo.gov/content/pkg/FR-2008-06-11/pdf/08-1348.pdf,https://www.federalregister.gov/documents/full_text/text/2008/06/11/08-1348.txt,"Executive Order 13465 amends Executive Order 12989 to strengthen economy and efficiency in federal procurement by requiring contractors to use an electronic employment eligibility verification system and prohibiting contracts with employers that do not verify work authorization. It directs the Secretary of Homeland Security to administer and maintain the verification system, and authorizes the Secretary of Homeland Security and the Attorney General to enforce the order and issue implementing regulations. The order also tasks the Secretary of Defense, the Administrators of General Services and NASA to amend the Federal Acquisition Regulation accordingly, and requires all executive departments and agencies to include the verification requirement in their contracts.",government_administration,,,"[""immigration"", ""technology_and_research""]",revokes_or_amends,,stop
13466,08-1399,Continuing Certain Restrictions With Respect to North Korea and North Korean Nationals,George W. Bush,2008-06-26,2008-06-27,73 FR 36787,5910,https://www.govinfo.gov/content/pkg/FR-2008-06-27/pdf/08-1399.pdf,https://www.federalregister.gov/documents/full_text/text/2008/06/27/08-1399.txt,Executive Order 13466 continues and expands sanctions against North Korea and North Korean nationals.,security_and_defense,,,[],imposes_sanctions,,stop
13467,08-1409,"Reforming Processes Related to Suitability for Government Employment, Fitness for Contractor Employees, and Eligibility for Access to Classified National Security Information",George W. Bush,2008-06-30,2008-07-02,73 FR 38103,22436,https://www.govinfo.gov/content/pkg/FR-2008-07-02/pdf/08-1409.pdf,https://www.federalregister.gov/documents/full_text/text/2008/07/02/08-1409.txt,"Executive Order 13467 creates a new performance‑accountability council and two executive‑agent positions, reassigns duties from an existing board, and preserves prior delegations of authority.",government_administration,,,[],creates_body,,stop
13468,08-1472,"2008 Amendments to the Manual for Courts-Martial, United States",George W. Bush,2008-07-24,2008-07-28,73 FR 43827,2443,https://www.govinfo.gov/content/pkg/FR-2008-07-28/pdf/08-1472.pdf,https://www.federalregister.gov/documents/full_text/text/2008/07/28/08-1472.txt,Executive Order 13468 amends the Manual for Courts‑Martial and sets an effective‑date deadline.,justice_and_law_enforcement,,,[],revokes_or_amends,,stop
13469,08-1480,Blocking Property of Additional Persons Undermining Democratic Processes or Institutions in Zimbabwe,George W. Bush,2008-07-25,2008-07-29,73 FR 43841,9258,https://www.govinfo.gov/content/pkg/FR-2008-07-29/pdf/08-1480.pdf,https://www.federalregister.gov/documents/full_text/text/2008/07/29/08-1480.txt,The order blocks property and transactions involving designated persons linked to the Government of Zimbabwe and expands the national emergency related to Zimbabwe.,foreign_policy,,,[],imposes_sanctions,,stop
13470,E8-17940,"Further Amendments to Executive Order 12333, United States Intelligence Activities",George W. Bush,2008-07-30,2008-08-04,73 FR 45325,74349,https://www.govinfo.gov/content/pkg/FR-2008-08-04/pdf/E8-17940.pdf,https://www.federalregister.gov/documents/full_text/text/2008/08/04/E8-17940.txt,Executive Order 13470 amends and revokes portions of earlier intelligence‑related orders.,foreign_policy,,,[],revokes_or_amends,,stop
13471,E8-20436,"Further Amendments To Executive Order 13285, President's Council On Service And Civic Participation",George W. Bush,2008-08-28,2008-09-02,73 FR 51209,1707,https://www.govinfo.gov/content/pkg/FR-2008-09-02/pdf/E8-20436.pdf,https://www.federalregister.gov/documents/full_text/text/2008/09/02/E8-20436.txt,"Executive Order 13471 further amends Executive Order 13285, the President’s Council on Service and Civic Participation.",civil_rights,,"The order concerns the President’s Council on Service and Civic Participation, a public‑service body; the closest predefined topic is civil_rights.",[],revokes_or_amends,,stop
13472,E8-21651,Executive Branch Responsibilities With Respect To Orders of Succession,George W. Bush,2008-09-11,2008-09-15,73 FR 53353,5017,https://www.govinfo.gov/content/pkg/FR-2008-09-15/pdf/E8-21651.pdf,https://www.federalregister.gov/documents/full_text/text/2008/09/15/E8-21651.txt,"The order directs every executive branch agency to establish, maintain, and, when needed, revise its order of succession. Agencies that require presidential action must draft and submit proposed succession orders to the Counsel to the President within 30 days, and later to OMB. Agencies not requiring presidential action must also maintain and update their succession orders, sending revisions for review and providing copies to designated officials. The order references Executive Order 11030 and cites the Constitution and the Federal Vacancies Reform Act as authority.",government_administration,,,[],delegates_authority,,stop
13473,E8-23125,To Authorize Certain Noncompetitive Appointments in the Civil Service for Spouses of Certain Members of the Armed Forces,George W. Bush,2008-09-25,2008-09-30,73 FR 56703,5263,https://www.govinfo.gov/content/pkg/FR-2008-09-30/pdf/E8-23125.pdf,https://www.federalregister.gov/documents/full_text/text/2008/09/30/E8-23125.txt,Executive Order 13473 authorizes heads of federal agencies to make non‑competitive appointments in the competitive service for certain spouses and surviving spouses of Armed Forces members.,government_administration,,,[],delegates_authority,,stop
13474,E8-23235,Amendments to Executive Order 12962,George W. Bush,2008-09-26,2008-10-01,73 FR 57229,2697,https://www.govinfo.gov/content/pkg/FR-2008-10-01/pdf/E8-23235.pdf,https://www.federalregister.gov/documents/full_text/text/2008/10/01/E8-23235.txt,Executive Order 13474 amends Executive Order 12962.,energy_and_environment,,,[],revokes_or_amends,,stop
13475,E8-24342,Further Amendments To Executive Orders 12139 And 12949 In Light of the Foreign Intelligence Surveillance Act of 1978 Amendments Act of 2008,George W. Bush,2008-10-07,2008-10-10,73 FR 60095,3058,https://www.govinfo.gov/content/pkg/FR-2008-10-10/pdf/E8-24342.pdf,https://www.federalregister.gov/documents/full_text/text/2008/10/10/E8-24342.txt,Executive Order 13475 amends two earlier executive orders that implement the Foreign Intelligence Surveillance Act.,security_and_defense,,,[],revokes_or_amends,,stop
13476,E8-24465,Facilitation of a Presidential Transition,George W. Bush,2008-10-09,2008-10-14,73 FR 60605,8304,https://www.govinfo.gov/content/pkg/FR-2008-10-14/pdf/E8-24465.pdf,https://www.federalregister.gov/documents/full_text/text/2008/10/14/E8-24465.txt,Executive Order 13476 creates a Presidential Transition Coordinating Council to assist the presidential transition and sets an expiration date.,government_administration,,,[],creates_body,,stop
13477,E8-26531,Settlement of Claims Against Libya,George W. Bush,2008-10-31,2008-11-05,73 FR 65965,4676,https://www.govinfo.gov/content/pkg/FR-2008-11-05/pdf/E8-26531.pdf,https://www.federalregister.gov/documents/full_text/text/2008/11/05/E8-26531.txt,"The order settles all claims covered by Article I of the U.S.–Libya Claims Settlement Agreement, bars United States and foreign nationals from asserting those claims in U.S. courts or other forums, directs the Secretary of State to establish procedures for compensation, and tasks the Attorney General with enforcing the settlement through dismissals of pending suits.",justice_and_law_enforcement,,,[],delegates_authority,,stop
13478,E8-27771,Amendments To Executive Order 9397 Relating To Federal Agency Use of Social Security Numbers,George W. Bush,2008-11-18,2008-11-20,73 FR 70239,2538,https://www.govinfo.gov/content/pkg/FR-2008-11-20/pdf/E8-27771.pdf,https://www.federalregister.gov/documents/full_text/text/2008/11/20/E8-27771.txt,Executive Order 13478 amends Executive Order 9397.,government_administration,,,[],revokes_or_amends,,stop
13479,E8-27777,Transformation of the National Air Transportation System,George W. Bush,2008-11-18,2008-11-20,73 FR 70241,9048,https://www.govinfo.gov/content/pkg/FR-2008-11-20/pdf/E8-27777.pdf,https://www.federalregister.gov/documents/full_text/text/2008/11/20/E8-27777.txt,The order creates new bodies within the Department of Transportation to support the implementation of the Next Generation Air Transportation System (NextGen).,technology_and_research,,,[],creates_body,,stop
13480,E8-28912,Exclusions From the Federal Labor-management Relations Program,George W. Bush,2008-11-26,2008-12-04,73 FR 73991,6948,https://www.govinfo.gov/content/pkg/FR-2008-12-04/pdf/E8-28912.pdf,https://www.federalregister.gov/documents/full_text/text/2008/12/04/E8-28912.txt,Executive Order 13480 excludes certain intelligence‑related subdivisions of five departments from coverage under the Federal Labor‑Management Relations Program by amending Executive Order 12171.,labor_and_workforce,,,[],revokes_or_amends,,stop
13481,E8-29564,Providing An Order of Succession Within the Department of Justice,George W. Bush,2008-12-09,2008-12-11,73 FR 75531,3130,https://www.govinfo.gov/content/pkg/FR-2008-12-11/pdf/E8-29564.pdf,https://www.federalregister.gov/documents/full_text/text/2008/12/11/E8-29564.txt,"The order establishes a succession list for the Attorney General, assigning specific U.S. Attorneys to act in that role when the office is vacant.",government_administration,,,[],delegates_authority,,stop
13482,E8-30042,"Closing of Executive Departments and Agencies of the Federal Government on Friday, December 26, 2008",George W. Bush,2008-12-12,2008-12-16,73 FR 76501,1930,https://www.govinfo.gov/content/pkg/FR-2008-12-16/pdf/E8-30042.pdf,https://www.federalregister.gov/documents/full_text/text/2008/12/16/E8-30042.txt,"The order directs that all executive branch departments and agencies be closed and their employees excused from duty on a specific date, with limited exceptions.",government_administration,,,[],other,orders closure of executive branch departments and agencies,stop
13483,E8-30700,Adjustments of Certain Rates of Pay,George W. Bush,2008-12-18,2008-12-23,73 FR 78587,4699,https://www.govinfo.gov/content/pkg/FR-2008-12-23/pdf/E8-30700.pdf,https://www.federalregister.gov/documents/full_text/text/2008/12/23/E8-30700.txt,The order adjusts rates of basic pay for multiple federal pay systems and establishes the effective dates for the new schedules.,government_administration,,,[],adjusts_pay_or_admin,,stop
13484,E9-811,Amending the Order of Succession Within the Department of Agriculture,George W. Bush,2009-01-09,2009-01-14,74 FR 2285,3616,https://www.govinfo.gov/content/pkg/FR-2009-01-14/pdf/E9-811.pdf,https://www.federalregister.gov/documents/full_text/text/2009/01/14/E9-811.txt,The order amends Executive Order 13241 to revise the Department of Agriculture’s order of succession.,government_administration,,,[],revokes_or_amends,,stop
13485,E9-814,Providing an Order of Succession Within the Department of Transportation,George W. Bush,2009-01-09,2009-01-14,74 FR 2287,4237,https://www.govinfo.gov/content/pkg/FR-2009-01-14/pdf/E9-814.pdf,https://www.federalregister.gov/documents/full_text/text/2009/01/14/E9-814.txt,Executive Order 13485 establishes an internal order of succession for the Secretary of Transportation and supersedes the 2002 Presidential Memorandum on DOT officer designations.,government_administration,,,[],adjusts_pay_or_admin,,stop
13486,E9-818,Strengthening Laboratory Biosecurity in the United States,George W. Bush,2009-01-09,2009-01-14,74 FR 2289,7568,https://www.govinfo.gov/content/pkg/FR-2009-01-14/pdf/E9-818.pdf,https://www.federalregister.gov/documents/full_text/text/2009/01/14/E9-818.txt,"Executive Order 13486 establishes a inter‑agency Working Group to improve laboratory biosecurity, defines its membership, tasks the Group with reviewing laws and practices, requires a report within 180 days, and sets the Group’s termination 60 days after that report.",technology_and_research,,,[],creates_body,,stop
13487,E9-1538,Establishment of a Temporary Organization To Facilitate United States Government Support for Afghanistan,George W. Bush,2009-01-16,2009-01-22,74 FR 4097,3438,https://www.govinfo.gov/content/pkg/FR-2009-01-22/pdf/E9-1538.pdf,https://www.federalregister.gov/documents/full_text/text/2009/01/22/E9-1538.txt,The order creates a temporary Afghanistan Support Office within the Department of State to support U.S. government efforts in Afghanistan.,foreign_policy,,,[],creates_body,,stop
13488,E9-1574,Granting Reciprocity on Excepted Service and Federal Contractor Employee Fitness and Reinvestigating Individuals in Positions of Public Trust,George W. Bush,2009-01-16,2009-01-22,74 FR 4111,8798,https://www.govinfo.gov/content/pkg/FR-2009-01-22/pdf/E9-1574.pdf,https://www.federalregister.gov/documents/full_text/text/2009/01/22/E9-1574.txt,"Executive Order 13488 establishes a policy of reciprocal recognition for prior favorable fitness or suitability determinations, requires reinvestigation of individuals in positions of public trust, delegates authority to the Director of the Office of Personnel Management to implement the order, mandates agency reporting to OPM, and clarifies that it does not affect EO 10450 or EO 13467. The order is effective upon issuance and applies to new appointments beginning 90 days later.",government_administration,,,[],delegates_authority,,stop
13489,E9-1712,Presidential Records,Barack Obama,2009-01-21,2009-01-26,74 FR 4669,9594,https://www.govinfo.gov/content/pkg/FR-2009-01-26/pdf/E9-1712.pdf,https://www.federalregister.gov/documents/full_text/text/2009/01/26/E9-1712.txt,"The order delegates authority to the Archivist, the Attorney General, and the Counsel to the President to review presidential records and to withhold disclosure when executive privilege is asserted.",government_administration,,,[],delegates_authority,,stop
13490,E9-1719,Ethics Commitments by Executive Branch Personnel,Barack Obama,2009-01-21,2009-01-26,74 FR 4673,21859,https://www.govinfo.gov/content/pkg/FR-2009-01-26/pdf/E9-1719.pdf,https://www.federalregister.gov/documents/full_text/text/2009/01/26/E9-1719.txt,"Executive Order 13490 requires every executive‑branch appointee appointed on or after January 20, 2009 to sign an ethics pledge that bans lobbyist gifts and imposes revolving‑door restrictions. It delegates authority to the Director of the Office of Management and Budget to grant waivers and to the Director of the Office of Government Ethics to issue guidance, adopt rules, and provide an annual public report. Heads of each executive agency must establish procedures, in consultation with OGE, to ensure compliance with the pledge.",government_administration,,,[],delegates_authority,,stop
13491,E9-1885,Ensuring Lawful Interrogations,Barack Obama,2009-01-22,2009-01-27,74 FR 4893,15249,https://www.govinfo.gov/content/pkg/FR-2009-01-27/pdf/E9-1885.pdf,https://www.federalregister.gov/documents/full_text/text/2009/01/27/E9-1885.txt,"Executive Order 13491 revokes EO 13440, establishes a Special Interagency Task Force on Interrogation and Transfer Policies, directs the CIA to close its detention facilities, requires Red Cross access to detainees, and mandates a report from the Task Force within 180 days.",justice_and_law_enforcement,,,"[""government_administration""]",creates_body,,stop
13492,E9-1893,Review and Disposition of Individuals Detained At the Guantanamo Bay Naval Base and Closure of Detention Facilities,Barack Obama,2009-01-22,2009-01-27,74 FR 4897,13703,https://www.govinfo.gov/content/pkg/FR-2009-01-27/pdf/E9-1893.pdf,https://www.federalregister.gov/documents/full_text/text/2009/01/27/E9-1893.txt,"Executive Order 13492 directs a government‑wide review and the closure of Guantánamo detention facilities, assigning coordination duties to senior officials and setting specific time limits for closure and a conditions‑review.",justice_and_law_enforcement,,,[],delegates_authority,,stop
13493,E9-1895,Review of Detention Policy Options,Barack Obama,2009-01-22,2009-01-27,74 FR 4901,5631,https://www.govinfo.gov/content/pkg/FR-2009-01-27/pdf/E9-1895.pdf,https://www.federalregister.gov/documents/full_text/text/2009/01/27/E9-1895.txt,Executive Order 13493 creates a Special Interagency Task Force on Detainee Disposition and directs it to report to the President within 180 days.,justice_and_law_enforcement,,,[],creates_body,,stop
13494,E9-2483,Economy in Government Contracting,Barack Obama,2009-01-30,2009-02-04,74 FR 6101,6164,https://www.govinfo.gov/content/pkg/FR-2009-02-04/pdf/E9-2483.pdf,https://www.federalregister.gov/documents/full_text/text/2009/02/04/E9-2483.txt,"The order makes certain costs unallowable for payment in government contracts, specifically costs incurred to persuade employees about collective‑bargaining rights.",government_administration,,,[],delegates_authority,,stop
13495,E9-2484,Nondisplacement of Qualified Workers Under Service Contracts,Barack Obama,2009-01-30,2009-02-04,74 FR 6103,16518,https://www.govinfo.gov/content/pkg/FR-2009-02-04/pdf/E9-2484.pdf,https://www.federalregister.gov/documents/full_text/text/2009/02/04/E9-2484.txt,The order delegates authority to the Secretary of Labor to investigate compliance and to issue implementing regulations within 180 days.,labor_and_workforce,,,[],delegates_authority,,stop
13496,E9-2485,Notification of Employee Rights Under Federal Labor Laws,Barack Obama,2009-01-30,2009-02-04,74 FR 6107,18387,https://www.govinfo.gov/content/pkg/FR-2009-02-04/pdf/E9-2485.pdf,https://www.federalregister.gov/documents/full_text/text/2009/02/04/E9-2485.txt,"The order assigns the Secretary of Labor responsibility for administering and enforcing the notice‑posting requirements in federal contracts, directs the Secretary to issue rulemaking within 120 days, and authorizes investigations, hearings, and other enforcement actions.",government_administration,,,[],delegates_authority,,stop
13497,E9-2486,Revocation of Certain Executive Orders Concerning Regulatory Planning and Review,Barack Obama,2009-01-30,2009-02-04,74 FR 6113,1508,https://www.govinfo.gov/content/pkg/FR-2009-02-04/pdf/E9-2486.pdf,https://www.federalregister.gov/documents/full_text/text/2009/02/04/E9-2486.txt,Executive Order 13497 revokes two earlier executive orders that dealt with regulatory planning and review.,government_administration,,,[],revokes_or_amends,,stop
13498,E9-2893,Amendments to Executive Order 13199 and Establishment of the President's Advisory Council for Faith-Based and Neighborhood Partnerships,Barack Obama,2009-02-05,2009-02-09,74 FR 6533,10354,https://www.govinfo.gov/content/pkg/FR-2009-02-09/pdf/E9-2893.pdf,https://www.federalregister.gov/documents/full_text/text/2009/02/09/E9-2893.txt,Establishes the President's Advisory Council on Faith-Based and Neighborhood Partnerships and amends EO 13199.,foreign_policy,,,[],creates_body,,stop
13499,E9-3106,"Further Amendments to Executive Order 12835, Establishment of the National Economic Council",Barack Obama,2009-02-05,2009-02-11,74 FR 6979,1247,https://www.govinfo.gov/content/pkg/FR-2009-02-11/pdf/E9-3106.pdf,https://www.federalregister.gov/documents/full_text/text/2009/02/11/E9-3106.txt,"The order further amends Executive Order 12835, which established the National Economic Council, by inserting additional officials into the Council’s membership list.",economy_and_finance,,,[],revokes_or_amends,,stop
13500,E9-3108,"Further Amendments to Executive Order 12859, Establishment of the Domestic Policy Council",Barack Obama,2009-02-05,2009-02-11,74 FR 6981,1707,https://www.govinfo.gov/content/pkg/FR-2009-02-11/pdf/E9-3108.pdf,https://www.federalregister.gov/documents/full_text/text/2009/02/11/E9-3108.txt,"Executive Order 13500 amends Executive Order 12859, which created the Domestic Policy Council, by revising several positions within the council. The order strikes existing titles and inserts new ones, including a Senior Advisor for Intergovernmental Affairs, an Assistant for Energy and Climate Change, a Chief Technology Officer, a CEO of the Corporation for National and Community Service, and a Director of the Office of Science and Technology Policy.",government_administration,,,"[""energy_and_environment"", ""technology_and_research""]",revokes_or_amends,,stop
13501,E9-3112,Establishment of the President's Economic Recovery Advisory Board,Barack Obama,2009-02-06,2009-02-11,74 FR 6983,6066,https://www.govinfo.gov/content/pkg/FR-2009-02-11/pdf/E9-3112.pdf,https://www.federalregister.gov/documents/full_text/text/2009/02/11/E9-3112.txt,"The order establishes the President’s Economic Recovery Advisory Board (PERAB) within the Treasury to provide independent, non‑partisan advice on economic recovery.",economy_and_finance,,,[],creates_body,,stop
13502,E9-3113,Use of Project Labor Agreements for Federal Construction Projects,Barack Obama,2009-02-06,2009-02-11,74 FR 6985,10298,https://www.govinfo.gov/content/pkg/FR-2009-02-11/pdf/E9-3113.pdf,https://www.federalregister.gov/documents/full_text/text/2009/02/11/E9-3113.txt,"Executive Order 13502 directs executive agencies to consider requiring project labor agreements for large‑scale construction projects, tasks the FAR Council to amend the FAR within 120 days, tasks the OMB Director to submit recommendations within 180 days, and revokes Executive Orders 13202 and 13208.",government_administration,,,"[""economy_and_finance"", ""labor_and_workforce""]",revokes_or_amends,,stop
13503,E9-4068,Establishment of the White House Office of Urban Affairs,Barack Obama,2009-02-19,2009-02-24,74 FR 8139,6276,https://www.govinfo.gov/content/pkg/FR-2009-02-24/pdf/E9-4068.pdf,https://www.federalregister.gov/documents/full_text/text/2009/02/24/E9-4068.txt,Executive Order 13503 creates the White House Office of Urban Affairs to coordinate federal urban policy.,government_administration,,,[],creates_body,,stop
13504,E9-4103,Amending Executive Order 13390,Barack Obama,2009-02-20,2009-02-24,74 FR 8431,862,https://www.govinfo.gov/content/pkg/FR-2009-02-24/pdf/E9-4103.pdf,https://www.federalregister.gov/documents/full_text/text/2009/02/24/E9-4103.txt,The order amends EO 13390 by changing the deadline from February 28 2009 to September 30 2009.,government_administration,,,[],revokes_or_amends,,stop
13505,E9-5441,Removing Barriers to Responsible Scientific Research Involving Human Stem Cells,Barack Obama,2009-03-09,2009-03-11,74 FR 10667,4003,https://www.govinfo.gov/content/pkg/FR-2009-03-11/pdf/E9-5441.pdf,https://www.federalregister.gov/documents/full_text/text/2009/03/11/E9-5441.txt,"The order revokes Executive Order 13435 and nullifies the August 9, 2001 Presidential statement, while directing the HHS Secretary and NIH Director to support responsible human stem cell research and to issue new NIH guidance within 120 days.",technology_and_research,,,[],revokes_or_amends,,stop
13506,E9-5802,Establishing a White House Council on Women And Girls,Barack Obama,2009-03-11,2009-03-16,74 FR 11271,9764,https://www.govinfo.gov/content/pkg/FR-2009-03-16/pdf/E9-5802.pdf,https://www.federalregister.gov/documents/full_text/text/2009/03/16/E9-5802.txt,Executive Order 13506 establishes a White House Council on Women and Girls and directs it to develop a Federal interagency plan within a set timeframe.,civil_rights,,,[],creates_body,,stop
13507,E9-8572,Establishment of the White House Office of Health Reform,Barack Obama,2009-04-08,2009-04-13,74 FR 17071,7079,https://www.govinfo.gov/content/pkg/FR-2009-04-13/pdf/E9-8572.pdf,https://www.federalregister.gov/documents/full_text/text/2009/04/13/E9-8572.txt,"Executive Order 13507 creates the White House Office of Health Reform within the Executive Office of the President to lead federal efforts to improve access, quality, and sustainability of health care. It directs the Secretary of Health and Human Services to establish a corresponding Office of Health Reform in HHS and requires each executive department and agency to designate a liaison and cooperate with the new office. The order outlines the office’s functions, including coordinating policy, public outreach, and working with Congress to remove barriers.",health,,,"[""government_administration""]",creates_body,,stop
13508,E9-11547,Chesapeake Bay Protection and Restoration,Barack Obama,2009-05-12,2009-05-15,74 FR 23099,25307,https://www.govinfo.gov/content/pkg/FR-2009-05-15/pdf/E9-11547.pdf,https://www.federalregister.gov/documents/full_text/text/2009/05/15/E9-11547.txt,"Executive Order 13508 establishes a Federal Leadership Committee for the Chesapeake Bay, directs a series of reports, a coordinated strategy, annual action plans, guidance for federal land management, and authorizes agency heads to grant limited exceptions.",energy_and_environment,,,[],creates_body,,stop
13509,E9-15368,Establishing a White House Council on Automotive Communities and Workers,Barack Obama,2009-06-23,2009-06-26,74 FR 30903,8271,https://www.govinfo.gov/content/pkg/FR-2009-06-26/pdf/E9-15368.pdf,https://www.federalregister.gov/documents/full_text/text/2009/06/26/E9-15368.txt,"Executive Order 13509 establishes a White House Council on Automotive Communities and Workers, assigns leadership and duties, and sets a termination deadline.",economy_and_finance,,,[],creates_body,,stop
13510,E9-16034,Waiver Under the Trade Act of 1974 With Respect to the Republic of Belarus,Barack Obama,2009-07-01,2009-07-06,74 FR 32047,948,https://www.govinfo.gov/content/pkg/FR-2009-07-06/pdf/E9-16034.pdf,https://www.federalregister.gov/documents/full_text/text/2009/07/06/E9-16034.txt,Executive Order 13510 waives the application of subsections (a) and (b) of section 402 of the Trade Act of 1974 for the Republic of Belarus.,trade,,,[],revokes_or_amends,,stop
13511,E9-23886,Continuance of Certain Federal Advisory Committees,Barack Obama,2009-09-29,2009-10-01,74 FR 50909,3322,https://www.govinfo.gov/content/pkg/FR-2009-10-01/pdf/E9-23886.pdf,https://www.federalregister.gov/documents/full_text/text/2009/10/01/E9-23886.txt,Executive Order 13511 continues a list of existing federal advisory committees until a specified date and sets the order’s effective date.,government_administration,,,[],other,continues advisory committees,stop
13512,E9-23915,Amending Executive Order 13390,Barack Obama,2009-09-29,2009-10-02,74 FR 50911,875,https://www.govinfo.gov/content/pkg/FR-2009-10-02/pdf/E9-23915.pdf,https://www.federalregister.gov/documents/full_text/text/2009/10/02/E9-23915.txt,Executive Order 13512 amends Executive Order 13390 by changing a date.,government_administration,,,[],revokes_or_amends,,stop
13513,E9-24203,Federal Leadership On Reducing Text Messaging While Driving,Barack Obama,2009-10-01,2009-10-06,74 FR 51225,8325,https://www.govinfo.gov/content/pkg/FR-2009-10-06/pdf/E9-24203.pdf,https://www.federalregister.gov/documents/full_text/text/2009/10/06/E9-24203.txt,"Executive Order 13513 establishes a federal‑wide policy prohibiting text‑messaging while driving, directs agencies to implement the policy within 90 days, and assigns the Secretary of Transportation a coordinating role.",technology_and_research,,The order’s subject is road‑safety‑related use of mobile‑device technology by federal employees and contractors; the closest controlled topic is technology_and_research.,"[""government_administration""]",other,"The order issues a policy directive; none of the listed instrument categories (creates_body, imposes_sanctions, revokes_or_amends, confers_status_or_honor, delegates_authority, directs_report_or_study, adjusts_pay_or_admin) accurately describe this primary action.",stop
13514,E9-24518,"Federal Leadership in Environmental, Energy, and Economic Performance",Barack Obama,2009-10-05,2009-10-08,74 FR 52117,40312,https://www.govinfo.gov/content/pkg/FR-2009-10-08/pdf/E9-24518.pdf,https://www.federalregister.gov/documents/full_text/text/2009/10/08/E9-24518.txt,"Executive Order 13514 (Oct 5 2009) sets a federal‑wide sustainability strategy, creates a new inter‑agency Steering Committee on Federal Sustainability, and imposes numerous reporting and performance deadlines for agencies.",energy_and_environment,,,[],creates_body,,stop
13515,E9-25268,Increasing Participation of Asian Americans and Pacific Islanders in Federal Programs,Barack Obama,2009-10-14,2009-10-19,74 FR 53635,14711,https://www.govinfo.gov/content/pkg/FR-2009-10-19/pdf/E9-25268.pdf,https://www.federalregister.gov/documents/full_text/text/2009/10/19/E9-25268.txt,"Executive Order 13515 creates a President’s Advisory Commission and a White House Initiative to improve participation of Asian Americans and Pacific Islanders in federal programs, sets membership, compensation, and termination rules, and directs agencies to develop and assess plans.",civil_rights,,,"[""education"", ""economy_and_finance"", ""health""]",creates_body,,stop
13516,E9-26408,Amending Executive Order 13462,Barack Obama,2009-11-02,2009-11-02,74 FR 56521,3808,https://www.govinfo.gov/content/pkg/FR-2009-11-02/pdf/E9-26408.pdf,https://www.federalregister.gov/documents/full_text/text/2009/11/02/E9-26408.txt,"Executive Order 13516 (Nov 2 2009) amends Executive Order 13462, updating definitions, membership limits, leadership, reporting, and information‑handling requirements for the Privacy and Civil Liberties Oversight Board (PIAB) and the Intelligence Oversight Board (IOB).",security_and_defense,,"The order’s substantive changes concern intelligence‑related activities and oversight bodies, which fall under the intelligence and national‑security domain.","[""government_administration""]",revokes_or_amends,,stop
13517,E9-26834,Amendments to Executive Orders 13183 and 13494,Barack Obama,2009-10-30,2009-11-05,74 FR 57239,3916,https://www.govinfo.gov/content/pkg/FR-2009-11-05/pdf/E9-26834.pdf,https://www.federalregister.gov/documents/full_text/text/2009/11/05/E9-26834.txt,"Executive Order 13517 amends two earlier executive orders, adding policy language about Puerto Rico and revising cost‑allowability rules for federal contracts.",government_administration,,,[],revokes_or_amends,,stop
13518,E9-27441,Employment of Veterans in the Federal Government,Barack Obama,2009-11-09,2009-11-13,74 FR 58533,13561,https://www.govinfo.gov/content/pkg/FR-2009-11-13/pdf/E9-27441.pdf,https://www.federalregister.gov/documents/full_text/text/2009/11/13/E9-27441.txt,"Executive Order 13518 establishes an interagency Council on Veterans Employment, assigns it advisory and reporting duties, directs federal agencies to create Veterans Employment Program Offices, requires the Director of OPM to develop a strategic recruitment plan and to submit recommendations to the President, and tasks the Secretaries of Defense, Labor, Veterans Affairs, and Homeland Security with counseling and training actions for veterans.",government_administration,,,[],creates_body,,stop
13519,E9-28022,Establishment of the Financial Fraud Enforcement Task Force,Barack Obama,2009-11-17,2009-11-19,74 FR 60123,8531,https://www.govinfo.gov/content/pkg/FR-2009-11-19/pdf/E9-28022.pdf,https://www.federalregister.gov/documents/full_text/text/2009/11/19/E9-28022.txt,"Executive Order 13519 creates the interagency Financial Fraud Enforcement Task Force, designates its leadership and membership, sets a 30‑day deadline for its first meeting, replaces the earlier Corporate Fraud Task Force (EO 13271) and terminates that order, and provides the conditions under which the new Task Force may be terminated.",justice_and_law_enforcement,,,[],creates_body,,stop
13520,E9-28493,Reducing Improper Payments,Barack Obama,2009-11-20,2009-11-25,74 FR 62201,18086,https://www.govinfo.gov/content/pkg/FR-2009-11-25/pdf/E9-28493.pdf,https://www.federalregister.gov/documents/full_text/text/2009/11/25/E9-28493.txt,"Executive Order 13520 directs the federal government to reduce improper payments by establishing working groups, setting reporting requirements, and mandating the publication of payment data. It tasks the Office of Management and Budget, the Treasury Department, and other agencies with identifying high‑priority programs, creating targets, and providing regular reports on payment errors, waste, fraud, and abuse. The order also requires the Chief Financial Officers Council and the Federal Acquisition Regulatory Council to recommend actions to improve payment integrity and contractor accountability.",government_administration,,,"[""economy_and_finance"", ""justice_and_law_enforcement""]",creates_body,,stop
13521,E9-28805,Establishing the Presidential Commission for the Study of Bioethical Issues,Barack Obama,2009-11-24,2009-11-30,74 FR 62671,8122,https://www.govinfo.gov/content/pkg/FR-2009-11-30/pdf/E9-28805.pdf,https://www.federalregister.gov/documents/full_text/text/2009/11/30/E9-28805.txt,The order creates the Presidential Commission for the Study of Bioethical Issues within HHS.,technology_and_research,,,[],creates_body,,stop
13522,E9-29781,Creating Labor-Management Forums to Improve Delivery of Government Services,Barack Obama,2009-12-09,2009-12-14,74 FR 66203,14594,https://www.govinfo.gov/content/pkg/FR-2009-12-14/pdf/E9-29781.pdf,https://www.federalregister.gov/documents/full_text/text/2009/12/14/E9-29781.txt,Executive Order 13522 establishes a new inter‑agency body to improve labor‑management relations in the federal government.,government_administration,,,[],creates_body,,stop
13523,E9-30020,"Half-Day Closing of Executive Departments and Agencies on Thursday, December 24, 2009",Barack Obama,2009-12-11,2009-12-16,74 FR 66563,2033,https://www.govinfo.gov/content/pkg/FR-2009-12-16/pdf/E9-30020.pdf,https://www.federalregister.gov/documents/full_text/text/2009/12/16/E9-30020.txt,"Executive Order 13523 orders a half‑day closure of all executive‑branch departments and agencies on Thursday, December 24 2009, with limited exceptions, and ties the order to EO 11582 and related statutes for pay‑and‑leave purposes.",government_administration,,,[],other,orders a half‑day closure of executive‑branch agencies (no listed instrument category applies),stop
13524,E9-30413,"Amending Executive Order 12425 Designating Interpol as a Public International Organization Entitled To Enjoy Certain Privileges, Exemptions, and Immunities",Barack Obama,2009-12-16,2009-12-21,74 FR 67803,1186,https://www.govinfo.gov/content/pkg/FR-2009-12-21/pdf/E9-30413.pdf,https://www.federalregister.gov/documents/full_text/text/2009/12/21/E9-30413.txt,The order amends Executive Order 12425 to remove certain language about sections of the International Organizations Immunities Act.,justice_and_law_enforcement,,,[],revokes_or_amends,,stop
13525,E9-31098,Adjustments of Certain Rates of Pay,Barack Obama,2009-12-23,2009-12-30,74 FR 69231,4638,https://www.govinfo.gov/content/pkg/FR-2009-12-30/pdf/E9-31098.pdf,https://www.federalregister.gov/documents/full_text/text/2009/12/30/E9-31098.txt,Executive Order 13525 adjusts federal pay rates and supersedes a prior order.,government_administration,,,[],adjusts_pay_or_admin,,stop
13526,E9-31418,Classified National Security Information,Barack Obama,2009-12-29,2010-01-05,75 FR 707,107839,https://www.govinfo.gov/content/pkg/FR-2010-01-05/pdf/E9-31418.pdf,https://www.federalregister.gov/documents/full_text/text/2010/01/05/E9-31418.txt,"Executive Order 13526 establishes a uniform system for classifying, safeguarding, and declassifying national‑security information and creates several new bodies to oversee the system.",security_and_defense,,,[],creates_body,,stop
13527,2010-38,Establishing Federal Capability for the Timely Provision of Medical Countermeasures Following a Biological Attack,Barack Obama,2009-12-30,2010-01-06,75 FR 737,5878,https://www.govinfo.gov/content/pkg/FR-2010-01-06/pdf/2010-38.pdf,https://www.federalregister.gov/documents/full_text/text/2010/01/06/2010-38.txt,"Executive Order 13527 directs federal officials to develop models, plans, and a rapid‑response capability for delivering medical countermeasures after a biological attack.",health,,,[],delegates_authority,,stop
13528,2010-705,Establishment of the Council of Governors,Barack Obama,2010-01-11,2010-01-14,75 FR 2053,6102,https://www.govinfo.gov/content/pkg/FR-2010-01-14/pdf/2010-705.pdf,https://www.federalregister.gov/documents/full_text/text/2010/01/14/2010-705.txt,"Executive Order 13528 establishes a Council of Governors to coordinate State and Federal activities related to the National Guard, homeland defense, and civil support.",security_and_defense,,,[],creates_body,,stop
13529,2010-1229,Ordering the Selected Reserve and Certain Individual Ready Reserve Members of the Armed Forces to Active Duty,Barack Obama,2010-01-16,2010-01-21,75 FR 3331,2078,https://www.govinfo.gov/content/pkg/FR-2010-01-21/pdf/2010-1229.pdf,https://www.federalregister.gov/documents/full_text/text/2010/01/21/2010-1229.txt,Executive Order 13529 orders Selected Reserve and certain Individual Ready Reserve members to active duty to augment the Armed Forces for Haiti relief operations.,security_and_defense,,,[],other,orders selected‑reserve and individual‑ready‑reserve personnel to active duty,stop
13530,2010-2419,President's Advisory Council on Financial Capability,Barack Obama,2010-01-29,2010-02-03,75 FR 5481,9145,https://www.govinfo.gov/content/pkg/FR-2010-02-03/pdf/2010-2419.pdf,https://www.federalregister.gov/documents/full_text/text/2010/02/03/2010-2419.txt,Executive Order 13530 establishes the President’s Advisory Council on Financial Capability within the Treasury Department to promote financial capability among the American people.,technology_and_research,,"The order’s subject is financial capability/financial education, which does not map cleanly onto the listed top‑level topics; it is closest to the broader research/education domain.",[],creates_body,,stop
13531,2010-3725,National Commission on Fiscal Responsibility and Reform,Barack Obama,2010-02-18,2010-02-23,75 FR 7927,4906,https://www.govinfo.gov/content/pkg/FR-2010-02-23/pdf/2010-3725.pdf,https://www.federalregister.gov/documents/full_text/text/2010/02/23/2010-3725.txt,"Executive Order 13531 creates the National Commission on Fiscal Responsibility and Reform, defines its composition, mission, reporting and termination requirements, and sets compensation rules.",foreign_policy,,The order’s subject is fiscal responsibility and reform; the closest predefined topic is fiscal_policy.,[],creates_body,,stop
13532,2010-4593,"Promoting Excellence, Innovation, and Sustainability at Historically Black Colleges and Universities",Barack Obama,2010-02-26,2010-03-03,75 FR 9749,12260,https://www.govinfo.gov/content/pkg/FR-2010-03-03/pdf/2010-4593.pdf,https://www.federalregister.gov/documents/full_text/text/2010/03/03/2010-4593.txt,Executive Order 13532 establishes several new bodies to support historically black colleges and universities (HBCUs) and revokes a prior order.,education,,,[],creates_body,,stop
13533,2010-4884,Providing an Order of Succession Within the Department of Defense,Barack Obama,2010-03-01,2010-03-05,75 FR 10163,4668,https://www.govinfo.gov/content/pkg/FR-2010-03-05/pdf/2010-4884.pdf,https://www.federalregister.gov/documents/full_text/text/2010/03/05/2010-4884.txt,Executive Order 13533 revokes Executive Order 13394 and establishes a succession order for the Department of Defense.,government_administration,,,[],revokes_or_amends,,stop
13534,2010-5837,National Export Initiative,Barack Obama,2010-03-11,2010-03-16,75 FR 12433,9545,https://www.govinfo.gov/content/pkg/FR-2010-03-16/pdf/2010-5837.pdf,https://www.federalregister.gov/documents/full_text/text/2010/03/16/2010-5837.txt,"Executive Order 13534 creates the Export Promotion Cabinet, directs it to report a comprehensive export‑promotion plan within 180 days, and assigns it the function of coordinating with the Trade Promotion Coordinating Committee (TPCC).",trade,,,[],creates_body,,stop
13535,2010-7154,Ensuring Enforcement and Implementation of Abortion Restrictions in the Patient Protection and Affordable Care Act,Barack Obama,2010-03-24,2010-03-29,75 FR 15599,7677,https://www.govinfo.gov/content/pkg/FR-2010-03-29/pdf/2010-7154.pdf,https://www.federalregister.gov/documents/full_text/text/2010/03/29/2010-7154.txt,Executive Order 13535 directs federal agencies to develop segregation guidelines for health‑insurance exchanges and to enforce existing abortion‑funding restrictions on community health centers.,health,,,[],directs_report_or_study,,stop
13536,2010-8878,Blocking Property of Certain Persons Contributing to the Conflict in Somalia,Barack Obama,2010-04-12,2010-04-15,75 FR 19869,11001,https://www.govinfo.gov/content/pkg/FR-2010-04-15/pdf/2010-8878.pdf,https://www.federalregister.gov/documents/full_text/text/2010/04/15/2010-8878.txt,"Executive Order 13536 blocks property of persons contributing to the conflict in Somalia and authorizes the Treasury to implement and later lift those blocks, while prohibiting evasion transactions and requiring reporting to Congress.",foreign_policy,,,[],imposes_sanctions,,stop
13537,2010-9078,Interagency Group on Insular Areas,Barack Obama,2010-04-14,2010-04-19,75 FR 20237,5511,https://www.govinfo.gov/content/pkg/FR-2010-04-19/pdf/2010-9078.pdf,https://www.federalregister.gov/documents/full_text/text/2010/04/19/2010-9078.txt,Executive Order 13537 establishes the Interagency Group on Insular Areas (IGIA) to advise the President on policies concerning U.S. insular territories.,government_administration,,,[],creates_body,,stop
13538,2010-9451,Establishing the President's Management Advisory Board,Barack Obama,2010-04-19,2010-04-22,75 FR 20895,5530,https://www.govinfo.gov/content/pkg/FR-2010-04-22/pdf/2010-9451.pdf,https://www.federalregister.gov/documents/full_text/text/2010/04/22/2010-9451.txt,Executive Order 13538 creates the President’s Management Advisory Board (PMAB) to advise the President and the President’s Management Council on federal government management.,government_administration,,,[],creates_body,,stop
13539,2010-9796,President's Council of Advisors on Science and Technology,Barack Obama,2010-04-21,2010-04-27,75 FR 21973,7207,https://www.govinfo.gov/content/pkg/FR-2010-04-27/pdf/2010-9796.pdf,https://www.federalregister.gov/documents/full_text/text/2010/04/27/2010-9796.txt,"Executive Order 13539 establishes the President's Council of Advisors on Science and Technology (PCAST), an advisory body of up to 21 members that includes the Science Advisor and non‑federal experts. The council advises the President on science, technology, and innovation policy and may create standing subcommittees and ad hoc groups. Heads of executive departments and agencies must provide PCAST with scientific and technological information when requested, the Office of Science and Technology Policy must supply funding and support, and the Science Advisor may request security clearances for members. The order sets PCAST to terminate two years after the order’s date unless the President extends it.",technology_and_research,,,"[""energy_and_environment"", ""health"", ""security_and_defense""]",creates_body,,stop
13540,2010-10172,Interagency Task Force on Veterans Small Business Development,Barack Obama,2010-04-26,2010-04-29,75 FR 22497,5374,https://www.govinfo.gov/content/pkg/FR-2010-04-29/pdf/2010-10172.pdf,https://www.federalregister.gov/documents/full_text/text/2010/04/29/2010-10172.txt,"Establishes an interagency task force to coordinate federal efforts to improve capital access, business development, and contracting opportunities for veteran‑owned small businesses.",economy_and_finance,,,[],creates_body,,stop
13541,2010-11557,Temporary Organization To Facilitate a Strategic Partnership With the Republic of Iraq,Barack Obama,2010-05-07,2010-05-12,75 FR 26879,4197,https://www.govinfo.gov/content/pkg/FR-2010-05-12/pdf/2010-11557.pdf,https://www.federalregister.gov/documents/full_text/text/2010/05/12/2010-11557.txt,"Executive Order 13541 creates the Iraq Strategic Partnership Office (ISPO) within the Department of State, assigns a Secretary‑selected Director, transfers ITAO resources to ISPO, and sets ISPO’s termination at the end of the period allowed by law.",foreign_policy,,,"[""government_administration""]",creates_body,,stop
13542,2010-12070,Providing an Order of Succession Within the Department of Agriculture,Barack Obama,2010-05-13,2010-05-18,75 FR 27921,4414,https://www.govinfo.gov/content/pkg/FR-2010-05-18/pdf/2010-12070.pdf,https://www.federalregister.gov/documents/full_text/text/2010/05/18/2010-12070.txt,Executive Order 13542 establishes the line of officials who may serve as Acting Secretary of Agriculture and revokes EO 13241.,government_administration,,,[],delegates_authority,,stop
13543,2010-12805,National Commission on the BP Deepwater Horizon Oil Spill and Offshore Drilling,Barack Obama,2010-05-21,2010-05-26,75 FR 29397,6590,https://www.govinfo.gov/content/pkg/FR-2010-05-26/pdf/2010-12805.pdf,https://www.federalregister.gov/documents/full_text/text/2010/05/26/2010-12805.txt,Executive Order 13543 establishes the National Commission on the BP Deepwater Horizon Oil Spill and Offshore Drilling.,energy_and_environment,,,[],creates_body,,stop
13544,2010-14613,"Establishing the National Prevention, Health Promotion, and Public Health Council",Barack Obama,2010-06-10,2010-06-16,75 FR 33983,11791,https://www.govinfo.gov/content/pkg/FR-2010-06-16/pdf/2010-14613.pdf,https://www.federalregister.gov/documents/full_text/text/2010/06/16/2010-14613.txt,"Executive Order 13544 establishes the National Prevention, Health Promotion, and Public Health Council within HHS, creates an advisory group reporting to the Council chair, and directs the development of a national health strategy by March 23 2011 and periodic reporting to the President and Congress beginning July 1 2010.",health,,,"[""government_administration""]",creates_body,,stop
13545,2010-15851,"President's Council on Fitness, Sports, and Nutrition",Barack Obama,2010-06-22,2010-06-28,75 FR 37283,8080,https://www.govinfo.gov/content/pkg/FR-2010-06-28/pdf/2010-15851.pdf,https://www.federalregister.gov/documents/full_text/text/2010/06/28/2010-15851.txt,"Establishes the President’s Council on Fitness, Sports, and Nutrition, defines its composition, term, compensation, leadership, subcommittee authority, advisory functions, and a two‑year termination deadline.",health,,,[],creates_body,,stop
13546,2010-16864,Optimizing the Security of Biological Select Agents and Toxins in the United States,Barack Obama,2010-07-02,2010-07-08,75 FR 39439,13253,https://www.govinfo.gov/content/pkg/FR-2010-07-08/pdf/2010-16864.pdf,https://www.federalregister.gov/documents/full_text/text/2010/07/08/2010-16864.txt,"Executive Order 13546 directs multiple agencies to tier, regulate, and coordinate security for biological select agents and toxins, creates the Federal Experts Security Advisory Panel, and sets specific deadlines for designations, rulemaking, coordination plans, information‑sharing processes, and biennial reviews.",technology_and_research,,,[],delegates_authority,,stop
13547,2010-18169,"Stewardship of the Ocean, Our Coasts, and the Great Lakes",Barack Obama,2010-07-19,2010-07-22,75 FR 43023,18991,https://www.govinfo.gov/content/pkg/FR-2010-07-22/pdf/2010-18169.pdf,https://www.federalregister.gov/documents/full_text/text/2010/07/22/2010-18169.txt,"Key actions of Executive Order 13547 (Stewardship of the Ocean, Our Coasts, and the Great Lakes).",energy_and_environment,,,[],creates_body,,stop
13548,2010-18988,Increasing Federal Employment of Individuals With Disabilities,Barack Obama,2010-07-26,2010-07-30,75 FR 45039,10746,https://www.govinfo.gov/content/pkg/FR-2010-07-30/pdf/2010-18988.pdf,https://www.federalregister.gov/documents/full_text/text/2010/07/30/2010-18988.txt,"Executive Order 13548 directs federal agencies to increase the hiring, retention, and advancement of individuals with disabilities.",labor_and_workforce,,,[],delegates_authority,,stop
13549,2010-21016,"Classified National Security Information Program for State, Local, Tribal, and Private Sector Entities",Barack Obama,2010-08-18,2010-08-23,75 FR 51609,24133,https://www.govinfo.gov/content/pkg/FR-2010-08-23/pdf/2010-21016.pdf,https://www.federalregister.gov/documents/full_text/text/2010/08/23/2010-21016.txt,"Executive Order 13549 creates a Classified National Security Information Program and an SLTPS Policy Advisory Committee, designates the Secretary of Homeland Security as Executive Agent and the Director of the Information Security Oversight Office as Chair, and requires an implementing directive within 180 days; the order becomes effective 180 days after signing (section 3 effective immediately).",security_and_defense,,,[],creates_body,,stop
13550,2010-21020,Establishment of Pakistan and Afghanistan Support Office,Barack Obama,2010-08-18,2010-08-23,75 FR 51615,4039,https://www.govinfo.gov/content/pkg/FR-2010-08-23/pdf/2010-21020.pdf,https://www.federalregister.gov/documents/full_text/text/2010/08/23/2010-21020.txt,Executive Order 13550 creates the Pakistan and Afghanistan Support Office (PASO) as a temporary organization within the Department of State to support U.S. efforts in Afghanistan and Pakistan.,foreign_policy,,,[],creates_body,,stop
13551,2010-22002,Blocking Property of Certain Persons With Respect to North Korea,Barack Obama,2010-08-30,2010-09-01,75 FR 53837,10765,https://www.govinfo.gov/content/pkg/FR-2010-09-01/pdf/2010-22002.pdf,https://www.federalregister.gov/documents/full_text/text/2010/09/01/2010-22002.txt,"Executive Order 13551 expands the national‑emergency authority of EO 13466 and imposes sanctions that block property of designated persons and prohibit related transactions, donations, and conspiracies. It authorises the Treasury Secretary (with State) to implement, modify, or terminate the blocking measures.",foreign_policy,,,[],imposes_sanctions,,stop
13552,2010-22279,"2010 Amendments to the Manual for Courts-Martial, United States",Barack Obama,2010-08-31,2010-09-03,75 FR 54263,2259,https://www.govinfo.gov/content/pkg/FR-2010-09-03/pdf/2010-22279.pdf,https://www.federalregister.gov/documents/full_text/text/2010/09/03/2010-22279.txt,Executive Order 13552 amends the Manual for Courts‑Martial.,justice_and_law_enforcement,,,[],revokes_or_amends,,stop
13553,2010-24839,Blocking Property of Certain Persons With Respect to Serious Human Rights Abuses by the Government of Iran and Taking Certain Other Actions,Barack Obama,2010-09-28,2010-10-01,75 FR 60567,13240,https://www.govinfo.gov/content/pkg/FR-2010-10-01/pdf/2010-24839.pdf,https://www.federalregister.gov/documents/full_text/text/2010/10/01/2010-24839.txt,"Executive Order 13553 blocks the property and interests of persons responsible for serious human rights abuses by the Government of Iran and prohibits contributions to them. It authorizes the Secretaries of the Treasury and State to implement and enforce these property and visa sanctions, including promulgating rules, delegating functions, and submitting sanction lists. The order also directs all U.S. agencies to take appropriate measures to carry out its provisions.",foreign_policy,,,"[""security_and_defense"", ""justice_and_law_enforcement""]",imposes_sanctions,,stop
13554,2010-25578,Establishing the Gulf Coast Ecosystem Restoration Task Force,Barack Obama,2010-10-05,2010-10-08,75 FR 62313,17864,https://www.govinfo.gov/content/pkg/FR-2010-10-08/pdf/2010-25578.pdf,https://www.federalregister.gov/documents/full_text/text/2010/10/08/2010-25578.txt,"Executive Order 13554 establishes the Gulf Coast Ecosystem Restoration Task Force, defines its composition (senior officials from multiple departments, state representatives, and tribal representatives), appoints a Chair, outlines its advisory functions, requires a biennial update to the President, mandates a Gulf of Mexico Regional Ecosystem Restoration Strategy within one year, and calls for the first meeting within 90 days. The order also references Executive Order 13175 for tribal consultation.",energy_and_environment,,,[],creates_body,,stop
13555,2010-27004,White House Initiative on Educational Excellence for Hispanics,Barack Obama,2010-10-19,2010-10-22,75 FR 65417,15532,https://www.govinfo.gov/content/pkg/FR-2010-10-22/pdf/2010-27004.pdf,https://www.federalregister.gov/documents/full_text/text/2010/10/22/2010-27004.txt,"Executive Order 13555 establishes a White House Initiative, an interagency Working Group, and a President’s Advisory Commission focused on improving educational opportunities and outcomes for Hispanics, and it supersedes EO 13230.",education,,,[],creates_body,,stop
13556,2010-28360,Controlled Unclassified Information,Barack Obama,2010-11-04,2010-11-09,75 FR 68675,11142,https://www.govinfo.gov/content/pkg/FR-2010-11-09/pdf/2010-28360.pdf,https://www.federalregister.gov/documents/full_text/text/2010/11/09/2010-28360.txt,Executive Order 13556 creates a uniform program for managing Controlled Unclassified Information (CUI) and delegates implementation authority to the National Archives and Records Administration (NARA).,technology_and_research,,,[],delegates_authority,,stop
13557,2010-28365,Providing an Order of Succession Within the Department of Justice,Barack Obama,2010-11-04,2010-11-09,75 FR 68679,2923,https://www.govinfo.gov/content/pkg/FR-2010-11-09/pdf/2010-28365.pdf,https://www.federalregister.gov/documents/full_text/text/2010/11/09/2010-28365.txt,The order establishes an internal succession line for the Attorney General of the Department of Justice.,government_administration,,,[],adjusts_pay_or_admin,,stop
13558,2010-28854,Export Enforcement Coordination Center,Barack Obama,2010-11-09,2010-11-15,75 FR 69573,7179,https://www.govinfo.gov/content/pkg/FR-2010-11-15/pdf/2010-28854.pdf,https://www.federalregister.gov/documents/full_text/text/2010/11/15/2010-28854.txt,Executive Order 13558 creates an interagency Federal Export Enforcement Coordination Center to coordinate export‑control enforcement across the Federal Government.,security_and_defense,,,[],creates_body,,stop
13559,2010-29579,Fundamental Principles and Policymaking Criteria for Partnerships With Faith-Based and Other Neighborhood Organizations,Barack Obama,2010-11-17,2010-11-22,75 FR 71319,17901,https://www.govinfo.gov/content/pkg/FR-2010-11-22/pdf/2010-29579.pdf,https://www.federalregister.gov/documents/full_text/text/2010/11/22/2010-29579.txt,"Executive Order 13559 establishes an Interagency Working Group on Faith‑Based and Other Neighborhood Partnerships, directs it to report within 120 days, and assigns implementation responsibilities to the Department of Health and Human Services and the Office of Management and Budget.",other,,"The order concerns policy for faith‑based and neighborhood organizations, which does not fit the listed topic categories.",[],creates_body,,stop
13560,2010-31878,White House Council for Community Solutions,Barack Obama,2010-12-14,2010-12-17,75 FR 78875,6360,https://www.govinfo.gov/content/pkg/FR-2010-12-17/pdf/2010-31878.pdf,https://www.federalregister.gov/documents/full_text/text/2010/12/17/2010-31878.txt,"Executive Order 13560 establishes the White House Council for Community Solutions within the Corporation for National and Community Service to advance social innovation and civic participation. It defines the Council’s mission, membership, and administration, tasks federal agencies to assist the Council, and sets the Council to terminate two years after the order unless renewed. The order also delegates certain presidential functions under the Federal Advisory Committee Act to the CNCS chief executive officer.",other,,community solutions and civic participation,[],creates_body,,stop
13561,2010-32960,Adjustments of Certain Rates of Pay,Barack Obama,2010-12-22,2010-12-29,75 FR 81817,4565,https://www.govinfo.gov/content/pkg/FR-2010-12-29/pdf/2010-32960.pdf,https://www.federalregister.gov/documents/full_text/text/2010/12/29/2010-32960.txt,Executive Order 13561 adjusts federal pay rates and supersedes a prior order.,government_administration,,,[],revokes_or_amends,,stop
13562,2010-33169,Recruiting and Hiring Students and Recent Graduates,Barack Obama,2010-12-27,2010-12-30,75 FR 82585,18152,https://www.govinfo.gov/content/pkg/FR-2010-12-30/pdf/2010-33169.pdf,https://www.federalregister.gov/documents/full_text/text/2010/12/30/2010-33169.txt,"Executive Order 13562 establishes the Internship Program, Recent Graduates Program, and the collective Pathways Programs to expand federal hiring of students and recent graduates. It directs the Director of the Office of Personnel Management to issue implementing regulations and to oversee the programs, and requires agencies to appoint a Pathways Programs Officer within 45 days. The order also amends civil service rules to allow excepted service appointments for these positions.",labor_and_workforce,,,"[""education"", ""government_administration""]",delegates_authority,,stop
13563,2011-1385,Improving Regulation and Regulatory Review,Barack Obama,2011-01-18,2011-01-21,76 FR 3821,10246,https://www.govinfo.gov/content/pkg/FR-2011-01-21/pdf/2011-1385.pdf,https://www.federalregister.gov/documents/full_text/text/2011/01/21/2011-1385.txt,"Executive Order 13563 directs federal agencies to improve regulation and regulatory review, requiring them to develop a plan for periodic retrospective analysis of existing significant regulations.",government_administration,,,[],directs_report_or_study,,stop
13564,2011-2577,Establishment of the President's Council on Jobs and Competitiveness,Barack Obama,2011-01-31,2011-02-03,76 FR 6309,6852,https://www.govinfo.gov/content/pkg/FR-2011-02-03/pdf/2011-2577.pdf,https://www.federalregister.gov/documents/full_text/text/2011/02/03/2011-2577.txt,"The order creates the President’s Council on Jobs and Competitiveness to advise the President on economic, job‑creation, and competitiveness matters.",economy_and_finance,,,[],creates_body,,stop
13565,2011-3257,Establishment of the Intellectual Property Enforcement Advisory Committees,Barack Obama,2011-02-08,2011-02-11,76 FR 7681,9959,https://www.govinfo.gov/content/pkg/FR-2011-02-11/pdf/2011-3257.pdf,https://www.federalregister.gov/documents/full_text/text/2011/02/11/2011-3257.txt,Executive Order 13565 creates two interagency advisory committees to coordinate federal intellectual‑property‑enforcement efforts and sets a deadline for the first meeting of the senior committee.,justice_and_law_enforcement,,,[],creates_body,,stop
13566,2011-4753,Blocking Property and Prohibiting Certain Transactions Related to Libya,Barack Obama,2011-02-25,2011-03-02,76 FR 11315,10223,https://www.govinfo.gov/content/pkg/FR-2011-03-02/pdf/2011-4753.pdf,https://www.federalregister.gov/documents/full_text/text/2011/03/02/2011-4753.txt,"The order blocks property and interests in property of designated Libyan individuals, the Government of Libya, its agencies, instrumentalities, controlled entities, and the Central Bank of Libya, and prohibits related transactions.",foreign_policy,,,[],imposes_sanctions,,stop
13567,2011-5728,Periodic Review of Individuals Detained at Guantánamo Bay Naval Station Pursuant to the Authorization for Use of Military Force,Barack Obama,2011-03-07,2011-03-10,76 FR 13277,18054,https://www.govinfo.gov/content/pkg/FR-2011-03-10/pdf/2011-5728.pdf,https://www.federalregister.gov/documents/full_text/text/2011/03/10/2011-5728.txt,"Executive Order 13567 establishes a periodic‑review process for Guantánamo detainees, creating a Periodic Review Board and a secretariat to administer it.",justice_and_law_enforcement,,,[],creates_body,,stop
13568,2011-5903,Extending Provisions of the International Organizations Immunities Act to the Office of the High Representative in Bosnia and Herzegovina and the International Civilian Office in Kosovo,Barack Obama,2011-03-08,2011-03-11,76 FR 13497,2167,https://www.govinfo.gov/content/pkg/FR-2011-03-11/pdf/2011-5903.pdf,https://www.federalregister.gov/documents/full_text/text/2011/03/11/2011-5903.txt,"Extends all privileges, exemptions, and immunities provided by the International Organizations Act to the Office of the High Representative in Bosnia and Herzegovina and the International Civilian Office in Kosovo, and provides that such immunities continue if either office is dissolved.",foreign_policy,,,[],other,"extends privileges, exemptions, and immunities of the International Organizations Immunities Act to foreign offices",stop
13569,2011-8642,"Amendments to Executive Orders 12824, 12835, 12859, and 13532, Reestablishment Pursuant to Executive Order 13498, and Revocation of Executive Order 13507",Barack Obama,2011-04-05,2011-04-08,76 FR 19891,3061,https://www.govinfo.gov/content/pkg/FR-2011-04-08/pdf/2011-8642.pdf,https://www.federalregister.gov/documents/full_text/text/2011/04/08/2011-8642.txt,Executive Order 13569 reestablishes the President’s Advisory Council on Faith‑Based and Neighborhood Partnerships and sets a termination deadline for that council; it also amends several prior orders and revokes EO 13507 (relationships already recorded).,government_administration,,,[],creates_body,,stop
13570,2011-9739,Prohibiting Certain Transactions With Respect to North Korea,Barack Obama,2011-04-18,2011-04-20,76 FR 22291,5143,https://www.govinfo.gov/content/pkg/FR-2011-04-20/pdf/2011-9739.pdf,https://www.federalregister.gov/documents/full_text/text/2011/04/20/2011-9739.txt,"Executive Order 13570 prohibits the importation of any goods, services, or technology from North Korea and bars any U.S. person from engaging in transactions that evade these prohibitions. It authorizes the Secretary of the Treasury, in consultation with the Secretary of State, to issue rules and regulations to enforce the ban, and directs all federal agencies to take appropriate measures to implement the order. The order also affirms that the sanctions imposed by Executive Orders 13466 and 13551 remain in effect.",foreign_policy,,,"[""economy_and_finance"", ""security_and_defense""]",imposes_sanctions,,stop
13571,2011-10732,Streamlining Service Delivery and Improving Customer Service,Barack Obama,2011-04-27,2011-05-02,76 FR 24339,8339,https://www.govinfo.gov/content/pkg/FR-2011-05-02/pdf/2011-10732.pdf,https://www.federalregister.gov/documents/full_text/text/2011/05/02/2011-10732.txt,"Executive Order 13571 directs federal agencies to create and publish Customer Service Plans within 180 days, aiming to streamline service delivery and improve the public’s experience.",government_administration,,,[],directs_report_or_study,,stop
13572,2011-10910,Blocking Property of Certain Persons With Respect to Human Rights Abuses in Syria,Barack Obama,2011-04-29,2011-05-03,76 FR 24787,8808,https://www.govinfo.gov/content/pkg/FR-2011-05-03/pdf/2011-10910.pdf,https://www.federalregister.gov/documents/full_text/text/2011/05/03/2011-10910.txt,"The order blocks property and interests in property of persons responsible for or complicit in human‑rights abuses in Syria, prohibiting any transfer, payment, export, withdrawal, or other dealing with such property.",foreign_policy,,,[],imposes_sanctions,,stop
13573,2011-12645,Blocking Property of Senior Officials of the Government of Syria,Barack Obama,2011-05-18,2011-05-20,76 FR 29143,8586,https://www.govinfo.gov/content/pkg/FR-2011-05-20/pdf/2011-12645.pdf,https://www.federalregister.gov/documents/full_text/text/2011/05/20/2011-12645.txt,"Executive Order 13573 blocks property of senior Syrian officials and entities, prohibits related donations, contributions, and evasion, authorizes the Treasury to implement and modify the sanctions, and takes effect on May 18, 2011.",foreign_policy,,,[],imposes_sanctions,,stop
13574,2011-13173,"Authorizing the Implementation of Certain Sanctions Set Forth in the Iran Sanctions Act of 1996, as Amended",Barack Obama,2011-05-23,2011-05-25,76 FR 30505,10323,https://www.govinfo.gov/content/pkg/FR-2011-05-25/pdf/2011-13173.pdf,https://www.federalregister.gov/documents/full_text/text/2011/05/25/2011-13173.txt,The order imposes sanctions on persons designated under the Iran Sanctions Act.,other,,"The order concerns foreign‑policy sanctions, which does not fit the predefined topic categories.",[],imposes_sanctions,,stop
13575,2011-14919,Establishment of the White House Rural Council,Barack Obama,2011-06-09,2011-06-14,76 FR 34841,7313,https://www.govinfo.gov/content/pkg/FR-2011-06-14/pdf/2011-14919.pdf,https://www.federalregister.gov/documents/full_text/text/2011/06/14/2011-14919.txt,Executive Order 13575 creates the White House Rural Council to coordinate federal efforts that support rural communities.,civil_rights,,"The order’s subject – rural communities – does not match any predefined topic, so a generic placeholder is used.",[],creates_body,,stop
13576,2011-15181,"Delivering an Efficient, Effective, and Accountable Government",Barack Obama,2011-06-13,2011-06-16,76 FR 35297,10331,https://www.govinfo.gov/content/pkg/FR-2011-06-16/pdf/2011-15181.pdf,https://www.federalregister.gov/documents/full_text/text/2011/06/16/2011-15181.txt,Executive Order 13576 (June 13 2011) creates a new inter‑agency board to improve transparency and accountability of federal spending and sets a series of reporting and coordination requirements for senior officials.,government_administration,,,[],creates_body,,stop
13577,2011-15443,Establishment of the SelectUSA Initiative,Barack Obama,2011-06-15,2011-06-20,76 FR 35715,8340,https://www.govinfo.gov/content/pkg/FR-2011-06-20/pdf/2011-15443.pdf,https://www.federalregister.gov/documents/full_text/text/2011/06/20/2011-15443.txt,Executive Order 13577 creates two new bodies to promote business investment in the United States.,trade,,,[],creates_body,,stop
13578,2011-17447,Coordinating Policies on Automotive Communities and Workers,Barack Obama,2011-07-06,2011-07-11,76 FR 40591,5654,https://www.govinfo.gov/content/pkg/FR-2011-07-11/pdf/2011-17447.pdf,https://www.federalregister.gov/documents/full_text/text/2011/07/11/2011-17447.txt,Executive Order 13578 assigns coordination responsibilities for automotive communities and workers to the Secretary of Labor and permits delegation of those duties.,government_administration,,,[],delegates_authority,,stop
13579,2011-17953,Regulation and Independent Regulatory Agencies,Barack Obama,2011-07-11,2011-07-14,76 FR 41587,4630,https://www.govinfo.gov/content/pkg/FR-2011-07-14/pdf/2011-17953.pdf,https://www.federalregister.gov/documents/full_text/text/2011/07/14/2011-17953.txt,Executive Order 13579 directs independent regulatory agencies to create and publish a plan for periodic review of existing significant regulations.,government_administration,,,[],directs_report_or_study,,stop
13580,2011-18065,Interagency Working Group on Coordination of Domestic Energy Development and Permitting in Alaska,Barack Obama,2011-07-12,2011-07-15,76 FR 41989,8129,https://www.govinfo.gov/content/pkg/FR-2011-07-15/pdf/2011-18065.pdf,https://www.federalregister.gov/documents/full_text/text/2011/07/15/2011-18065.txt,Executive Order 13580 creates an interagency working group to coordinate domestic energy development and permitting in Alaska.,energy_and_environment,,,[],creates_body,,stop
13581,2011-19156,Blocking Property of Transnational Criminal Organizations,Barack Obama,2011-07-24,2011-07-27,76 FR 44757,9811,https://www.govinfo.gov/content/pkg/FR-2011-07-27/pdf/2011-19156.pdf,https://www.federalregister.gov/documents/full_text/text/2011/07/27/2011-19156.txt,Executive Order 13581 blocks property of transnational criminal organizations and authorizes the Treasury to enforce and report on the sanctions.,security_and_defense,,,[],imposes_sanctions,,stop
13582,2011-21505,Blocking Property of the Government of Syria and Prohibiting Certain Transactions With Respect to Syria,Barack Obama,2011-08-17,2011-08-22,76 FR 52209,9747,https://www.govinfo.gov/content/pkg/FR-2011-08-22/pdf/2011-21505.pdf,https://www.federalregister.gov/documents/full_text/text/2011/08/22/2011-21505.txt,"The order blocks property of the Government of Syria and prohibits a range of transactions with Syria, thereby imposing sanctions.",foreign_policy,,,[],imposes_sanctions,,stop
13583,2011-21704,Establishing a Coordinated Government-Wide Initiative to Promote Diversity and Inclusion in the Federal Workforce,Barack Obama,2011-08-18,2011-08-23,76 FR 52847,10466,https://www.govinfo.gov/content/pkg/FR-2011-08-23/pdf/2011-21704.pdf,https://www.federalregister.gov/documents/full_text/text/2011/08/23/2011-21704.txt,Executive Order 13583 creates a coordinated government‑wide initiative to promote diversity and inclusion in the federal workforce and directs agencies to develop strategic plans and reporting mechanisms.,government_administration,,,[],creates_body,,stop
13584,2011-23891,Developing an Integrated Strategic Counterterrorism Communications Initiative and Establishing a Temporary Organization to Support Certain Government-wide Communications Activities Directed Abroad,Barack Obama,2011-09-09,2011-09-15,76 FR 56945,11714,https://www.govinfo.gov/content/pkg/FR-2011-09-15/pdf/2011-23891.pdf,https://www.federalregister.gov/documents/full_text/text/2011/09/15/2011-23891.txt,"The order creates a new temporary organization (CCSO) and a Steering Committee, and tasks the Center for Strategic Counterterrorism Communications with coordinating government‑wide public communications abroad, referencing statutory authorities in titles 5 and 50.",security_and_defense,,,"[""government_administration""]",creates_body,,stop
13585,2011-26141,Continuance of Certain Federal Advisory Committees,Barack Obama,2011-09-30,2011-10-07,76 FR 62281,5620,https://www.govinfo.gov/content/pkg/FR-2011-10-07/pdf/2011-26141.pdf,https://www.federalregister.gov/documents/full_text/text/2011/10/07/2011-26141.txt,Executive Order 13585 continues a set of existing federal advisory committees and amends certain provisions of a prior order.,government_administration,,,[],revokes_or_amends,,stop
13586,2011-26574,Establishing an Emergency Board to Investigate Disputes Between Certain Railroads Represented by the National Carriers' Conference Committee of the National Railway Labor Conference and Their Employees Represented by Certain Labor Organizations,Barack Obama,2011-10-06,2011-10-12,76 FR 63533,3402,https://www.govinfo.gov/content/pkg/FR-2011-10-12/pdf/2011-26574.pdf,https://www.federalregister.gov/documents/full_text/text/2011/10/12/2011-26574.txt,The order creates an Emergency Board to investigate railroad‑labor disputes.,labor_and_workforce,,,[],creates_body,,stop
13587,2011-26729,Structural Reforms To Improve the Security of Classified Networks and the Responsible Sharing and Safeguarding of Classified Information,Barack Obama,2011-10-07,2011-10-13,76 FR 63811,21199,https://www.govinfo.gov/content/pkg/FR-2011-10-13/pdf/2011-26729.pdf,https://www.federalregister.gov/documents/full_text/text/2011/10/13/2011-26729.txt,Key actions of Executive Order 13587 (2011‑10‑07) on the security of classified networks.,technology_and_research,,,[],creates_body,,stop
13588,2011-28728,Reducing Prescription Drug Shortages,Barack Obama,2011-10-31,2011-11-03,76 FR 68295,7419,https://www.govinfo.gov/content/pkg/FR-2011-11-03/pdf/2011-28728.pdf,https://www.federalregister.gov/documents/full_text/text/2011/11/03/2011-28728.txt,Executive Order 13588 directs the Food and Drug Administration (FDA) to take several actions aimed at preventing and reducing prescription‑drug shortages.,health,,,[],delegates_authority,,stop
13589,2011-29683,Promoting Efficient Spending,Barack Obama,2011-11-09,2011-11-15,76 FR 70863,7575,https://www.govinfo.gov/content/pkg/FR-2011-11-15/pdf/2011-29683.pdf,https://www.federalregister.gov/documents/full_text/text/2011/11/15/2011-29683.txt,"This order directs all federal agencies to develop and submit cost‑reduction plans that cut combined spending by at least 20 % below FY 2010 levels by FY 2013, and to submit those plans to OMB within 45 days. It assigns senior officials to oversee efficient travel, IT device use, printing, executive fleet, and promotional purchases, and it cites existing statutes and prior orders as authority. The order applies to all executive departments, agencies, and independent agencies.",government_administration,,,"[""economy_and_finance"", ""technology_and_research""]",delegates_authority,,stop
13590,2011-30463,"Authorizing the Imposition of Certain Sanctions With Respect to the Provision of Goods, Services, Technology, or Support for Iran's Energy and Petrochemical Sectors",Barack Obama,2011-11-20,2011-11-23,76 FR 72609,16506,https://www.govinfo.gov/content/pkg/FR-2011-11-23/pdf/2011-30463.pdf,https://www.federalregister.gov/documents/full_text/text/2011/11/23/2011-30463.txt,Executive Order 13590 authorizes sanctions against persons dealing with Iran’s energy and petrochemical sectors and delegates authority to the Treasury to implement those sanctions.,energy_and_environment,,,[],imposes_sanctions,,stop
13591,2011-30990,Continuance of Certain Federal Advisory Committees,Barack Obama,2011-11-23,2011-11-30,76 FR 74623,3111,https://www.govinfo.gov/content/pkg/FR-2011-11-30/pdf/2011-30990.pdf,https://www.federalregister.gov/documents/full_text/text/2011/11/30/2011-30990.txt,Executive Order 13591 continues a set of existing federal advisory committees and amends a provision of a prior order.,government_administration,,,[],revokes_or_amends,,stop
13592,2011-31624,Improving American Indian and Alaska Native Educational Opportunities and Strengthening Tribal Colleges and Universities,Barack Obama,2011-12-02,2011-12-08,76 FR 76603,21194,https://www.govinfo.gov/content/pkg/FR-2011-12-08/pdf/2011-31624.pdf,https://www.federalregister.gov/documents/full_text/text/2011/12/08/2011-31624.txt,"Executive Order 13592 creates new bodies and directs federal agencies to develop plans, reports, and a memorandum of understanding to improve education for American Indian and Alaska Native students.",education,,,[],creates_body,,stop
13593,2011-32486,"2011 Amendments to the Manual for Courts-Martial, United States",Barack Obama,2011-12-13,2011-12-16,76 FR 78451,2402,https://www.govinfo.gov/content/pkg/FR-2011-12-16/pdf/2011-32486.pdf,https://www.federalregister.gov/documents/full_text/text/2011/12/16/2011-32486.txt,"Executive Order 13593 amends Parts III and IV of the Manual for Courts‑Martial, United States, and sets the amendments to become effective 30 days after the order’s signing.",justice_and_law_enforcement,,,[],other,"the order amends a military manual rather than creating a body, imposing sanctions, revoking an order, conferring honor, delegating authority, directing a report, or adjusting pay/administration",stop
13594,2011-33087,Adjustments of Certain Rates of Pay,Barack Obama,2011-12-19,2011-12-23,76 FR 80191,5113,https://www.govinfo.gov/content/pkg/FR-2011-12-23/pdf/2011-33087.pdf,https://www.federalregister.gov/documents/full_text/text/2011/12/23/2011-33087.txt,Executive Order 13594 adjusts the rates of basic pay for various federal pay systems and sets effective dates for the new schedules.,government_administration,,,[],adjusts_pay_or_admin,,stop
13595,2011-33089,"Instituting a National Action Plan On Women, Peace, And Security",Barack Obama,2011-12-19,2011-12-23,76 FR 80205,8247,https://www.govinfo.gov/content/pkg/FR-2011-12-23/pdf/2011-33089.pdf,https://www.federalregister.gov/documents/full_text/text/2011/12/23/2011-33089.txt,"Executive Order 13595 establishes a coordinated inter‑agency effort to develop and implement a National Action Plan on Women, Peace, and Security, assigns responsibilities to senior departments, sets reporting deadlines, and schedules a first review of the plan.",foreign_policy,,,[],delegates_authority,,stop
13596,2011-33335,Amendments to Executive Orders 12131 and 13539,Barack Obama,2011-12-19,2011-12-27,76 FR 80725,3263,https://www.govinfo.gov/content/pkg/FR-2011-12-27/pdf/2011-33335.pdf,https://www.federalregister.gov/documents/full_text/text/2011/12/27/2011-33335.txt,Executive Order 13596 amends two earlier executive orders – EO 12131 (President’s Export Council) and EO 13539 (President’s Council of Advisors on Science and Technology).,government_administration,,,[],revokes_or_amends,,stop
13597,2012-1568,Establishing Visa and Foreign Visitor Processing Goals and the Task Force On Travel and Competitiveness,Barack Obama,2012-01-19,2012-01-24,77 FR 3373,11002,https://www.govinfo.gov/content/pkg/FR-2012-01-24/pdf/2012-1568.pdf,https://www.federalregister.gov/documents/full_text/text/2012/01/24/2012-1568.txt,"Executive Order 13597 establishes a new inter‑agency Task Force on Travel and Competitiveness and directs several agencies to develop plans, reports and a public website to improve visa processing and promote U.S. travel.",government_administration,,,[],creates_body,,stop
13598,2012-2557,Assignment of Functions Relating to Certain Promotion and Appointment Actions in the Armed Forces,Barack Obama,2012-01-27,2012-02-02,77 FR 5371,2844,https://www.govinfo.gov/content/pkg/FR-2012-02-02/pdf/2012-2557.pdf,https://www.federalregister.gov/documents/full_text/text/2012/02/02/2012-2557.txt,The order delegates to the Secretary of Defense the President’s functions for certain promotion and appointment actions in the armed forces.,government_administration,,The order deals with internal assignment of duties within the Department of Defense rather than a substantive policy area; the closest top‑level category is government administration.,[],delegates_authority,,stop
13599,2012-3097,Blocking Property of the Government of Iran and Iranian Financial Institutions,Barack Obama,2012-02-05,2012-02-08,77 FR 6659,13100,https://www.govinfo.gov/content/pkg/FR-2012-02-08/pdf/2012-3097.pdf,https://www.federalregister.gov/documents/full_text/text/2012/02/08/2012-3097.txt,"Executive Order 13599 blocks property of the Government of Iran and Iranian financial institutions, thereby imposing sanctions.",other,,sanctions against a foreign government,[],imposes_sanctions,,stop
13600,2012-3616,Establishing the President's Global Development Council,Barack Obama,2012-02-09,2012-02-14,77 FR 8713,9114,https://www.govinfo.gov/content/pkg/FR-2012-02-14/pdf/2012-3616.pdf,https://www.federalregister.gov/documents/full_text/text/2012/02/14/2012-3616.txt,"Executive Order 13600 (Feb 9 2012) creates the President’s Global Development Council, places it within USAID, defines its membership, duties, funding, and a two‑year sunset provision.",foreign_policy,,,[],creates_body,,stop
13601,2012-5366,Establishment of the Interagency Trade Enforcement Center,Barack Obama,2012-02-28,2012-03-05,77 FR 12981,7906,https://www.govinfo.gov/content/pkg/FR-2012-03-05/pdf/2012-5366.pdf,https://www.federalregister.gov/documents/full_text/text/2012/03/05/2012-5366.txt,Executive Order 13601 establishes a new interagency body to coordinate enforcement of U.S. trade rights.,trade,,,[],creates_body,,stop
13602,2012-6797,"Establishing a White House Council on Strong Cities, Strong Communities",Barack Obama,2012-03-15,2012-03-20,77 FR 16131,10772,https://www.govinfo.gov/content/pkg/FR-2012-03-20/pdf/2012-6797.pdf,https://www.federalregister.gov/documents/full_text/text/2012/03/20/2012-6797.txt,"Executive Order 13602 creates a White House Council on Strong Cities, Strong Communities to coordinate federal assistance for local economic development.",economy_and_finance,,,[],creates_body,,stop
13603,2012-7019,National Defense Resources Preparedness,Barack Obama,2012-03-16,2012-03-22,77 FR 16651,44632,https://www.govinfo.gov/content/pkg/FR-2012-03-22/pdf/2012-7019.pdf,https://www.federalregister.gov/documents/full_text/text/2012/03/22/2012-7019.txt,Executive Order 13603 establishes the Defense Production Act Committee and revokes two prior orders.,security_and_defense,,,[],creates_body,,stop
13604,2012-7636,Improving Performance of Federal Permitting and Review of Infrastructure Projects,Barack Obama,2012-03-22,2012-03-28,77 FR 18887,14654,https://www.govinfo.gov/content/pkg/FR-2012-03-28/pdf/2012-7636.pdf,https://www.federalregister.gov/documents/full_text/text/2012/03/28/2012-7636.txt,"Executive Order 13604 creates a Steering Committee to improve federal permitting and review of infrastructure projects, sets performance‑plan deadlines, and ties its actions to earlier orders and memoranda.",energy_and_environment,,,[],creates_body,,stop
13605,2012-9473,Supporting Safe and Responsible Development of Unconventional Domestic Natural Gas Resources,Barack Obama,2012-04-13,2012-04-17,77 FR 23107,6604,https://www.govinfo.gov/content/pkg/FR-2012-04-17/pdf/2012-9473.pdf,https://www.federalregister.gov/documents/full_text/text/2012/04/17/2012-9473.txt,Executive Order 13605 establishes an interagency working group to coordinate federal efforts on the safe and responsible development of unconventional domestic natural gas resources.,energy_and_environment,,,[],creates_body,,stop
13606,2012-10034,Blocking the Property and Suspending Entry Into the United States of Certain Persons With Respect to Grave Human Rights Abuses by the Governments of Iran and Syria via Information Technology,Barack Obama,2012-04-22,2012-04-24,77 FR 24571,12365,https://www.govinfo.gov/content/pkg/FR-2012-04-24/pdf/2012-10034.pdf,https://www.federalregister.gov/documents/full_text/text/2012/04/24/2012-10034.txt,"Executive Order 13606 blocks property and suspends entry of persons linked to serious human‑rights abuses by Iran and Syria via information‑technology, and authorizes Treasury actions to implement and later lift those sanctions.",justice_and_law_enforcement,,,[],imposes_sanctions,,stop
13607,2012-10715,"Establishing Principles of Excellence for Educational Institutions Serving Service Members, Veterans, Spouses, and Other Family Members",Barack Obama,2012-04-27,2012-05-02,77 FR 25861,17650,https://www.govinfo.gov/content/pkg/FR-2012-05-02/pdf/2012-10715.pdf,https://www.federalregister.gov/documents/full_text/text/2012/05/02/2012-10715.txt,"Executive Order 13607 directs the Departments of Defense, Veterans Affairs, and Education to develop and implement Principles of Excellence for educational institutions that receive federal military and veterans education benefits. The secretaries must reflect these principles in agreements, report implementation progress to the President within 90 days, and submit a plan to strengthen enforcement mechanisms within 90 days. The order also requires the creation of student outcome measures, streamlined comparison tools, and a centralized complaint system.",education,,,"[""government_administration"", ""justice_and_law_enforcement""]",delegates_authority,,stop
13608,2012-10884,Prohibiting Certain Transactions With and Suspending Entry Into the United States of Foreign Sanctions Evaders With Respect to Iran and Syria,Barack Obama,2012-05-01,2012-05-03,77 FR 26409,12134,https://www.govinfo.gov/content/pkg/FR-2012-05-03/pdf/2012-10884.pdf,https://www.federalregister.gov/documents/full_text/text/2012/05/03/2012-10884.txt,Executive Order 13608 authorizes sanctions and entry suspensions against foreign persons who evade U.S. sanctions related to Iran and Syria.,foreign_policy,,,[],imposes_sanctions,,stop
13609,2012-10968,Promoting International Regulatory Cooperation,Barack Obama,2012-05-01,2012-05-04,77 FR 26413,11280,https://www.govinfo.gov/content/pkg/FR-2012-05-04/pdf/2012-10968.pdf,https://www.federalregister.gov/documents/full_text/text/2012/05/04/2012-10968.txt,"Executive Order 13609 directs the Office of Information and Regulatory Affairs (OIRA) to chair and convene the existing Regulatory Working Group, assigns the Working Group several functions, and imposes reporting and coordination duties on federal agencies related to international regulatory cooperation.",government_administration,,,[],delegates_authority,,stop
13610,2012-11798,Identifying and Reducing Regulatory Burdens,Barack Obama,2012-05-10,2012-05-14,77 FR 28469,8222,https://www.govinfo.gov/content/pkg/FR-2012-05-14/pdf/2012-11798.pdf,https://www.federalregister.gov/documents/full_text/text/2012/05/14/2012-11798.txt,"Executive Order 13610 directs federal agencies to improve regulatory review by inviting public input, prioritizing cost‑saving initiatives, and reporting to OIRA on a set schedule.",government_administration,,,[],delegates_authority,,stop
13611,2012-12225,"Blocking Property of Persons Threatening the Peace, Security, or Stability of Yemen",Barack Obama,2012-05-16,2012-05-18,77 FR 29533,8877,https://www.govinfo.gov/content/pkg/FR-2012-05-18/pdf/2012-12225.pdf,https://www.federalregister.gov/documents/full_text/text/2012/05/18/2012-12225.txt,"Executive Order 13611 blocks property of persons threatening Yemen’s peace, security, or stability and authorizes Treasury actions to enforce the sanctions.",foreign_policy,,,[],imposes_sanctions,,stop
13612,2012-12881,Providing an Order of Succession Within the Department of Agriculture,Barack Obama,2012-05-21,2012-05-24,77 FR 31153,4447,https://www.govinfo.gov/content/pkg/FR-2012-05-24/pdf/2012-12881.pdf,https://www.federalregister.gov/documents/full_text/text/2012/05/24/2012-12881.txt,The order establishes the internal order of succession for the Secretary of Agriculture and revokes the previous succession order.,government_administration,,,[],adjusts_pay_or_admin,,stop
13613,2012-12882,Providing an Order of Succession Within the Department of Commerce,Barack Obama,2012-05-21,2012-05-24,77 FR 31155,3700,https://www.govinfo.gov/content/pkg/FR-2012-05-24/pdf/2012-12882.pdf,https://www.federalregister.gov/documents/full_text/text/2012/05/24/2012-12882.txt,Executive Order 13613 establishes the order of succession for the Department of Commerce and revokes a prior order and a memorandum.,government_administration,,,[],adjusts_pay_or_admin,,stop
13614,2012-12883,Providing an Order of Succession Within the Environmental Protection Agency,Barack Obama,2012-05-21,2012-05-24,77 FR 31157,4237,https://www.govinfo.gov/content/pkg/FR-2012-05-24/pdf/2012-12883.pdf,https://www.federalregister.gov/documents/full_text/text/2012/05/24/2012-12883.txt,Executive Order 13614 establishes a succession order for EPA officials and revokes two prior EPA succession orders.,government_administration,,,[],revokes_or_amends,,stop
13615,2012-12889,Providing an Order of Succession Within the Office of Management and Budget,Barack Obama,2012-05-21,2012-05-24,77 FR 31159,3642,https://www.govinfo.gov/content/pkg/FR-2012-05-24/pdf/2012-12889.pdf,https://www.federalregister.gov/documents/full_text/text/2012/05/24/2012-12889.txt,"The order establishes the line of succession for the Director of the Office of Management and Budget, designating which officials shall act as Director if the Director and Deputy Director are unavailable.",government_administration,,,[],delegates_authority,,stop
13616,2012-15183,Accelerating Broadband Infrastructure Deployment,Barack Obama,2012-06-14,2012-06-20,77 FR 36903,13563,https://www.govinfo.gov/content/pkg/FR-2012-06-20/pdf/2012-15183.pdf,https://www.federalregister.gov/documents/full_text/text/2012/06/20/2012-15183.txt,Executive Order 13616 creates a federal working group to coordinate broadband deployment on federal lands and sets reporting and template‑development deadlines; it also references a 2012 statute and a 2011 presidential memorandum.,technology_and_research,,,[],creates_body,,stop
13617,2012-15954,Blocking Property of the Government of the Russian Federation Relating to the Disposition of Highly Enriched Uranium Extracted From Nuclear Weapons,Barack Obama,2012-06-25,2012-06-27,77 FR 38459,8648,https://www.govinfo.gov/content/pkg/FR-2012-06-27/pdf/2012-15954.pdf,https://www.federalregister.gov/documents/full_text/text/2012/06/27/2012-15954.txt,"The order blocks property of the Government of the Russian Federation that is related to the HEU Agreements and prohibits its transfer, payment, export, withdrawal, or any other dealing.",energy_and_environment,,,[],imposes_sanctions,,stop
13618,2012-17022,Assignment of National Security and Emergency Preparedness Communications Functions,Barack Obama,2012-07-06,2012-07-11,77 FR 40779,21942,https://www.govinfo.gov/content/pkg/FR-2012-07-11/pdf/2012-17022.pdf,https://www.federalregister.gov/documents/full_text/text/2012/07/11/2012-17022.txt,"Executive Order 13618 assigns national‑security and emergency‑preparedness communications functions, creates an interagency Executive Committee and a Joint Program Office, and sets a 60‑day deadline for a detailed DHS communications plan.",government_administration,,"The order’s focus is on the organization and coordination of national‑security and emergency‑preparedness communications across the federal government, which is a matter of government administration rather than a specific policy domain.","[""security_and_defense""]",creates_body,,stop
13619,2012-17264,"Blocking Property of Persons Threatening the Peace, Security, or Stability of Burma",Barack Obama,2012-07-11,2012-07-13,77 FR 41243,11109,https://www.govinfo.gov/content/pkg/FR-2012-07-13/pdf/2012-17264.pdf,https://www.federalregister.gov/documents/full_text/text/2012/07/13/2012-17264.txt,"The order blocks property of persons who threaten the peace, security, or stability of Burma.",foreign_policy,,,[],imposes_sanctions,,stop
13620,2012-18237,Taking Additional Steps to Address the National Emergency With Respect to Somalia,Barack Obama,2012-07-20,2012-07-24,77 FR 43483,8485,https://www.govinfo.gov/content/pkg/FR-2012-07-24/pdf/2012-18237.pdf,https://www.federalregister.gov/documents/full_text/text/2012/07/24/2012-18237.txt,"Executive Order 13620 amends EO 13536 to block property and interests of persons linked to violence, charcoal trade, and misappropriation in Somalia, and it prohibits the importation of Somali charcoal into the United States. It authorizes the Secretary of the Treasury, in consultation with the Secretary of State, to issue rules and regulations to enforce these sanctions, and directs all federal agencies to take appropriate measures to implement the order. The order is grounded in the Constitution, the International Emergency Economic Powers Act, the National Emergencies Act, and the United Nations Participation Act.",foreign_policy,,,"[""security_and_defense"", ""trade"", ""economy_and_finance""]",imposes_sanctions,,stop
13621,2012-18868,White House Initiative on Educational Excellence for African Americans,Barack Obama,2012-07-26,2012-08-01,77 FR 45471,20345,https://www.govinfo.gov/content/pkg/FR-2012-08-01/pdf/2012-18868.pdf,https://www.federalregister.gov/documents/full_text/text/2012/08/01/2012-18868.txt,Executive Order 13621 establishes two new bodies focused on improving educational outcomes for African Americans.,education,,,[],creates_body,,stop
13622,2012-19055,Authorizing Additional Sanctions With Respect to Iran,Barack Obama,2012-07-30,2012-08-02,77 FR 45897,25550,https://www.govinfo.gov/content/pkg/FR-2012-08-02/pdf/2012-19055.pdf,https://www.federalregister.gov/documents/full_text/text/2012/08/02/2012-19055.txt,"Executive Order 13622 authorizes the Treasury and State Departments to impose additional sanctions on foreign financial institutions, persons, and entities that facilitate significant transactions involving Iranian petroleum, petrochemicals, or related entities. It expands the national emergency declared in EO 12957, allowing the blocking of property, prohibition of accounts, and restrictions on loans, transfers, and imports tied to Iran. The order directs multiple agencies, including the Export‑Import Bank and the Federal Reserve, to implement these measures and authorizes the Treasury to issue regulations to enforce them.",foreign_policy,,,"[""economy_and_finance"", ""energy_and_environment"", ""trade""]",imposes_sanctions,,stop
13623,2012-20259,Preventing and Responding to Violence Against Women and Girls Globally,Barack Obama,2012-08-10,2012-08-16,77 FR 49345,12243,https://www.govinfo.gov/content/pkg/FR-2012-08-16/pdf/2012-20259.pdf,https://www.federalregister.gov/documents/full_text/text/2012/08/16/2012-20259.txt,Executive Order 13623 establishes an Interagency Working Group to coordinate the United States’ multi‑year strategy for preventing and responding to gender‑based violence globally and sets a series of time‑bound reporting and review requirements.,government_administration,,The order’s central subject is the coordination of U.S. government action on gender‑based violence; no more specific taxonomy is provided.,"[""foreign_policy"", ""health"", ""justice_and_law_enforcement""]",creates_body,,stop
13624,2012-22030,Accelerating Investment in Industrial Energy Efficiency,Barack Obama,2012-08-30,2012-09-05,77 FR 54779,8725,https://www.govinfo.gov/content/pkg/FR-2012-09-05/pdf/2012-22030.pdf,https://www.federalregister.gov/documents/full_text/text/2012/09/05/2012-22030.txt,"Executive Order 13624 directs multiple federal agencies to coordinate policies, convene stakeholders, and set a national goal for industrial combined‑heat‑and‑power (CHP) deployment.",energy_and_environment,,,[],delegates_authority,,stop
13625,2012-22062,"Improving Access to Mental Health Services for Veterans, Service Members, and Military Families",Barack Obama,2012-08-31,2012-09-05,77 FR 54783,16875,https://www.govinfo.gov/content/pkg/FR-2012-09-05/pdf/2012-22062.pdf,https://www.federalregister.gov/documents/full_text/text/2012/09/05/2012-22062.txt,"Executive Order 13625 creates an inter‑agency task force on military and veterans mental health and directs multiple agencies to expand, study, and coordinate mental‑health and suicide‑prevention services with several statutory deadlines.",health,,,[],creates_body,,stop
13626,2012-22807,Gulf Coast Ecosystem Restoration,Barack Obama,2012-09-10,2012-09-13,77 FR 56749,14228,https://www.govinfo.gov/content/pkg/FR-2012-09-13/pdf/2012-22807.pdf,https://www.federalregister.gov/documents/full_text/text/2012/09/13/2012-22807.txt,Key actions of Executive Order 13626 (Gulf Coast Ecosystem Restoration),energy_and_environment,,,[],creates_body,,stop
13627,2012-24374,Strengthening Protections Against Trafficking in Persons in Federal Contracts,Barack Obama,2012-09-25,2012-10-02,77 FR 60029,16698,https://www.govinfo.gov/content/pkg/FR-2012-10-02/pdf/2012-24374.pdf,https://www.federalregister.gov/documents/full_text/text/2012/10/02/2012-24374.txt,"Executive Order 13627 directs federal agencies to strengthen anti‑trafficking safeguards in federal contracting by delegating authority to the FAR Council, the President’s Interagency Task Force on Trafficking in Persons (PITF), and the Administrator for Federal Procurement Policy.",justice_and_law_enforcement,,,[],delegates_authority,,stop
13628,2012-25236,Authorizing the Implementation of Certain Sanctions Set Forth in the Iran Threat Reduction and Syria Human Rights Act of 2012 and Additional Sanctions With Respect to Iran,Barack Obama,2012-10-09,2012-10-12,77 FR 62139,29188,https://www.govinfo.gov/content/pkg/FR-2012-10-12/pdf/2012-25236.pdf,https://www.federalregister.gov/documents/full_text/text/2012/10/12/2012-25236.txt,"Executive Order 13628 authorizes and implements additional sanctions against persons related to Iran, thereby imposing sanctions.",energy_and_environment,,,[],imposes_sanctions,,stop
13629,2012-27002,Establishing the White House Homeland Security Partnership Council,Barack Obama,2012-10-26,2012-11-02,77 FR 66353,9692,https://www.govinfo.gov/content/pkg/FR-2012-11-02/pdf/2012-27002.pdf,https://www.federalregister.gov/documents/full_text/text/2012/11/02/2012-27002.txt,Executive Order 13629 establishes the White House Homeland Security Partnership Council and its Steering Committee to develop and coordinate local partnerships for homeland‑security priorities.,health,,"The order’s focus is on homeland‑security partnerships, which falls under the broader homeland‑security subject area.",[],creates_body,,stop
13630,2012-30060,Establishment of an Interagency Task Force on Commercial Advocacy,Barack Obama,2012-12-06,2012-12-11,77 FR 73893,7719,https://www.govinfo.gov/content/pkg/FR-2012-12-11/pdf/2012-30060.pdf,https://www.federalregister.gov/documents/full_text/text/2012/12/11/2012-30060.txt,Executive Order 13630 creates an Interagency Task Force on Commercial Advocacy to coordinate federal support for U.S. exporters.,trade,,,[],creates_body,,stop
13631,2012-30170,Reestablishment of Advisory Group,Barack Obama,2012-12-07,2012-12-12,77 FR 74101,2248,https://www.govinfo.gov/content/pkg/FR-2012-12-12/pdf/2012-30170.pdf,https://www.federalregister.gov/documents/full_text/text/2012/12/12/2012-30170.txt,"Reestablishes the Advisory Group on Prevention, Health Promotion, and Integrative and Public Health.",health,,,[],creates_body,,stop
13632,2012-30310,Establishing the Hurricane Sandy Rebuilding Task Force,Barack Obama,2012-12-07,2012-12-14,77 FR 74341,14127,https://www.govinfo.gov/content/pkg/FR-2012-12-14/pdf/2012-30310.pdf,https://www.federalregister.gov/documents/full_text/text/2012/12/14/2012-30310.txt,"Executive Order 13632 establishes the Hurricane Sandy Rebuilding Task Force and sets its composition, leadership, duties, reporting deadline, termination deadline, staffing, and references tribal‑consultation requirements.",energy_and_environment,,,[],creates_body,,stop
13633,2012-31225,"Closing of Executive Departments and Agencies of the Federal Government on Monday, December 24, 2012",Barack Obama,2012-12-21,2012-12-28,77 FR 76339,2650,https://www.govinfo.gov/content/pkg/FR-2012-12-28/pdf/2012-31225.pdf,https://www.federalregister.gov/documents/full_text/text/2012/12/28/2012-31225.txt,"Executive Order 13633 directs the closure of all executive‑branch departments and agencies on Monday December 24 2012, while allowing heads of those entities to keep essential offices open for national‑security or public‑need reasons, and tasks the Director of the Office of Personnel Management with implementing the order. It also ties the holiday closure to the provisions of EO 11582 and related statutes concerning employee pay and leave.",government_administration,,,[],delegates_authority,,stop
13634,2012-31574,Reestablishment of Advisory Commission,Barack Obama,2012-12-21,2012-12-31,77 FR 77249,2043,https://www.govinfo.gov/content/pkg/FR-2012-12-31/pdf/2012-31574.pdf,https://www.federalregister.gov/documents/full_text/text/2012/12/31/2012-31574.txt,Reestablishes the President’s Advisory Commission on Educational Excellence for Hispanics and sets its termination date.,education,,,[],creates_body,,stop
13635,2013-00002,Adjustments of Certain Rates of Pay,Barack Obama,2012-12-27,2013-01-03,78 FR 649,4605,https://www.govinfo.gov/content/pkg/FR-2013-01-03/pdf/2013-00002.pdf,https://www.federalregister.gov/documents/full_text/text/2013/01/03/2013-00002.txt,The order sets new rates of basic pay or salaries for various federal pay systems by attaching schedules that adjust those rates.,government_administration,,,[],adjusts_pay_or_admin,,stop
13636,2013-03915,Improving Critical Infrastructure Cybersecurity,Barack Obama,2013-02-12,2013-02-19,78 FR 11739,28513,https://www.govinfo.gov/content/pkg/FR-2013-02-19/pdf/2013-03915.pdf,https://www.federalregister.gov/documents/full_text/text/2013/02/19/2013-03915.txt,Executive Order 13636 establishes a federal‑wide program to improve cybersecurity for the United States’ critical infrastructure.,technology_and_research,,,[],directs_report_or_study,,stop
13637,2013-05967,Administration of Reformed Export Controls,Barack Obama,2013-03-08,2013-03-13,78 FR 16129,15071,https://www.govinfo.gov/content/pkg/FR-2013-03-13/pdf/2013-05967.pdf,https://www.federalregister.gov/documents/full_text/text/2013/03/13/2013-05967.txt,"Executive Order 13637 delegates export‑control functions, revokes EO 11958, and amends EO 13222.",trade,,,[],delegates_authority,,stop
13638,2013-06712,Amendments to Executive Order 12777,Barack Obama,2013-03-15,2013-03-21,78 FR 17589,5902,https://www.govinfo.gov/content/pkg/FR-2013-03-21/pdf/2013-06712.pdf,https://www.federalregister.gov/documents/full_text/text/2013/03/21/2013-06712.txt,"The order amends Section 4 of Executive Order 12777, striking its text and inserting new provisions delegating liability‑limit functions to various officials.",energy_and_environment,,,[],revokes_or_amends,,stop
13639,2013-07837,Establishment of the Presidential Commission on Election Administration,Barack Obama,2013-03-28,2013-04-03,78 FR 19979,6149,https://www.govinfo.gov/content/pkg/FR-2013-04-03/pdf/2013-07837.pdf,https://www.federalregister.gov/documents/full_text/text/2013/04/03/2013-07837.txt,Executive Order 13639 creates the Presidential Commission on Election Administration.,government_administration,,,[],creates_body,,stop
13640,2013-08501,Continuance of Advisory Council,Barack Obama,2013-04-05,2013-04-10,78 FR 21211,2018,https://www.govinfo.gov/content/pkg/FR-2013-04-10/pdf/2013-08501.pdf,https://www.federalregister.gov/documents/full_text/text/2013/04/10/2013-08501.txt,The order extends the President’s Advisory Council on Faith‑Based and Neighborhood Partnerships and sets its automatic termination two years after the order’s date unless the President extends it further.,government_administration,,,[],creates_body,,stop
13641,2013-08626,Adjustments of Certain Rates of Pay,Barack Obama,2013-04-05,2013-04-11,78 FR 21503,5023,https://www.govinfo.gov/content/pkg/FR-2013-04-11/pdf/2013-08626.pdf,https://www.federalregister.gov/documents/full_text/text/2013/04/11/2013-08626.txt,Executive Order 13641 adjusts federal civilian pay rates and supersedes a prior order.,government_administration,,,[],adjusts_pay_or_admin,,stop
13642,2013-11533,Making Open and Machine Readable the New Default for Government Information,Barack Obama,2013-05-09,2013-05-14,78 FR 28111,9095,https://www.govinfo.gov/content/pkg/FR-2013-05-14/pdf/2013-11533.pdf,https://www.federalregister.gov/documents/full_text/text/2013/05/14/2013-11533.txt,"Executive Order 13642 directs the OMB Director to issue an Open Data Policy, sets open and machine‑readable data as the default for new government information, and assigns multiple officials (CIO, CTO, CPO, procurement officials) specific actions and deadlines to implement and report on the policy.",technology_and_research,,,"[""government_administration""]",delegates_authority,,stop
13643,2013-12157,"2013 Amendments to the Manual for Courts-Martial, United States",Barack Obama,2013-05-15,2013-05-21,78 FR 29559,3932,https://www.govinfo.gov/content/pkg/FR-2013-05-21/pdf/2013-12157.pdf,https://www.federalregister.gov/documents/full_text/text/2013/05/21/2013-12157.txt,"Executive Order 13643 amends the Manual for Courts‑Martial, United States (Parts III and IV) and makes the amendments effective on the date of the order.",justice_and_law_enforcement,,,[],revokes_or_amends,,stop
13644,2013-12650,Amendment to Executive Order 13639,Barack Obama,2013-05-21,2013-05-24,78 FR 31813,2074,https://www.govinfo.gov/content/pkg/FR-2013-05-24/pdf/2013-12650.pdf,https://www.federalregister.gov/documents/full_text/text/2013/05/24/2013-12650.txt,Executive Order 13644 amends Executive Order 13639 by revising the composition of the Presidential Commission on Election Administration.,justice_and_law_enforcement,,,[],revokes_or_amends,,stop
13645,2013-13523,Authorizing the Implementation of Certain Sanctions Set Forth in the Iran Freedom and Counter- Proliferation Act of 2012 and Additional Sanctions With Respect To Iran,Barack Obama,2013-06-03,2013-06-05,78 FR 33945,36937,https://www.govinfo.gov/content/pkg/FR-2013-06-05/pdf/2013-13523.pdf,https://www.federalregister.gov/documents/full_text/text/2013/06/05/2013-13523.txt,"Executive Order 13645 authorizes the Treasury and State Secretaries to impose sanctions on foreign financial institutions and persons that facilitate significant transactions involving Iranian rial, petroleum, automotive‑sector goods, or that support designated Iranian persons, and amends a prior sanctions order.",foreign_policy,,,[],imposes_sanctions,,stop
13646,2013-15782,Establishing the President's Advisory Council on Financial Capability for Young Americans,Barack Obama,2013-06-25,2013-06-28,78 FR 39159,10810,https://www.govinfo.gov/content/pkg/FR-2013-06-28/pdf/2013-15782.pdf,https://www.federalregister.gov/documents/full_text/text/2013/06/28/2013-15782.txt,Executive Order 13646 establishes a new advisory body to improve financial capability among young Americans.,economy_and_finance,,,[],creates_body,,stop
13647,2013-15942,Establishing the White House Council on Native American Affairs,Barack Obama,2013-06-26,2013-07-01,78 FR 39539,12085,https://www.govinfo.gov/content/pkg/FR-2013-07-01/pdf/2013-15942.pdf,https://www.federalregister.gov/documents/full_text/text/2013/07/01/2013-15942.txt,Executive Order 13647 establishes the White House Council on Native American Affairs.,tribal_affairs,,,[],creates_body,,stop
13648,2013-16387,Combating Wildlife Trafficking,Barack Obama,2013-07-01,2013-07-05,78 FR 40621,9894,https://www.govinfo.gov/content/pkg/FR-2013-07-05/pdf/2013-16387.pdf,https://www.federalregister.gov/documents/full_text/text/2013/07/05/2013-16387.txt,Executive Order 13648 (2013) directs the federal government to combat wildlife trafficking.,energy_and_environment,,,[],creates_body,,stop
13649,2013-17478,Accelerating Improvements in HIV Prevention and Care in the United States Through the HIV Care Continuum Initiative,Barack Obama,2013-07-15,2013-07-18,78 FR 43057,10526,https://www.govinfo.gov/content/pkg/FR-2013-07-18/pdf/2013-17478.pdf,https://www.federalregister.gov/documents/full_text/text/2013/07/18/2013-17478.txt,Executive Order 13649 creates two new bodies to coordinate the federal response to the HIV epidemic and sets a reporting deadline for one of them.,health,,,[],creates_body,,stop
13650,2013-19220,Improving Chemical Facility Safety and Security,Barack Obama,2013-08-01,2013-08-07,78 FR 48029,17421,https://www.govinfo.gov/content/pkg/FR-2013-08-07/pdf/2013-19220.pdf,https://www.federalregister.gov/documents/full_text/text/2013/08/07/2013-19220.txt,"Executive Order 13650 establishes a Chemical Facility Safety and Security Working Group and directs it and other agencies to develop plans, reports, and programs to improve chemical facility safety and security.",energy_and_environment,,,[],creates_body,,stop
13651,2013-19520,Prohibiting Certain Imports of Burmese Jadeite and Rubies,Barack Obama,2013-08-06,2013-08-09,78 FR 48793,7228,https://www.govinfo.gov/content/pkg/FR-2013-08-09/pdf/2013-19520.pdf,https://www.federalregister.gov/documents/full_text/text/2013/08/09/2013-19520.txt,The order prohibits the importation of jadeite and rubies mined in Burma and revokes two sections of a prior executive order.,trade,,,[],imposes_sanctions,,stop
13652,2013-24388,Continuance Of Certain Federal Advisory Committees,Barack Obama,2013-09-30,2013-10-04,78 FR 61817,13294,https://www.govinfo.gov/content/pkg/FR-2013-10-04/pdf/2013-24388.pdf,https://www.federalregister.gov/documents/full_text/text/2013/10/04/2013-24388.txt,Executive Order 13652 extends the existence of a list of federal advisory committees.,government_administration,,,[],other,continues existing federal advisory committees,stop
13653,2013-26785,Preparing the United States for the Impacts of Climate Change,Barack Obama,2013-11-01,2013-11-06,78 FR 66819,24429,https://www.govinfo.gov/content/pkg/FR-2013-11-06/pdf/2013-26785.pdf,https://www.federalregister.gov/documents/full_text/text/2013/11/06/2013-26785.txt,"Executive Order 13653 establishes new interagency bodies, sets reporting and planning requirements, and orders the termination of existing task forces related to climate preparedness and resilience.",energy_and_environment,,,[],creates_body,,stop
13654,2013-28581,Establishing an Emergency Board To Investigate Disputes Between the Long Island Rail Road Company and Certain of Its Employees Represented by Certain Labor Organizations,Barack Obama,2013-11-21,2013-11-26,78 FR 70843,3137,https://www.govinfo.gov/content/pkg/FR-2013-11-26/pdf/2013-28581.pdf,https://www.federalregister.gov/documents/full_text/text/2013/11/26/2013-28581.txt,Executive Order 13654 creates an emergency board to investigate Long Island Rail Road labor disputes and sets reporting and condition‑maintenance time limits.,labor_and_workforce,,,[],creates_body,,stop
13655,2013-31445,Adjustments of Certain Rates of Pay,Barack Obama,2013-12-23,2013-12-31,78 FR 80451,4338,https://www.govinfo.gov/content/pkg/FR-2013-12-31/pdf/2013-31445.pdf,https://www.federalregister.gov/documents/full_text/text/2013/12/31/2013-31445.txt,The order sets new pay rates for various federal pay systems and positions by attaching schedules that become effective on specified dates.,government_administration,,,[],adjusts_pay_or_admin,,stop
13656,2014-01523,Establishment of Afghanistan and Pakistan Strategic Partnership Office and Amendment to Executive Order 12163,Barack Obama,2014-01-17,2014-01-24,79 FR 4263,4298,https://www.govinfo.gov/content/pkg/FR-2014-01-24/pdf/2014-01523.pdf,https://www.federalregister.gov/documents/full_text/text/2014/01/24/2014-01523.txt,Establishes a temporary Afghanistan and Pakistan Strategic Partnership Office within the Department of State and amends EO 12163 by striking text in section 1‑701(c).,foreign_policy,,,[],creates_body,,stop
13657,2014-03474,Changing the Name of the National Security Staff to the National Security Council Staff,Barack Obama,2014-02-10,2014-02-14,79 FR 8823,1684,https://www.govinfo.gov/content/pkg/FR-2014-02-14/pdf/2014-03474.pdf,https://www.federalregister.gov/documents/full_text/text/2014/02/14/2014-03474.txt,The order renames the National Security Staff (and the Homeland Security Council Staff) to the National Security Council staff in all executive orders and presidential directives.,security_and_defense,,"the order concerns the National Security Staff, which is part of the national security apparatus",[],other,"the order changes the name of an existing staff rather than creating a body, imposing sanctions, revoking/amending, conferring honor, delegating authority, directing a report, or adjusting pay/administration",stop
13658,2014-03805,Establishing a Minimum Wage for Contractors,Barack Obama,2014-02-12,2014-02-20,79 FR 9851,13655,https://www.govinfo.gov/content/pkg/FR-2014-02-20/pdf/2014-03805.pdf,https://www.federalregister.gov/documents/full_text/text/2014/02/20/2014-03805.txt,Executive Order 13658 establishes a federal‑contractor minimum wage and delegates authority to the Secretary of Labor to set and adjust that wage.,labor_and_workforce,,,[],delegates_authority,,stop
13659,2014-04254,Streamlining the Export/Import Process for America's Businesses,Barack Obama,2014-02-19,2014-02-25,79 FR 10657,15095,https://www.govinfo.gov/content/pkg/FR-2014-02-25/pdf/2014-04254.pdf,https://www.federalregister.gov/documents/full_text/text/2014/02/25/2014-04254.txt,Key actions in Executive Order 13659 (Streamlining the Export/Import Process for America's Businesses),trade,,,[],creates_body,,stop
13660,2014-05323,Blocking Property of Certain Persons Contributing to the Situation in Ukraine,Barack Obama,2014-03-06,2014-03-10,79 FR 13493,9399,https://www.govinfo.gov/content/pkg/FR-2014-03-10/pdf/2014-05323.pdf,https://www.federalregister.gov/documents/full_text/text/2014/03/10/2014-05323.txt,Executive Order 13660 blocks the property of persons contributing to the situation in Ukraine and suspends their entry into the United States.,foreign_policy,,,[],imposes_sanctions,,stop
13661,2014-06141,Blocking Property of Additional Persons Contributing to the Situation in Ukraine,Barack Obama,2014-03-16,2014-03-19,79 FR 15535,9616,https://www.govinfo.gov/content/pkg/FR-2014-03-19/pdf/2014-06141.pdf,https://www.federalregister.gov/documents/full_text/text/2014/03/19/2014-06141.txt,Executive Order 13661 expands the national emergency to block property of persons linked to the Russian government’s actions in Ukraine and suspends their entry into the United States.,foreign_policy,,,[],imposes_sanctions,,stop
13662,2014-06612,Blocking Property of Additional Persons Contributing to the Situation in Ukraine,Barack Obama,2014-03-20,2014-03-24,79 FR 16169,9096,https://www.govinfo.gov/content/pkg/FR-2014-03-24/pdf/2014-06612.pdf,https://www.federalregister.gov/documents/full_text/text/2014/03/24/2014-06612.txt,"Executive Order 13662 expands the national‑emergency sanctions regime against persons linked to the Russian‑Ukrainian conflict, blocking their U.S. property, prohibiting related transactions, and suspending their entry into the United States.",foreign_policy,,,[],imposes_sanctions,,stop
13663,2014-06768,Establishing an Emergency Board to Investigate Disputes Between the Long Island Rail Road Company and Certain of Its Employees Represented by Certain Labor Organizations,Barack Obama,2014-03-20,2014-03-25,79 FR 16647,3906,https://www.govinfo.gov/content/pkg/FR-2014-03-25/pdf/2014-06768.pdf,https://www.federalregister.gov/documents/full_text/text/2014/03/25/2014-06768.txt,"The order establishes a three‑member Emergency Board to investigate disputes between the Long Island Rail Road and certain employee labor organizations. It directs the disputing parties to submit final settlement offers within 30 days, requires the Board to report its recommendation within another 30 days, and mandates record custody by the National Mediation Board. The Board’s authority and conditions are grounded in section 9A of the Railway Labor Act.",labor_and_workforce,,,"[""government_administration""]",creates_body,,stop
13664,2014-07895,Blocking Property of Certain Persons With Respect to South Sudan,Barack Obama,2014-04-03,2014-04-07,79 FR 19283,10264,https://www.govinfo.gov/content/pkg/FR-2014-04-07/pdf/2014-07895.pdf,https://www.federalregister.gov/documents/full_text/text/2014/04/07/2014-07895.txt,"The order blocks property and interests of persons linked to activities in South Sudan, thereby imposing sanctions.",foreign_policy,,,[],imposes_sanctions,,stop
13665,2014-08426,Non-Retaliation for Disclosure of Compensation Information,Barack Obama,2014-04-08,2014-04-11,79 FR 20749,6679,https://www.govinfo.gov/content/pkg/FR-2014-04-11/pdf/2014-08426.pdf,https://www.federalregister.gov/documents/full_text/text/2014/04/11/2014-08426.txt,"Executive Order 13665 adds a non‑retaliation provision for compensation‑related inquiries to the civil‑rights requirements that apply to federal contractors, amends EO 11246, and directs the Secretary of Labor to issue implementing regulations within a set time.",labor_and_workforce,,,[],revokes_or_amends,,stop
13666,2014-09343,Expanding Eligibility for the Defense Meritorious Service Medal,Barack Obama,2014-04-18,2014-04-23,79 FR 22591,760,https://www.govinfo.gov/content/pkg/FR-2014-04-23/pdf/2014-09343.pdf,https://www.federalregister.gov/documents/full_text/text/2014/04/23/2014-09343.txt,Executive Order 13666 amends Executive Order 12019 to expand eligibility for the Defense Meritorious Service Medal to members of the armed forces of friendly foreign nations.,other,,"the order concerns eligibility for a military award, which does not fit any predefined topic category",[],revokes_or_amends,,stop
13667,2014-11442,Blocking Property of Certain Persons Contributing to the Conflict in the Central African Republic,Barack Obama,2014-05-12,2014-05-15,79 FR 28387,12069,https://www.govinfo.gov/content/pkg/FR-2014-05-15/pdf/2014-11442.pdf,https://www.federalregister.gov/documents/full_text/text/2014/05/15/2014-11442.txt,"The order blocks property and interests of designated persons and entities that contribute to the conflict in the Central African Republic, prohibiting transfers, contributions, and entry into the United States.",foreign_policy,,,[],imposes_sanctions,,stop
13668,2014-12651,"Ending Immunities Granted to the Development Fund for Iraq and Certain Other Iraqi Property and Interests in Property Pursuant to Executive Order 13303, as Amended",Barack Obama,2014-05-27,2014-05-29,79 FR 31019,4349,https://www.govinfo.gov/content/pkg/FR-2014-05-29/pdf/2014-12651.pdf,https://www.federalregister.gov/documents/full_text/text/2014/05/29/2014-12651.txt,Executive Order 13668 terminates the prohibitions on the Development Fund for Iraq that were imposed by EO 13303 (as amended by EO 13364) and confirms that the national emergency declared in EO 13303 and expanded by EO 13315 remains in effect.,foreign_policy,,,[],revokes_or_amends,,stop
13669,2014-14429,"2014 Amendments to the Manual for Courts-Martial, United States",Barack Obama,2014-06-13,2014-06-18,79 FR 34999,3112,https://www.govinfo.gov/content/pkg/FR-2014-06-18/pdf/2014-14429.pdf,https://www.federalregister.gov/documents/full_text/text/2014/06/18/2014-14429.txt,"Executive Order 13669 amends specific sections of the Manual for Courts‑Martial, United States.",justice_and_law_enforcement,,,[],revokes_or_amends,,stop
13670,2014-14432,Establishing an Emergency Board To Investigate Disputes Between the Southeastern Pennsylvania Transportation Authority and Certain of Its Employees Represented by Certain Labor Organizations,Barack Obama,2014-06-14,2014-06-18,79 FR 35029,3317,https://www.govinfo.gov/content/pkg/FR-2014-06-18/pdf/2014-14432.pdf,https://www.federalregister.gov/documents/full_text/text/2014/06/18/2014-14432.txt,Executive Order 13670 creates an emergency board to investigate SEPTA labor disputes.,labor_and_workforce,,,[],creates_body,,stop
13671,2014-16360,Taking Additional Steps to Address the National Emergency With Respect to the Conflict in the Democratic Republic of the Congo,Barack Obama,2014-07-08,2014-07-10,79 FR 39949,8565,https://www.govinfo.gov/content/pkg/FR-2014-07-10/pdf/2014-16360.pdf,https://www.federalregister.gov/documents/full_text/text/2014/07/10/2014-16360.txt,"The order blocks property and interests in property of listed persons and prohibits their transfer, payment, export, withdrawal, or other dealing.",foreign_policy,,,[],imposes_sanctions,,stop
13672,2014-17522,"Further Amendments to Executive Order 11478, Equal Employment Opportunity in the Federal Government, and Executive Order 11246, Equal Employment Opportunity",Barack Obama,2014-07-21,2014-07-23,79 FR 42971,3675,https://www.govinfo.gov/content/pkg/FR-2014-07-23/pdf/2014-17522.pdf,https://www.federalregister.gov/documents/full_text/text/2014/07/23/2014-17522.txt,Executive Order 13672 amends Executive Orders 11478 and 11246 to add sexual orientation and gender identity to the list of protected classes in federal employment and government contracting. It directs the Secretary of Labor to issue implementing regulations within 90 days. The order takes effect immediately and applies to contracts entered into after the regulations are issued.,civil_rights,,,"[""government_administration"", ""economy_and_finance""]",revokes_or_amends,,stop
13673,2014-18561,Fair Pay and Safe Workplaces,Barack Obama,2014-07-31,2014-08-05,79 FR 45309,26601,https://www.govinfo.gov/content/pkg/FR-2014-08-05/pdf/2014-18561.pdf,https://www.federalregister.gov/documents/full_text/text/2014/08/05/2014-18561.txt,"Key actions and relationships asserted by Executive Order 13673 (Fair Pay and Safe Workplaces). Each entry includes the primary topic, the instrument (what the order does), a short verbatim quote, any relationships the order creates or directs, and any explicit deadlines or timing requirements.",government_administration,,,[],delegates_authority,,stop
13674,2014-18682,Revised List of Quarantinable Communicable Diseases,Barack Obama,2014-07-31,2014-08-06,79 FR 45671,2369,https://www.govinfo.gov/content/pkg/FR-2014-08-06/pdf/2014-18682.pdf,https://www.federalregister.gov/documents/full_text/text/2014/08/06/2014-18682.txt,Executive Order 13674 amends Executive Order 13295 by replacing subsection (b) of the list of quarantinable communicable diseases with a new definition for severe acute respiratory syndromes.,health,,,[],revokes_or_amends,,stop
13675,2014-18998,Establishing the President's Advisory Council on Doing Business in Africa,Barack Obama,2014-08-05,2014-08-08,79 FR 46661,7764,https://www.govinfo.gov/content/pkg/FR-2014-08-08/pdf/2014-18998.pdf,https://www.federalregister.gov/documents/full_text/text/2014/08/08/2014-18998.txt,The order creates the President’s Advisory Council on Doing Business in Africa to advise the President on U.S.–Africa commercial engagement.,economy_and_finance,,,[],creates_body,,stop
13676,2014-22805,Combating Antibiotic-Resistant Bacteria,Barack Obama,2014-09-18,2014-09-23,79 FR 56931,20882,https://www.govinfo.gov/content/pkg/FR-2014-09-23/pdf/2014-22805.pdf,https://www.federalregister.gov/documents/full_text/text/2014/09/23/2014-22805.txt,"Executive Order 13676 establishes new inter‑agency bodies to combat antibiotic‑resistant bacteria, sets reporting and planning deadlines, and references several existing strategies and statutes.",health,,,[],creates_body,,stop
13677,2014-23228,Climate-Resilient International Development,Barack Obama,2014-09-23,2014-09-26,79 FR 58231,23053,https://www.govinfo.gov/content/pkg/FR-2014-09-26/pdf/2014-23228.pdf,https://www.federalregister.gov/documents/full_text/text/2014/09/26/2014-23228.txt,"Executive Order 13677 establishes a new inter‑agency Working Group on Climate‑Resilient International Development, sets implementation timelines, and imposes reporting and coordination requirements.",energy_and_environment,,,[],creates_body,,stop
13678,2014-24218,"Conversion Authority for Criminal Investigators (Special Agents) of the Bureau of Alcohol, Tobacco, Firearms, and Explosives",Barack Obama,2014-10-03,2014-10-08,79 FR 60949,2625,https://www.govinfo.gov/content/pkg/FR-2014-10-08/pdf/2014-24218.pdf,https://www.federalregister.gov/documents/full_text/text/2014/10/08/2014-24218.txt,Executive Order 13678 provides non‑competitive conversion authority for ATF Schedule B criminal investigators and delegates regulatory implementation to the Director of the Office of Personnel Management.,justice_and_law_enforcement,,,[],delegates_authority,,stop
13679,2014-24851,Establishing an Emergency Board To Investigate a Dispute Between the Southeastern Pennsylvania Transportation Authority and Its Locomotive Engineers Represented by the Brotherhood of Locomotive Engineers and Trainmen,Barack Obama,2014-10-10,2014-10-17,79 FR 62323,3972,https://www.govinfo.gov/content/pkg/FR-2014-10-17/pdf/2014-24851.pdf,https://www.federalregister.gov/documents/full_text/text/2014/10/17/2014-24851.txt,"Executive Order 13679 (10 Oct 2014) creates a three‑member emergency board to investigate the SEPTA‑locomotive‑engineers dispute, sets reporting and settlement‑offer deadlines, imposes a 60‑day post‑report condition on the parties, assigns record‑keeping to the National Mediation Board, and provides that the board terminates when its report is submitted.",labor_and_workforce,,,[],creates_body,,stop
13680,2014-25292,Ordering the Selected Reserve and Certain Individual Ready Reserve Members of the Armed Forces to Active Duty,Barack Obama,2014-10-16,2014-10-23,79 FR 63287,2115,https://www.govinfo.gov/content/pkg/FR-2014-10-23/pdf/2014-25292.pdf,https://www.federalregister.gov/documents/full_text/text/2014/10/23/2014-25292.txt,The order delegates authority to the Secretary of Defense and the Secretary of Homeland Security to order selected reserve and individual ready reserve members to active duty for the Ebola response.,security_and_defense,,,[],delegates_authority,,stop
13681,2014-25439,Improving the Security of Consumer Financial Transactions,Barack Obama,2014-10-17,2014-10-23,79 FR 63491,8633,https://www.govinfo.gov/content/pkg/FR-2014-10-23/pdf/2014-25439.pdf,https://www.federalregister.gov/documents/full_text/text/2014/10/23/2014-25439.txt,"Executive Order 13681 directs multiple federal officials to adopt and deploy enhanced security features for government‑issued payment cards and to improve identity‑theft remediation and online authentication. The order mainly **delegates authority** to agency heads and sets **specific deadlines** for plans, actions, and reports.",technology_and_research,,,[],delegates_authority,,stop
13682,2014-29121,"Closing of Executive Departments and Agencies of the Federal Government on Friday, December 26, 2014",Barack Obama,2014-12-05,2014-12-10,79 FR 73459,2679,https://www.govinfo.gov/content/pkg/FR-2014-12-10/pdf/2014-29121.pdf,https://www.federalregister.gov/documents/full_text/text/2014/12/10/2014-29121.txt,"Executive Order 13682 directs the closure of all executive‑branch departments and agencies on Friday, December 26 2014, excusing employees from duty, while allowing limited exceptions for national‑security or public‑need functions.",government_administration,,,[],adjusts_pay_or_admin,,stop
13683,2014-29625,"Amendments to Executive Orders 11030, 13653, and 13673",Barack Obama,2014-12-11,2014-12-16,79 FR 75041,5282,https://www.govinfo.gov/content/pkg/FR-2014-12-16/pdf/2014-29625.pdf,https://www.federalregister.gov/documents/full_text/text/2014/12/16/2014-29625.txt,"Executive Order 13683 amends three earlier orders, updating procedural language for proclamations, trade proclamations, and climate‑change council structure.",energy_and_environment,,,"[""government_administration"", ""labor_and_workforce""]",revokes_or_amends,,stop
13684,2014-30195,Establishment of the President's Task Force on 21st Century Policing,Barack Obama,2014-12-18,2014-12-23,79 FR 76865,4651,https://www.govinfo.gov/content/pkg/FR-2014-12-23/pdf/2014-30195.pdf,https://www.federalregister.gov/documents/full_text/text/2014/12/23/2014-30195.txt,"Executive Order 13684 establishes the President’s Task Force on 21st Century Policing and sets its composition, leadership, mission, reporting deadline, and termination condition.",justice_and_law_enforcement,,,[],creates_body,,stop
13685,2014-30323,Blocking Property of Certain Persons and Prohibiting Certain Transactions With Respect to the Crimea Region of Ukraine,Barack Obama,2014-12-19,2014-12-24,79 FR 77357,10015,https://www.govinfo.gov/content/pkg/FR-2014-12-24/pdf/2014-30323.pdf,https://www.federalregister.gov/documents/full_text/text/2014/12/24/2014-30323.txt,"Executive Order 13685 blocks property and prohibits transactions related to the Crimea region of Ukraine, thereby imposing sanctions.",foreign_policy,,,[],imposes_sanctions,,stop
13686,2014-30363,Adjustments of Certain Rates of Pay,Barack Obama,2014-12-19,2014-12-24,79 FR 77361,4344,https://www.govinfo.gov/content/pkg/FR-2014-12-24/pdf/2014-30363.pdf,https://www.federalregister.gov/documents/full_text/text/2014/12/24/2014-30363.txt,Executive Order 13686 adjusts the pay rates for multiple federal pay systems and sets their effective dates.,government_administration,,,[],adjusts_pay_or_admin,,stop
13687,2015-00058,Imposing Additional Sanctions With Respect To North Korea,Barack Obama,2015-01-02,2015-01-06,80 FR 819,9018,https://www.govinfo.gov/content/pkg/FR-2015-01-06/pdf/2015-00058.pdf,https://www.federalregister.gov/documents/full_text/text/2015/01/06/2015-00058.txt,"Executive Order 13687 expands the national emergency declared in earlier orders and blocks property and transactions involving designated North Korean persons, thereby imposing sanctions.",government_administration,,,[],imposes_sanctions,,stop
13688,2015-01255,Federal Support for Local Law Enforcement Equipment Acquisition,Barack Obama,2015-01-16,2015-01-22,80 FR 3451,10311,https://www.govinfo.gov/content/pkg/FR-2015-01-22/pdf/2015-01255.pdf,https://www.federalregister.gov/documents/full_text/text/2015/01/22/2015-01255.txt,Executive Order 13688 creates an interagency Law Enforcement Equipment Working Group to improve federal support for local law‑enforcement acquisition of controlled equipment and requires the group to report recommendations to the President.,justice_and_law_enforcement,,,[],creates_body,,stop
13689,2015-01522,Enhancing Coordination of National Efforts in the Arctic,Barack Obama,2015-01-21,2015-01-26,80 FR 4191,12756,https://www.govinfo.gov/content/pkg/FR-2015-01-26/pdf/2015-01522.pdf,https://www.federalregister.gov/documents/full_text/text/2015/01/26/2015-01522.txt,Executive Order 13689 establishes the Arctic Executive Steering Committee and directs it to create a working group that must submit a report by a specific deadline.,energy_and_environment,,,[],creates_body,,stop
13690,2015-02379,Establishing a Federal Flood Risk Management Standard and a Process for Further Soliciting and Considering Stakeholder Input,Barack Obama,2015-01-30,2015-02-04,80 FR 6425,14668,https://www.govinfo.gov/content/pkg/FR-2015-02-04/pdf/2015-02379.pdf,https://www.federalregister.gov/documents/full_text/text/2015/02/04/2015-02379.txt,Executive Order 13690 amends Executive Order 11988 to establish a Federal Flood Risk Management Standard and a stakeholder‑input process.,energy_and_environment,,,[],revokes_or_amends,,stop
13691,2015-03714,Promoting Private Sector Cybersecurity Information Sharing,Barack Obama,2015-02-13,2015-02-20,80 FR 9349,20934,https://www.govinfo.gov/content/pkg/FR-2015-02-20/pdf/2015-03714.pdf,https://www.federalregister.gov/documents/full_text/text/2015/02/20/2015-03714.txt,Executive Order 13691 establishes and directs actions to promote private‑sector cybersecurity information sharing.,technology_and_research,,,[],creates_body,,stop
13692,2015-05677,Blocking Property and Suspending Entry of Certain Persons Contributing to the Situation in Venezuela,Barack Obama,2015-03-08,2015-03-11,80 FR 12747,13788,https://www.govinfo.gov/content/pkg/FR-2015-03-11/pdf/2015-05677.pdf,https://www.federalregister.gov/documents/full_text/text/2015/03/11/2015-05677.txt,Executive Order 13692 imposes sanctions on persons linked to the Venezuelan government by blocking their property and suspending their entry into the United States.,foreign_policy,,,[],imposes_sanctions,,stop
13693,2015-07016,Planning for Federal Sustainability in the Next Decade,Barack Obama,2015-03-19,2015-03-25,80 FR 15871,59550,https://www.govinfo.gov/content/pkg/FR-2015-03-25/pdf/2015-07016.pdf,https://www.federalregister.gov/documents/full_text/text/2015/03/25/2015-07016.txt,Executive Order 13693 establishes a federal sustainability governance structure and sets a series of quantitative sustainability targets for agencies.,energy_and_environment,,,[],creates_body,,stop
13694,2015-07788,Blocking the Property of Certain Persons Engaging in Significant Malicious Cyber-Enabled Activities,Barack Obama,2015-04-01,2015-04-02,80 FR 18077,10750,https://www.govinfo.gov/content/pkg/FR-2015-04-02/pdf/2015-07788.pdf,https://www.federalregister.gov/documents/full_text/text/2015/04/02/2015-07788.txt,Executive Order 13694 blocks the property of persons engaged in significant malicious cyber‑enabled activities and suspends their entry into the United States.,security_and_defense,,,[],imposes_sanctions,,stop
13695,2015-13055,Termination of Emergency With Respect to the Risk of Nuclear Proliferation Created by the Accumulation of a Large Volume of Weapons-Usable Fissile Material in the Territory of the Russian Federation,Barack Obama,2015-05-26,2015-05-28,80 FR 30331,2919,https://www.govinfo.gov/content/pkg/FR-2015-05-28/pdf/2015-13055.pdf,https://www.federalregister.gov/documents/full_text/text/2015/05/28/2015-13055.txt,The order terminates the national emergency on nuclear proliferation risk and revokes the earlier emergency order.,security_and_defense,,,[],revokes_or_amends,,stop
13696,2015-15495,"2015 Amendments to the Manual for Courts-Martial, United States",Barack Obama,2015-06-17,2015-06-22,80 FR 35783,3747,https://www.govinfo.gov/content/pkg/FR-2015-06-22/pdf/2015-15495.pdf,https://www.federalregister.gov/documents/full_text/text/2015/06/22/2015-15495.txt,Executive Order 13696 amends the Manual for Courts‑Martial.,justice_and_law_enforcement,,,[],revokes_or_amends,,stop
13697,2015-15828,"Amendment to Executive Order 11155, Awards for Special Capability in Career and Technical Education",Barack Obama,2015-06-22,2015-06-25,80 FR 36691,1266,https://www.govinfo.gov/content/pkg/FR-2015-06-25/pdf/2015-15828.pdf,https://www.federalregister.gov/documents/full_text/text/2015/06/25/2015-15828.txt,Executive Order 13697 amends Executive Order 11155 by adding a new paragraph (6) that allows the Commission to select up to twenty additional Presidential Scholars each year. The scholars are to be chosen from the jurisdictions specified in paragraph (3) based on outstanding scholarship and demonstrated ability in career and technical education fields. The amendment expands the existing Presidential Scholars program without altering other provisions of EO 11155.,education,,,[],revokes_or_amends,,stop
13698,2015-16122,Hostage Recovery Activities,Barack Obama,2015-06-24,2015-06-29,80 FR 37131,12787,https://www.govinfo.gov/content/pkg/FR-2015-06-29/pdf/2015-16122.pdf,https://www.federalregister.gov/documents/full_text/text/2015/06/29/2015-16122.txt,Executive Order 13698 creates three new inter‑agency bodies to coordinate U.S. hostage‑recovery efforts and requires two status‑report deadlines.,foreign_policy,,,[],creates_body,,stop
13699,2015-16334,Establishing the Advisory Board on Toxic Substances and Worker Health,Barack Obama,2015-06-26,2015-07-01,80 FR 37529,4988,https://www.govinfo.gov/content/pkg/FR-2015-07-01/pdf/2015-16334.pdf,https://www.federalregister.gov/documents/full_text/text/2015/07/01/2015-16334.txt,"Executive Order 13699 establishes the Advisory Board on Toxic Substances and Worker Health within the Department of Labor, defines its composition, duties, funding, coordination with another board, and its termination date.",energy_and_environment,,,[],creates_body,,stop
13700,2015-17926,Establishing an Emergency Board To Investigate Disputes Between New Jersey Transit Rail and Certain of Its Employees Represented by Certain Labor Organizations,Barack Obama,2015-07-15,2015-07-20,80 FR 43003,3073,https://www.govinfo.gov/content/pkg/FR-2015-07-20/pdf/2015-17926.pdf,https://www.federalregister.gov/documents/full_text/text/2015/07/20/2015-17926.txt,"Executive Order 13700 establishes a three‑member emergency board to investigate New Jersey Transit rail labor disputes, requires the board to report within 30 days, restricts parties from changing dispute‑originating conditions for 120 days, assigns record custody to the National Mediation Board, and terminates the board upon submission of its report.",labor_and_workforce,,,"[""government_administration""]",creates_body,,stop
13701,2015-18292,Delegation of Certain Authorities and Assignment of Certain Functions Under the Bipartisan Congressional Trade Priorities and Accountability Act of 2015,Barack Obama,2015-07-17,2015-07-23,80 FR 43903,6619,https://www.govinfo.gov/content/pkg/FR-2015-07-23/pdf/2015-18292.pdf,https://www.federalregister.gov/documents/full_text/text/2015/07/23/2015-18292.txt,Executive Order 13701 delegates and assigns the authorities and functions granted to the President by title I of the Bipartisan Congressional Trade Priorities and Accountability Act of 2015 to other officials and agencies.,trade,,,[],delegates_authority,,stop
13702,2015-19183,Creating a National Strategic Computing Initiative,Barack Obama,2015-07-29,2015-08-03,80 FR 46177,15609,https://www.govinfo.gov/content/pkg/FR-2015-08-03/pdf/2015-19183.pdf,https://www.federalregister.gov/documents/full_text/text/2015/08/03/2015-19183.txt,Executive Order 13702 creates the National Strategic Computing Initiative (NSCI) and an NSCI Executive Council to coordinate a whole‑of‑government high‑performance‑computing strategy.,technology_and_research,,,[],creates_body,,stop
13703,2015-19209,Implementing the National HIV/AIDS Strategy for the United States for 2015-2020,Barack Obama,2015-07-30,2015-08-04,80 FR 46181,14354,https://www.govinfo.gov/content/pkg/FR-2015-08-04/pdf/2015-19209.pdf,https://www.federalregister.gov/documents/full_text/text/2015/08/04/2015-19209.txt,"Executive Order 13703 establishes a new inter‑agency working group, assigns reporting and monitoring duties to the White House Office of National AIDS Policy (ONAP) and lead agencies, and sets 100‑day deadlines for several reports.",health,,,[],creates_body,,stop
13704,2015-20801,Presidential Innovation Fellows Program,Barack Obama,2015-08-17,2015-08-20,80 FR 50751,7785,https://www.govinfo.gov/content/pkg/FR-2015-08-20/pdf/2015-20801.pdf,https://www.federalregister.gov/documents/full_text/text/2015/08/20/2015-20801.txt,The order creates the Presidential Innovation Fellows Program and an advisory board to bring technology‑focused innovators into federal service.,technology_and_research,,,[],creates_body,,stop
13705,2015-22888,"Designating the International Renewable Energy Agency as a Public International Organization Entitled To Enjoy Certain Privileges, Exemptions, and Immunities",Barack Obama,2015-09-03,2015-09-09,80 FR 54405,2644,https://www.govinfo.gov/content/pkg/FR-2015-09-09/pdf/2015-22888.pdf,https://www.federalregister.gov/documents/full_text/text/2015/09/09/2015-22888.txt,"The order designates the International Renewable Energy Agency (IRENA) as a public international organization entitled to the privileges, exemptions, and immunities provided by the International Organizations Immunities Act.",energy_and_environment,,,[],other,"grants privileges, exemptions, and immunities to an international organization",stop
13706,2015-22998,Establishing Paid Sick Leave for Federal Contractors,Barack Obama,2015-09-07,2015-09-10,80 FR 54697,15826,https://www.govinfo.gov/content/pkg/FR-2015-09-10/pdf/2015-22998.pdf,https://www.federalregister.gov/documents/full_text/text/2015/09/10/2015-22998.txt,Executive Order 13706 establishes paid‑sick‑leave requirements for federal contractors and directs the Secretary of Labor to issue implementing regulations.,labor_and_workforce,,,[],delegates_authority,,stop
13707,2015-23630,Using Behavioral Science Insights To Better Serve the American People,Barack Obama,2015-09-15,2015-09-18,80 FR 56365,7686,https://www.govinfo.gov/content/pkg/FR-2015-09-18/pdf/2015-23630.pdf,https://www.federalregister.gov/documents/full_text/text/2015/09/18/2015-23630.txt,"Executive Order 13707 creates the Social and Behavioral Sciences Team (SBST) under the National Science and Technology Council, directs agencies to apply behavioral science insights, requires a yearly implementation report through 2019, and mandates guidance from the SBST Chair within 45 days.",technology_and_research,,The order’s focus on applying behavioral science to improve federal programs is best captured by the technology_and_research topic.,"[""government_administration""]",creates_body,"The order directs agencies to apply behavioral science insights, which does not fit any listed instrument category.",stop
13708,2015-25489,Continuance or Reestablishment of Certain Federal Advisory Committees,Barack Obama,2015-09-30,2015-10-05,80 FR 60271,9576,https://www.govinfo.gov/content/pkg/FR-2015-10-05/pdf/2015-25489.pdf,https://www.federalregister.gov/documents/full_text/text/2015/10/05/2015-25489.txt,Executive Order 13708 continues or reestablishes a list of federal advisory committees until a specified date.,government_administration,,,[],creates_body,,stop
13709,2015-25744,National Security Medal,Barack Obama,2015-10-02,2015-10-07,80 FR 60793,4694,https://www.govinfo.gov/content/pkg/FR-2015-10-07/pdf/2015-25744.pdf,https://www.federalregister.gov/documents/full_text/text/2015/10/07/2015-25744.txt,"Executive Order 13709 creates and amends the National Security Medal, an award recognizing distinguished achievements in national security.",government_administration,,The order concerns a federal award (the National Security Medal) rather than a substantive policy area; it is best classified under government administration as an award program.,[],confers_status_or_honor,,stop
13710,2015-29403,Termination of Emergency With Respect to the Actions and Policies of Former Liberian President Charles Taylor,Barack Obama,2015-11-12,2015-11-16,80 FR 71679,3525,https://www.govinfo.gov/content/pkg/FR-2015-11-16/pdf/2015-29403.pdf,https://www.federalregister.gov/documents/full_text/text/2015/11/16/2015-29403.txt,The order terminates the national emergency declared in Executive Order 13348 and revokes that earlier order.,foreign_policy,,,[],revokes_or_amends,,stop
13711,2015-29498,Establishing an Emergency Board To Investigate Disputes Between New Jersey Transit Rail and Certain of Its Employees Represented by Certain Labor Organizations,Barack Obama,2015-11-12,2015-11-17,80 FR 71923,3861,https://www.govinfo.gov/content/pkg/FR-2015-11-17/pdf/2015-29498.pdf,https://www.federalregister.gov/documents/full_text/text/2015/11/17/2015-29498.txt,"Establishes a three‑member emergency board to investigate and report on New Jersey Transit Rail labor disputes, sets reporting deadlines, preserves board records with the National Mediation Board, and limits parties’ actions pending the board’s report.",labor_and_workforce,,,[],creates_body,,stop
13712,2015-30191,Blocking Property of Certain Persons Contributing to the Situation in Burundi,Barack Obama,2015-11-22,2015-11-25,80 FR 73633,10620,https://www.govinfo.gov/content/pkg/FR-2015-11-25/pdf/2015-30191.pdf,https://www.federalregister.gov/documents/full_text/text/2015/11/25/2015-30191.txt,"The order blocks property and related transactions of persons contributing to the situation in Burundi, thereby imposing sanctions.",foreign_policy,,,[],imposes_sanctions,,stop
13713,2015-31749,"Half-Day Closing of Executive Departments and Agencies of the Federal Government on Thursday, December 24, 2015",Barack Obama,2015-12-11,2015-12-16,80 FR 78117,2834,https://www.govinfo.gov/content/pkg/FR-2015-12-16/pdf/2015-31749.pdf,https://www.federalregister.gov/documents/full_text/text/2015/12/16/2015-31749.txt,"Executive Order 13713 orders a half‑day closure of all executive‑branch departments and agencies on 24 December 2015, while delegating to agency heads the authority to keep essential offices open. It also references EO 11582.",government_administration,,,[],other,"orders a half‑day closure of executive departments and agencies, which does not fit any predefined instrument category",stop
13714,2015-32060,Strengthening the Senior Executive Service,Barack Obama,2015-12-15,2015-12-18,80 FR 79225,18257,https://www.govinfo.gov/content/pkg/FR-2015-12-18/pdf/2015-32060.pdf,https://www.federalregister.gov/documents/full_text/text/2015/12/18/2015-32060.txt,Executive Order 13714 references Executive Order 13583 as a continuing authority for diversity and inclusion initiatives.,government_administration,,,[],other,"order does not revoke, create a body, impose sanctions, confer honor, delegate authority, direct a report/study, or adjust pay",stop
13715,2015-32582,Adjustments of Certain Rates of Pay,Barack Obama,2015-12-18,2015-12-23,80 FR 80195,4347,https://www.govinfo.gov/content/pkg/FR-2015-12-23/pdf/2015-32582.pdf,https://www.federalregister.gov/documents/full_text/text/2015/12/23/2015-32582.txt,Executive Order 13715 adjusts the rates of basic pay for various federal pay systems and sets their effective dates.,government_administration,,,[],adjusts_pay_or_admin,,stop
13716,2016-01325,"Revocation of Executive Orders 13574, 13590, 13622, and 13645 With Respect to Iran, Amendment of Executive Order 13628 With Respect to Iran, and Provision of Implementation Authorities for Aspects of Certain Statutory Sanctions Outside the Scope of U.S. Commitments Under the Joint Comprehensive Plan of Action of July 14, 2015",Barack Obama,2016-01-16,2016-01-21,81 FR 3693,22776,https://www.govinfo.gov/content/pkg/FR-2016-01-21/pdf/2016-01325.pdf,https://www.federalregister.gov/documents/full_text/text/2016/01/21/2016-01325.txt,"Executive Order 13716 revokes four prior Iran‑related sanctions orders and amends Executive Order 13628, while authorizing the Treasury and State Secretaries to implement additional sanctions and related authorities. It directs all federal agencies to take appropriate measures to enforce the provisions and references the national emergency declared in EO 12957. The order relies on IEEPA and the National Emergencies Act to give the President the necessary authority.",foreign_policy,,,"[""security_and_defense"", ""economy_and_finance""]",revokes_or_amends,,stop
13717,2016-02475,Establishing a Federal Earthquake Risk Management Standard,Barack Obama,2016-02-02,2016-02-05,81 FR 6407,15923,https://www.govinfo.gov/content/pkg/FR-2016-02-05/pdf/2016-02475.pdf,https://www.federalregister.gov/documents/full_text/text/2016/02/05/2016-02475.txt,"Executive Order 13717 creates the Interagency Committee on Seismic Safety in Construction (ICSSC) to improve federal building resilience to earthquakes. It references several statutes and agencies, and sets multiple implementation deadlines.",energy_and_environment,,,[],creates_body,,stop
13718,2016-03038,Commission on Enhancing National Cybersecurity,Barack Obama,2016-02-09,2016-02-12,81 FR 7441,13328,https://www.govinfo.gov/content/pkg/FR-2016-02-12/pdf/2016-03038.pdf,https://www.federalregister.gov/documents/full_text/text/2016/02/12/2016-03038.txt,"Executive Order 13718 (Feb 9 2016) creates the Commission on Enhancing National Cybersecurity, sets its membership, tasks the Commission with studying cybersecurity issues, requires a final report, and provides a termination timeline.",technology_and_research,,,"[""government_administration""]",creates_body,,stop
13719,R1-2016-03141,Establishment of the Federal Privacy Council,Barack Obama,2016-02-09,2016-02-16,81 FR 7961,10067,https://www.govinfo.gov/content/pkg/FR-2016-02-16/pdf/R1-2016-03141.pdf,https://www.federalregister.gov/documents/full_text/text/2016/02/16/R1-2016-03141.txt,Executive Order 13719 creates the Federal Privacy Council and directs senior officials to develop privacy‑related policies and designations.,technology_and_research,,,[],creates_body,,stop
13720,2016-04770,Delegation of Certain Authorities and Assignment of Certain Functions Under the Trade Preferences Extension Act of 2015,Barack Obama,2016-02-26,2016-03-02,81 FR 11089,4258,https://www.govinfo.gov/content/pkg/FR-2016-03-02/pdf/2016-04770.pdf,https://www.federalregister.gov/documents/full_text/text/2016/03/02/2016-04770.txt,Executive Order 13720 delegates and assigns authorities and functions under the Trade Preferences Extension Act of 2015 to other officials and agencies.,trade,,,[],delegates_authority,,stop
13721,2016-06250,Developing an Integrated Global Engagement Center To Support Government-wide Counterterrorism Communications Activities Directed Abroad and Revoking Executive Order 13584,Barack Obama,2016-03-14,2016-03-17,81 FR 14685,13448,https://www.govinfo.gov/content/pkg/FR-2016-03-17/pdf/2016-06250.pdf,https://www.federalregister.gov/documents/full_text/text/2016/03/17/2016-06250.txt,"Executive Order 13721 (2016‑03‑14) creates a new inter‑agency center and supporting bodies to coordinate U.S. government‑wide counter‑terrorism communications abroad, and directs other agencies to provide resources to that center.",security_and_defense,,,[],creates_body,,stop
13722,2016-06355,"Blocking Property of the Government of North Korea and the Workers' Party of Korea, and Prohibiting Certain Transactions With Respect to North Korea",Barack Obama,2016-03-15,2016-03-18,81 FR 14943,13362,https://www.govinfo.gov/content/pkg/FR-2016-03-18/pdf/2016-06355.pdf,https://www.federalregister.gov/documents/full_text/text/2016/03/18/2016-06355.txt,Executive Order 13722 blocks property and prohibits transactions involving the Government of North Korea and the Workers’ Party of Korea.,foreign_policy,,,[],imposes_sanctions,,stop
13723,2016-07703,Establishing the Inherent Resolve Campaign Medal,Barack Obama,2016-03-30,2016-04-01,81 FR 19017,3813,https://www.govinfo.gov/content/pkg/FR-2016-04-01/pdf/2016-07703.pdf,https://www.federalregister.gov/documents/full_text/text/2016/04/01/2016-07703.txt,Executive Order 13723 creates the Inherent Resolve Campaign Medal and defines its award criteria and relationship to the Global War on Terrorism Expeditionary Medal.,other,,military_award,[],confers_status_or_honor,,stop
13724,2016-08713,Amending Executive Order 12137,Barack Obama,2016-04-08,2016-04-13,81 FR 22021,2094,https://www.govinfo.gov/content/pkg/FR-2016-04-13/pdf/2016-08713.pdf,https://www.federalregister.gov/documents/full_text/text/2016/04/13/2016-08713.txt,"The order amends Executive Order 12137 by adding a new section that delegates the functions of adopting, altering, and using the Peace Corps official seal or emblem to the Director of the Peace Corps and deletes section 1‑301(e).",government_administration,,,[],revokes_or_amends,,stop
13725,2016-09346,Steps to Increase Competition and Better Inform Consumers and Workers to Support Continued Growth of the American Economy,Barack Obama,2016-04-15,2016-04-20,81 FR 23417,8124,https://www.govinfo.gov/content/pkg/FR-2016-04-20/pdf/2016-09346.pdf,https://www.federalregister.gov/documents/full_text/text/2016/04/20/2016-09346.txt,"Executive Order 13725 directs federal agencies to use their authorities to promote competition, gather and report information, and identify actions that reduce barriers to competition.",economy_and_finance,,,[],directs_report_or_study,,stop
13726,2016-09483,Blocking Property and Suspending Entry Into the United States of Persons Contributing to the Situation in Libya,Barack Obama,2016-04-19,2016-04-21,81 FR 23559,11680,https://www.govinfo.gov/content/pkg/FR-2016-04-21/pdf/2016-09483.pdf,https://www.federalregister.gov/documents/full_text/text/2016/04/21/2016-09483.txt,"Executive Order 13726 expands the national emergency on Libya and imposes sanctions on persons linked to the conflict, blocks their property, suspends their entry into the United States, prohibits donations to them, and delegates authority to the Treasury to implement the measures.",foreign_policy,,,[],imposes_sanctions,,stop
13727,2016-11300,Facilitation of a Presidential Transition,Barack Obama,2016-05-06,2016-05-11,81 FR 29465,9257,https://www.govinfo.gov/content/pkg/FR-2016-05-11/pdf/2016-11300.pdf,https://www.federalregister.gov/documents/full_text/text/2016/05/11/2016-11300.txt,Executive Order 13727 establishes two inter‑agency bodies to coordinate presidential transitions and sets a deadline for agencies to prepare briefing materials.,government_administration,,,[],creates_body,,stop
13728,2016-12155,Wildland-Urban Interface Federal Risk Mitigation,Barack Obama,2016-05-18,2016-05-20,81 FR 32223,11783,https://www.govinfo.gov/content/pkg/FR-2016-05-20/pdf/2016-12155.pdf,https://www.federalregister.gov/documents/full_text/text/2016/05/20/2016-12155.txt,Executive Order 13728 directs federal agencies to improve the wildfire‑resilience of federal buildings located in the wildland‑urban interface.,energy_and_environment,,,[],creates_body,,stop
13729,2016-12307,A Comprehensive Approach to Atrocity Prevention and Response,Barack Obama,2016-05-18,2016-05-23,81 FR 32611,17307,https://www.govinfo.gov/content/pkg/FR-2016-05-23/pdf/2016-12307.pdf,https://www.federalregister.gov/documents/full_text/text/2016/05/23/2016-12307.txt,Key provisions of Executive Order 13729 (May 18 2016) concerning the Atrocities Prevention Board.,government_administration,,"The order deals with the internal organization and operation of a federal inter‑agency board rather than a substantive policy area such as energy, environment, or justice.","[""justice_and_law_enforcement"", ""foreign_policy""]",other,"The order mixes continuation of an existing body, delegation of authority, and reporting requirements; no single listed instrument captures the whole order.",stop
13730,2016-12579,"2016 Amendments to the Manual for Courts-Martial, United States",Barack Obama,2016-05-20,2016-05-26,81 FR 33331,3043,https://www.govinfo.gov/content/pkg/FR-2016-05-26/pdf/2016-12579.pdf,https://www.federalregister.gov/documents/full_text/text/2016/05/26/2016-12579.txt,Executive Order 13730 amends the Manual for Courts‑Martial and sets limits on the retroactive effect of those amendments.,justice_and_law_enforcement,,,[],revokes_or_amends,,stop
13731,2016-15542,Global Entrepreneurship,Barack Obama,2016-06-24,2016-06-29,81 FR 42221,11654,https://www.govinfo.gov/content/pkg/FR-2016-06-29/pdf/2016-15542.pdf,https://www.federalregister.gov/documents/full_text/text/2016/06/29/2016-15542.txt,Executive Order 13731 establishes new bodies and assigns responsibilities to advance global entrepreneurship and Internet connectivity.,economy_and_finance,,,[],creates_body,,stop
13732,2016-16295,United States Policy on Pre- and Post-Strike Measures To Address Civilian Casualties in U.S. Operations Involving the Use of Force,Barack Obama,2016-07-01,2016-07-07,81 FR 44485,11792,https://www.govinfo.gov/content/pkg/FR-2016-07-07/pdf/2016-16295.pdf,https://www.federalregister.gov/documents/full_text/text/2016/07/07/2016-16295.txt,Executive Order 13732 directs U.S. agencies to adopt measures that reduce civilian casualties in military operations and requires the Director of National Intelligence to publish annual reports on strikes against terrorist targets outside active hostilities.,other,,civilian‑casualty mitigation in U.S. operations involving the use of force,[],directs_report_or_study,,stop
13733,2016-17945,Delegation of Certain Authorities and Assignment of Certain Functions Under the Trade Facilitation and Trade Enforcement Act of 2015,Barack Obama,2016-07-22,2016-07-27,81 FR 49515,5826,https://www.govinfo.gov/content/pkg/FR-2016-07-27/pdf/2016-17945.pdf,https://www.federalregister.gov/documents/full_text/text/2016/07/27/2016-17945.txt,Executive Order 13733 delegates and assigns a number of functions under the Trade Facilitation and Trade Enforcement Act of 2015 to various officials and agencies.,trade,,,[],delegates_authority,,stop
13734,2016-18872,Amending Executive Order 13675 To Expand Membership on the President's Advisory Council on Doing Business in Africa,Barack Obama,2016-08-03,2016-08-08,81 FR 52321,3816,https://www.govinfo.gov/content/pkg/FR-2016-08-08/pdf/2016-18872.pdf,https://www.federalregister.gov/documents/full_text/text/2016/08/08/2016-18872.txt,Executive Order 13734 amends Executive Order 13675 to increase the maximum size of the President's Advisory Council on Doing Business in Africa.,foreign_policy,,,[],revokes_or_amends,,stop
13735,2016-19723,Providing an Order of Succession Within the Department of the Treasury,Barack Obama,2016-08-12,2016-08-17,81 FR 54709,3620,https://www.govinfo.gov/content/pkg/FR-2016-08-17/pdf/2016-19723.pdf,https://www.federalregister.gov/documents/full_text/text/2016/08/17/2016-19723.txt,Executive Order 13735 establishes a Treasury Secretary succession order and revokes two prior authorities.,government_administration,,,[],adjusts_pay_or_admin,,stop
13736,2016-19724,Providing an Order of Succession Within the Department of Veterans Affairs,Barack Obama,2016-08-12,2016-08-17,81 FR 54711,4038,https://www.govinfo.gov/content/pkg/FR-2016-08-17/pdf/2016-19724.pdf,https://www.federalregister.gov/documents/full_text/text/2016/08/17/2016-19724.txt,Executive Order 13736 (2016) establishes an internal order of succession for the Secretary of Veterans Affairs and revokes several prior orders and memoranda that previously governed that succession.,government_administration,,,[],adjusts_pay_or_admin,,stop
13737,2016-19725,Providing an Order of Succession Within the Environmental Protection Agency,Barack Obama,2016-08-12,2016-08-17,81 FR 54713,4276,https://www.govinfo.gov/content/pkg/FR-2016-08-17/pdf/2016-19725.pdf,https://www.federalregister.gov/documents/full_text/text/2016/08/17/2016-19725.txt,The order sets the line of officials who may serve as Acting Administrator of the Environmental Protection Agency.,energy_and_environment,,,[],delegates_authority,,stop
13738,2016-20713,Amendment to Executive Order 13673,Barack Obama,2016-08-23,2016-08-26,81 FR 58807,3185,https://www.govinfo.gov/content/pkg/FR-2016-08-26/pdf/2016-20713.pdf,https://www.federalregister.gov/documents/full_text/text/2016/08/26/2016-20713.txt,Executive Order 13738 amends Executive Order 13673 to modify procurement‑related labor‑law disclosure requirements.,government_administration,,,[],revokes_or_amends,,stop
13739,2016-22454,Termination of Emergency With Respect to the Situation in or in Relation to Côte d'Ivoire,Barack Obama,2016-09-14,2016-09-16,81 FR 63673,3187,https://www.govinfo.gov/content/pkg/FR-2016-09-16/pdf/2016-22454.pdf,https://www.federalregister.gov/documents/full_text/text/2016/09/16/2016-22454.txt,The order terminates the national emergency declared in Executive Order 13396 and revokes that order.,other,,national_emergency (order terminates a national emergency declaration).,[],revokes_or_amends,,stop
13740,2016-22962,"2016 Amendments to the Manual for Courts-Martial, United States",Barack Obama,2016-09-16,2016-09-22,81 FR 65175,5471,https://www.govinfo.gov/content/pkg/FR-2016-09-22/pdf/2016-22962.pdf,https://www.federalregister.gov/documents/full_text/text/2016/09/22/2016-22962.txt,"Executive Order 13740 amends the Manual for Courts‑Martial by updating Parts I, II, and IV as set out in the annex. The amendments take effect on the order’s signing date and do not retroactively punish or invalidate actions taken before that date. The order cites the President’s constitutional authority and chapter 47 of title 10 of the U.S. Code (Uniform Code of Military Justice).",justice_and_law_enforcement,,,[],revokes_or_amends,,stop
13741,2016-24066,Amending Executive Order 13467 To Establish the Roles and Responsibilities of the National Background Investigations Bureau and Related Matters,Barack Obama,2016-09-29,2016-10-04,81 FR 68289,14275,https://www.govinfo.gov/content/pkg/FR-2016-10-04/pdf/2016-24066.pdf,https://www.federalregister.gov/documents/full_text/text/2016/10/04/2016-24066.txt,"Executive Order 13741 amends prior orders to update the governance, roles, and responsibilities of the National Background Investigations Bureau (NBIB) and related agencies, and sets a 90‑day deadline for a council review.",government_administration,,,[],revokes_or_amends,,stop
13742,2016-24847,Termination of Emergency With Respect to the Actions and Policies of the Government of Burma,Barack Obama,2016-10-07,2016-10-12,81 FR 70593,5417,https://www.govinfo.gov/content/pkg/FR-2016-10-12/pdf/2016-24847.pdf,https://www.federalregister.gov/documents/full_text/text/2016/10/12/2016-24847.txt,"The order terminates the national emergency concerning Burma and revokes several prior executive orders, including Executive Order 13651.",foreign_policy,,,[],revokes_or_amends,,stop
13743,2016-25288,Charitable Fundraising,Barack Obama,2016-10-13,2016-10-18,81 FR 71571,6116,https://www.govinfo.gov/content/pkg/FR-2016-10-18/pdf/2016-25288.pdf,https://www.federalregister.gov/documents/full_text/text/2016/10/18/2016-25288.txt,"The order further amends Executive Order 12353, revising terminology and provisions governing the Combined Federal Campaign and directing the Director of OPM to implement the changes.",government_administration,,,[],revokes_or_amends,,stop
13744,2016-25290,Coordinating Efforts To Prepare the Nation for Space Weather Events,Barack Obama,2016-10-13,2016-10-18,81 FR 71573,19573,https://www.govinfo.gov/content/pkg/FR-2016-10-18/pdf/2016-25290.pdf,https://www.federalregister.gov/documents/full_text/text/2016/10/18/2016-25290.txt,Executive Order 13744 establishes a subcommittee to coordinate federal space‑weather activities and sets multiple implementation deadlines.,technology_and_research,,,[],creates_body,,stop
13745,2016-26753,Delegation of Function to the Director of the Office of Personnel Management,Barack Obama,2016-10-31,2016-11-03,81 FR 76493,1604,https://www.govinfo.gov/content/pkg/FR-2016-11-03/pdf/2016-26753.pdf,https://www.federalregister.gov/documents/full_text/text/2016/11/03/2016-26753.txt,The order delegates to the Director of the Office of Personnel Management the authority vested in the President to establish an emergency leave transfer program.,government_administration,,,[],delegates_authority,,stop
13746,2016-27156,Advancing the Goals of the Power Africa Initiative to Expand Access to Electricity in Sub- Saharan Africa Through the Establishment of the President's Power Africa Working Group,Barack Obama,2016-11-03,2016-11-08,81 FR 78697,14769,https://www.govinfo.gov/content/pkg/FR-2016-11-08/pdf/2016-27156.pdf,https://www.federalregister.gov/documents/full_text/text/2016/11/08/2016-27156.txt,Executive Order 13746 establishes a new inter‑agency body and assigns implementation responsibilities for the Power Africa initiative.,energy_and_environment,,,[],creates_body,,stop
13747,2016-27171,Advancing the Global Health Security Agenda To Achieve a World Safe and Secure From Infectious Disease Threats,Barack Obama,2016-11-04,2016-11-09,81 FR 78701,18554,https://www.govinfo.gov/content/pkg/FR-2016-11-09/pdf/2016-27171.pdf,https://www.federalregister.gov/documents/full_text/text/2016/11/09/2016-27171.txt,Executive Order 13747 establishes a new interagency council to coordinate the Global Health Security Agenda and sets a series of reporting and guidance requirements for that council.,health,,,[],creates_body,,stop
13748,2016-28203,Establishing a Community Solutions Council,Barack Obama,2016-11-16,2016-11-21,81 FR 83619,13183,https://www.govinfo.gov/content/pkg/FR-2016-11-21/pdf/2016-28203.pdf,https://www.federalregister.gov/documents/full_text/text/2016/11/21/2016-28203.txt,The order creates a new inter‑agency body – the Council for Community Solutions – to coordinate federal community‑focused efforts.,government_administration,,,[],creates_body,,stop
13749,2016-29165,Providing for the Appointment in the Competitive Service of Certain Employees of the Foreign Service,Barack Obama,2016-11-29,2016-12-02,81 FR 87391,7594,https://www.govinfo.gov/content/pkg/FR-2016-12-02/pdf/2016-29165.pdf,https://www.federalregister.gov/documents/full_text/text/2016/12/02/2016-29165.txt,"Executive Order 13749 authorizes agency heads to appoint certain former Foreign Service employees to the competitive service on a non‑competitive basis, sets eligibility and timing requirements, and directs OPM to issue implementing regulations.",government_administration,,,[],delegates_authority,,stop
13750,2016-29169,"Providing for the Appointment of Alumni of the Fulbright U.S. Student Program, the Benjamin A. Gilman International Scholarship Program, and the Critical Language Scholarship Program to the Competitive Service",Barack Obama,2016-11-29,2016-12-02,81 FR 87393,7030,https://www.govinfo.gov/content/pkg/FR-2016-12-02/pdf/2016-29169.pdf,https://www.federalregister.gov/documents/full_text/text/2016/12/02/2016-29169.txt,"The order authorizes heads of executive‑branch agencies to appoint eligible Fulbright, Gilman, and CLS alumni to the competitive service without competition.",government_administration,,,[],delegates_authority,,stop
13751,2016-29519,Safeguarding the Nation From the Impacts of Invasive Species,Barack Obama,2016-12-05,2016-12-08,81 FR 88609,25290,https://www.govinfo.gov/content/pkg/FR-2016-12-08/pdf/2016-29519.pdf,https://www.federalregister.gov/documents/full_text/text/2016/12/08/2016-29519.txt,"Executive Order 13751 (2016) amends EO 13112 to strengthen the federal response to invasive species. It creates the National Invasive Species Council, delegates authority to maintain an advisory committee, and directs a series of reports, plans and assessments with specific deadlines.",energy_and_environment,,,[],creates_body,,stop
13752,2016-30101,Relating to the Implementation of the Convention on the International Recovery of Child Support and Other Forms of Family Maintenance,Barack Obama,2016-12-08,2016-12-13,81 FR 90181,3230,https://www.govinfo.gov/content/pkg/FR-2016-12-13/pdf/2016-30101.pdf,https://www.federalregister.gov/documents/full_text/text/2016/12/13/2016-30101.txt,Executive Order 13752 implements the Hague Convention on the International Recovery of Child Support by designating the Department of Health and Human Services as the United States’ Central Authority and authorizing it to designate State child‑support agencies.,justice_and_law_enforcement,,,[],delegates_authority,,stop
13753,2016-30272,Amending the Order of Succession in the Department of Homeland Security,Barack Obama,2016-12-09,2016-12-14,81 FR 90667,3420,https://www.govinfo.gov/content/pkg/FR-2016-12-14/pdf/2016-30272.pdf,https://www.federalregister.gov/documents/full_text/text/2016/12/14/2016-30272.txt,The order amends Section 88 of Executive Order 13286 to establish a new order of succession for the Department of Homeland Security.,government_administration,,,[],revokes_or_amends,,stop
13754,2016-30277,Northern Bering Sea Climate Resilience,Barack Obama,2016-12-09,2016-12-14,81 FR 90669,19515,https://www.govinfo.gov/content/pkg/FR-2016-12-14/pdf/2016-30277.pdf,https://www.federalregister.gov/documents/full_text/text/2016/12/14/2016-30277.txt,Key actions and deadlines in Executive Order 13754 (Northern Bering Sea Climate Resilience).,energy_and_environment,,,[],creates_body,,stop
13755,2016-31792,Providing an Order of Succession Within the Department of Labor,Barack Obama,2016-12-23,2016-12-30,81 FR 96329,3928,https://www.govinfo.gov/content/pkg/FR-2016-12-30/pdf/2016-31792.pdf,https://www.federalregister.gov/documents/full_text/text/2016/12/30/2016-31792.txt,The order establishes a succession line for the Secretary of Labor and revokes the previous order on the same subject.,government_administration,,,[],adjusts_pay_or_admin,,stop
13756,2016-31875,Adjustments of Certain Rates of Pay,Barack Obama,2016-12-27,2016-12-30,81 FR 97099,4519,https://www.govinfo.gov/content/pkg/FR-2016-12-30/pdf/2016-31875.pdf,https://www.federalregister.gov/documents/full_text/text/2016/12/30/2016-31875.txt,Executive Order 13756 adjusts federal pay rates and sets effective dates for the new pay schedules.,government_administration,,,[],adjusts_pay_or_admin,,stop
13757,2016-31922,Taking Additional Steps to Address the National Emergency With Respect to Significant Malicious Cyber- Enabled Activities,Barack Obama,2016-12-28,2017-01-03,82 FR 1,5923,https://www.govinfo.gov/content/pkg/FR-2017-01-03/pdf/2016-31922.pdf,https://www.federalregister.gov/documents/full_text/text/2017/01/03/2016-31922.txt,"The order amends Executive Order 13694 by revising Section 1(a), adding an annex, and redesignating sections.",security_and_defense,,,[],revokes_or_amends,,stop
13758,2017-01164,Amending Executive Order 11016 To Update Eligibility Criteria for Award of the Purple Heart,Barack Obama,2017-01-12,2017-01-17,82 FR 5321,5207,https://www.govinfo.gov/content/pkg/FR-2017-01-17/pdf/2017-01164.pdf,https://www.federalregister.gov/documents/full_text/text/2017/01/17/2017-01164.txt,Executive Order 13758 updates the eligibility criteria for awarding the Purple Heart by amending Executive Order 11016.,civil_rights,,,[],revokes_or_amends,,stop
13759,2017-01168,"Designating the World Organisation for Animal Health as a Public International Organization Entitled To Enjoy Certain Privileges, Exemptions, and Immunities",Barack Obama,2017-01-12,2017-01-17,82 FR 5323,2697,https://www.govinfo.gov/content/pkg/FR-2017-01-17/pdf/2017-01168.pdf,https://www.federalregister.gov/documents/full_text/text/2017/01/17/2017-01168.txt,"The order designates the World Organisation for Animal Health as a public international organization entitled to the privileges, exemptions, and immunities of the International Organizations Immunities Act.",economy_and_finance,,"The order concerns an international organization focused on animal health, which falls under the broader economic/agricultural sector.",[],other,"The order makes a designation; it does not create a body, impose sanctions, revoke/amend, confer honor, delegate authority, direct a report, or adjust pay.",stop
13760,2017-01169,Exclusions From the Federal Labor-Management Relations Program,Barack Obama,2017-01-12,2017-01-17,82 FR 5325,11932,https://www.govinfo.gov/content/pkg/FR-2017-01-17/pdf/2017-01169.pdf,https://www.federalregister.gov/documents/full_text/text/2017/01/17/2017-01169.txt,"Executive Order 13760 amends EO 12171 to exclude a list of Department of Defense agencies and subdivisions—identified as primarily engaged in intelligence, counter‑intelligence, investigative, or national‑security work—from the coverage of the Federal Labor‑Management Relations Program, and inserts new sections (1‑217 through 1‑224) naming additional agencies.",labor_and_workforce,,,"[""government_administration""]",revokes_or_amends,,stop
13761,2017-01197,Recognizing Positive Actions by the Government of Sudan and Providing for the Revocation of Certain Sudan-Related Sanctions,Barack Obama,2017-01-13,2017-01-18,82 FR 5331,8977,https://www.govinfo.gov/content/pkg/FR-2017-01-18/pdf/2017-01197.pdf,https://www.federalregister.gov/documents/full_text/text/2017/01/18/2017-01197.txt,"Executive Order 13761 revokes portions of EO 13067 and EO 13412, waives certain sanctions provisions, delegates presidential functions to Treasury, State, and Homeland Security secretaries, authorizes Treasury and Commerce to implement TSRA, and requires a report on Sudan’s positive actions by July 12, 2017 with annual updates thereafter.",security_and_defense,,,"[""foreign_policy"", ""trade""]",revokes_or_amends,,stop
13762,2017-01487,Providing an Order of Succession Within the Department of Justice,Barack Obama,2017-01-13,2017-01-19,82 FR 7619,2934,https://www.govinfo.gov/content/pkg/FR-2017-01-19/pdf/2017-01487.pdf,https://www.federalregister.gov/documents/full_text/text/2017/01/19/2017-01487.txt,"EO 13762 sets a succession line for the Attorney General, referencing the Federal Vacancies Reform Act and revoking EO 13557.",government_administration,,,[],adjusts_pay_or_admin,,stop
13763,2017-01489,Providing an Order of Succession Within the Environmental Protection Agency,Barack Obama,2017-01-13,2017-01-19,82 FR 7621,4216,https://www.govinfo.gov/content/pkg/FR-2017-01-19/pdf/2017-01489.pdf,https://www.federalregister.gov/documents/full_text/text/2017/01/19/2017-01489.txt,The order establishes a succession line for the EPA Administrator and revokes the previous succession order.,government_administration,,,[],adjusts_pay_or_admin,,stop
13764,2017-01623,"Amending the Civil Service Rules, Executive Order 13488, and Executive Order 13467 To Modernize the Executive Branch-Wide Governance Structure and Processes for Security Clearances, Suitability and Fitness for Employment, and Credentialing, and Related Matters",Barack Obama,2017-01-17,2017-01-23,82 FR 8115,56382,https://www.govinfo.gov/content/pkg/FR-2017-01-23/pdf/2017-01623.pdf,https://www.federalregister.gov/documents/full_text/text/2017/01/23/2017-01623.txt,"Executive Order 13764 amends the Civil Service Rules and updates Executive Orders 13488 and 13467 to modernize the executive‑branch vetting enterprise for security clearances, suitability, fitness and credentialing. It creates a Security, Suitability, and Credentialing Performance Accountability Council and designates new executive agents and responsibilities for OPM, OMB, the Director of OPM, the Director of National Intelligence and the Secretary of Defense. The order also revokes outdated orders and amends EO 12968 to incorporate continuous evaluation provisions.",security_and_defense,,,[],creates_body,,stop
13765,2017-01799,Minimizing the Economic Burden of the Patient Protection and Affordable Care Act Pending Repeal,Donald Trump,2017-01-20,2017-01-24,82 FR 8351,4346,https://www.govinfo.gov/content/pkg/FR-2017-01-24/pdf/2017-01799.pdf,https://www.federalregister.gov/documents/full_text/text/2017/01/24/2017-01799.txt,"The order directs the Secretary of Health and Human Services and heads of all executive departments and agencies with responsibilities under the Affordable Care Act to use their authority to waive, defer, grant exemptions from, or delay any provision of the Act that would impose fiscal or regulatory burdens.",health,,,[],delegates_authority,,stop
13766,2017-02029,Expediting Environmental Reviews and Approvals for High Priority Infrastructure Projects,Donald Trump,2017-01-24,2017-01-30,82 FR 8657,5539,https://www.govinfo.gov/content/pkg/FR-2017-01-30/pdf/2017-02029.pdf,https://www.federalregister.gov/documents/full_text/text/2017/01/30/2017-02029.txt,Executive Order 13766 directs the Chairman of the White House Council on Environmental Quality (CEQ) to identify high‑priority infrastructure projects and to coordinate expedited environmental review deadlines.,energy_and_environment,,,[],delegates_authority,,stop
13767,2017-02095,Border Security and Immigration Enforcement Improvements,Donald Trump,2017-01-25,2017-01-30,82 FR 8793,20537,https://www.govinfo.gov/content/pkg/FR-2017-01-30/pdf/2017-02095.pdf,https://www.federalregister.gov/documents/full_text/text/2017/01/30/2017-02095.txt,"This order directs the executive branch to strengthen border security and immigration enforcement. It tasks the Secretary of Homeland Security with planning, funding, and constructing a physical wall, expanding detention facilities, hiring additional Border Patrol agents, and coordinating with states under section 287(g). The order also requires agencies to report on aid to Mexico, submit monthly apprehension statistics, and deliver progress reports to the President within specified timeframes.",immigration,,,"[""security_and_defense"", ""government_administration""]",delegates_authority,,stop
13768,2017-02102,Enhancing Public Safety in the Interior of the United States,Donald Trump,2017-01-25,2017-01-30,82 FR 8799,17595,https://www.govinfo.gov/content/pkg/FR-2017-01-30/pdf/2017-02102.pdf,https://www.federalregister.gov/documents/full_text/text/2017/01/30/2017-02102.txt,Key actions taken by Executive Order 13768 (2017‑01‑25),justice_and_law_enforcement,,,[],other,,stop
13769,2017-02281,Protecting the Nation From Foreign Terrorist Entry Into the United States,Donald Trump,2017-01-27,2017-02-01,82 FR 8977,23816,https://www.govinfo.gov/content/pkg/FR-2017-02-01/pdf/2017-02281.pdf,https://www.federalregister.gov/documents/full_text/text/2017/02/01/2017-02281.txt,Executive Order 13769 (January 27 2017) – Protecting the Nation From Foreign Terrorist Entry Into the United States,immigration,,,[],imposes_sanctions,,stop
13770,2017-02450,Ethics Commitments by Executive Branch Appointees,Donald Trump,2017-01-28,2017-02-03,82 FR 9333,22075,https://www.govinfo.gov/content/pkg/FR-2017-02-03/pdf/2017-02450.pdf,https://www.federalregister.gov/documents/full_text/text/2017/02/03/2017-02450.txt,Executive Order 13770 requires executive‑branch appointees to sign an ethics pledge and directs agency heads to enforce it.,government_administration,,,[],delegates_authority,,stop
13771,2017-02451,Reducing Regulation and Controlling Regulatory Costs,Donald Trump,2017-01-30,2017-02-03,82 FR 9339,8071,https://www.govinfo.gov/content/pkg/FR-2017-02-03/pdf/2017-02451.pdf,https://www.federalregister.gov/documents/full_text/text/2017/02/03/2017-02451.txt,Executive Order 13771 establishes a regulatory‑cost‑cap regime and reporting requirements for federal agencies.,government_administration,,,[],directs_report_or_study,,stop
13772,2017-02762,Core Principles for Regulating the United States Financial System,Donald Trump,2017-02-03,2017-02-08,82 FR 9965,3897,https://www.govinfo.gov/content/pkg/FR-2017-02-08/pdf/2017-02762.pdf,https://www.federalregister.gov/documents/full_text/text/2017/02/08/2017-02762.txt,Executive Order 13772 sets policy principles for the U.S. financial system and directs the Treasury Secretary to consult with the Financial Stability Oversight Council and to report to the President within 120 days.,economy_and_finance,,,[],delegates_authority,,stop
13773,2017-03113,Enforcing Federal Law With Respect to Transnational Criminal Organizations and Preventing International Trafficking,Donald Trump,2017-02-09,2017-02-14,82 FR 10691,10994,https://www.govinfo.gov/content/pkg/FR-2017-02-14/pdf/2017-03113.pdf,https://www.federalregister.gov/documents/full_text/text/2017/02/14/2017-03113.txt,Executive Order 13773 (Feb 9 2017) directs interagency coordination against transnational criminal organizations and requires periodic reporting.,justice_and_law_enforcement,,,[],creates_body,,stop
13774,2017-03115,"Preventing Violence Against Federal, State, Tribal, and Local Law Enforcement Officers",Donald Trump,2017-02-09,2017-02-14,82 FR 10695,5215,https://www.govinfo.gov/content/pkg/FR-2017-02-14/pdf/2017-03115.pdf,https://www.federalregister.gov/documents/full_text/text/2017/02/14/2017-03115.txt,"Executive Order 13774 directs the Attorney General to develop strategies, coordinate with other governments, review and recommend changes to federal laws and grant programs, all aimed at protecting federal, state, tribal and local law‑enforcement officers.",justice_and_law_enforcement,,,[],delegates_authority,,stop
13775,2017-03116,Providing an Order of Succession Within the Department of Justice,Donald Trump,2017-02-09,2017-02-14,82 FR 10697,2989,https://www.govinfo.gov/content/pkg/FR-2017-02-14/pdf/2017-03116.pdf,https://www.federalregister.gov/documents/full_text/text/2017/02/14/2017-03116.txt,The order establishes the line of succession for the Attorney General within the Department of Justice.,government_administration,,,[],delegates_authority,,stop
13776,2017-03118,Task Force on Crime Reduction and Public Safety,Donald Trump,2017-02-09,2017-02-14,82 FR 10699,4774,https://www.govinfo.gov/content/pkg/FR-2017-02-14/pdf/2017-03118.pdf,https://www.federalregister.gov/documents/full_text/text/2017/02/14/2017-03118.txt,Establishes a Task Force on Crime Reduction and Public Safety and requires it to report to the President.,justice_and_law_enforcement,,,[],creates_body,,stop
13777,2017-04107,Enforcing the Regulatory Reform Agenda,Donald Trump,2017-02-24,2017-03-01,82 FR 12285,9169,https://www.govinfo.gov/content/pkg/FR-2017-03-01/pdf/2017-04107.pdf,https://www.federalregister.gov/documents/full_text/text/2017/03/01/2017-04107.txt,"Executive Order 13777 creates Regulatory Reform Officers and Task Forces, requires agency‑wide reporting, directs OMB guidance, and sets a periodic waiver‑list publication.",government_administration,,,[],creates_body,,stop
13778,2017-04353,"Restoring the Rule of Law, Federalism, and Economic Growth by Reviewing the ""Waters of the United States"" Rule",Donald Trump,2017-02-28,2017-03-03,82 FR 12497,4567,https://www.govinfo.gov/content/pkg/FR-2017-03-03/pdf/2017-04353.pdf,https://www.federalregister.gov/documents/full_text/text/2017/03/03/2017-04353.txt,The order directs the EPA Administrator and the Army Assistant Secretary to review the Clean Water Rule and publish a proposed rule rescinding or revising it.,energy_and_environment,,,[],delegates_authority,,stop
13779,2017-04357,White House Initiative To Promote Excellence and Innovation at Historically Black Colleges and Universities,Donald Trump,2017-02-28,2017-03-03,82 FR 12499,11765,https://www.govinfo.gov/content/pkg/FR-2017-03-03/pdf/2017-04357.pdf,https://www.federalregister.gov/documents/full_text/text/2017/03/03/2017-04357.txt,"The order creates a White House Initiative on HBCUs, an Interagency Working Group, and a President’s Board of Advisors on HBCUs.",education,,,[],creates_body,,stop
13780,2017-04837,Protecting the Nation From Foreign Terrorist Entry Into the United States,Donald Trump,2017-03-06,2017-03-09,82 FR 13209,47753,https://www.govinfo.gov/content/pkg/FR-2017-03-09/pdf/2017-04837.pdf,https://www.federalregister.gov/documents/full_text/text/2017/03/09/2017-04837.txt,"Executive Order 13780 (Mar 6 2017) revokes EO 13769, imposes temporary entry and refugee‑admission suspensions, and directs a series of reports and program changes related to immigration and national‑security screening.",immigration,,,[],revokes_or_amends,,stop
13781,2017-05399,Comprehensive Plan for Reorganizing the Executive Branch,Donald Trump,2017-03-13,2017-03-16,82 FR 13959,5105,https://www.govinfo.gov/content/pkg/FR-2017-03-16/pdf/2017-05399.pdf,https://www.federalregister.gov/documents/full_text/text/2017/03/16/2017-05399.txt,Executive Order 13781 directs the OMB Director and agency heads to develop and submit reorganization plans for the executive branch.,government_administration,,,[],delegates_authority,,stop
13782,2017-06382,Revocation of Federal Contracting Executive Orders,Donald Trump,2017-03-27,2017-03-30,82 FR 15607,2061,https://www.govinfo.gov/content/pkg/FR-2017-03-30/pdf/2017-06382.pdf,https://www.federalregister.gov/documents/full_text/text/2017/03/30/2017-06382.txt,Executive Order 13782 revokes three prior federal‑contracting executive orders.,government_administration,,,[],revokes_or_amends,,stop
13783,2017-06576,Promoting Energy Independence and Economic Growth,Donald Trump,2017-03-28,2017-03-31,82 FR 16093,19429,https://www.govinfo.gov/content/pkg/FR-2017-03-31/pdf/2017-06576.pdf,https://www.federalregister.gov/documents/full_text/text/2017/03/31/2017-06576.txt,"Executive Order 13783 directs agencies to review and potentially rescind regulations that burden domestic energy development, revokes several prior climate‑related actions, disbands the Interagency Working Group on Social Cost of Greenhouse Gases, and lifts moratoria on federal land coal leasing.",energy_and_environment,,,[],revokes_or_amends,,stop
13784,2017-06716,Establishing the President's Commission on Combating Drug Addiction and the Opioid Crisis,Donald Trump,2017-03-29,2017-04-03,82 FR 16283,6976,https://www.govinfo.gov/content/pkg/FR-2017-04-03/pdf/2017-06716.pdf,https://www.federalregister.gov/documents/full_text/text/2017/04/03/2017-06716.txt,"Executive Order 13784 establishes the President's Commission on Combating Drug Addiction and the Opioid Crisis to study the federal response to drug and opioid abuse and to make recommendations. The Office of National Drug Control Policy (ONDCP) provides administrative support and funding for the Commission. The Commission must submit an interim report within 90 days and a final report by October 1, 2017, and will terminate 30 days after the final report unless extended.",health,,,"[""government_administration""]",creates_body,,stop
13785,2017-06967,Establishing Enhanced Collection and Enforcement of Antidumping and Countervailing Duties and Violations of Trade and Customs Laws,Donald Trump,2017-03-31,2017-04-05,82 FR 16719,6110,https://www.govinfo.gov/content/pkg/FR-2017-04-05/pdf/2017-06967.pdf,https://www.federalregister.gov/documents/full_text/text/2017/04/05/2017-06967.txt,"Executive Order 13785 directs federal agencies to develop plans, strategies and prosecution practices to improve collection and enforcement of antidumping and countervailing duties and to combat trade‑law violations.",trade,,,[],directs_report_or_study,,stop
13786,2017-06968,Omnibus Report on Significant Trade Deficits,Donald Trump,2017-03-31,2017-04-05,82 FR 16721,6157,https://www.govinfo.gov/content/pkg/FR-2017-04-05/pdf/2017-06968.pdf,https://www.federalregister.gov/documents/full_text/text/2017/04/05/2017-06968.txt,The order directs the Secretary of Commerce and the United States Trade Representative to prepare and submit an Omnibus Report on Significant Trade Deficits.,trade,,,[],directs_report_or_study,,stop
13787,2017-06971,Providing an Order of Succession Within the Department of Justice,Donald Trump,2017-03-31,2017-04-05,82 FR 16723,2988,https://www.govinfo.gov/content/pkg/FR-2017-04-05/pdf/2017-06971.pdf,https://www.federalregister.gov/documents/full_text/text/2017/04/05/2017-06971.txt,The order establishes a succession line for the Attorney General within the Department of Justice.,government_administration,,,[],delegates_authority,,stop
13788,2017-08311,Buy American and Hire American,Donald Trump,2017-04-18,2017-04-21,82 FR 18837,10684,https://www.govinfo.gov/content/pkg/FR-2017-04-21/pdf/2017-08311.pdf,https://www.federalregister.gov/documents/full_text/text/2017/04/21/2017-08311.txt,"Executive Order 13788 directs agencies to assess, report, and develop policies to maximize the use of American-made goods and to enforce immigration laws, setting multiple deadlines for assessments, guidance, findings, and reports.",government_administration,,,[],directs_report_or_study,,stop
13789,2017-08586,Identifying and Reducing Tax Regulatory Burdens,Donald Trump,2017-04-21,2017-04-26,82 FR 19317,5710,https://www.govinfo.gov/content/pkg/FR-2017-04-26/pdf/2017-08586.pdf,https://www.federalregister.gov/documents/full_text/text/2017/04/26/2017-08586.txt,"The order directs the Treasury Secretary to review recent tax regulations, report findings, and take corrective actions.",trade,,,[],directs_report_or_study,,stop
13790,2017-08818,Promoting Agriculture and Rural Prosperity in America,Donald Trump,2017-04-25,2017-04-28,82 FR 20237,8804,https://www.govinfo.gov/content/pkg/FR-2017-04-28/pdf/2017-08818.pdf,https://www.federalregister.gov/documents/full_text/text/2017/04/28/2017-08818.txt,Executive Order 13790 creates an interagency task force to promote agriculture and rural prosperity and requires a report within 180 days.,economy_and_finance,,"The order’s focus is on agriculture and rural development, which falls under the broader economic and finance domain.",[],creates_body,,stop
13791,2017-08905,Enforcing Statutory Prohibitions on Federal Control of Education,Donald Trump,2017-04-26,2017-05-01,82 FR 20427,5100,https://www.govinfo.gov/content/pkg/FR-2017-05-01/pdf/2017-08905.pdf,https://www.federalregister.gov/documents/full_text/text/2017/05/01/2017-08905.txt,"Executive Order 13791 directs the Secretary of Education to review, assess, and, if necessary, rescind or revise Department of Education regulations and guidance that conflict with statutes prohibiting federal control of education, and to complete any required regulatory actions within 300 days.",education,,,[],delegates_authority,,stop
13792,2017-08908,Review of Designations Under the Antiquities Act,Donald Trump,2017-04-26,2017-05-01,82 FR 20429,7961,https://www.govinfo.gov/content/pkg/FR-2017-05-01/pdf/2017-08908.pdf,https://www.federalregister.gov/documents/full_text/text/2017/05/01/2017-08908.txt,"EO 13792 directs the Secretary of the Interior to review national‑monument designations made since 1996, to consult with other cabinet secretaries and affected state governors, and to submit an interim report within 45 days and a final report within 120 days to the President.",energy_and_environment,,,"[""government_administration""]",directs_report_or_study,,stop
13793,2017-08990,Improving Accountability and Whistleblower Protection at the Department of Veterans Affairs,Donald Trump,2017-04-27,2017-05-02,82 FR 20539,4227,https://www.govinfo.gov/content/pkg/FR-2017-05-02/pdf/2017-08990.pdf,https://www.federalregister.gov/documents/full_text/text/2017/05/02/2017-08990.txt,The order directs the Secretary of Veterans Affairs to create an Office of Accountability and Whistleblower Protection within the VA.,government_administration,,,[],creates_body,,stop
13794,2017-09083,Establishment of the American Technology Council,Donald Trump,2017-04-28,2017-05-03,82 FR 20811,7798,https://www.govinfo.gov/content/pkg/FR-2017-05-03/pdf/2017-09083.pdf,https://www.federalregister.gov/documents/full_text/text/2017/05/03/2017-09083.txt,"Executive Order 13794 establishes the American Technology Council (ATC) to coordinate federal information technology strategy, designates its membership (including the President as Chairman), appoints a Director from the Executive Office of the President, and sets the Council to terminate on January 20, 2021.",technology_and_research,,,"[""government_administration""]",creates_body,,stop
13795,2017-09087,Implementing an America-First Offshore Energy Strategy,Donald Trump,2017-04-28,2017-05-03,82 FR 20815,14841,https://www.govinfo.gov/content/pkg/FR-2017-05-03/pdf/2017-09087.pdf,https://www.federalregister.gov/documents/full_text/text/2017/05/03/2017-09087.txt,"Executive Order 13795 implements an America‑First offshore energy strategy. It revokes a prior climate‑resilience order, amends existing withdrawal language, and directs multiple agencies to review, report, and consider revisions to offshore leasing, permitting, and related regulations.",energy_and_environment,,,[],revokes_or_amends,,stop
13796,2017-09156,Addressing Trade Agreement Violations and Abuses,Donald Trump,2017-04-29,2017-05-04,82 FR 20819,5973,https://www.govinfo.gov/content/pkg/FR-2017-05-04/pdf/2017-09156.pdf,https://www.federalregister.gov/documents/full_text/text/2017/05/04/2017-09156.txt,"Executive Order 13796 directs senior officials to review U.S. trade agreements and report violations, delegating authority to conduct reviews, submit reports, and take remedial actions.",trade,,,[],delegates_authority,,stop
13797,2017-09161,Establishment of Office of Trade and Manufacturing Policy,Donald Trump,2017-04-29,2017-05-04,82 FR 20821,2866,https://www.govinfo.gov/content/pkg/FR-2017-05-04/pdf/2017-09161.pdf,https://www.federalregister.gov/documents/full_text/text/2017/05/04/2017-09161.txt,Executive Order 13797 creates the Office of Trade and Manufacturing Policy and references Executive Order 13788.,trade,,,[],creates_body,,stop
13798,2017-09574,Promoting Free Speech and Religious Liberty,Donald Trump,2017-05-04,2017-05-09,82 FR 21675,5632,https://www.govinfo.gov/content/pkg/FR-2017-05-09/pdf/2017-09574.pdf,https://www.federalregister.gov/documents/full_text/text/2017/05/09/2017-09574.txt,"The order directs all agencies to respect and protect religious and political speech, instructs the Treasury, Labor, and HHS secretaries to consider amending regulations for conscience‑based objections to the preventive‑care mandate, and requires the Attorney General to issue guidance on religious liberty protections, while stating the executive branch policy to enforce religious‑freedom protections.",civil_rights,,,[],delegates_authority,,stop
13799,2017-10003,Establishment of Presidential Advisory Commission on Election Integrity,Donald Trump,2017-05-11,2017-05-16,82 FR 22389,6811,https://www.govinfo.gov/content/pkg/FR-2017-05-16/pdf/2017-10003.pdf,https://www.federalregister.gov/documents/full_text/text/2017/05/16/2017-10003.txt,Executive Order 13799 creates the Presidential Advisory Commission on Election Integrity.,education,,"The order’s subject is election integrity, which does not fit the standard topic categories; it is therefore recorded under a generic placeholder.",[],creates_body,,stop
13800,2017-10004,Strengthening the Cybersecurity of Federal Networks and Critical Infrastructure,Donald Trump,2017-05-11,2017-05-16,82 FR 22391,24088,https://www.govinfo.gov/content/pkg/FR-2017-05-16/pdf/2017-10004.pdf,https://www.federalregister.gov/documents/full_text/text/2017/05/16/2017-10004.txt,"Executive Order 13800 directs multiple federal officials and agencies to adopt the NIST cybersecurity framework, submit a series of risk‑management reports, assessments, and strategic plans, and to do so within specified timeframes ranging from 45 days to one year.",technology_and_research,,,[],directs_report_or_study,,stop
13801,2017-13012,Expanding Apprenticeships in America,Donald Trump,2017-06-15,2017-06-20,82 FR 28229,14695,https://www.govinfo.gov/content/pkg/FR-2017-06-20/pdf/2017-13012.pdf,https://www.federalregister.gov/documents/full_text/text/2017/06/20/2017-13012.txt,Executive Order 13801 establishes a Task Force on Apprenticeship Expansion and directs a series of actions to expand and improve apprenticeship programs.,labor_and_workforce,,,[],creates_body,,stop
13802,2017-13458,Amending Executive Order 13597,Donald Trump,2017-06-21,2017-06-26,82 FR 28747,2241,https://www.govinfo.gov/content/pkg/FR-2017-06-26/pdf/2017-13458.pdf,https://www.federalregister.gov/documents/full_text/text/2017/06/26/2017-13458.txt,Executive Order 13802 amends Executive Order 13597 by deleting a specific subsection and directs the Secretaries of State and Homeland Security to revise the implementation plan referenced in EO 13597.,foreign_policy,,,[],revokes_or_amends,,stop
13803,2017-14378,Reviving the National Space Council,Donald Trump,2017-06-30,2017-07-07,82 FR 31429,10702,https://www.govinfo.gov/content/pkg/FR-2017-07-07/pdf/2017-14378.pdf,https://www.federalregister.gov/documents/full_text/text/2017/07/07/2017-14378.txt,Executive Order 13803 revives the National Space Council and directs it to report to the President.,technology_and_research,,,[],creates_body,,stop
13804,2017-14992,Allowing Additional Time for Recognizing Positive Actions by the Government of Sudan and Amending Executive Order 13761,Donald Trump,2017-07-11,2017-07-14,82 FR 32611,2751,https://www.govinfo.gov/content/pkg/FR-2017-07-14/pdf/2017-14992.pdf,https://www.federalregister.gov/documents/full_text/text/2017/07/14/2017-14992.txt,"The order amends several sections of Executive Order 13761 and revokes Section 11 of that order, extending the deadline for recognizing positive actions by the Government of Sudan.",foreign_policy,,,[],revokes_or_amends,,stop
13805,2017-15680,Establishing a Presidential Advisory Council on Infrastructure,Donald Trump,2017-07-19,2017-07-25,82 FR 34383,6831,https://www.govinfo.gov/content/pkg/FR-2017-07-25/pdf/2017-15680.pdf,https://www.federalregister.gov/documents/full_text/text/2017/07/25/2017-15680.txt,Executive Order 13805 establishes a Presidential Advisory Council on Infrastructure.,energy_and_environment,,,[],creates_body,,stop
13806,2017-15860,Assessing and Strengthening the Manufacturing and Defense Industrial Base and Supply Chain Resiliency of the United States,Donald Trump,2017-07-21,2017-07-26,82 FR 34597,9022,https://www.govinfo.gov/content/pkg/FR-2017-07-26/pdf/2017-15860.pdf,https://www.federalregister.gov/documents/full_text/text/2017/07/26/2017-15860.txt,"Executive Order 13806 directs the Secretary of Defense to prepare an unclassified report for the President on the manufacturing and defense industrial base and supply‑chain resiliency, and sets a 270‑day deadline for that report.",government_administration,,"The order concerns the manufacturing and defense industrial base, which falls under the broad scope of federal administration of national‑security‑related programs.","[""energy_and_environment"", ""technology_and_research""]",directs_report_or_study,,stop
13807,2017-18134,Establishing Discipline and Accountability in the Environmental Review and Permitting Process for Infrastructure Projects,Donald Trump,2017-08-15,2017-08-24,82 FR 40463,27083,https://www.govinfo.gov/content/pkg/FR-2017-08-24/pdf/2017-18134.pdf,https://www.federalregister.gov/documents/full_text/text/2017/08/24/2017-18134.txt,"Executive Order 13807 directs OMB to establish a CAP Goal and issue guidance for a performance accountability system, tasks CEQ with a 30‑day action plan, assigns lead agencies responsibility for a “One Federal Decision” process, requires quarterly permitting timetables, quarterly agency reporting, and monthly dashboard updates, all aimed at streamlining environmental review and permitting for major infrastructure projects.",energy_and_environment,,,[],delegates_authority,,stop
13808,2017-18468,Imposing Additional Sanctions With Respect to the Situation in Venezuela,Donald Trump,2017-08-24,2017-08-29,82 FR 41155,6844,https://www.govinfo.gov/content/pkg/FR-2017-08-29/pdf/2017-18468.pdf,https://www.federalregister.gov/documents/full_text/text/2017/08/29/2017-18468.txt,The order imposes sanctions on transactions with the Government of Venezuela and its entities.,foreign_policy,,,[],imposes_sanctions,,stop
13809,2017-18679,"Restoring State, Tribal, and Local Law Enforcement's Access to Life-Saving Equipment and Resources",Donald Trump,2017-08-28,2017-08-31,82 FR 41499,2249,https://www.govinfo.gov/content/pkg/FR-2017-08-31/pdf/2017-18679.pdf,https://www.federalregister.gov/documents/full_text/text/2017/08/31/2017-18679.txt,"The order revokes Executive Order 13688, which had provided federal support for local law‑enforcement equipment acquisition.",justice_and_law_enforcement,,,[],revokes_or_amends,,stop
13810,2017-20647,Imposing Additional Sanctions With Respect to North Korea,Donald Trump,2017-09-20,2017-09-25,82 FR 44705,18753,https://www.govinfo.gov/content/pkg/FR-2017-09-25/pdf/2017-20647.pdf,https://www.federalregister.gov/documents/full_text/text/2017/09/25/2017-20647.txt,"Executive Order 13810 imposes additional sanctions on North Korea‑related persons, property, and transactions.",foreign_policy,,,[],imposes_sanctions,,stop
13811,2017-21555,Continuance of Certain Federal Advisory Committees,Donald Trump,2017-09-29,2017-10-04,82 FR 46363,7751,https://www.govinfo.gov/content/pkg/FR-2017-10-04/pdf/2017-21555.pdf,https://www.federalregister.gov/documents/full_text/text/2017/10/04/2017-21555.txt,"The order continues a list of federal advisory committees until a specified date, assigns their functions to department heads, and supersedes or revokes earlier executive orders.",government_administration,,,[],revokes_or_amends,,stop
13812,2017-21559,Revocation of Executive Order Creating Labor- Management Forums,Donald Trump,2017-09-29,2017-10-04,82 FR 46367,3142,https://www.govinfo.gov/content/pkg/FR-2017-10-04/pdf/2017-21559.pdf,https://www.federalregister.gov/documents/full_text/text/2017/10/04/2017-21559.txt,Executive Order 13812 revokes the earlier orders that created the National Council on Federal Labor‑Management Relations and related labor‑management forums.,government_administration,,,[],revokes_or_amends,,stop
13813,2017-22677,Promoting Healthcare Choice and Competition Across the United States,Donald Trump,2017-10-12,2017-10-17,82 FR 48385,8820,https://www.govinfo.gov/content/pkg/FR-2017-10-17/pdf/2017-22677.pdf,https://www.federalregister.gov/documents/full_text/text/2017/10/17/2017-22677.txt,"Executive Order 13813 directs federal agencies to consider new regulations expanding association health plans, short‑term limited‑duration insurance, and health reimbursement arrangements, and requires a periodic report on the order’s policies.",health,,,[],directs_report_or_study,,stop
13814,2017-23270,Amending Executive Order 13223,Donald Trump,2017-10-20,2017-10-24,82 FR 49273,2969,https://www.govinfo.gov/content/pkg/FR-2017-10-24/pdf/2017-23270.pdf,https://www.federalregister.gov/documents/full_text/text/2017/10/24/2017-23270.txt,The order amends Executive Order 13223 by adding language that extends the authorities under 10 U.S.C. §§ 688 and 690 to the Secretary of Defense and the service secretaries during a national emergency.,security_and_defense,,,[],revokes_or_amends,,stop
13815,2017-23630,Resuming the United States Refugee Admissions Program With Enhanced Vetting Capabilities,Donald Trump,2017-10-24,2017-10-27,82 FR 50055,15238,https://www.govinfo.gov/content/pkg/FR-2017-10-27/pdf/2017-23630.pdf,https://www.federalregister.gov/documents/full_text/text/2017/10/27/2017-23630.txt,"Executive Order 13815 resumes the United States Refugee Admissions Program (USRAP), directs agencies to assess refugee‑related risks, and requires reports to the President.",immigration,,,[],revokes_or_amends,,stop
13816,2017-27034,Revising the Seal for the National Credit Union Administration,Donald Trump,2017-12-08,2017-12-13,82 FR 58701,3515,https://www.govinfo.gov/content/pkg/FR-2017-12-13/pdf/2017-27034.pdf,https://www.federalregister.gov/documents/full_text/text/2017/12/13/2017-27034.txt,"Executive Order 13816 revises the official seal of the National Credit Union Administration, approves the new design, and revokes the earlier order that established the previous seal. The order directs the NCUA’s recommended seal to become the official seal and nullifies EO 11580.",government_administration,,,[],revokes_or_amends,,stop
13817,2017-27899,A Federal Strategy To Ensure Secure and Reliable Supplies of Critical Minerals,Donald Trump,2017-12-20,2017-12-26,82 FR 60835,8423,https://www.govinfo.gov/content/pkg/FR-2017-12-26/pdf/2017-27899.pdf,https://www.federalregister.gov/documents/full_text/text/2017/12/26/2017-27899.txt,"The order directs the Secretary of the Interior to publish a list of critical minerals in the Federal Register within 60 days and to disseminate it to agencies. It then requires the Secretary of Commerce, together with other secretaries and the U.S. Trade Representative, to submit a report to the President within 180 days of that list’s publication, outlining a strategy, assessments, and recommendations to reduce reliance on imported critical minerals. The order delegates authority to these officials to carry out the policy and sets reporting requirements, while affirming that existing agency authorities and treaties remain unaffected.",energy_and_environment,,,"[""economy_and_finance"", ""security_and_defense""]",delegates_authority,,stop
13818,2017-27925,Blocking the Property of Persons Involved in Serious Human Rights Abuse or Corruption,Donald Trump,2017-12-20,2017-12-26,82 FR 60839,12712,https://www.govinfo.gov/content/pkg/FR-2017-12-26/pdf/2017-27925.pdf,https://www.federalregister.gov/documents/full_text/text/2017/12/26/2017-27925.txt,Executive Order 13818 blocks property and interests in property of persons involved in serious human rights abuse or corruption.,justice_and_law_enforcement,,,[],imposes_sanctions,,stop
13819,2017-28160,Adjustments of Certain Rates of Pay,Donald Trump,2017-12-22,2017-12-27,82 FR 61431,4526,https://www.govinfo.gov/content/pkg/FR-2017-12-27/pdf/2017-28160.pdf,https://www.federalregister.gov/documents/full_text/text/2017/12/27/2017-28160.txt,Executive Order 13819 adjusts the rates of basic pay for various federal pay systems and sets their effective dates.,government_administration,,,[],adjusts_pay_or_admin,,stop
13820,2018-00240,Termination of Presidential Advisory Commission on Election Integrity,Donald Trump,2018-01-03,2018-01-08,83 FR 969,1696,https://www.govinfo.gov/content/pkg/FR-2018-01-08/pdf/2018-00240.pdf,https://www.federalregister.gov/documents/full_text/text/2018/01/08/2018-00240.txt,The order revokes Executive Order 13799 and terminates the Presidential Advisory Commission on Election Integrity.,education,,"The order concerns the Presidential Advisory Commission on Election Integrity, which is about election integrity; no exact matching topic is provided, so a generic political topic is used.",[],revokes_or_amends,,stop
13821,2018-00553,Streamlining and Expediting Requests To Locate Broadband Facilities in Rural America,Donald Trump,2018-01-08,2018-01-11,83 FR 1507,7610,https://www.govinfo.gov/content/pkg/FR-2018-01-11/pdf/2018-00553.pdf,https://www.federalregister.gov/documents/full_text/text/2018/01/11/2018-00553.txt,"Executive Order 13821 directs the General Services Administration (GSA) and Federal property‑managing agencies to use and improve a common form for siting broadband facilities, and it sets reporting and review deadlines.",technology_and_research,,,[],other,"The order contains multiple actions (reporting, delegation, and deadlines) that are captured in individual claim records below.",stop
13822,2018-00630,Supporting Our Veterans During Their Transition From Uniformed Service to Civilian Life,Donald Trump,2018-01-09,2018-01-12,83 FR 1513,5073,https://www.govinfo.gov/content/pkg/FR-2018-01-12/pdf/2018-00630.pdf,https://www.federalregister.gov/documents/full_text/text/2018/01/12/2018-00630.txt,"The order directs the Secretaries of Defense, Veterans Affairs, and Homeland Security to develop a Joint Action Plan and later a status report on improving mental‑health and suicide‑prevention services for veterans during their first year after discharge.",civil_rights,,"The order’s focus is on veterans’ transition and mental‑health services, which falls under the veterans‑affairs domain.",[],directs_report_or_study,,stop
13823,2018-02261,Protecting America Through Lawful Detention of Terrorists,Donald Trump,2018-01-30,2018-02-02,83 FR 4831,7014,https://www.govinfo.gov/content/pkg/FR-2018-02-02/pdf/2018-02261.pdf,https://www.federalregister.gov/documents/full_text/text/2018/02/02/2018-02261.txt,"Executive Order 13823 deals with the lawful detention of individuals captured in an armed conflict, primarily concerning national security and law‑enforcement matters.",justice_and_law_enforcement,,,[],revokes_or_amends,,stop
13824,2018-04414,"President's Council on Sports, Fitness, and Nutrition",Donald Trump,2018-02-26,2018-03-02,83 FR 8923,9168,https://www.govinfo.gov/content/pkg/FR-2018-03-02/pdf/2018-04414.pdf,https://www.federalregister.gov/documents/full_text/text/2018/03/02/2018-04414.txt,"Executive Order 13824 creates the President’s Council on Sports, Fitness, and Nutrition, revokes EO 13545, amends EO 13265, and references EO 10830 for the Council’s seal.",health,,,[],creates_body,,stop
13825,2018-04860,"2018 Amendments to the Manual for Courts-Martial, United States",Donald Trump,2018-03-01,2018-03-08,83 FR 9889,28694,https://www.govinfo.gov/content/pkg/FR-2018-03-08/pdf/2018-04860.pdf,https://www.federalregister.gov/documents/full_text/text/2018/03/08/2018-04860.txt,"Executive Order 13825 amends the Manual for Courts‑Martial and related UCMJ provisions, sets effective dates for those amendments, and directs the Secretary of Defense (with the Secretary of Homeland Security) to issue non‑binding guidance.",justice_and_law_enforcement,,,[],other,"the order amends a military manual rather than creating a body, imposing sanctions, revoking an order, conferring honor, delegating authority, directing a report, or adjusting pay.",stop
13826,2018-05113,Federal Interagency Council on Crime Prevention and Improving Reentry,Donald Trump,2018-03-07,2018-03-12,83 FR 10771,12028,https://www.govinfo.gov/content/pkg/FR-2018-03-12/pdf/2018-05113.pdf,https://www.federalregister.gov/documents/full_text/text/2018/03/12/2018-05113.txt,"Executive Order 13826 establishes a federal interagency council on crime prevention and reentry, directs it to produce reports, revokes a prior presidential memorandum, and sets a three‑year termination date.",justice_and_law_enforcement,,,[],creates_body,,stop
13827,2018-05916,Taking Additional Steps to Address the Situation in Venezuela,Donald Trump,2018-03-19,2018-03-21,83 FR 12469,5837,https://www.govinfo.gov/content/pkg/FR-2018-03-21/pdf/2018-05916.pdf,https://www.federalregister.gov/documents/full_text/text/2018/03/21/2018-05916.txt,The order prohibits all U.S. persons and transactions within the United States involving digital currencies issued by the Government of Venezuela after January 9 2018.,foreign_policy,,,[],imposes_sanctions,,stop
13828,2018-07874,Reducing Poverty in America by Promoting Opportunity and Economic Mobility,Donald Trump,2018-04-10,2018-04-13,83 FR 15941,14423,https://www.govinfo.gov/content/pkg/FR-2018-04-13/pdf/2018-07874.pdf,https://www.federalregister.gov/documents/full_text/text/2018/04/13/2018-07874.txt,"Executive Order 13828 directs federal agencies to review public‑assistance regulations and submit reports and recommendations within 90 days, and to take further action within 90 days after those recommendations.",economy_and_finance,,,[],directs_report_or_study,,stop
13829,2018-08272,Task Force on the United States Postal System,Donald Trump,2018-04-12,2018-04-18,83 FR 17281,7126,https://www.govinfo.gov/content/pkg/FR-2018-04-18/pdf/2018-08272.pdf,https://www.federalregister.gov/documents/full_text/text/2018/04/18/2018-08272.txt,"Executive Order 13829 establishes a Task Force on the United States Postal Service, chaired by the Secretary of the Treasury, to evaluate the USPS’s operations and finances. The Task Force includes heads of OMB, OPM, and other designated officials, and must consult with the Postmaster General, the Postal Regulatory Commission, the Attorney General, the Secretary of Labor, and state, local, and tribal officials. It is required to submit a report with findings and recommendations to the President within 120 days, and the Federal Financing Bank will provide administrative support and funding.",economy_and_finance,,,"[""government_administration"", ""labor_and_workforce""]",creates_body,,stop
13830,2018-08883,Delegation of Authority To Approve Certain Military Decorations,Donald Trump,2018-04-20,2018-04-25,83 FR 18191,14077,https://www.govinfo.gov/content/pkg/FR-2018-04-25/pdf/2018-08883.pdf,https://www.federalregister.gov/documents/full_text/text/2018/04/25/2018-08883.txt,Executive Order 13830 delegates authority to the Secretaries of the military departments (and the Secretary of Homeland Security for the Coast Guard) to award a range of high‑level military decorations in the name of the President.,security_and_defense,,,[],delegates_authority,,stop
13831,2018-09895,Establishment of a White House Faith and Opportunity Initiative,Donald Trump,2018-05-03,2018-05-08,83 FR 20715,9223,https://www.govinfo.gov/content/pkg/FR-2018-05-08/pdf/2018-09895.pdf,https://www.federalregister.gov/documents/full_text/text/2018/05/08/2018-09895.txt,Executive Order 13831 creates the White House Faith and Opportunity Initiative and amends Executive Order 13279.,energy_and_environment,,,[],creates_body,,stop
13832,2018-10403,Enhancing Noncompetitive Civil Service Appointments of Military Spouses,Donald Trump,2018-05-09,2018-05-14,83 FR 22343,8925,https://www.govinfo.gov/content/pkg/FR-2018-05-14/pdf/2018-10403.pdf,https://www.federalregister.gov/documents/full_text/text/2018/05/14/2018-10403.txt,"Executive Order 13832 directs federal agencies to give hiring preference to military spouses and tasks the Office of Personnel Management (OPM) with outreach, guidance, and reporting requirements.",government_administration,,,[],delegates_authority,,stop
13833,2018-10855,Enhancing the Effectiveness of Agency Chief Information Officers,Donald Trump,2018-05-15,2018-05-18,83 FR 23345,12121,https://www.govinfo.gov/content/pkg/FR-2018-05-18/pdf/2018-10855.pdf,https://www.federalregister.gov/documents/full_text/text/2018/05/18/2018-10855.txt,"Executive Order 13833 directs agency heads and federal officials to strengthen the role, authority, and hiring powers of agency Chief Information Officers (CIOs). It delegates new hiring authority to agency heads for IT positions, requires the Office of Personnel Management (OPM) to issue a rule, and orders the Office of Management and Budget (OMB) to update guidance.",technology_and_research,,,[],delegates_authority,,stop
13834,2018-11101,Efficient Federal Operations,Donald Trump,2018-05-17,2018-05-22,83 FR 23771,13979,https://www.govinfo.gov/content/pkg/FR-2018-05-22/pdf/2018-11101.pdf,https://www.federalregister.gov/documents/full_text/text/2018/05/22/2018-11101.txt,"Executive Order 13834 creates a Federal Chief Sustainability Officer and an Office of Federal Sustainability, and sets a series of agency‑wide implementation deadlines.",energy_and_environment,,,[],creates_body,,stop
13835,2018-11335,Prohibiting Certain Additional Transactions With Respect to Venezuela,Donald Trump,2018-05-21,2018-05-24,83 FR 24001,5692,https://www.govinfo.gov/content/pkg/FR-2018-05-24/pdf/2018-11335.pdf,https://www.federalregister.gov/documents/full_text/text/2018/05/24/2018-11335.txt,"The order prohibits U.S. persons from engaging in specified transactions with the Government of Venezuela, thereby imposing sanctions.",foreign_policy,,,[],imposes_sanctions,,stop
13836,2018-11913,"Developing Efficient, Effective, and Cost- Reducing Approaches To Federal Sector Collective Bargaining",Donald Trump,2018-05-25,2018-06-01,83 FR 25329,24103,https://www.govinfo.gov/content/pkg/FR-2018-06-01/pdf/2018-11913.pdf,https://www.federalregister.gov/documents/full_text/text/2018/06/01/2018-11913.txt,Executive Order 13836 establishes an Interagency Labor Relations Working Group and issues several reporting‑related directives with explicit time limits.,government_administration,,,[],creates_body,,stop
13837,2018-11916,"Ensuring Transparency, Accountability, and Efficiency in Taxpayer-Funded Union Time Use",Donald Trump,2018-05-25,2018-06-01,83 FR 25335,25646,https://www.govinfo.gov/content/pkg/FR-2018-06-01/pdf/2018-11916.pdf,https://www.federalregister.gov/documents/full_text/text/2018/06/01/2018-11916.txt,"Executive Order 13837 directs federal agencies to improve transparency, accountability, and efficiency in the use of taxpayer‑funded union time.",government_administration,,,[],directs_report_or_study,,stop
13838,2018-11936,Exemption From Executive Order 13658 for Recreational Services on Federal Lands,Donald Trump,2018-05-25,2018-06-01,83 FR 25341,5533,https://www.govinfo.gov/content/pkg/FR-2018-06-01/pdf/2018-11936.pdf,https://www.federalregister.gov/documents/full_text/text/2018/06/01/2018-11936.txt,"Executive Order 13838 exempts contracts for seasonal recreational services on federal lands from the minimum‑wage requirements of EO 13658, defines the services covered, and directs agencies to remove the EO 13658 compliance clause from affected contracts.",energy_and_environment,,,[],revokes_or_amends,,stop
13839,2018-11939,Promoting Accountability and Streamlining Removal Procedures Consistent With Merit System Principles,Donald Trump,2018-05-25,2018-06-01,83 FR 25343,17887,https://www.govinfo.gov/content/pkg/FR-2018-06-01/pdf/2018-11939.pdf,https://www.federalregister.gov/documents/full_text/text/2018/06/01/2018-11939.txt,"Executive Order 13839 directs the Office of Personnel Management (OPM) and agency heads to take a series of actions to improve federal‑employee accountability and removal procedures, and it requires agencies to report detailed data on adverse personnel actions.",government_administration,,,[],delegates_authority,,stop
13840,2018-13640,"Ocean Policy To Advance the Economic, Security, and Environmental Interests of the United States",Donald Trump,2018-06-19,2018-06-22,83 FR 29431,13340,https://www.govinfo.gov/content/pkg/FR-2018-06-22/pdf/2018-13640.pdf,https://www.federalregister.gov/documents/full_text/text/2018/06/22/2018-13640.txt,"Executive Order 13840 establishes the interagency Ocean Policy Committee to coordinate federal agencies on ocean, coastal, and Great Lakes matters, provide advice to the President, and facilitate public data release. It directs agencies to cooperate with the Committee and to review their regulations for consistency within 90 days. The order also revokes Executive Order 13547.",energy_and_environment,,,"[""economy_and_finance"", ""security_and_defense""]",creates_body,,stop
13841,2018-13696,Affording Congress an Opportunity To Address Family Separation,Donald Trump,2018-06-20,2018-06-25,83 FR 29435,6288,https://www.govinfo.gov/content/pkg/FR-2018-06-25/pdf/2018-13696.pdf,https://www.federalregister.gov/documents/full_text/text/2018/06/25/2018-13696.txt,"The order directs the Secretary of Homeland Security and other officials to maintain custody of alien families and to take actions related to family detention, thereby delegating authority to agency heads.",immigration,,,[],delegates_authority,,stop
13842,2018-15195,"Establishing an Exception to Competitive Examining Rules for Appointment to Certain Positions in the United States Marshals Service, Department of Justice",Donald Trump,2018-07-10,2018-07-13,83 FR 32753,3906,https://www.govinfo.gov/content/pkg/FR-2018-07-13/pdf/2018-15195.pdf,https://www.federalregister.gov/documents/full_text/text/2018/07/13/2018-15195.txt,Executive Order 13842 creates a Schedule B hiring exception for certain United States Marshals Service positions.,justice_and_law_enforcement,,,[],delegates_authority,,stop
13843,2018-15202,Excepting Administrative Law Judges From the Competitive Service,Donald Trump,2018-07-10,2018-07-13,83 FR 32755,11384,https://www.govinfo.gov/content/pkg/FR-2018-07-13/pdf/2018-15202.pdf,https://www.federalregister.gov/documents/full_text/text/2018/07/13/2018-15202.txt,The order amends civil‑service rules to place administrative law judges in the excepted service (Schedule E).,government_administration,,,[],revokes_or_amends,,stop
13844,2018-15299,Establishment of the Task Force on Market Integrity and Consumer Fraud,Donald Trump,2018-07-11,2018-07-16,83 FR 33115,8475,https://www.govinfo.gov/content/pkg/FR-2018-07-16/pdf/2018-15299.pdf,https://www.federalregister.gov/documents/full_text/text/2018/07/16/2018-15299.txt,"Executive Order 13844 establishes a new DOJ task force on market integrity and consumer fraud, replaces the earlier Financial Fraud Enforcement Task Force, and terminates that earlier task force.",justice_and_law_enforcement,,,[],creates_body,,stop
13845,2018-15955,Establishing the President's National Council for the American Worker,Donald Trump,2018-07-19,2018-07-24,83 FR 35099,16497,https://www.govinfo.gov/content/pkg/FR-2018-07-24/pdf/2018-15955.pdf,https://www.federalregister.gov/documents/full_text/text/2018/07/24/2018-15955.txt,"Executive Order 13845 creates the President’s National Council for the American Worker and the American Workforce Policy Advisory Board, directs the Council to meet quarterly, sets a 180‑day deadline for its initial tasks, and provides two‑year termination provisions for both bodies. It also references Executive Order 13801 regarding apprenticeship expansion.",education,,,"[""labor_and_workforce""]",creates_body,,stop
13846,2018-17068,Reimposing Certain Sanctions With Respect to Iran,Donald Trump,2018-08-06,2018-08-07,83 FR 38939,49735,https://www.govinfo.gov/content/pkg/FR-2018-08-07/pdf/2018-17068.pdf,https://www.federalregister.gov/documents/full_text/text/2018/08/07/2018-17068.txt,"Executive Order 13846 re‑imposes sanctions against Iran and revokes, supersedes, and continues provisions of earlier Iran‑sanctions orders.",foreign_policy,,,[],imposes_sanctions,,stop
13847,2018-19514,Strengthening Retirement Security in America,Donald Trump,2018-08-31,2018-09-06,83 FR 45321,9598,https://www.govinfo.gov/content/pkg/FR-2018-09-06/pdf/2018-19514.pdf,https://www.federalregister.gov/documents/full_text/text/2018/09/06/2018-19514.txt,"Executive Order 13847 directs the Secretaries of Labor and Treasury to examine, consider, and review various aspects of workplace retirement plans, setting specific deadlines for each action.",labor_and_workforce,,,[],directs_report_or_study,,stop
13848,2018-20203,Imposing Certain Sanctions in the Event of Foreign Interference in a United States Election,Donald Trump,2018-09-12,2018-09-14,83 FR 46843,22691,https://www.govinfo.gov/content/pkg/FR-2018-09-14/pdf/2018-20203.pdf,https://www.federalregister.gov/documents/full_text/text/2018/09/14/2018-20203.txt,Executive Order 13848 imposes sanctions on foreign persons who interfere in U.S. elections.,justice_and_law_enforcement,,,[],imposes_sanctions,,stop
13849,2018-20816,Authorizing the Implementation of Certain Sanctions Set Forth in the Countering America's Adversaries Through Sanctions Act,Donald Trump,2018-09-20,2018-09-21,83 FR 48195,22089,https://www.govinfo.gov/content/pkg/FR-2018-09-21/pdf/2018-20816.pdf,https://www.federalregister.gov/documents/full_text/text/2018/09/21/2018-20816.txt,"The order authorizes the President, Secretary of State, and Secretary of the Treasury to impose a range of sanctions—including blocking property—on persons designated under CAATSA or UFSA.",foreign_policy,,,[],imposes_sanctions,,stop
13850,2018-24254,Blocking Property of Additional Persons Contributing to the Situation in Venezuela,Donald Trump,2018-11-01,2018-11-02,83 FR 55243,10636,https://www.govinfo.gov/content/pkg/FR-2018-11-02/pdf/2018-24254.pdf,https://www.federalregister.gov/documents/full_text/text/2018/11/02/2018-24254.txt,"Executive Order 13850 blocks property and restricts entry of persons contributing to the situation in Venezuela, thereby imposing sanctions.",foreign_policy,,,[],imposes_sanctions,,stop
13851,2018-26156,Blocking Property of Certain Persons Contributing to the Situation in Nicaragua,Donald Trump,2018-11-27,2018-11-29,83 FR 61505,10718,https://www.govinfo.gov/content/pkg/FR-2018-11-29/pdf/2018-26156.pdf,https://www.federalregister.gov/documents/full_text/text/2018/11/29/2018-26156.txt,Executive Order 13851 imposes sanctions on persons contributing to the situation in Nicaragua by blocking their property and suspending their entry into the United States.,foreign_policy,,,[],imposes_sanctions,,stop
13852,2018-26552,"Providing for the Closing of Executive Departments and Agencies of the Federal Government on December 5, 2018",Donald Trump,2018-12-01,2018-12-04,83 FR 62687,2596,https://www.govinfo.gov/content/pkg/FR-2018-12-04/pdf/2018-26552.pdf,https://www.federalregister.gov/documents/full_text/text/2018/12/04/2018-26552.txt,The order directs the closure of all executive departments and agencies on a specific date and delegates authority to department heads and the Director of OPM to determine exceptions and implement the closure.,government_administration,,,[],delegates_authority,,stop
13853,2018-27515,Establishing the White House Opportunity and Revitalization Council,Donald Trump,2018-12-12,2018-12-18,83 FR 65071,13165,https://www.govinfo.gov/content/pkg/FR-2018-12-18/pdf/2018-27515.pdf,https://www.federalregister.gov/documents/full_text/text/2018/12/18/2018-27515.txt,"Executive Order 13853 creates the White House Opportunity and Revitalization Council, amends EO 13845, and sets reporting deadlines for the Council’s work.",economy_and_finance,,,[],creates_body,,stop
13854,2018-27945,"Providing for the Closing of Executive Departments and Agencies of the Federal Government on December 24, 2018",Donald Trump,2018-12-18,2018-12-21,83 FR 65481,2585,https://www.govinfo.gov/content/pkg/FR-2018-12-21/pdf/2018-27945.pdf,https://www.federalregister.gov/documents/full_text/text/2018/12/21/2018-27945.txt,The order directs the closure of all executive departments and agencies on a specific date and delegates implementation to the Director of the Office of Personnel Management.,government_administration,,,[],delegates_authority,,stop
13855,2019-00014,"Promoting Active Management of America's Forests, Rangelands, and Other Federal Lands To Improve Conditions and Reduce Wildfire Risk",Donald Trump,2018-12-21,2019-01-07,84 FR 45,15302,https://www.govinfo.gov/content/pkg/FR-2019-01-07/pdf/2019-00014.pdf,https://www.federalregister.gov/documents/full_text/text/2019/01/07/2019-00014.txt,"Executive Order 13855 directs the Secretaries of the Interior and Agriculture to manage federal lands to reduce wildfire risk, delegating authority, setting goals, and imposing specific deadlines.",energy_and_environment,,,[],delegates_authority,,stop
13856,2019-00048,Adjustments of Certain Rates of Pay,Donald Trump,2018-12-28,2019-01-08,84 FR 65,4404,https://www.govinfo.gov/content/pkg/FR-2019-01-08/pdf/2019-00048.pdf,https://www.federalregister.gov/documents/full_text/text/2019/01/08/2019-00048.txt,"The order sets new pay rates for various federal pay systems and schedules, establishing the effective dates for those rates.",government_administration,,,[],adjusts_pay_or_admin,,stop
13857,2019-00615,Taking Additional Steps To Address the National Emergency With Respect to Venezuela,Donald Trump,2019-01-25,2019-01-30,84 FR 509,3962,https://www.govinfo.gov/content/pkg/FR-2019-01-30/pdf/2019-00615.pdf,https://www.federalregister.gov/documents/full_text/text/2019/01/30/2019-00615.txt,"Executive Order 13857 amends the definition of “Government of Venezuela” in several earlier Venezuela‑related emergency orders, expanding the term to include the central bank, PDVSA and persons acting for the Maduro regime.",foreign_policy,,,[],revokes_or_amends,,stop
13858,2019-01426,Strengthening Buy-American Preferences for Infrastructure Projects,Donald Trump,2019-01-31,2019-02-05,84 FR 2039,8448,https://www.govinfo.gov/content/pkg/FR-2019-02-05/pdf/2019-01426.pdf,https://www.federalregister.gov/documents/full_text/text/2019/02/05/2019-01426.txt,"Executive Order 13858 amends a provision of EO 13788, requiring agency heads to promote the use of U.S‑produced goods in federally‑financed infrastructure projects and to report on implementation within set time‑frames.",government_administration,,,[],revokes_or_amends,,stop
13859,2019-02544,Maintaining American Leadership in Artificial Intelligence,Donald Trump,2019-02-11,2019-02-14,84 FR 3967,22833,https://www.govinfo.gov/content/pkg/FR-2019-02-14/pdf/2019-02544.pdf,https://www.federalregister.gov/documents/full_text/text/2019/02/14/2019-02544.txt,"Executive Order 13859 establishes the American AI Initiative, sets policy principles for AI, and directs multiple agencies to take actions, issue reports, and meet specific time‑frames.",technology_and_research,,,[],directs_report_or_study,,stop
13860,2019-04298,Supporting the Transition of Active Duty Service Members and Military Veterans Into the Merchant Marine,Donald Trump,2019-03-04,2019-03-07,84 FR 8407,6537,https://www.govinfo.gov/content/pkg/FR-2019-03-07/pdf/2019-04298.pdf,https://www.federalregister.gov/documents/full_text/text/2019/03/07/2019-04298.txt,Executive Order 13860 directs the Secretaries of Defense and Homeland Security and the U.S. Committee on the Marine Transportation System to take a series of actions that support the credentialing of active‑duty service members and veterans as merchant mariners.,technology_and_research,,"The order’s focus is on merchant‑marine credentialing and workforce development, which does not fit the more specific listed topics; it is best captured under the broader research‑and‑technology umbrella.",[],delegates_authority,,stop
13861,2019-04437,National Roadmap to Empower Veterans and End Suicide,Donald Trump,2019-03-05,2019-03-08,84 FR 8585,13286,https://www.govinfo.gov/content/pkg/FR-2019-03-08/pdf/2019-04437.pdf,https://www.federalregister.gov/documents/full_text/text/2019/03/08/2019-04437.txt,"Executive Order 13861 creates a veteran‑focused task force and directs it to produce a national suicide‑prevention roadmap, a legislative grant proposal, and a research strategy within one year, and then to dissolve the task force two years after the roadmap is submitted.",civil_rights,,"The order’s subject is veterans and suicide prevention, which falls under the broader category of veterans/military affairs.","[""government_administration""]",creates_body,,stop
13862,2019-04595,Revocation of Reporting Requirement,Donald Trump,2019-03-06,2019-03-11,84 FR 8789,3443,https://www.govinfo.gov/content/pkg/FR-2019-03-11/pdf/2019-04595.pdf,https://www.federalregister.gov/documents/full_text/text/2019/03/11/2019-04595.txt,The order revokes the reporting requirement established in Section 3 of Executive Order 13732.,government_administration,,,[],revokes_or_amends,,stop
13863,2019-05370,Taking Additional Steps to Address the National Emergency With Respect to Significant Transnational Criminal Organizations,Donald Trump,2019-03-15,2019-03-19,84 FR 10255,3393,https://www.govinfo.gov/content/pkg/FR-2019-03-19/pdf/2019-05370.pdf,https://www.federalregister.gov/documents/full_text/text/2019/03/19/2019-05370.txt,Executive Order 13863 amends the definition of “significant transnational criminal organization” in Executive Order 13581.,justice_and_law_enforcement,,,[],revokes_or_amends,,stop
13864,2019-05934,"Improving Free Inquiry, Transparency, and Accountability at Colleges and Universities",Donald Trump,2019-03-21,2019-03-26,84 FR 11401,12271,https://www.govinfo.gov/content/pkg/FR-2019-03-26/pdf/2019-05934.pdf,https://www.federalregister.gov/documents/full_text/text/2019/03/26/2019-05934.txt,"Executive Order 13864 directs federal agencies to promote free inquiry, improve transparency, and increase accountability in higher education; it delegates authority to agency heads, requires the Secretary of Education to create a public website and expand the College Scorecard, mandates statistical studies, and sets multiple reporting deadlines.",education,,,[],delegates_authority,,stop
13865,2019-06325,Coordinating National Resilience to Electromagnetic Pulses,Donald Trump,2019-03-26,2019-03-29,84 FR 12041,22961,https://www.govinfo.gov/content/pkg/FR-2019-03-29/pdf/2019-06325.pdf,https://www.federalregister.gov/documents/full_text/text/2019/03/29/2019-06325.txt,"Executive Order 13865 coordinates federal actions to improve national resilience to electromagnetic pulses (EMPs) by assigning responsibilities to cabinet‑level officials and agencies and by requiring a series of reports, assessments and plans with specific time‑frames.",technology_and_research,,"The order’s subject is the threat posed by electromagnetic pulses and the need for research, development, and coordination to mitigate that threat.",[],delegates_authority,"The order assigns new duties and decision‑making authority to the Secretaries of State, Defense, Interior, Commerce, Energy, Homeland Security and other officials.",stop
13866,2019-06548,Adjustments of Certain Rates of Pay,Donald Trump,2019-03-28,2019-04-02,84 FR 12853,4510,https://www.govinfo.gov/content/pkg/FR-2019-04-02/pdf/2019-06548.pdf,https://www.federalregister.gov/documents/full_text/text/2019/04/02/2019-06548.txt,Executive Order 13866 updates the pay rates for multiple federal pay systems and schedules.,government_administration,,,[],adjusts_pay_or_admin,,stop
13867,2019-07645,Issuance of Permits With Respect to Facilities and Land Transportation Crossings at the International Boundaries of the United States,Donald Trump,2019-04-10,2019-04-15,84 FR 15491,10037,https://www.govinfo.gov/content/pkg/FR-2019-04-15/pdf/2019-07645.pdf,https://www.federalregister.gov/documents/full_text/text/2019/04/15/2019-07645.txt,"Executive Order 13867 revises the Presidential permitting process for cross‑border infrastructure, delegating authority to the Secretary of State to receive applications, adopt procedures, and review regulations.",energy_and_environment,,,[],delegates_authority,,stop
13868,2019-07656,Promoting Energy Infrastructure and Economic Growth,Donald Trump,2019-04-10,2019-04-15,84 FR 15495,19944,https://www.govinfo.gov/content/pkg/FR-2019-04-15/pdf/2019-07656.pdf,https://www.federalregister.gov/documents/full_text/text/2019/04/15/2019-07656.txt,"Executive Order 13868 directs multiple federal agencies to take actions that support the development of U.S. energy infrastructure.  The order mainly **directs reports, studies, guidance, and rulemakings** (instrument = `directs_report_or_study`) and its **primary topic** is `energy_and_environment`.  Below are the individual directives extracted from the order text, each with a short source quote, any statutory or regulatory relationships the order itself cites, and the deadlines that the order explicitly states.",energy_and_environment,,,[],directs_report_or_study,,stop
13869,2019-08797,Transferring Responsibility for Background Investigations to the Department of Defense,Donald Trump,2019-04-24,2019-04-29,84 FR 18125,23480,https://www.govinfo.gov/content/pkg/FR-2019-04-29/pdf/2019-08797.pdf,https://www.federalregister.gov/documents/full_text/text/2019/04/29/2019-08797.txt,"Executive Order 13869 transfers background‑investigation responsibilities to the Department of Defense, amends prior orders, creates a new office, and sets several reporting and transition deadlines.",government_administration,,,[],other,order contains multiple actions; each is captured in separate entries below,stop
13870,2019-09750,America's Cybersecurity Workforce,Donald Trump,2019-05-02,2019-05-09,84 FR 20523,20399,https://www.govinfo.gov/content/pkg/FR-2019-05-09/pdf/2019-09750.pdf,https://www.federalregister.gov/documents/full_text/text/2019/05/09/2019-09750.txt,Key actions taken by Executive Order 13870 (America’s Cybersecurity Workforce),technology_and_research,,,[],other,,stop
13871,2019-09877,"Imposing Sanctions With Respect to the Iron, Steel, Aluminum, and Copper Sectors of Iran",Donald Trump,2019-05-08,2019-05-10,84 FR 20761,14899,https://www.govinfo.gov/content/pkg/FR-2019-05-10/pdf/2019-09877.pdf,https://www.federalregister.gov/documents/full_text/text/2019/05/10/2019-09877.txt,"Executive Order 13871 blocks property of persons involved in Iran’s iron, steel, aluminum, and copper sectors and authorizes sanctions on foreign financial institutions that facilitate such transactions; it also suspends entry of those persons and treats them as covered by Proclamation 8693.",economy_and_finance,,,[],imposes_sanctions,,stop
13872,2019-10398,Economic Empowerment of Asian Americans and Pacific Islanders,Donald Trump,2019-05-13,2019-05-16,84 FR 22321,15716,https://www.govinfo.gov/content/pkg/FR-2019-05-16/pdf/2019-10398.pdf,https://www.federalregister.gov/documents/full_text/text/2019/05/16/2019-10398.txt,"Executive Order 13872 creates two new bodies focused on the economic empowerment of Asian Americans and Pacific Islanders, sets a two‑year termination deadline for the Commission, and supersedes two earlier orders.",economy_and_finance,,,[],creates_body,,stop
13873,2019-10538,Securing the Information and Communications Technology and Services Supply Chain,Donald Trump,2019-05-15,2019-05-17,84 FR 22689,16220,https://www.govinfo.gov/content/pkg/FR-2019-05-17/pdf/2019-10538.pdf,https://www.federalregister.gov/documents/full_text/text/2019/05/17/2019-10538.txt,Executive Order 13873 (May 15 2019) declares a national emergency over foreign‑adversary threats to the U.S. information‑and‑communications‑technology (ICT) supply chain and prohibits certain transactions involving ICT or services linked to foreign adversaries. It also directs agencies to issue implementing rules and to produce a series of assessments and reports.,technology_and_research,,,[],imposes_sanctions,,stop
13874,2019-12802,Modernizing the Regulatory Framework for Agricultural Biotechnology Products,Donald Trump,2019-06-11,2019-06-14,84 FR 27899,13688,https://www.govinfo.gov/content/pkg/FR-2019-06-14/pdf/2019-12802.pdf,https://www.federalregister.gov/documents/full_text/text/2019/06/14/2019-12802.txt,Executive Order 13874 directs federal agencies to modernize the regulatory framework for agricultural biotechnology products by issuing a series of timed actions and reporting requirements.,technology_and_research,,,[],directs_report_or_study,,stop
13875,2019-13175,Evaluating and Improving the Utility of Federal Advisory Committees,Donald Trump,2019-06-14,2019-06-19,84 FR 28711,7495,https://www.govinfo.gov/content/pkg/FR-2019-06-19/pdf/2019-13175.pdf,https://www.federalregister.gov/documents/full_text/text/2019/06/19/2019-13175.txt,"Executive Order 13875 directs all executive departments and agencies to assess and, where appropriate, terminate a portion of their Federal Advisory Committee Act advisory committees. It sets specific deadlines for agencies to eliminate at least one‑third of such committees by September 30 2019 and requires heads of agencies to submit recommendations and detailed plans to the Director of the Office of Management and Budget by August 1 2019, with the Director providing further recommendations to the President by September 1 2019. The order also limits the total number of eligible committees to 350 and delegates waiver authority to the OMB Director and the Administrator of General Services.",government_administration,,,[],delegates_authority,,stop
13876,2019-13793,Imposing Sanctions With Respect to Iran,Donald Trump,2019-06-24,2019-06-26,84 FR 30573,12891,https://www.govinfo.gov/content/pkg/FR-2019-06-26/pdf/2019-13793.pdf,https://www.federalregister.gov/documents/full_text/text/2019/06/26/2019-13793.txt,"Executive Order 13876 blocks property and interests in property of designated Iranian persons and authorizes sanctions on foreign financial institutions, thereby imposing sanctions related to Iran.",foreign_policy,,,[],imposes_sanctions,,stop
13877,2019-13945,Improving Price and Quality Transparency in American Healthcare To Put Patients First,Donald Trump,2019-06-24,2019-06-27,84 FR 30849,14018,https://www.govinfo.gov/content/pkg/FR-2019-06-27/pdf/2019-13945.pdf,https://www.federalregister.gov/documents/full_text/text/2019/06/27/2019-13945.txt,"Executive Order 13877 directs multiple federal secretaries to develop regulations, reports, a health‑quality roadmap, data‑access guidance and other actions to improve price‑and‑quality transparency in health care.",health,,,[],delegates_authority,,stop
13878,2019-14016,Establishing a White House Council on Eliminating Regulatory Barriers to Affordable Housing,Donald Trump,2019-06-25,2019-06-28,84 FR 30853,13202,https://www.govinfo.gov/content/pkg/FR-2019-06-28/pdf/2019-14016.pdf,https://www.federalregister.gov/documents/full_text/text/2019/06/28/2019-14016.txt,"Executive Order 13878 creates a White House Council to eliminate regulatory barriers to affordable housing, directs a 12‑month reporting requirement, and sets a termination date for the Council.",health,,"The order’s subject is affordable housing; the closest predefined topic is housing/urban development, which is not listed, so a generic placeholder is used.","[""economy_and_finance""]",creates_body,,stop
13879,2019-15159,Advancing American Kidney Health,Donald Trump,2019-07-10,2019-07-15,84 FR 33817,9221,https://www.govinfo.gov/content/pkg/FR-2019-07-15/pdf/2019-15159.pdf,https://www.federalregister.gov/documents/full_text/text/2019/07/15/2019-15159.txt,"Executive Order 13879 directs the Secretary of Health and Human Services to undertake a series of actions to improve kidney health, each with a specific deadline.",health,,,[],directs_report_or_study,,stop
13880,2019-15222,Collecting Information About Citizenship Status in Connection With the Decennial Census,Donald Trump,2019-07-11,2019-07-16,84 FR 33821,23337,https://www.govinfo.gov/content/pkg/FR-2019-07-16/pdf/2019-15222.pdf,https://www.federalregister.gov/documents/full_text/text/2019/07/16/2019-15222.txt,Executive Order 13880 creates an interagency working group to improve access to administrative records for citizenship data.,government_administration,,,[],creates_body,,stop
13881,2019-15449,"Maximizing Use of American-Made Goods, Products, and Materials",Donald Trump,2019-07-15,2019-07-18,84 FR 34257,7974,https://www.govinfo.gov/content/pkg/FR-2019-07-18/pdf/2019-15449.pdf,https://www.federalregister.gov/documents/full_text/text/2019/07/18/2019-15449.txt,"Executive Order 13881 directs the FAR Council to propose rule changes and requires a report from the Secretary of Commerce and OMB Director, while revoking and superseding parts of EO 10582.",government_administration,,,[],delegates_authority,,stop
13882,2019-16383,Blocking Property and Suspending Entry of Certain Persons Contributing to the Situation in Mali,Donald Trump,2019-07-26,2019-07-30,84 FR 37055,11672,https://www.govinfo.gov/content/pkg/FR-2019-07-30/pdf/2019-16383.pdf,https://www.federalregister.gov/documents/full_text/text/2019/07/30/2019-16383.txt,"Executive Order 13882 blocks property and suspends entry of persons contributing to the situation in Mali, and it authorizes the Treasury Secretary to implement and report on those sanctions.",foreign_policy,,,[],imposes_sanctions,,stop
13883,2019-16879,Administration of Proliferation Sanctions and Amendment of Executive Order 12851,Donald Trump,2019-08-01,2019-08-05,84 FR 38113,6892,https://www.govinfo.gov/content/pkg/FR-2019-08-05/pdf/2019-16879.pdf,https://www.federalregister.gov/documents/full_text/text/2019/08/05/2019-16879.txt,Executive Order 13883 imposes sanctions on designated foreign governments and amends a prior order to delegate related authority to the Treasury.,foreign_policy,,,[],imposes_sanctions,,stop
13884,2019-17052,Blocking Property of the Government of Venezuela,Donald Trump,2019-08-05,2019-08-07,84 FR 38843,11193,https://www.govinfo.gov/content/pkg/FR-2019-08-07/pdf/2019-17052.pdf,https://www.federalregister.gov/documents/full_text/text/2019/08/07/2019-17052.txt,Executive Order 13884 blocks property and interests in property of the Government of Venezuela that are in the United States or under the control of any United States person.,foreign_policy,,,[],imposes_sanctions,,stop
13885,2019-19367,Establishing the National Quantum Initiative Advisory Committee,Donald Trump,2019-08-30,2019-09-05,84 FR 46873,6310,https://www.govinfo.gov/content/pkg/FR-2019-09-05/pdf/2019-19367.pdf,https://www.federalregister.gov/documents/full_text/text/2019/09/05/2019-19367.txt,Executive Order 13885 establishes the National Quantum Initiative Advisory Committee to advise on quantum information science and technology.,technology_and_research,,,[],creates_body,,stop
13886,2019-19895,Modernizing Sanctions To Combat Terrorism,Donald Trump,2019-09-09,2019-09-12,84 FR 48041,7887,https://www.govinfo.gov/content/pkg/FR-2019-09-12/pdf/2019-19895.pdf,https://www.federalregister.gov/documents/full_text/text/2019/09/12/2019-19895.txt,The order modernizes U.S. sanctions aimed at combating terrorism by expanding and tightening property‑blocking measures against designated persons and entities.,foreign_policy,,,[],imposes_sanctions,,stop
13887,2019-20804,Modernizing Influenza Vaccines in the United States to Promote National Security and Public Health,Donald Trump,2019-09-19,2019-09-24,84 FR 49935,17048,https://www.govinfo.gov/content/pkg/FR-2019-09-24/pdf/2019-20804.pdf,https://www.federalregister.gov/documents/full_text/text/2019/09/24/2019-20804.txt,Executive Order 13887 establishes a new inter‑agency task force to modernize the United States’ influenza‑vaccine enterprise and directs it to report to the President.,health,,,[],creates_body,,stop
13888,2019-21505,Enhancing State and Local Involvement in Refugee Resettlement,Donald Trump,2019-09-26,2019-10-01,84 FR 52355,6852,https://www.govinfo.gov/content/pkg/FR-2019-10-01/pdf/2019-21505.pdf,https://www.federalregister.gov/documents/full_text/text/2019/10/01/2019-21505.txt,Executive Order 13888 directs federal officials to obtain written consent from states and localities before placing refugees in those jurisdictions and sets a 90‑day deadline for establishing the consent process.,immigration,,,[],delegates_authority,,stop
13889,2019-21630,Continuance of Certain Federal Advisory Committees,Donald Trump,2019-09-27,2019-10-02,84 FR 52743,7290,https://www.govinfo.gov/content/pkg/FR-2019-10-02/pdf/2019-21630.pdf,https://www.federalregister.gov/documents/full_text/text/2019/10/02/2019-21630.txt,Executive Order 13889 continues a list of existing federal advisory committees and sets its own effective date.,government_administration,,,[],other,"continues existing advisory committees rather than creating, amending, or sanctioning anything",stop
13890,2019-22073,Protecting and Improving Medicare for Our Nation's Seniors,Donald Trump,2019-10-03,2019-10-08,84 FR 53573,16140,https://www.govinfo.gov/content/pkg/FR-2019-10-08/pdf/2019-22073.pdf,https://www.federalregister.gov/documents/full_text/text/2019/10/08/2019-22073.txt,"Executive Order 13890 directs the Secretary of Health and Human Services to protect and improve Medicare by proposing regulations, reports and studies, many of which must be completed within specific time‑frames.",health,,,[],directs_report_or_study,,stop
13891,2019-22623,Promoting the Rule of Law Through Improved Agency Guidance Documents,Donald Trump,2019-10-09,2019-10-15,84 FR 55235,15527,https://www.govinfo.gov/content/pkg/FR-2019-10-15/pdf/2019-22623.pdf,https://www.federalregister.gov/documents/full_text/text/2019/10/15/2019-22623.txt,"Executive Order 13891 directs federal agencies to treat guidance documents as non‑binding, to create and maintain public databases of those documents, to review and rescind outdated guidance, to report on retained guidance, and to adopt regulations governing the issuance of guidance documents.",government_administration,,,[],directs_report_or_study,,stop
13892,2019-22624,Promoting the Rule of Law Through Transparency and Fairness in Civil Administrative Enforcement and Adjudication,Donald Trump,2019-10-09,2019-10-15,84 FR 55239,19915,https://www.govinfo.gov/content/pkg/FR-2019-10-15/pdf/2019-22624.pdf,https://www.federalregister.gov/documents/full_text/text/2019/10/15/2019-22624.txt,"Executive Order 13892 directs agencies to act transparently and fairly in civil administrative enforcement and adjudication, requiring them to publish inspection rules, propose voluntary compliance procedures, and submit multiple reports to the President within specified timeframes, while also ensuring due process for regulated parties.",justice_and_law_enforcement,,,[],directs_report_or_study,,stop
13893,2019-22749,Increasing Government Accountability for Administrative Actions by Reinvigorating Administrative PAYGO,Donald Trump,2019-10-10,2019-10-16,84 FR 55487,6952,https://www.govinfo.gov/content/pkg/FR-2019-10-16/pdf/2019-22749.pdf,https://www.federalregister.gov/documents/full_text/text/2019/10/16/2019-22749.txt,"Executive Order 13893 directs the Director of the Office of Management and Budget (OMB) to require agency heads to submit budget‑impact proposals for discretionary administrative actions, gives the Director discretion to waive or adjust those requirements, and revokes a prior OMB memorandum.",government_administration,,,[],delegates_authority,,stop
13894,2019-22849,Blocking Property and Suspending Entry of Certain Persons Contributing to the Situation in Syria,Donald Trump,2019-10-14,2019-10-17,84 FR 55851,19969,https://www.govinfo.gov/content/pkg/FR-2019-10-17/pdf/2019-22849.pdf,https://www.federalregister.gov/documents/full_text/text/2019/10/17/2019-22849.txt,"Executive Order 13894 blocks property and suspends entry of persons contributing to the situation in Syria, imposing sanctions and authorizing related actions.",foreign_policy,,,[],imposes_sanctions,,stop
13895,2019-23525,President's Council of Advisors on Science and Technology,Donald Trump,2019-10-22,2019-10-25,84 FR 57309,8925,https://www.govinfo.gov/content/pkg/FR-2019-10-25/pdf/2019-23525.pdf,https://www.federalregister.gov/documents/full_text/text/2019/10/25/2019-23525.txt,"Executive Order 13895 establishes the President's Council of Advisors on Science and Technology (PCAST) as an advisory body composed of the OSTP Director and up to 16 members from outside government. It tasks PCAST with advising the President on science, technology, education, and innovation policy and requires federal department heads and the Department of Energy to provide information and support. The order also sets a two‑year termination date for PCAST unless the President extends it, and revokes the earlier Executive Order 13539 that created a prior council.",technology_and_research,,,"[""economy_and_finance"", ""education"", ""security_and_defense""]",creates_body,,stop
13896,2019-24040,Commission on Law Enforcement and the Administration of Justice,Donald Trump,2019-10-28,2019-11-01,84 FR 58595,10894,https://www.govinfo.gov/content/pkg/FR-2019-11-01/pdf/2019-24040.pdf,https://www.federalregister.gov/documents/full_text/text/2019/11/01/2019-24040.txt,"Executive Order 13896 (28 Oct 2019) creates the Commission on Law Enforcement and the Administration of Justice, defines its composition and duties, and sets reporting and termination timelines.",justice_and_law_enforcement,,,[],creates_body,,stop
13897,2019-24288,Improving Federal Contractor Operations by Revoking Executive Order 13495,Donald Trump,2019-10-31,2019-11-05,84 FR 59709,2674,https://www.govinfo.gov/content/pkg/FR-2019-11-05/pdf/2019-24288.pdf,https://www.federalregister.gov/documents/full_text/text/2019/11/05/2019-24288.txt,Executive Order 13897 revokes Executive Order 13495 and directs agencies to rescind any implementing actions.,government_administration,,,[],revokes_or_amends,,stop
13898,2019-26178,Establishing the Task Force on Missing and Murdered American Indians and Alaska Natives,Donald Trump,2019-11-26,2019-12-02,84 FR 66059,8619,https://www.govinfo.gov/content/pkg/FR-2019-12-02/pdf/2019-26178.pdf,https://www.federalregister.gov/documents/full_text/text/2019/12/02/2019-26178.txt,Key actions of Executive Order 13898 (Nov 26 2019) establishing the Task Force on Missing and Murdered American Indians and Alaska Natives.,justice_and_law_enforcement,,,[],creates_body,,stop
13899,2019-27217,Combating Anti-Semitism,Donald Trump,2019-12-11,2019-12-16,84 FR 68779,5387,https://www.govinfo.gov/content/pkg/FR-2019-12-16/pdf/2019-27217.pdf,https://www.federalregister.gov/documents/full_text/text/2019/12/16/2019-27217.txt,"The order directs all executive departments and agencies that enforce Title VI to consider the International Holocaust Remembrance Alliance definition of anti‑Semitism when evaluating discrimination based on race, color, or national origin, and to enforce Title VI against such discrimination vigorously. Within 120 days, the head of each such agency must submit a report to the President identifying additional nondiscrimination authorities that could apply to anti‑Semitic conduct. The order affirms that agencies must not diminish constitutional rights while carrying out these duties.",civil_rights,,,"[""education"", ""government_administration""]",directs_report_or_study,,stop
13900,2019-27678,"Providing for the Closing of Executive Departments and Agencies of the Federal Government on December 24, 2019",Donald Trump,2019-12-17,2019-12-20,84 FR 69983,2586,https://www.govinfo.gov/content/pkg/FR-2019-12-20/pdf/2019-27678.pdf,https://www.federalregister.gov/documents/full_text/text/2019/12/20/2019-27678.txt,"Executive Order 13900 directs that all executive departments and agencies be closed and their employees excused from duty on Tuesday, December 24, 2019, with limited exceptions for national security, defense, or other public need. It authorizes department heads to keep essential offices open and requires the Director of the Office of Personnel Management to take actions necessary to implement the closure. The order references Executive Order 11582 and relevant statutes concerning pay and leave.",government_administration,,,"[""security_and_defense""]",delegates_authority,,stop
13901,2019-28286,Adjustments of Certain Rates of Pay,Donald Trump,2019-12-26,2019-12-30,84 FR 72213,4434,https://www.govinfo.gov/content/pkg/FR-2019-12-30/pdf/2019-28286.pdf,https://www.federalregister.gov/documents/full_text/text/2019/12/30/2019-28286.txt,"The order sets new pay rates for various federal pay systems and schedules, establishing effective dates for those schedules.",government_administration,,,[],adjusts_pay_or_admin,,stop
13902,2020-00534,Imposing Sanctions With Respect to Additional Sectors of Iran,Donald Trump,2020-01-10,2020-01-14,85 FR 2003,16209,https://www.govinfo.gov/content/pkg/FR-2020-01-14/pdf/2020-00534.pdf,https://www.federalregister.gov/documents/full_text/text/2020/01/14/2020-00534.txt,"Executive Order 13902 imposes sanctions on Iran‑related persons, entities and transactions, blocks property, restricts foreign financial institutions, suspends entry of certain individuals, and prohibits donations to blocked persons.",foreign_policy,,,[],imposes_sanctions,,stop
13903,2020-02438,Combating Human Trafficking and Online Child Exploitation in the United States,Donald Trump,2020-01-31,2020-02-05,85 FR 6721,10181,https://www.govinfo.gov/content/pkg/FR-2020-02-05/pdf/2020-02438.pdf,https://www.federalregister.gov/documents/full_text/text/2020/02/05/2020-02438.txt,"Executive Order 13903 creates an internal working group to develop strategies for housing victims of human trafficking, references EO 13898, and sets a 180‑day deadline for the Attorney General and Secretary of Homeland Security to propose actions.",justice_and_law_enforcement,,,[],creates_body,,stop
13904,2020-02439,"Ensuring Safe and Lawful E-Commerce for United States Consumers, Businesses, Government Supply Chains, and Intellectual Property Rights Holders",Donald Trump,2020-01-31,2020-02-05,85 FR 6725,18712,https://www.govinfo.gov/content/pkg/FR-2020-02-05/pdf/2020-02439.pdf,https://www.federalregister.gov/documents/full_text/text/2020/02/05/2020-02439.txt,"Executive Order 13904 directs the Department of Homeland Security (through CBP) and other agencies to establish importer‑of‑record criteria, prohibit debarred persons from obtaining such numbers, require rapid notification of attempted circumvention, develop an International Mail Non‑Compliance metric, prioritize inspections of non‑compliant posts, require additional information or block shipments from persistently non‑compliant posts, publish guidance, and submit multiple reports to the President within specified timeframes; the Attorney General must allocate resources to prioritize prosecution of import‑related violations.",justice_and_law_enforcement,,,[],delegates_authority,,stop
13905,2020-03337,"Strengthening National Resilience Through Responsible Use of Positioning, Navigation, and Timing Services",Donald Trump,2020-02-12,2020-02-18,85 FR 9359,11622,https://www.govinfo.gov/content/pkg/FR-2020-02-18/pdf/2020-03337.pdf,https://www.federalregister.gov/documents/full_text/text/2020/02/18/2020-03337.txt,"Executive Order 13905 delegates authority to multiple federal officials to develop PNT‑related profiles, plans, reports and a national R&D plan, and sets specific implementation deadlines.",technology_and_research,,,[],delegates_authority,,stop
13906,2020-03556,Amending Executive Order 13803Reviving the National Space Council,Donald Trump,2020-02-13,2020-02-20,85 FR 10031,2798,https://www.govinfo.gov/content/pkg/FR-2020-02-20/pdf/2020-03556.pdf,https://www.federalregister.gov/documents/full_text/text/2020/02/20/2020-03556.txt,Executive Order 13906 amends Executive Order 13803 to revise the membership of the National Space Council and revokes the first sentence of section 4(c) of that order.,technology_and_research,,,[],revokes_or_amends,,stop
13907,2020-04730,Establishment of the Interagency Environment Committee for Monitoring and Enforcement Under Section 811 of the United States-Mexico-Canada Agreement Implementation Act,Donald Trump,2020-02-28,2020-03-05,85 FR 12977,5372,https://www.govinfo.gov/content/pkg/FR-2020-03-05/pdf/2020-04730.pdf,https://www.federalregister.gov/documents/full_text/text/2020/03/05/2020-04730.txt,Executive Order 13907 creates the Interagency Environment Committee for Monitoring and Enforcement to coordinate U.S. monitoring and enforcement of environmental obligations under the USMCA.,energy_and_environment,,,[],creates_body,,stop
13908,2020-04755,Establishment of the Interagency Committee on Trade in Automotive Goods Under Section 202A of the United States Mexico Canada Agreement Implementation Act,Donald Trump,2020-02-28,2020-03-06,85 FR 12983,5451,https://www.govinfo.gov/content/pkg/FR-2020-03-06/pdf/2020-04755.pdf,https://www.federalregister.gov/documents/full_text/text/2020/03/06/2020-04755.txt,"The order establishes an Interagency Committee on Trade in Automotive Goods to advise on implementation, enforcement, and modification of USMCA automotive provisions.",trade,,,"[""government_administration""]",creates_body,,stop
13909,2020-06161,Prioritizing and Allocating Health and Medical Resources to Respond to the Spread of COVID-19,Donald Trump,2020-03-18,2020-03-23,85 FR 16227,5413,https://www.govinfo.gov/content/pkg/FR-2020-03-23/pdf/2020-06161.pdf,https://www.federalregister.gov/documents/full_text/text/2020/03/23/2020-06161.txt,The order delegates to the Secretary of Health and Human Services the authority to prioritize and allocate health‑and‑medical resources needed to respond to COVID‑19.,health,,,[],delegates_authority,,stop
13910,2020-06478,Preventing Hoarding of Health and Medical Resources To Respond to the Spread of COVID-19,Donald Trump,2020-03-23,2020-03-26,85 FR 17001,6228,https://www.govinfo.gov/content/pkg/FR-2020-03-26/pdf/2020-06478.pdf,https://www.federalregister.gov/documents/full_text/text/2020/03/26/2020-06478.txt,The order delegates the President’s authority under section 102 of the Defense Production Act to the Secretary of Health and Human Services so that the Secretary may prevent hoarding of health and medical resources needed for the COVID‑19 response.,health,,,[],delegates_authority,,stop
13911,2020-06969,Delegating Additional Authority Under the Defense Production Act With Respect to Health and Medical Resources To Respond to the Spread of COVID-19,Donald Trump,2020-03-27,2020-04-01,85 FR 18403,12569,https://www.govinfo.gov/content/pkg/FR-2020-04-01/pdf/2020-06969.pdf,https://www.federalregister.gov/documents/full_text/text/2020/04/01/2020-06969.txt,"Executive Order 13911 delegates additional Defense Production Act authority to the Secretaries of Health and Human Services (HHS) and Homeland Security (DHS) for health‑ and medical‑resource production, waives certain statutory requirements, imposes consultation and notice requirements, and designates a policy‑coordination official.",health,,,[],delegates_authority,,stop
13912,2020-06985,National Emergency Authority To Order the Selected Reserve and Certain Members of the Individual Ready Reserve of the Armed Forces to Active Duty,Donald Trump,2020-03-27,2020-04-01,85 FR 18407,3675,https://www.govinfo.gov/content/pkg/FR-2020-04-01/pdf/2020-06985.pdf,https://www.federalregister.gov/documents/full_text/text/2020/04/01/2020-06985.txt,"The order delegates authority to the Secretaries of Defense and Homeland Security to order selected reserve and certain Individual Ready Reserve members to active duty for up to 24 months, with a cap of 1,000,000 members at any one time.",security_and_defense,,,[],delegates_authority,,stop
13913,2020-07530,Establishing the Committee for the Assessment of Foreign Participation in the United States Telecommunications Services Sector,Donald Trump,2020-04-04,2020-04-08,85 FR 19643,29581,https://www.govinfo.gov/content/pkg/FR-2020-04-08/pdf/2020-07530.pdf,https://www.federalregister.gov/documents/full_text/text/2020/04/08/2020-07530.txt,"Executive Order 13913 establishes a new inter‑agency Committee to assess foreign participation in U.S. telecommunications services and sets a series of procedural deadlines for reviews, assessments, and reporting.",technology_and_research,,,[],creates_body,,stop
13914,2020-07800,Encouraging International Support for the Recovery and Use of Space Resources,Donald Trump,2020-04-06,2020-04-10,85 FR 20381,6820,https://www.govinfo.gov/content/pkg/FR-2020-04-10/pdf/2020-07800.pdf,https://www.federalregister.gov/documents/full_text/text/2020/04/10/2020-07800.txt,"Executive Order 13914 directs the Secretary of State to object to attempts by other states or international organizations to treat the Moon Agreement as customary international law and to take all appropriate actions to encourage international support for the public and private recovery and use of space resources. The Secretary of State must, in consultation with the Secretaries of Commerce and Transportation and the NASA Administrator, negotiate joint statements and arrangements with foreign states. The order also requires the Secretary of State to report to the President, through the National Space Council Chair and the Assistant to the President for National Security Affairs, on these efforts no later than 180 days after the order’s issuance. The order is issued under the President’s constitutional authority and the Commercial Space Launch Competitiveness Act.",technology_and_research,,,"[""foreign_policy""]",delegates_authority,,stop
13915,2020-08392,Providing an Order of Succession Within the Department of the Interior,Donald Trump,2020-04-14,2020-04-17,85 FR 21733,2652,https://www.govinfo.gov/content/pkg/FR-2020-04-17/pdf/2020-08392.pdf,https://www.federalregister.gov/documents/full_text/text/2020/04/17/2020-08392.txt,"Executive Order 13915 establishes a new order of succession for the Secretary of the Interior, specifying that the Solicitor and various Assistant Secretaries will act as Secretary if both the Secretary and Deputy Secretary are unable to serve. It allows the President to deviate from this succession under the Federal Vacancies Reform Act. The order also revokes the earlier Executive Order 13244 that previously set a succession plan. The succession applies only when the listed officials are not serving in an acting capacity.",government_administration,,,[],adjusts_pay_or_admin,,stop
13916,2020-08846,National Emergency Authority To Temporarily Extend Deadlines for Certain Estimated Payments,Donald Trump,2020-04-18,2020-04-23,85 FR 22951,3261,https://www.govinfo.gov/content/pkg/FR-2020-04-23/pdf/2020-08846.pdf,https://www.federalregister.gov/documents/full_text/text/2020/04/23/2020-08846.txt,Executive Order 13916 gives the Secretary of the Treasury authority to temporarily extend deadlines for certain estimated customs payments for importers facing COVID‑19‑related financial hardship.,trade,,,[],delegates_authority,,stop
13917,2020-09536,Delegating Authority Under the Defense Production Act With Respect to Food Supply Chain Resources During the National Emergency Caused by the Outbreak of COVID- 19,Donald Trump,2020-04-28,2020-05-01,85 FR 26313,7424,https://www.govinfo.gov/content/pkg/FR-2020-05-01/pdf/2020-09536.pdf,https://www.federalregister.gov/documents/full_text/text/2020/05/01/2020-09536.txt,"The order delegates authority under the Defense Production Act to the Secretary of Agriculture for food‑supply‑chain resources, including meat and poultry, during the COVID‑19 national emergency.",economy_and_finance,,"The order’s subject is the food supply chain, which falls under the broader economic/critical‑infrastructure category.",[],delegates_authority,,stop
13918,2020-09537,Establishment of the Interagency Labor Committee for Monitoring and Enforcement Under Section 711 of the United States-Mexico-Canada Agreement Implementation Act,Donald Trump,2020-04-28,2020-05-01,85 FR 26315,4269,https://www.govinfo.gov/content/pkg/FR-2020-05-01/pdf/2020-09537.pdf,https://www.federalregister.gov/documents/full_text/text/2020/05/01/2020-09537.txt,Executive Order 13918 establishes the Interagency Labor Committee for Monitoring and Enforcement to oversee USMCA labor obligations.,labor_and_workforce,,,[],creates_body,,stop
13919,2020-09645,Ordering the Selected Reserve of the Armed Forces to Active Duty,Donald Trump,2020-04-30,2020-05-04,85 FR 26591,2236,https://www.govinfo.gov/content/pkg/FR-2020-05-04/pdf/2020-09645.pdf,https://www.federalregister.gov/documents/full_text/text/2020/05/04/2020-09645.txt,The order directs the Secretary of Defense to activate up to 200 members of the Selected Reserve for a period of up to 365 consecutive days to support a specific counter‑narcotics mission.,security_and_defense,,,[],delegates_authority,,stop
13920,2020-09695,Securing the United States Bulk-Power System,Donald Trump,2020-05-01,2020-05-04,85 FR 26595,19852,https://www.govinfo.gov/content/pkg/FR-2020-05-04/pdf/2020-09695.pdf,https://www.federalregister.gov/documents/full_text/text/2020/05/04/2020-09695.txt,Executive Order 13920 establishes a task force to address national‑security risks to the United States bulk‑power system and sets several implementation deadlines.,energy_and_environment,,,[],creates_body,,stop
13921,2020-10315,Promoting American Seafood Competitiveness and Economic Growth,Donald Trump,2020-05-07,2020-05-12,85 FR 28471,27113,https://www.govinfo.gov/content/pkg/FR-2020-05-12/pdf/2020-10315.pdf,https://www.federalregister.gov/documents/full_text/text/2020/05/12/2020-10315.txt,"Executive Order 13921 directs multiple agencies to take actions that support the U.S. seafood industry, aquaculture permitting, and international seafood trade. The order creates an inter‑agency task force, requires a series of reports, sets timelines for regulatory actions, and establishes recurring review schedules.",energy_and_environment,,,[],other,The order contains many distinct directives that do not fit a single listed instrument; each fact below is classified individually.,stop
13922,2020-10953,Delegating Authority Under the Defense Production Act to the Chief Executive Officer of the United States International Development Finance Corporation To Respond to the COVID-19 Outbreak,Donald Trump,2020-05-14,2020-05-19,85 FR 30583,6575,https://www.govinfo.gov/content/pkg/FR-2020-05-19/pdf/2020-10953.pdf,https://www.federalregister.gov/documents/full_text/text/2020/05/19/2020-10953.txt,Delegates Defense Production Act authority to the CEO of the United States International Development Finance Corporation (DFC) to make loans and other actions supporting domestic industrial‑base capabilities for the COVID‑19 response.,government_administration,,,[],delegates_authority,,stop
13923,2020-10993,Establishment of the Forced Labor Enforcement Task Force Under Section 741 of the United States- Mexico-Canada Agreement Implementation Act,Donald Trump,2020-05-15,2020-05-20,85 FR 30587,4048,https://www.govinfo.gov/content/pkg/FR-2020-05-20/pdf/2020-10993.pdf,https://www.federalregister.gov/documents/full_text/text/2020/05/20/2020-10993.txt,Executive Order 13923 creates the Forced Labor Enforcement Task Force to monitor U.S. enforcement of the forced‑labor prohibition in the Tariff Act of 1930.,justice_and_law_enforcement,,,[],creates_body,,stop
13924,2020-11301,Regulatory Relief To Support Economic Recovery,Donald Trump,2020-05-19,2020-05-22,85 FR 31353,16583,https://www.govinfo.gov/content/pkg/FR-2020-05-22/pdf/2020-11301.pdf,https://www.federalregister.gov/documents/full_text/text/2020/05/22/2020-11301.txt,"The order directs agency heads to rescind, modify, waive, or exempt regulatory standards that may inhibit economic recovery.",economy_and_finance,,,[],delegates_authority,,stop
13925,2020-12030,Preventing Online Censorship,Donald Trump,2020-05-28,2020-06-02,85 FR 34079,19757,https://www.govinfo.gov/content/pkg/FR-2020-06-02/pdf/2020-12030.pdf,https://www.federalregister.gov/documents/full_text/text/2020/06/02/2020-12030.txt,Executive Order 13925 – Preventing Online Censorship,technology_and_research,,,[],creates_body,,stop
13926,2020-12430,Advancing International Religious Freedom,Donald Trump,2020-06-02,2020-06-05,85 FR 34951,10579,https://www.govinfo.gov/content/pkg/FR-2020-06-05/pdf/2020-12430.pdf,https://www.federalregister.gov/documents/full_text/text/2020/06/05/2020-12430.txt,"Executive Order 13926 directs the Secretary of State and other officials to develop plans, budgets, training, and economic‑tool recommendations to advance international religious freedom.",civil_rights,,,[],directs_report_or_study,,stop
13927,2020-12584,Accelerating the Nation's Economic Recovery From the COVID-19 Emergency by Expediting Infrastructure Investments and Other Activities,Donald Trump,2020-06-04,2020-06-09,85 FR 35165,26387,https://www.govinfo.gov/content/pkg/FR-2020-06-09/pdf/2020-12584.pdf,https://www.federalregister.gov/documents/full_text/text/2020/06/09/2020-12584.txt,"Executive Order 13927 directs federal agencies to use emergency authorities to expedite infrastructure, civil‑works, and Federal‑lands projects and to report on those actions.",energy_and_environment,,,[],delegates_authority,,stop
13928,2020-12953,Blocking Property of Certain Persons Associated With the International Criminal Court,Donald Trump,2020-06-11,2020-06-15,85 FR 36139,14976,https://www.govinfo.gov/content/pkg/FR-2020-06-15/pdf/2020-12953.pdf,https://www.federalregister.gov/documents/full_text/text/2020/06/15/2020-12953.txt,"Executive Order 13928 declares a national emergency concerning the International Criminal Court and blocks the property of foreign persons determined to assist the ICC. It authorizes the Secretary of State, Treasury, and Attorney General to identify and block such persons, and directs the Treasury to report to Congress. The order also suspends entry of designated individuals and their immediate family members into the United States.",foreign_policy,,,"[""security_and_defense""]",imposes_sanctions,,stop
13929,2020-13449,Safe Policing for Safe Communities,Donald Trump,2020-06-16,2020-06-19,85 FR 37325,13853,https://www.govinfo.gov/content/pkg/FR-2020-06-19/pdf/2020-13449.pdf,https://www.federalregister.gov/documents/full_text/text/2020/06/19/2020-13449.txt,"Executive Order 13929 delegates authority to the Attorney General and the Secretary of Health and Human Services to improve law‑enforcement practices, create a use‑of‑force database, and conduct a survey of community‑support models.",justice_and_law_enforcement,,,[],delegates_authority,,stop
13930,2020-14077,Strengthening the Child Welfare System for America's Children,Donald Trump,2020-06-24,2020-06-29,85 FR 38741,16988,https://www.govinfo.gov/content/pkg/FR-2020-06-29/pdf/2020-14077.pdf,https://www.federalregister.gov/documents/full_text/text/2020/06/29/2020-14077.txt,"Executive Order 13930 directs the Secretary of Health and Human Services to collect, report, and issue guidance on a wide range of child‑welfare data and practices, setting specific deadlines for each task.",civil_rights,,The order’s focus is on the child‑welfare system and related family‑support policies.,[],directs_report_or_study,,stop
13931,2020-14328,Continuing the President's National Council for the American Worker and the American Workforce Policy Advisory Board,Donald Trump,2020-06-26,2020-07-01,85 FR 39455,2214,https://www.govinfo.gov/content/pkg/FR-2020-07-01/pdf/2020-14328.pdf,https://www.federalregister.gov/documents/full_text/text/2020/07/01/2020-14328.txt,Executive Order 13931 amends Executive Order 13845 to set a termination date for the President’s National Council for the American Worker and to continue the American Workforce Policy Advisory Board until that date.,labor_and_workforce,,,[],revokes_or_amends,,stop
13932,2020-14337,Modernizing and Reforming the Assessment and Hiring of Federal Job Candidates,Donald Trump,2020-06-26,2020-07-01,85 FR 39457,10701,https://www.govinfo.gov/content/pkg/FR-2020-07-01/pdf/2020-14337.pdf,https://www.federalregister.gov/documents/full_text/text/2020/07/01/2020-14337.txt,"Executive Order 13932 directs the Director of OPM to review and revise job classification and qualification standards, sets public‑availability and implementation deadlines (120‑day and 180‑day), and requires all agencies to assess candidates based on skills rather than solely on education or self‑evaluations, with a 180‑day compliance deadline.",government_administration,,,[],delegates_authority,,stop
13933,2020-14509,"Protecting American Monuments, Memorials, and Statues and Combating Recent Criminal Violence",Donald Trump,2020-06-26,2020-07-02,85 FR 40081,15536,https://www.govinfo.gov/content/pkg/FR-2020-07-02/pdf/2020-14509.pdf,https://www.federalregister.gov/documents/full_text/text/2020/07/02/2020-14509.txt,"Executive Order 13933 directs federal law‑enforcement and grant‑making agencies to prosecute and withhold funding for entities that damage U.S. monuments, memorials, and statues.",justice_and_law_enforcement,,,[],delegates_authority,,stop
13934,2020-14872,Building and Rebuilding Monuments to American Heroes,Donald Trump,2020-07-03,2020-07-08,85 FR 41165,16577,https://www.govinfo.gov/content/pkg/FR-2020-07-08/pdf/2020-14872.pdf,https://www.federalregister.gov/documents/full_text/text/2020/07/08/2020-14872.txt,"Executive Order 13934 establishes an interagency task force and a national statuary park (the National Garden of American Heroes) to build and rebuild monuments to American heroes, and it sets reporting deadlines for the task force and the NEH.",civil_rights,,,[],creates_body,,stop
13935,2020-15338,White House Hispanic Prosperity Initiative,Donald Trump,2020-07-09,2020-07-14,85 FR 42683,12657,https://www.govinfo.gov/content/pkg/FR-2020-07-14/pdf/2020-15338.pdf,https://www.federalregister.gov/documents/full_text/text/2020/07/14/2020-15338.txt,"Executive Order 13935 creates a new White House Hispanic Prosperity Initiative, an Interagency Working Group, and a President’s Advisory Commission on Hispanic Prosperity; it also supersedes EO 13555 and a provision of EO 13889, and sets a two‑year termination deadline for the Commission.",education,,,[],creates_body,,stop
13936,2020-15646,The President's Executive Order on Hong Kong Normalization,Donald Trump,2020-07-14,2020-07-17,85 FR 43413,21137,https://www.govinfo.gov/content/pkg/FR-2020-07-17/pdf/2020-15646.pdf,https://www.federalregister.gov/documents/full_text/text/2020/07/17/2020-15646.txt,Executive Order 13936 (July 14 2020) declares a national emergency concerning Hong Kong and imposes a series of sanctions and reporting requirements aimed at ending preferential U.S. treatment of Hong Kong.,foreign_policy,,,[],imposes_sanctions,,stop
13937,2020-16623,Access to Affordable Life-Saving Medications,Donald Trump,2020-07-24,2020-07-29,85 FR 45755,5142,https://www.govinfo.gov/content/pkg/FR-2020-07-29/pdf/2020-16623.pdf,https://www.federalregister.gov/documents/full_text/text/2020/07/29/2020-16623.txt,Executive Order 13937 directs the Secretary of Health and Human Services to condition future 330(e) grants on Federally Qualified Health Centers establishing practices to provide insulin and injectable epinephrine at the discounted price they receive.,health,,,[],delegates_authority,,stop
13938,2020-16624,Increasing Drug Importation To Lower Prices for American Patients,Donald Trump,2020-07-24,2020-07-29,85 FR 45757,3881,https://www.govinfo.gov/content/pkg/FR-2020-07-29/pdf/2020-16624.pdf,https://www.federalregister.gov/documents/full_text/text/2020/07/29/2020-16624.txt,"The order directs the Secretary of Health and Human Services to take actions that expand safe access to lower‑cost imported prescription drugs, including facilitating waivers, authorizing insulin re‑importation, and completing rulemaking.",health,,,[],delegates_authority,,stop
13939,2020-16625,Lowering Prices for Patients by Eliminating Kickbacks to Middlemen,Donald Trump,2020-07-24,2020-07-29,85 FR 45759,5289,https://www.govinfo.gov/content/pkg/FR-2020-07-29/pdf/2020-16625.pdf,https://www.federalregister.gov/documents/full_text/text/2020/07/29/2020-16625.txt,"The order directs the Secretary of Health and Human Services to finish rulemaking that would change safe‑harbor rules for drug rebates, effectively delegating that authority to the agency.",health,,,[],delegates_authority,,stop
13940,2020-17363,Aligning Federal Contracting and Hiring Practices With the Interests of American Workers,Donald Trump,2020-08-03,2020-08-06,85 FR 47879,5930,https://www.govinfo.gov/content/pkg/FR-2020-08-06/pdf/2020-17363.pdf,https://www.federalregister.gov/documents/full_text/text/2020/08/06/2020-17363.txt,"Executive Order 13940 directs federal agencies to review contracting and hiring practices, requires reports and actions within set time‑frames, and references prior statutes and orders.",labor_and_workforce,,,[],directs_report_or_study,,stop
13941,2020-17364,Improving Rural Health and Telehealth Access,Donald Trump,2020-08-03,2020-08-06,85 FR 47881,8010,https://www.govinfo.gov/content/pkg/FR-2020-08-06/pdf/2020-17364.pdf,https://www.federalregister.gov/documents/full_text/text/2020/08/06/2020-17364.txt,Executive Order 13941 directs the Secretaries of Health and Human Services and Agriculture to take a series of actions to improve rural health and tele‑health access.,health,,,[],other,The order contains multiple directives; each is captured as a separate claim below.,stop
13942,2020-17699,"Addressing the Threat Posed by TikTok, and Taking Additional Steps To Address the National Emergency With Respect to the Information and Communications Technology and Services Supply Chain",Donald Trump,2020-08-06,2020-08-11,85 FR 48637,8318,https://www.govinfo.gov/content/pkg/FR-2020-08-11/pdf/2020-17699.pdf,https://www.federalregister.gov/documents/full_text/text/2020/08/11/2020-17699.txt,Executive Order 13942 imposes sanctions on transactions involving ByteDance Ltd. (TikTok) and requires the Secretary of Commerce to identify those transactions within 45 days.,technology_and_research,,"The order addresses the information and communications technology and services supply chain, specifically the TikTok application.",[],imposes_sanctions,,stop
13943,2020-17700,"Addressing the Threat Posed by WeChat, and Taking Additional Steps To Address the National Emergency With Respect to the Information and Communications Technology and Services Supply Chain",Donald Trump,2020-08-06,2020-08-11,85 FR 48641,8842,https://www.govinfo.gov/content/pkg/FR-2020-08-11/pdf/2020-17700.pdf,https://www.federalregister.gov/documents/full_text/text/2020/08/11/2020-17700.txt,"Executive Order 13943 prohibits transactions with Tencent Holdings Ltd. and its subsidiaries related to the WeChat application, effective 45 days after the order. It tasks the Secretary of Commerce with identifying prohibited transactions and authorizing the adoption of rules under IEEPA to enforce the ban. The order invokes the International Emergency Economic Powers Act, the National Emergencies Act, and section 301 of title 3, United States Code, and requires all federal agencies to implement the measures.",security_and_defense,,,"[""economy_and_finance"", ""technology_and_research"", ""foreign_policy""]",imposes_sanctions,,stop
13944,2020-18012,"Combating Public Health Emergencies and Strengthening National Security by Ensuring Essential Medicines, Medical Countermeasures, and Critical Inputs Are Made in the United States",Donald Trump,2020-08-06,2020-08-14,85 FR 49929,25678,https://www.govinfo.gov/content/pkg/FR-2020-08-14/pdf/2020-18012.pdf,https://www.federalregister.gov/documents/full_text/text/2020/08/14/2020-18012.txt,"Executive Order 13944 directs federal agencies to give themselves authority to prioritize and procure domestically‑produced essential medicines, medical countermeasures and critical inputs, and it sets multiple reporting and action deadlines.",health,,,[],delegates_authority,,stop
13945,2020-18015,Fighting the Spread of COVID-19 by Providing Assistance to Renters and Homeowners,Donald Trump,2020-08-08,2020-08-14,85 FR 49935,8427,https://www.govinfo.gov/content/pkg/FR-2020-08-14/pdf/2020-18015.pdf,https://www.federalregister.gov/documents/full_text/text/2020/08/14/2020-18015.txt,"Executive Order 13945 directs senior officials to consider, identify funding for, and take action to prevent residential evictions and foreclosures caused by COVID‑19‑related financial hardship.",health,,,[],delegates_authority,,stop
13946,2020-19032,Targeting Opportunity Zones and Other Distressed Communities for Federal Site Locations,Donald Trump,2020-08-24,2020-08-27,85 FR 52879,5937,https://www.govinfo.gov/content/pkg/FR-2020-08-27/pdf/2020-19032.pdf,https://www.federalregister.gov/documents/full_text/text/2020/08/27/2020-19032.txt,Executive Order 13946 amends two prior executive orders and delegates implementation authority to the Administrator of General Services.,government_administration,,,[],revokes_or_amends,,stop
13947,2020-20887,Lowering Drug Prices by Putting America First,Donald Trump,2020-07-24,2020-09-18,85 FR 59171,6486,https://www.govinfo.gov/content/pkg/FR-2020-09-18/pdf/2020-20887.pdf,https://www.federalregister.gov/documents/full_text/text/2020/09/18/2020-20887.txt,"Executive Order 13947 directs the Secretary of Health and Human Services to promptly develop and test a payment model that limits Medicare Part B payments for high‑cost prescription drugs and biologics to the most‑favored‑nation price, aiming to reduce drug costs for seniors and the federal government.",health,,,"[""economy_and_finance"", ""government_administration""]",delegates_authority,,stop
13948,2020-21129,Lowering Drug Prices by Putting America First,Donald Trump,2020-09-13,2020-09-23,85 FR 59649,7161,https://www.govinfo.gov/content/pkg/FR-2020-09-23/pdf/2020-21129.pdf,https://www.federalregister.gov/documents/full_text/text/2020/09/23/2020-21129.txt,Executive Order 13948 revokes EO 13947 and delegates to the Secretary of HHS the authority to develop and implement rulemaking plans for Medicare payment models that cap Part B and Part D drug payments at the most‑favored‑nation price.,health,,,"[""government_administration""]",delegates_authority,,stop
13949,2020-21160,Blocking Property of Certain Persons With Respect to the Conventional Arms Activities of Iran,Donald Trump,2020-09-21,2020-09-23,85 FR 60043,13662,https://www.govinfo.gov/content/pkg/FR-2020-09-23/pdf/2020-21160.pdf,https://www.federalregister.gov/documents/full_text/text/2020/09/23/2020-21160.txt,Executive Order 13949 blocks property of persons involved in Iran’s conventional arms activities and imposes related sanctions.,foreign_policy,,,[],imposes_sanctions,,stop
13950,2020-21534,Combating Race and Sex Stereotyping,Donald Trump,2020-09-22,2020-09-28,85 FR 60683,29834,https://www.govinfo.gov/content/pkg/FR-2020-09-28/pdf/2020-21534.pdf,https://www.federalregister.gov/documents/full_text/text/2020/09/28/2020-21534.txt,"Executive Order 13950 directs federal agencies, the Uniformed Services, contractors and grant recipients to prohibit “race or sex stereotyping” and related “divisive concepts,” and it assigns new enforcement and reporting duties to several officials and offices.",justice_and_law_enforcement,,,[],delegates_authority,,stop
13951,2020-21914,An America-First Healthcare Plan,Donald Trump,2020-09-24,2020-10-01,85 FR 62179,36465,https://www.govinfo.gov/content/pkg/FR-2020-10-01/pdf/2020-21914.pdf,https://www.federalregister.gov/documents/full_text/text/2020/10/01/2020-21914.txt,"Executive Order 13951 directs the Secretaries of Treasury, Labor, Health and Human Services, Veterans Affairs, and other officials to maintain and expand existing actions that increase healthcare choice, lower costs, and improve quality. It sets deadlines for the Secretary of Health and Human Services to work with Congress on surprise‑billing legislation, to take administrative action if needed, and to update the Medicare.gov Hospital Compare website within 180 days. The order also reaffirms commitments to expand access to affordable medicines, promote medical innovation, and reduce waste, fraud, and abuse in the healthcare system.",health,,,"[""government_administration"", ""economy_and_finance"", ""technology_and_research""]",delegates_authority,,stop
13952,2020-21960,Protecting Vulnerable Newborn and Infant Children,Donald Trump,2020-09-25,2020-10-02,85 FR 62187,9344,https://www.govinfo.gov/content/pkg/FR-2020-10-02/pdf/2020-21960.pdf,https://www.federalregister.gov/documents/full_text/text/2020/10/02/2020-21960.txt,"Executive Order 13952 directs the Secretary of Health and Human Services to enforce existing federal laws that protect newborn and infant children, to investigate complaints, to take enforcement actions, to prioritize funding for research and training, and to issue guidance as needed.",health,,,[],delegates_authority,,stop
13953,2020-22064,Addressing the Threat to the Domestic Supply Chain From Reliance on Critical Minerals From Foreign Adversaries and Supporting the Domestic Mining and Processing Industries,Donald Trump,2020-09-30,2020-10-05,85 FR 62539,23059,https://www.govinfo.gov/content/pkg/FR-2020-10-05/pdf/2020-22064.pdf,https://www.federalregister.gov/documents/full_text/text/2020/10/05/2020-22064.txt,"Executive Order 13953 directs multiple federal agencies to investigate, report on, and develop policy for domestic critical‑mineral supply chains and amends a prior order on critical minerals.",energy_and_environment,,,[],directs_report_or_study,,stop
13954,2020-22510,Saving Lives Through Increased Support for Mental- and Behavioral-Health Needs,Donald Trump,2020-10-03,2020-10-08,85 FR 63977,9610,https://www.govinfo.gov/content/pkg/FR-2020-10-08/pdf/2020-22510.pdf,https://www.federalregister.gov/documents/full_text/text/2020/10/08/2020-22510.txt,"Executive Order 13954 establishes the Coronavirus Mental Health Working Group to coordinate a whole‑of‑government response to mental‑ and behavioral‑health challenges heightened by the COVID‑19 pandemic, directs agencies to examine and adjust grant programs, and requires the Working Group to submit a coordination report within 45 days.",health,,,"[""government_administration""]",creates_body,,stop
13955,2020-23115,Establishing the One Trillion Trees Interagency Council,Donald Trump,2020-10-13,2020-10-16,85 FR 65643,10094,https://www.govinfo.gov/content/pkg/FR-2020-10-16/pdf/2020-23115.pdf,https://www.federalregister.gov/documents/full_text/text/2020/10/16/2020-23115.txt,Executive Order 13955 establishes the United States One Trillion Trees Interagency Council to coordinate federal activities supporting the global One Trillion Trees initiative.,energy_and_environment,,,[],creates_body,,stop
13956,2020-23116,Modernizing America's Water Resource Management and Water Infrastructure,Donald Trump,2020-10-13,2020-10-16,85 FR 65647,16037,https://www.govinfo.gov/content/pkg/FR-2020-10-16/pdf/2020-23116.pdf,https://www.federalregister.gov/documents/full_text/text/2020/10/16/2020-23116.txt,"Executive Order 13956 creates an interagency Water Subcabinet and directs a series of coordinated actions, reports, and recommendations on water resource management and infrastructure with specific deadlines.",energy_and_environment,,,[],creates_body,,stop
13957,2020-23780,Creating Schedule F in the Excepted Service,Donald Trump,2020-10-21,2020-10-26,85 FR 67631,17609,https://www.govinfo.gov/content/pkg/FR-2020-10-26/pdf/2020-23780.pdf,https://www.federalregister.gov/documents/full_text/text/2020/10/26/2020-23780.txt,"Executive Order 13957 creates “Schedule F” in the excepted service for certain confidential, policy‑determining, policy‑making, or policy‑advocating positions, directs the Director of OPM to adopt implementing regulations, and sets agency‑wide review and reporting requirements.",government_administration,,,[],delegates_authority,,stop
13958,2020-24793,Establishing the President's Advisory 1776 Commission,Donald Trump,2020-11-02,2020-11-05,85 FR 70951,14712,https://www.govinfo.gov/content/pkg/FR-2020-11-05/pdf/2020-24793.pdf,https://www.federalregister.gov/documents/full_text/text/2020/11/05/2020-24793.txt,"Executive Order 13958 creates the President’s Advisory 1776 Commission, a body of up to 20 members appointed by the President to promote patriotic education. The order tasks the Secretary of Education with establishing the commission within 120 days, requires the commission to submit a public report within one year, and sets its termination at two years unless extended. It directs all relevant agencies to prioritize federal resources for patriotic education, affirms federal protection of state and local control over curricula, and rejects the Common Core and any national curriculum standards.",education,,,[],creates_body,,stop
13959,2020-25459,Addressing the Threat From Securities Investments That Finance Communist Chinese Military Companies,Donald Trump,2020-11-12,2020-11-17,85 FR 73185,12186,https://www.govinfo.gov/content/pkg/FR-2020-11-17/pdf/2020-25459.pdf,https://www.federalregister.gov/documents/full_text/text/2020/11/17/2020-25459.txt,Executive Order 13959 prohibits U.S. persons from transacting in securities of Communist Chinese military companies and sets a limited‑time divestment window.,foreign_policy,,,[],imposes_sanctions,,stop
13960,2020-27065,Promoting the Use of Trustworthy Artificial Intelligence in the Federal Government,Donald Trump,2020-12-03,2020-12-08,85 FR 78939,21964,https://www.govinfo.gov/content/pkg/FR-2020-12-08/pdf/2020-27065.pdf,https://www.federalregister.gov/documents/full_text/text/2020/12/08/2020-27065.txt,"Executive Order 13960 establishes a set of AI Principles for Federal Government use, directs OMB, the CIO Council, agencies, the PIF program, and OPM to take specific actions and meet multiple deadlines to implement, inventory, and ensure compliance with those principles.",technology_and_research,,,[],creates_body,Establishes AI Principles for Federal Government use,stop
13961,2020-27353,Governance and Integration of Federal Mission Resilience,Donald Trump,2020-12-07,2020-12-10,85 FR 79379,9262,https://www.govinfo.gov/content/pkg/FR-2020-12-10/pdf/2020-27353.pdf,https://www.federalregister.gov/documents/full_text/text/2020/12/10/2020-27353.txt,Key actions and requirements in Executive Order 13961 (2020‑12‑07).,government_administration,,,[],creates_body,,stop
13962,2020-27455,Ensuring Access to United States Government COVID-19 Vaccines,Donald Trump,2020-12-08,2020-12-11,85 FR 79777,5378,https://www.govinfo.gov/content/pkg/FR-2020-12-11/pdf/2020-27455.pdf,https://www.federalregister.gov/documents/full_text/text/2020/12/11/2020-27455.txt,"Executive Order 13962 assigns responsibilities to senior officials to guarantee priority domestic access to U.S. government‑produced COVID‑19 vaccines and, after domestic needs are met, to coordinate international distribution, and it sets a 30‑day deadline for an interagency strategy.",health,,,[],delegates_authority,,stop
13963,2020-27739,Providing an Order of Succession Within the Department of Defense,Donald Trump,2020-12-10,2020-12-15,85 FR 81331,4636,https://www.govinfo.gov/content/pkg/FR-2020-12-15/pdf/2020-27739.pdf,https://www.federalregister.gov/documents/full_text/text/2020/12/15/2020-27739.txt,Executive Order 13963 establishes a new order of succession for the Department of Defense and revokes the prior succession order (EO 13533).,government_administration,,,[],adjusts_pay_or_admin,,stop
13964,2020-27740,Rebranding United States Foreign Assistance To Advance American Influence,Donald Trump,2020-12-10,2020-12-15,85 FR 81333,8483,https://www.govinfo.gov/content/pkg/FR-2020-12-15/pdf/2020-27740.pdf,https://www.federalregister.gov/documents/full_text/text/2020/12/15/2020-27740.txt,"Executive Order 13964 directs the re‑branding of all United States foreign assistance as “American aid” by establishing standard federal marking regulations, selecting a single logo, requiring its display on assistance‑related materials, and delegating waiver authority for logo use.",foreign_policy,,,[],delegates_authority,,stop
13965,2020-27807,"Providing for the Closing of Executive Departments and Agencies of the Federal Government on December 24, 2020",Donald Trump,2020-12-11,2020-12-16,85 FR 81337,2587,https://www.govinfo.gov/content/pkg/FR-2020-12-16/pdf/2020-27807.pdf,https://www.federalregister.gov/documents/full_text/text/2020/12/16/2020-27807.txt,"The order directs the closure of all executive departments and agencies on December 24 2020, with limited exceptions, and delegates implementation actions to the Director of the Office of Personnel Management.",government_administration,,,[],delegates_authority,,stop
13966,2020-27948,Increasing Economic and Geographic Mobility,Donald Trump,2020-12-14,2020-12-17,85 FR 81777,15764,https://www.govinfo.gov/content/pkg/FR-2020-12-17/pdf/2020-27948.pdf,https://www.federalregister.gov/documents/full_text/text/2020/12/17/2020-27948.txt,"Executive Order 13966 directs heads of all executive departments and agencies to review occupational‑licensing authorities, submit biennial reports, and sets specific reporting deadlines of 90, 120, and 180 days for various agencies, while referencing EO 13777.",government_administration,,,[],directs_report_or_study,,stop
13967,2020-28605,Promoting Beautiful Federal Civic Architecture,Donald Trump,2020-12-18,2020-12-23,85 FR 83739,22340,https://www.govinfo.gov/content/pkg/FR-2020-12-23/pdf/2020-28605.pdf,https://www.federalregister.gov/documents/full_text/text/2020/12/23/2020-28605.txt,Executive Order 13967 establishes the President’s Council on Improving Federal Civic Architecture and sets policy for federal building design.,government_administration,,,[],creates_body,,stop
13968,2020-28606,Promoting Redemption of Savings Bonds,Donald Trump,2020-12-18,2020-12-23,85 FR 83745,6689,https://www.govinfo.gov/content/pkg/FR-2020-12-23/pdf/2020-28606.pdf,https://www.federalregister.gov/documents/full_text/text/2020/12/23/2020-28606.txt,"Executive Order 13968 directs the Department of the Treasury to digitize records of matured unredeemed savings bonds, incorporate the data into the Treasury Hunt website, conduct customer research, and collaborate with states to identify bond owners. It also requires the Secretary of the Treasury to publish a report on the implementation within six months. The order aims to increase redemption of savings bonds and ensure owners receive their entitled remuneration.",economy_and_finance,,,"[""government_administration"", ""technology_and_research""]",directs_report_or_study,,stop
13969,2020-29235,Expanding Educational Opportunity Through School Choice,Donald Trump,2020-12-28,2021-01-04,86 FR 219,10016,https://www.govinfo.gov/content/pkg/FR-2021-01-04/pdf/2020-29235.pdf,https://www.federalregister.gov/documents/full_text/text/2021/01/04/2020-29235.txt,The order directs the Secretary of Health and Human Services to permit Community Services Block Grant funds to be used for emergency learning scholarships for students lacking in‑person instruction.,education,,,[],delegates_authority,,stop
13970,2021-00040,Adjustments of Certain Rates of Pay,Donald Trump,2020-12-31,2021-01-06,86 FR 421,4404,https://www.govinfo.gov/content/pkg/FR-2021-01-06/pdf/2021-00040.pdf,https://www.federalregister.gov/documents/full_text/text/2021/01/06/2021-00040.txt,The order establishes new pay rates for multiple federal pay systems by attaching schedules that become effective on or after January 1 2021.,government_administration,,,[],adjusts_pay_or_admin,,stop
13971,2021-00305,Addressing the Threat Posed by Applications and Other Software Developed or Controlled by Chinese Companies,Donald Trump,2021-01-05,2021-01-08,86 FR 1249,12202,https://www.govinfo.gov/content/pkg/FR-2021-01-08/pdf/2021-00305.pdf,https://www.federalregister.gov/documents/full_text/text/2021/01/08/2021-00305.txt,"Executive Order 13971 imposes sanctions on transactions with persons that develop or control certain Chinese‑connected software applications and directs the Secretary of Commerce to evaluate, report on, and identify such transactions.",technology_and_research,,,[],imposes_sanctions,,stop
13972,2021-01013,Promoting Small Modular Reactors for National Defense and Space Exploration,Donald Trump,2021-01-05,2021-01-14,86 FR 3727,17239,https://www.govinfo.gov/content/pkg/FR-2021-01-14/pdf/2021-01013.pdf,https://www.federalregister.gov/documents/full_text/text/2021/01/14/2021-01013.txt,"Executive Order 13972 directs multiple agencies to plan, demonstrate, and develop nuclear‑energy capabilities for defense and space, setting specific deadlines.",energy_and_environment,,,[],directs_report_or_study,,stop
13973,2021-01094,Providing an Order of Succession Within the Environmental Protection Agency,Donald Trump,2021-01-08,2021-01-15,86 FR 3733,4394,https://www.govinfo.gov/content/pkg/FR-2021-01-15/pdf/2021-01094.pdf,https://www.federalregister.gov/documents/full_text/text/2021/01/15/2021-01094.txt,The order establishes the line of officials who shall serve as Acting Administrator of the Environmental Protection Agency and revokes the prior succession order.,government_administration,,,[],delegates_authority,,stop
13974,2021-01228,Amending Executive Order 13959Addressing the Threat From Securities Investments That Finance Communist Chinese Military Companies,Donald Trump,2021-01-13,2021-01-19,86 FR 4875,5371,https://www.govinfo.gov/content/pkg/FR-2021-01-19/pdf/2021-01228.pdf,https://www.federalregister.gov/documents/full_text/text/2021/01/19/2021-01228.txt,Executive Order 13974 amends Executive Order 13959 to add new divestment time‑frames and definitions related to securities of Communist Chinese military companies.,security_and_defense,,,[],revokes_or_amends,,stop
13975,2021-01469,Encouraging Buy American Policies for the United States Postal Service,Donald Trump,2021-01-14,2021-01-21,86 FR 6547,5586,https://www.govinfo.gov/content/pkg/FR-2021-01-21/pdf/2021-01469.pdf,https://www.federalregister.gov/documents/full_text/text/2021/01/21/2021-01469.txt,The order encourages the United States Postmaster General to consider amending the USPS Supplying Principles and Practices to align with forthcoming FAR Council rules.,government_administration,,,[],other,"The order only encourages consideration of rule changes; it does not create a body, impose sanctions, revoke/amend, confer honor, delegate authority, direct a report, or adjust pay.",stop
13976,2021-01476,Establishing the Wildland Fire Management Policy Committee,Donald Trump,2021-01-14,2021-01-21,86 FR 6549,13023,https://www.govinfo.gov/content/pkg/FR-2021-01-21/pdf/2021-01476.pdf,https://www.federalregister.gov/documents/full_text/text/2021/01/21/2021-01476.txt,"Executive Order 13976 establishes the Interagency Wildland Fire Management Policy Committee (Wildland Fire Subcabinet), designates its co‑chairs, membership, meeting frequency, and sets deadlines for identifying existing interagency working groups, developing a strategic plan, and reporting on progress.",energy_and_environment,,,"[""government_administration""]",creates_body,,stop
13977,2021-01635,"Protecting Law Enforcement Officers, Judges, Prosecutors, and Their Families",Donald Trump,2021-01-18,2021-01-22,86 FR 6803,12759,https://www.govinfo.gov/content/pkg/FR-2021-01-22/pdf/2021-01635.pdf,https://www.federalregister.gov/documents/full_text/text/2021/01/22/2021-01635.txt,"Executive Order 13977 directs federal officials to remove obstacles and expand concealed‑carry rights for law‑enforcement officers, prosecutors and judges, and to improve their protection.",justice_and_law_enforcement,,,[],delegates_authority,,stop
13978,2021-01643,Building the National Garden of American Heroes,Donald Trump,2021-01-18,2021-01-22,86 FR 6809,15669,https://www.govinfo.gov/content/pkg/FR-2021-01-22/pdf/2021-01643.pdf,https://www.federalregister.gov/documents/full_text/text/2021/01/22/2021-01643.txt,"Executive Order 13978 revises Executive Order 13934 and amends several of its sections, directing the Interagency Task Force to continue work on the National Garden of American Heroes.",other,,cultural‑heritage monument project (National Garden of American Heroes),[],revokes_or_amends,,stop
13979,2021-01644,Ensuring Democratic Accountability in Agency Rulemaking,Donald Trump,2021-01-18,2021-01-22,86 FR 6813,7469,https://www.govinfo.gov/content/pkg/FR-2021-01-22/pdf/2021-01644.pdf,https://www.federalregister.gov/documents/full_text/text/2021/01/22/2021-01644.txt,"Executive Order 13979 directs agency heads to require senior‑appointee signatures on rulemaking, to review delegations and existing rules, and to report findings, thereby assigning new authority and responsibilities to agency officials.",government_administration,,,[],delegates_authority,,stop
13980,2021-01645,Protecting Americans From Overcriminalization Through Regulatory Reform,Donald Trump,2021-01-18,2021-01-22,86 FR 6817,12342,https://www.govinfo.gov/content/pkg/FR-2021-01-22/pdf/2021-01645.pdf,https://www.federalregister.gov/documents/full_text/text/2021/01/22/2021-01645.txt,"The order directs all executive agencies to publish, within 45 days, guidance in the Federal Register that outlines a plan for administratively handling regulatory offenses that could otherwise be referred for criminal prosecution.",justice_and_law_enforcement,,,[],directs_report_or_study,,stop
13981,2021-01646,Protecting the United States From Certain Unmanned Aircraft Systems,Donald Trump,2021-01-18,2021-01-22,86 FR 6821,11547,https://www.govinfo.gov/content/pkg/FR-2021-01-22/pdf/2021-01646.pdf,https://www.federalregister.gov/documents/full_text/text/2021/01/22/2021-01646.txt,"Executive Order 13981 directs multiple federal officials to review, report, and propose actions concerning the procurement, use, and regulation of unmanned aircraft systems (UAS) that contain components from foreign adversary countries.",technology_and_research,,,[],directs_report_or_study,,stop
13982,2021-01712,Care of Veterans With Service in Uzbekistan,Donald Trump,2021-01-19,2021-01-25,86 FR 6833,3708,https://www.govinfo.gov/content/pkg/FR-2021-01-25/pdf/2021-01712.pdf,https://www.federalregister.gov/documents/full_text/text/2021/01/25/2021-01712.txt,"The order directs the Secretary of Veterans Affairs, in consultation with the Secretary of Defense, to consider designating veterans who served in Uzbekistan from October 2001 to December 2005 as theater‑of‑combat veterans under 38 U.S.C. § 1710(e)(1)(D). It also requires the Secretary of Defense to conduct a rigorous study of toxic exposure at the Karshi‑Khanabad Air Base during that period and to submit a report to the President through the Secretary of Veterans Affairs within 365 days of the order’s issuance.",health,,,"[""government_administration""]",delegates_authority,,stop
13983,2021-01713,Revocation of Executive Order 13770,Donald Trump,2021-01-19,2021-01-25,86 FR 6835,1921,https://www.govinfo.gov/content/pkg/FR-2021-01-25/pdf/2021-01713.pdf,https://www.federalregister.gov/documents/full_text/text/2021/01/25/2021-01713.txt,"The order revokes Executive Order 13770, which established ethics commitments for executive‑branch appointees.",government_administration,,,[],revokes_or_amends,,stop
13984,2021-01714,Taking Additional Steps To Address the National Emergency With Respect to Significant Malicious Cyber- Enabled Activities,Donald Trump,2021-01-19,2021-01-25,86 FR 6837,23642,https://www.govinfo.gov/content/pkg/FR-2021-01-25/pdf/2021-01714.pdf,https://www.federalregister.gov/documents/full_text/text/2021/01/25/2021-01714.txt,"EO 13984 amends EO 13694, directs the Secretary of Commerce to propose verification regulations for IaaS providers within 180 days, directs the Secretary to propose special‑measure regulations within 180 days, requires the Attorney General and the Secretary of Homeland Security to seek industry feedback within 120 days and to submit a report with recommendations within 240 days.",technology_and_research,,,[],revokes_or_amends,,stop
13985,2021-01753,Advancing Racial Equity and Support for Underserved Communities Through the Federal Government,Joseph R. Biden Jr.,2021-01-20,2021-01-25,86 FR 7009,16632,https://www.govinfo.gov/content/pkg/FR-2021-01-25/pdf/2021-01753.pdf,https://www.federalregister.gov/documents/full_text/text/2021/01/25/2021-01753.txt,"Executive Order 13985 establishes an interagency data working group, directs multiple studies and reports on equity, sets several reporting deadlines, and requires agencies to develop equity‑focused plans.",technology_and_research,,,[],creates_body,,stop
13986,2021-01755,Ensuring a Lawful and Accurate Enumeration and Apportionment Pursuant to the Decennial Census,Joseph R. Biden Jr.,2021-01-20,2021-01-25,86 FR 7015,10620,https://www.govinfo.gov/content/pkg/FR-2021-01-25/pdf/2021-01755.pdf,https://www.federalregister.gov/documents/full_text/text/2021/01/25/2021-01755.txt,"Executive Order 13986 revokes EO 13880 and a 2020 Presidential Memorandum, and directs the Secretary of Commerce to report total‑population tabulations for apportionment without regard to immigration status, with a reporting deadline of within one year of the census date.",government_administration,,,[],revokes_or_amends,,stop
13987,2021-01759,Organizing and Mobilizing the United States Government To Provide a Unified and Effective Response To Combat COVID-19 and To Provide United States Leadership on Global Health and Security,Joseph R. Biden Jr.,2021-01-20,2021-01-25,86 FR 7019,9417,https://www.govinfo.gov/content/pkg/FR-2021-01-25/pdf/2021-01759.pdf,https://www.federalregister.gov/documents/full_text/text/2021/01/25/2021-01759.txt,Executive Order 13987 (Jan 20 2021) organizes the federal response to COVID‑19 and global health security.,government_administration,,,[],creates_body,,stop
13988,2021-01761,Preventing and Combating Discrimination on the Basis of Gender Identity or Sexual Orientation,Joseph R. Biden Jr.,2021-01-20,2021-01-25,86 FR 7023,7383,https://www.govinfo.gov/content/pkg/FR-2021-01-25/pdf/2021-01761.pdf,https://www.federalregister.gov/documents/full_text/text/2021/01/25/2021-01761.txt,The order directs agency heads to develop a plan within 100 days to implement its anti‑discrimination policy.,justice_and_law_enforcement,,,[],delegates_authority,,stop
13989,2021-01762,Ethics Commitments by Executive Branch Personnel,Joseph R. Biden Jr.,2021-01-20,2021-01-25,86 FR 7029,25475,https://www.govinfo.gov/content/pkg/FR-2021-01-25/pdf/2021-01762.pdf,https://www.federalregister.gov/documents/full_text/text/2021/01/25/2021-01762.txt,Executive Order 13989 requires all executive‑branch appointees to sign an ethics pledge and gives the Director of OMB authority to grant waivers; it also directs agencies and the Office of Government Ethics to report on compliance.,government_administration,,,[],delegates_authority,,stop
13990,2021-01765,Protecting Public Health and the Environment and Restoring Science To Tackle the Climate Crisis,Joseph R. Biden Jr.,2021-01-20,2021-01-25,86 FR 7037,27907,https://www.govinfo.gov/content/pkg/FR-2021-01-25/pdf/2021-01765.pdf,https://www.federalregister.gov/documents/full_text/text/2021/01/25/2021-01765.txt,"Executive Order 13990 establishes a new inter‑agency working group, revokes an earlier order with limited exceptions, assigns officials to consider a replacement order, and imposes reporting deadlines for agency reviews and monument restoration.",energy_and_environment,,,"[""government_administration""]",creates_body,,stop
13991,2021-01766,Protecting the Federal Workforce and Requiring Mask-Wearing,Joseph R. Biden Jr.,2021-01-20,2021-01-25,86 FR 7045,14080,https://www.govinfo.gov/content/pkg/FR-2021-01-25/pdf/2021-01766.pdf,https://www.federalregister.gov/documents/full_text/text/2021/01/25/2021-01766.txt,"Executive Order 13991 establishes the Safer Federal Workforce Task Force and directs federal agencies to require mask‑wearing and other CDC‑based health measures for employees, contractors, and visitors.",government_administration,,,[],creates_body,,stop
13992,2021-01767,Revocation of Certain Executive Orders Concerning Federal Regulation,Joseph R. Biden Jr.,2021-01-20,2021-01-25,86 FR 7049,4655,https://www.govinfo.gov/content/pkg/FR-2021-01-25/pdf/2021-01767.pdf,https://www.federalregister.gov/documents/full_text/text/2021/01/25/2021-01767.txt,Executive Order 13992 revokes six prior executive orders that dealt with regulatory policy.,government_administration,,,[],revokes_or_amends,,stop
13993,2021-01768,Revision of Civil Immigration Enforcement Policies and Priorities,Joseph R. Biden Jr.,2021-01-20,2021-01-25,86 FR 7051,3209,https://www.govinfo.gov/content/pkg/FR-2021-01-25/pdf/2021-01768.pdf,https://www.federalregister.gov/documents/full_text/text/2021/01/25/2021-01768.txt,Executive Order 13993 revokes Executive Order 13768 and directs agencies to review related actions.,immigration,,,[],revokes_or_amends,,stop
13994,2021-01849,Ensuring a Data-Driven Response to COVID-19 and Future High-Consequence Public Health Threats,Joseph R. Biden Jr.,2021-01-21,2021-01-26,86 FR 7189,7778,https://www.govinfo.gov/content/pkg/FR-2021-01-26/pdf/2021-01849.pdf,https://www.federalregister.gov/documents/full_text/text/2021/01/26/2021-01849.txt,"Executive Order 13994 directs federal agencies to gather, share, and publish COVID‑19‑related data and to designate senior officials to lead those efforts, thereby delegating authority to officials and agencies to improve public‑health data systems.",health,,,[],delegates_authority,,stop
13995,2021-01852,Ensuring an Equitable Pandemic Response and Recovery,Joseph R. Biden Jr.,2021-01-21,2021-01-26,86 FR 7193,13522,https://www.govinfo.gov/content/pkg/FR-2021-01-26/pdf/2021-01852.pdf,https://www.federalregister.gov/documents/full_text/text/2021/01/26/2021-01852.txt,"Executive Order 13995 establishes a COVID‑19 Health Equity Task Force, directs it to report to the COVID‑19 Response Coordinator, sets a termination deadline, and references a prior data‑driven response order.",health,,,[],creates_body,,stop
13996,2021-01854,Establishing the COVID-19 Pandemic Testing Board and Ensuring a Sustainable Public Health Workforce for COVID-19 and Other Biological Threats,Joseph R. Biden Jr.,2021-01-21,2021-01-26,86 FR 7197,10237,https://www.govinfo.gov/content/pkg/FR-2021-01-26/pdf/2021-01854.pdf,https://www.federalregister.gov/documents/full_text/text/2021/01/26/2021-01854.txt,"Executive Order 13996 creates two new public‑health bodies, directs the Secretary of HHS to submit a strategic workforce plan, and delegates authority to several secretaries to provide free COVID‑19 testing.",health,,,[],creates_body,,stop
13997,2021-01858,Improving and Expanding Access to Care and Treatments for COVID-19,Joseph R. Biden Jr.,2021-01-21,2021-01-26,86 FR 7201,7801,https://www.govinfo.gov/content/pkg/FR-2021-01-26/pdf/2021-01858.pdf,https://www.federalregister.gov/documents/full_text/text/2021/01/26/2021-01858.txt,"Executive Order 13997 directs existing federal agencies to develop plans, issue recommendations, and take actions that expand access to COVID‑19 treatments and strengthen the nation’s health‑care capacity.",health,,,[],delegates_authority,,stop
13998,2021-01859,Promoting COVID-19 Safety in Domestic and International Travel,Joseph R. Biden Jr.,2021-01-21,2021-01-26,86 FR 7205,14469,https://www.govinfo.gov/content/pkg/FR-2021-01-26/pdf/2021-01859.pdf,https://www.federalregister.gov/documents/full_text/text/2021/01/26/2021-01859.txt,"Executive Order 13998 directs federal agencies to require mask‑wearing on domestic transportation, to report progress, and to develop plans for international travel safety.",health,,,"[""energy_and_environment"", ""government_administration""]",delegates_authority,,stop
13999,2021-01863,Protecting Worker Health and Safety,Joseph R. Biden Jr.,2021-01-21,2021-01-26,86 FR 7211,6603,https://www.govinfo.gov/content/pkg/FR-2021-01-26/pdf/2021-01863.pdf,https://www.federalregister.gov/documents/full_text/text/2021/01/26/2021-01863.txt,"Executive Order 13999 directs the Secretary of Labor to take a series of actions to protect workers from COVID‑19, thereby delegating authority to the Labor Department.",labor_and_workforce,,,[],delegates_authority,,stop
14000,2021-01864,Supporting the Reopening and Continuing Operation of Schools and Early Childhood Education Providers,Joseph R. Biden Jr.,2021-01-21,2021-01-26,86 FR 7215,10614,https://www.govinfo.gov/content/pkg/FR-2021-01-26/pdf/2021-01864.pdf,https://www.federalregister.gov/documents/full_text/text/2021/01/26/2021-01864.txt,Executive Order 14000 directs the Secretaries of Education and Health and Human Services to carry out a range of duties to support safe reopening and continued operation of schools and early‑childhood education providers.,education,,,[],delegates_authority,,stop
14001,2021-01865,A Sustainable Public Health Supply Chain,Joseph R. Biden Jr.,2021-01-21,2021-01-26,86 FR 7219,11931,https://www.govinfo.gov/content/pkg/FR-2021-01-26/pdf/2021-01865.pdf,https://www.federalregister.gov/documents/full_text/text/2021/01/26/2021-01865.txt,"Executive Order 14001 directs multiple federal officials to review, report on, and develop strategies for pandemic‑related supply‑chain needs, and it references Executive Order 13910.",health,,,[],delegates_authority,,stop
14002,2021-01923,Economic Relief Related to the COVID-19 Pandemic,Joseph R. Biden Jr.,2021-01-22,2021-01-27,86 FR 7229,3847,https://www.govinfo.gov/content/pkg/FR-2021-01-27/pdf/2021-01923.pdf,https://www.federalregister.gov/documents/full_text/text/2021/01/27/2021-01923.txt,"Executive Order 14002 directs federal agencies to use existing authority to take actions that relieve individuals, families, small businesses, and state, local, tribal, and territorial governments from the economic impacts of the COVID‑19 pandemic.",economy_and_finance,,,[],delegates_authority,,stop
14003,2021-01924,Protecting the Federal Workforce,Joseph R. Biden Jr.,2021-01-22,2021-01-27,86 FR 7231,7181,https://www.govinfo.gov/content/pkg/FR-2021-01-27/pdf/2021-01924.pdf,https://www.federalregister.gov/documents/full_text/text/2021/01/27/2021-01924.txt,"Executive Order 14003 revokes several prior executive orders and a presidential memorandum, disbands a working group, directs agency heads to suspend or rescind actions related to the revoked orders, and requires the Director of OPM to provide a report on a $15‑hour minimum wage for federal employees.",government_administration,,,[],revokes_or_amends,,stop
14004,2021-02034,Enabling All Qualified Americans To Serve Their Country in Uniform,Joseph R. Biden Jr.,2021-01-25,2021-01-28,86 FR 7471,9831,https://www.govinfo.gov/content/pkg/FR-2021-01-28/pdf/2021-02034.pdf,https://www.federalregister.gov/documents/full_text/text/2021/01/28/2021-02034.txt,Executive Order 14004 directs the Department of Defense and the Department of Homeland Security to remove barriers for transgender individuals to serve openly in the U.S. military and to correct related personnel records.,security_and_defense,,,[],delegates_authority,,stop
14005,2021-02038,Ensuring the Future Is Made in All of America by All of America's Workers,Joseph R. Biden Jr.,2021-01-25,2021-01-28,86 FR 7475,18873,https://www.govinfo.gov/content/pkg/FR-2021-01-28/pdf/2021-02038.pdf,https://www.federalregister.gov/documents/full_text/text/2021/01/28/2021-02038.txt,Executive Order 14005 establishes a Made‑in‑America Office within OMB to centralize waiver reviews and directs agencies to report and act on domestic‑preference procurement.,economy_and_finance,,,[],creates_body,,stop
14006,2021-02070,Reforming Our Incarceration System To Eliminate the Use of Privately Operated Criminal Detention Facilities,Joseph R. Biden Jr.,2021-01-26,2021-01-29,86 FR 7483,3897,https://www.govinfo.gov/content/pkg/FR-2021-01-29/pdf/2021-02070.pdf,https://www.federalregister.gov/documents/full_text/text/2021/01/29/2021-02070.txt,"The order directs the Attorney General not to renew DOJ contracts with privately operated criminal detention facilities, thereby limiting the federal government’s reliance on such facilities.",justice_and_law_enforcement,,,[],delegates_authority,,stop
14007,2021-02176,President's Council of Advisors on Science and Technology,Joseph R. Biden Jr.,2021-01-27,2021-02-01,86 FR 7615,8080,https://www.govinfo.gov/content/pkg/FR-2021-02-01/pdf/2021-02176.pdf,https://www.federalregister.gov/documents/full_text/text/2021/02/01/2021-02176.txt,Executive Order 14007 establishes the President’s Council of Advisors on Science and Technology (PCAST) and sets a two‑year termination deadline for the council.,technology_and_research,,,[],creates_body,,stop
14008,2021-02177,Tackling the Climate Crisis at Home and Abroad,Joseph R. Biden Jr.,2021-01-27,2021-02-01,86 FR 7619,65438,https://www.govinfo.gov/content/pkg/FR-2021-02-01/pdf/2021-02177.pdf,https://www.federalregister.gov/documents/full_text/text/2021/02/01/2021-02177.txt,"Executive Order 14008 creates multiple climate‑focused bodies (Special Presidential Envoy, White House Office of Domestic Climate Policy, National Climate Task Force, Interagency Working Group on Coal and Power Plant Communities, White House Environmental Justice Interagency Council, and Advisory Council), reinstates a 2016 Presidential Memorandum, and directs a wide range of agencies to develop plans, strategies, and reports on climate finance, security, action plans, conservation, and environmental‑justice metrics, many with specific deadlines ranging from 30 days to February 2022.",energy_and_environment,,,"[""government_administration""]",creates_body,,stop
14009,2021-02252,Strengthening Medicaid and the Affordable Care Act,Joseph R. Biden Jr.,2021-01-28,2021-02-02,86 FR 7793,7597,https://www.govinfo.gov/content/pkg/FR-2021-02-02/pdf/2021-02252.pdf,https://www.federalregister.gov/documents/full_text/text/2021/02/02/2021-02252.txt,"Executive Order 14009 directs the President’s administration to strengthen Medicaid and the Affordable Care Act. It directs the Secretary of Health and Human Services to consider a special enrollment period and requires the Treasury, Labor, Health and Human Services, and other agency heads to review existing regulations and actions for consistency with the order’s policy, and to suspend or rescind those that are inconsistent. The order also revokes Executive Orders 13765 and 13813, which had limited ACA provisions. The order is implemented consistent with applicable law and subject to appropriations.",health,,,"[""government_administration""]",revokes_or_amends,,stop
14010,2021-02561,"Creating a Comprehensive Regional Framework To Address the Causes of Migration, To Manage Migration Throughout North and Central America, and To Provide Safe and Orderly Processing of Asylum Seekers at the United States Border",Joseph R. Biden Jr.,2021-02-02,2021-02-05,86 FR 8267,18910,https://www.govinfo.gov/content/pkg/FR-2021-02-05/pdf/2021-02561.pdf,https://www.federalregister.gov/documents/full_text/text/2021/02/05/2021-02561.txt,Executive Order 14010 revokes several prior immigration‑related directives and sets time‑bound reporting and rule‑making requirements for the Department of Homeland Security and other agencies.,immigration,,,[],revokes_or_amends,,stop
14011,2021-02562,Establishment of Interagency Task Force on the Reunification of Families,Joseph R. Biden Jr.,2021-02-02,2021-02-05,86 FR 8273,8712,https://www.govinfo.gov/content/pkg/FR-2021-02-05/pdf/2021-02562.pdf,https://www.federalregister.gov/documents/full_text/text/2021/02/05/2021-02562.txt,Executive Order 14011 creates an interagency task force to reunify families separated at the U.S.–Mexico border and sets reporting and termination timelines.,immigration,,,[],creates_body,,stop
14012,2021-02563,Restoring Faith in Our Legal Immigration Systems and Strengthening Integration and Inclusion Efforts for New Americans,Joseph R. Biden Jr.,2021-02-02,2021-02-05,86 FR 8277,13254,https://www.govinfo.gov/content/pkg/FR-2021-02-05/pdf/2021-02563.pdf,https://www.federalregister.gov/documents/full_text/text/2021/02/05/2021-02563.txt,"EO 14012 creates a Task Force on New Americans and a Naturalization Working Group, directs multiple agencies to develop plans and reports within specified timeframes (60‑180 days), and revokes the 2019 Presidential Memorandum on sponsor responsibilities.",immigration,,,"[""civil_rights""]",creates_body,,stop
14013,2021-02804,Rebuilding and Enhancing Programs To Resettle Refugees and Planning for the Impact of Climate Change on Migration,Joseph R. Biden Jr.,2021-02-04,2021-02-09,86 FR 8839,25912,https://www.govinfo.gov/content/pkg/FR-2021-02-09/pdf/2021-02804.pdf,https://www.federalregister.gov/documents/full_text/text/2021/02/09/2021-02804.txt,"Executive Order 14013 revokes two prior refugee‑related executive orders and a 2017 Presidential Memorandum, and directs a series of agency reports, reviews and actions to rebuild and expand the U.S. Refugee Admissions Program (USRAP) and related Special Immigrant Visa (SIV) programs, as well as a climate‑change‑migration report.",immigration,,,[],revokes_or_amends,,stop
14014,2021-03139,Blocking Property With Respect to the Situation in Burma,Joseph R. Biden Jr.,2021-02-10,2021-02-12,86 FR 9429,12773,https://www.govinfo.gov/content/pkg/FR-2021-02-12/pdf/2021-03139.pdf,https://www.federalregister.gov/documents/full_text/text/2021/02/12/2021-03139.txt,"Executive Order 14014 blocks property and related transactions of designated persons connected to the Burmese military regime, prohibits contributions and entry of such persons, bans evasion activities, and authorizes the Treasury to implement the sanctions.",foreign_policy,,,[],imposes_sanctions,,stop
14015,2021-03424,Establishment of the White House Office of Faith- Based and Neighborhood Partnerships,Joseph R. Biden Jr.,2021-02-14,2021-02-18,86 FR 10007,10075,https://www.govinfo.gov/content/pkg/FR-2021-02-18/pdf/2021-03424.pdf,https://www.federalregister.gov/documents/full_text/text/2021/02/18/2021-03424.txt,"Executive Order 14015 creates the White House Office of Faith‑Based and Neighborhood Partnerships, directs it to begin operations within 30 days, and outlines its functions.",government_administration,,,[],creates_body,,stop
14016,2021-03874,Revocation of Executive Order 13801,Joseph R. Biden Jr.,2021-02-17,2021-02-23,86 FR 11089,2413,https://www.govinfo.gov/content/pkg/FR-2021-02-23/pdf/2021-03874.pdf,https://www.federalregister.gov/documents/full_text/text/2021/02/23/2021-03874.txt,"Executive Order 14016 revokes Executive Order 13801, which had expanded apprenticeships.",education,,,[],revokes_or_amends,,stop
14017,2021-04280,America's Supply Chains,Joseph R. Biden Jr.,2021-02-24,2021-03-01,86 FR 11849,21505,https://www.govinfo.gov/content/pkg/FR-2021-03-01/pdf/2021-04280.pdf,https://www.federalregister.gov/documents/full_text/text/2021/03/01/2021-04280.txt,Executive Order 14017 establishes a coordinated inter‑agency process and a series of time‑bound reporting requirements to strengthen the resilience of U.S. supply chains.,economy_and_finance,,,[],delegates_authority,,stop
14018,2021-04281,Revocation of Certain Presidential Actions,Joseph R. Biden Jr.,2021-02-24,2021-03-01,86 FR 11855,3446,https://www.govinfo.gov/content/pkg/FR-2021-03-01/pdf/2021-04281.pdf,https://www.federalregister.gov/documents/full_text/text/2021/03/01/2021-04281.txt,"Executive Order 14018 revokes a series of prior executive orders, memoranda, and related presidential actions.",government_administration,,,[],revokes_or_amends,,stop
14019,2021-05087,Promoting Access to Voting,Joseph R. Biden Jr.,2021-03-07,2021-03-10,86 FR 13623,22027,https://www.govinfo.gov/content/pkg/FR-2021-03-10/pdf/2021-05087.pdf,https://www.federalregister.gov/documents/full_text/text/2021/03/10/2021-05087.txt,Executive Order 14019 creates an interagency steering group on Native American voting rights and directs multiple agencies to develop plans and reports on voting‑access initiatives.,justice_and_law_enforcement,,,[],creates_body,,stop
14020,2021-05183,Establishment of the White House Gender Policy Council,Joseph R. Biden Jr.,2021-03-08,2021-03-11,86 FR 13797,18007,https://www.govinfo.gov/content/pkg/FR-2021-03-11/pdf/2021-05183.pdf,https://www.federalregister.gov/documents/full_text/text/2021/03/11/2021-05183.txt,"Executive Order 14020 creates the White House Gender Policy Council and directs it to coordinate federal actions on gender equity, set deadlines for staffing and strategy development, and terminates/amends a prior working group.",government_administration,,the order’s substantive focus is gender equity and equality policy,"[""civil_rights"", ""justice_and_law_enforcement""]",creates_body,,stop
14021,2021-05200,"Guaranteeing an Educational Environment Free From Discrimination on the Basis of Sex, Including Sexual Orientation or Gender Identity",Joseph R. Biden Jr.,2021-03-08,2021-03-11,86 FR 13803,5553,https://www.govinfo.gov/content/pkg/FR-2021-03-11/pdf/2021-05200.pdf,https://www.federalregister.gov/documents/full_text/text/2021/03/11/2021-05200.txt,"Executive Order 14021 directs the Secretary of Education, in consultation with the Attorney General, to review and report on all federal‑assisted education agency actions that conflict with the policy guaranteeing students an environment free from sex‑based discrimination, including sexual orientation and gender identity. Within 100 days the Secretary must provide findings to the OMB Director and may issue new guidance, consider revising or rescinding inconsistent rules, and pursue additional enforcement actions.",education,,,"[""civil_rights""]",directs_report_or_study,,stop
14022,2021-07239,Termination of Emergency With Respect to the International Criminal Court,Joseph R. Biden Jr.,2021-04-01,2021-04-07,86 FR 17895,4124,https://www.govinfo.gov/content/pkg/FR-2021-04-07/pdf/2021-07239.pdf,https://www.federalregister.gov/documents/full_text/text/2021/04/07/2021-07239.txt,Executive Order 14022 terminates the national emergency that was created by EO 13928 and revokes that earlier order.,justice_and_law_enforcement,,,[],revokes_or_amends,,stop
14023,2021-07756,Establishment of the Presidential Commission on the Supreme Court of the United States,Joseph R. Biden Jr.,2021-04-09,2021-04-14,86 FR 19569,5124,https://www.govinfo.gov/content/pkg/FR-2021-04-14/pdf/2021-07756.pdf,https://www.federalregister.gov/documents/full_text/text/2021/04/14/2021-07756.txt,"Executive Order 14023 creates the Presidential Commission on the Supreme Court of the United States, a body focused on Supreme Court reform.",justice_and_law_enforcement,,,[],creates_body,,stop
14024,2021-08098,Blocking Property With Respect To Specified Harmful Foreign Activities of the Government of the Russian Federation,Joseph R. Biden Jr.,2021-04-15,2021-04-19,86 FR 20249,15658,https://www.govinfo.gov/content/pkg/FR-2021-04-19/pdf/2021-08098.pdf,https://www.federalregister.gov/documents/full_text/text/2021/04/19/2021-08098.txt,Executive Order 14024 blocks property and suspends entry for persons linked to specified harmful activities of the Russian government.,foreign_policy,,,[],imposes_sanctions,,stop
14025,2021-09213,Worker Organizing and Empowerment,Joseph R. Biden Jr.,2021-04-26,2021-04-29,86 FR 22829,12292,https://www.govinfo.gov/content/pkg/FR-2021-04-29/pdf/2021-09213.pdf,https://www.federalregister.gov/documents/full_text/text/2021/04/29/2021-09213.txt,"Executive Order 14025 establishes a Task Force on Worker Organizing and Empowerment, revokes two prior orders, and sets a 180‑day deadline for the Task Force to submit recommendations.",labor_and_workforce,,,[],creates_body,,stop
14026,2021-09263,Increasing the Minimum Wage for Federal Contractors,Joseph R. Biden Jr.,2021-04-27,2021-04-30,86 FR 22835,16269,https://www.govinfo.gov/content/pkg/FR-2021-04-30/pdf/2021-09263.pdf,https://www.federalregister.gov/documents/full_text/text/2021/04/30/2021-09263.txt,Executive Order 14026 sets new minimum‑wage requirements for federal contractors and directs agencies to implement them through regulations and FAR amendments. It also revokes EO 13838 and supersedes EO 13658.,labor_and_workforce,,,[],other,establishes a minimum‑wage policy for contractors – not covered by the listed instrument categories,stop
14027,2021-10139,Establishment of the Climate Change Support Office,Joseph R. Biden Jr.,2021-05-07,2021-05-12,86 FR 25947,4141,https://www.govinfo.gov/content/pkg/FR-2021-05-12/pdf/2021-10139.pdf,https://www.federalregister.gov/documents/full_text/text/2021/05/12/2021-10139.txt,Executive Order 14027 creates the Climate Change Support Office within the Department of State.,energy_and_environment,,,[],creates_body,,stop
14028,2021-10460,Improving the Nation's Cybersecurity,Joseph R. Biden Jr.,2021-05-12,2021-05-17,86 FR 26633,68237,https://www.govinfo.gov/content/pkg/FR-2021-05-17/pdf/2021-10460.pdf,https://www.federalregister.gov/documents/full_text/text/2021/05/17/2021-10460.txt,Key actions in Executive Order 14028 (Improving the Nation's Cybersecurity),technology_and_research,,,[],creates_body,,stop
14029,2021-10691,Revocation of Certain Presidential Actions and Technical Amendment,Joseph R. Biden Jr.,2021-05-14,2021-05-19,86 FR 27025,6585,https://www.govinfo.gov/content/pkg/FR-2021-05-19/pdf/2021-10691.pdf,https://www.federalregister.gov/documents/full_text/text/2021/05/19/2021-10691.txt,"The order revokes a series of prior presidential actions and, through a technical amendment, revokes EO 13957 and amends Civil Service Rule VI to eliminate Schedule F in the excepted service.",government_administration,,,[],revokes_or_amends,,stop
14030,2021-11168,Climate-Related Financial Risk,Joseph R. Biden Jr.,2021-05-20,2021-05-25,86 FR 27967,17493,https://www.govinfo.gov/content/pkg/FR-2021-05-25/pdf/2021-11168.pdf,https://www.federalregister.gov/documents/full_text/text/2021/05/25/2021-11168.txt,"Executive Order 14030 directs multiple agencies to develop strategies, issue reports, and take actions on climate‑related financial risk, and it reinstates a previously revoked flood‑risk standard.",energy_and_environment,,,[],directs_report_or_study,,stop
14031,2021-11792,"Advancing Equity, Justice, and Opportunity for Asian Americans, Native Hawaiians, and Pacific Islanders",Joseph R. Biden Jr.,2021-05-28,2021-06-03,86 FR 29675,23546,https://www.govinfo.gov/content/pkg/FR-2021-06-03/pdf/2021-11792.pdf,https://www.federalregister.gov/documents/full_text/text/2021/06/03/2021-11792.txt,"Executive Order 14031 establishes the President’s Advisory Commission on Asian Americans, Native Hawaiians, and Pacific Islanders and the White House Initiative on Asian Americans, Native Hawaiians, and Pacific Islanders; directs HHS to fund and support the Commission; requires each Initiative agency to prepare a plan; mandates an annual interagency report; and sets the Commission’s termination two years after the order unless renewed.",civil_rights,,,[],creates_body,,stop
14032,2021-12019,Addressing the Threat From Securities Investments That Finance Certain Companies of the People's Republic of China,Joseph R. Biden Jr.,2021-06-03,2021-06-07,86 FR 30145,10534,https://www.govinfo.gov/content/pkg/FR-2021-06-07/pdf/2021-12019.pdf,https://www.federalregister.gov/documents/full_text/text/2021/06/07/2021-12019.txt,"Executive Order 14032 expands the national emergency on securities investments that finance certain Chinese companies. It prohibits U.S. persons from purchasing or selling publicly traded securities of listed entities and sets enforcement dates. The order authorizes the Treasury, in consultation with State and Defense, to issue rules, report to Congress, and determine removal of prohibitions. All federal agencies must take measures to implement the prohibitions.",foreign_policy,,,"[""security_and_defense"", ""economy_and_finance""]",imposes_sanctions,,stop
14033,2021-12382,Blocking Property and Suspending Entry Into the United States of Certain Persons Contributing to the Destabilizing Situation in the Western Balkans,Joseph R. Biden Jr.,2021-06-08,2021-06-10,86 FR 31079,12880,https://www.govinfo.gov/content/pkg/FR-2021-06-10/pdf/2021-12382.pdf,https://www.federalregister.gov/documents/full_text/text/2021/06/10/2021-12382.txt,"Executive Order 14033 expands an existing national emergency, blocks property of designated persons, suspends their entry into the United States, and delegates authority to the Treasury to implement the measures.",foreign_policy,,,[],imposes_sanctions,,stop
14034,2021-12506,Protecting Americans' Sensitive Data From Foreign Adversaries,Joseph R. Biden Jr.,2021-06-09,2021-06-11,86 FR 31423,13952,https://www.govinfo.gov/content/pkg/FR-2021-06-11/pdf/2021-12506.pdf,https://www.federalregister.gov/documents/full_text/text/2021/06/11/2021-12506.txt,"Executive Order 14034 directs agencies to rescind prior orders, requires multiple reports on data‑security risks, and gives the Secretary of Commerce authority to evaluate connected‑software transactions.",technology_and_research,,,[],other,"The order performs several distinct actions (delegating authority, directing reports, and rescinding prior orders); each is captured in separate claim objects below.",stop
14035,2021-14127,"Diversity, Equity, Inclusion, and Accessibility in the Federal Workforce",Joseph R. Biden Jr.,2021-06-25,2021-06-30,86 FR 34593,48643,https://www.govinfo.gov/content/pkg/FR-2021-06-30/pdf/2021-14127.pdf,https://www.federalregister.gov/documents/full_text/text/2021/06/30/2021-14127.txt,"Executive Order 14035 (June 25 2021) directs the federal government to expand and coordinate a Government‑wide Diversity, Equity, Inclusion, and Accessibility (DEIA) initiative, requires agencies to develop and report on DEIA plans, and delegates authority to the Director of OPM.",government_administration,,,[],delegates_authority,,stop
14036,2021-15069,Promoting Competition in the American Economy,Joseph R. Biden Jr.,2021-07-09,2021-07-14,86 FR 36987,52894,https://www.govinfo.gov/content/pkg/FR-2021-07-14/pdf/2021-15069.pdf,https://www.federalregister.gov/documents/full_text/text/2021/07/14/2021-15069.txt,"Executive Order 14036 creates a White House Competition Council and directs federal agencies to coordinate, investigate, and take specific actions to promote competition across many sectors of the American economy, including agriculture, health care, finance, transportation, and technology, with numerous reporting and rulemaking deadlines.",economy_and_finance,,,"[""health"", ""labor_and_workforce"", ""technology_and_research""]",creates_body,,stop
14037,2021-17121,Strengthening American Leadership in Clean Cars and Trucks,Joseph R. Biden Jr.,2021-08-05,2021-08-10,86 FR 43583,9172,https://www.govinfo.gov/content/pkg/FR-2021-08-10/pdf/2021-17121.pdf,https://www.federalregister.gov/documents/full_text/text/2021/08/10/2021-17121.txt,"Executive Order 14037 directs federal agencies to consider new vehicle emissions and fuel‑economy rulemakings, sets a 50 % zero‑emission vehicle sales goal for 2030, and establishes coordination and deadline requirements.",energy_and_environment,,,[],other,sets a policy goal for vehicle sales,stop
14038,2021-17253,Blocking Property of Additional Persons Contributing to the Situation in Belarus,Joseph R. Biden Jr.,2021-08-09,2021-08-11,86 FR 43905,13045,https://www.govinfo.gov/content/pkg/FR-2021-08-11/pdf/2021-17253.pdf,https://www.federalregister.gov/documents/full_text/text/2021/08/11/2021-17253.txt,"Executive Order 14038 expands the national emergency on Belarus, blocks property of designated persons, suspends entry of certain non‑citizens, and delegates authority to the Treasury to implement the sanctions.",foreign_policy,,,[],imposes_sanctions,,stop
14039,2021-18306,Blocking Property With Respect to Certain Russian Energy Export Pipelines,Joseph R. Biden Jr.,2021-08-20,2021-08-24,86 FR 47205,8515,https://www.govinfo.gov/content/pkg/FR-2021-08-24/pdf/2021-18306.pdf,https://www.federalregister.gov/documents/full_text/text/2021/08/24/2021-18306.txt,"Executive Order 14039 blocks property of foreign persons linked to Russian energy export pipelines, exempts waived persons, directs visa and admission implementation, prohibits contributions, evasion transactions, conspiracies, and certain donations, authorizes Treasury rule‑making, and preserves official government and UN transactions.",energy_and_environment,,,[],imposes_sanctions,,stop
14040,2021-19578,"Declassification Reviews of Certain Documents Concerning the Terrorist Attacks of September 11, 2001",Joseph R. Biden Jr.,2021-09-03,2021-09-09,86 FR 50439,9648,https://www.govinfo.gov/content/pkg/FR-2021-09-09/pdf/2021-19578.pdf,https://www.federalregister.gov/documents/full_text/text/2021/09/09/2021-19578.txt,"Executive Order 14040 directs the Attorney General and agency heads to conduct declassification reviews of 9/11‑related records, sets standards for those reviews, and requires reporting and public release. It references several prior documents and Executive Order 13526.",security_and_defense,,,[],delegates_authority,,stop
14041,2021-19579,"White House Initiative on Advancing Educational Equity, Excellence, and Economic Opportunity Through Historically Black Colleges and Universities",Joseph R. Biden Jr.,2021-09-03,2021-09-09,86 FR 50443,19417,https://www.govinfo.gov/content/pkg/FR-2021-09-09/pdf/2021-19579.pdf,https://www.federalregister.gov/documents/full_text/text/2021/09/09/2021-19579.txt,"Executive Order 14041 establishes a White House Initiative and a President’s Board of Advisors focused on historically Black colleges and universities (HBCUs). It creates new bodies, requires agencies to submit annual plans, and sets a reporting deadline.",education,,,[],creates_body,,stop
14042,2021-19924,Ensuring Adequate COVID Safety Protocols for Federal Contractors,Joseph R. Biden Jr.,2021-09-09,2021-09-14,86 FR 50985,14151,https://www.govinfo.gov/content/pkg/FR-2021-09-14/pdf/2021-19924.pdf,https://www.federalregister.gov/documents/full_text/text/2021/09/14/2021-19924.txt,"The order delegates authority to the Safer Federal Workforce Task Force, the Federal Acquisition Regulatory Council, and executive agencies to develop and require COVID‑19 safety clauses in federal contracts, with specific deadlines for guidance (Sept 24 2021), FAR amendment (Oct 8 2021), agency implementation (Oct 8 2021), and contract applicability (Oct 15 2021).",government_administration,,,[],delegates_authority,,stop
14043,2021-19927,Requiring Coronavirus Disease 2019 Vaccination for Federal Employees,Joseph R. Biden Jr.,2021-09-09,2021-09-14,86 FR 50989,7041,https://www.govinfo.gov/content/pkg/FR-2021-09-14/pdf/2021-19927.pdf,https://www.federalregister.gov/documents/full_text/text/2021/09/14/2021-19927.txt,Executive Order 14043 directs every federal agency to require COVID‑19 vaccination for its employees (with legal exceptions) and tasks the Safer Federal Workforce Task Force with issuing implementation guidance within seven days.,government_administration,,,"[""health"", ""foreign_policy""]",delegates_authority,,stop
14044,2021-20164,Amending Executive Order 14007,Joseph R. Biden Jr.,2021-09-13,2021-09-16,86 FR 51579,1807,https://www.govinfo.gov/content/pkg/FR-2021-09-16/pdf/2021-20164.pdf,https://www.federalregister.gov/documents/full_text/text/2021/09/16/2021-20164.txt,Amends Executive Order 14007 to set a maximum of 32 members for the President’s Council of Advisors on Science and Technology (PCAST).,technology_and_research,,,[],revokes_or_amends,,stop
14045,2021-20165,"White House Initiative on Advancing Educational Equity, Excellence, and Economic Opportunity for Hispanics",Joseph R. Biden Jr.,2021-09-13,2021-09-16,86 FR 51581,25047,https://www.govinfo.gov/content/pkg/FR-2021-09-16/pdf/2021-20165.pdf,https://www.federalregister.gov/documents/full_text/text/2021/09/16/2021-20165.txt,"Executive Order 14045 creates a White House Initiative, an Interagency Working Group, and a Presidential Advisory Commission to advance educational equity and economic opportunity for Hispanic students and communities.",education,,,[],creates_body,,stop
14046,2021-20508,Imposing Sanctions on Certain Persons With Respect to the Humanitarian and Human Rights Crisis in Ethiopia,Joseph R. Biden Jr.,2021-09-17,2021-09-21,86 FR 52389,19711,https://www.govinfo.gov/content/pkg/FR-2021-09-21/pdf/2021-20508.pdf,https://www.federalregister.gov/documents/full_text/text/2021/09/21/2021-20508.txt,"Executive Order 14046 authorizes the Treasury Secretary to impose sanctions—including blocking property, prohibiting investments, loans, and transactions—on foreign persons linked to the humanitarian and human‑rights crisis in Ethiopia.",foreign_policy,,,[],imposes_sanctions,,stop
14047,2021-20629,Adding Measles to the List of Quarantinable Communicable Diseases,Joseph R. Biden Jr.,2021-09-17,2021-09-22,86 FR 52591,2364,https://www.govinfo.gov/content/pkg/FR-2021-09-22/pdf/2021-20629.pdf,https://www.federalregister.gov/documents/full_text/text/2021/09/22/2021-20629.txt,Adds measles to the list of quarantinable communicable diseases by amending Executive Order 13295.,health,,,[],revokes_or_amends,,stop
14048,2021-21908,Continuance or Reestablishment of Certain Federal Advisory Committees and Amendments to Other Executive Orders,Joseph R. Biden Jr.,2021-09-30,2021-10-05,86 FR 55465,13973,https://www.govinfo.gov/content/pkg/FR-2021-10-05/pdf/2021-21908.pdf,https://www.federalregister.gov/documents/full_text/text/2021/10/05/2021-21908.txt,"Executive Order 14048 continues or re‑establishs a large set of federal advisory committees, assigns their Federal Advisory Committee Act functions to the heads of the designated agencies, supersedes sections of EO 13889, and sets its own effective date.",government_administration,,,[],revokes_or_amends,,stop
14049,2021-22588,"White House Initiative on Advancing Educational Equity, Excellence, and Economic Opportunity for Native Americans and Strengthening Tribal Colleges and Universities",Joseph R. Biden Jr.,2021-10-11,2021-10-14,86 FR 57313,26632,https://www.govinfo.gov/content/pkg/FR-2021-10-14/pdf/2021-22588.pdf,https://www.federalregister.gov/documents/full_text/text/2021/10/14/2021-22588.txt,"Executive Order 14049 establishes the White House Initiative on Advancing Educational Equity, Excellence, and Economic Opportunity for Native Americans and Strengthening Tribal Colleges and Universities, designates co‑chairs, creates an Executive Director, directs agency plans, requires MOAs within 180 days, and mandates annual reporting to the President.",education,,,"[""tribal_affairs"", ""technology_and_research""]",creates_body,,stop
14050,2021-23224,"White House Initiative on Advancing Educational Equity, Excellence, and Economic Opportunity for Black Americans",Joseph R. Biden Jr.,2021-10-19,2021-10-22,86 FR 58551,25194,https://www.govinfo.gov/content/pkg/FR-2021-10-22/pdf/2021-23224.pdf,https://www.federalregister.gov/documents/full_text/text/2021/10/22/2021-23224.txt,"Executive Order 14050 establishes the White House Initiative on Advancing Educational Equity, Excellence, and Economic Opportunity for Black Americans, creates an Interagency Working Group, and forms a Presidential Advisory Commission. It tasks the Secretary of Education to chair the Initiative, directs federal agencies to develop and report Agency Plans, and requires annual reporting to the President. The order also sets a two‑year termination deadline for the Commission.",education,,,"[""economy_and_finance"", ""government_administration""]",creates_body,,stop
14051,2021-24183,Designation To Exercise Authority Over the National Defense Stockpile,Joseph R. Biden Jr.,2021-10-31,2021-11-03,86 FR 60747,5545,https://www.govinfo.gov/content/pkg/FR-2021-11-03/pdf/2021-24183.pdf,https://www.federalregister.gov/documents/full_text/text/2021/11/03/2021-24183.txt,"Executive Order 14051 designates the Under Secretary of Defense for Acquisition and Sustainment to release strategic and critical materials from the National Defense Stockpile, limits releases to national‑defense purposes, requires agency consultation before release, and preserves the effect of prior orders and authorities.",security_and_defense,,,[],delegates_authority,,stop
14052,2021-25286,Implementation of the Infrastructure Investment and Jobs Act,Joseph R. Biden Jr.,2021-11-15,2021-11-18,86 FR 64335,6219,https://www.govinfo.gov/content/pkg/FR-2021-11-18/pdf/2021-25286.pdf,https://www.federalregister.gov/documents/full_text/text/2021/11/18/2021-25286.txt,The order creates the Infrastructure Implementation Task Force to coordinate implementation of the Infrastructure Investment and Jobs Act.,economy_and_finance,,,[],creates_body,,stop
14053,2021-25287,Improving Public Safety and Criminal Justice for Native Americans and Addressing the Crisis of Missing or Murdered Indigenous People,Joseph R. Biden Jr.,2021-11-15,2021-11-18,86 FR 64337,21878,https://www.govinfo.gov/content/pkg/FR-2021-11-18/pdf/2021-25287.pdf,https://www.federalregister.gov/documents/full_text/text/2021/11/18/2021-25287.txt,"Executive Order 14053 directs federal officials to develop strategies, guidance, and plans to improve public safety and criminal justice for Native Americans, and requires multiple reports to the President within specified time‑frames.",justice_and_law_enforcement,,,"[""health"", ""government_administration""]",delegates_authority,,stop
14054,2021-25548,Termination of Emergency With Respect to the Situation in Burundi,Joseph R. Biden Jr.,2021-11-18,2021-11-19,86 FR 66149,4072,https://www.govinfo.gov/content/pkg/FR-2021-11-19/pdf/2021-25548.pdf,https://www.federalregister.gov/documents/full_text/text/2021/11/19/2021-25548.txt,"Executive Order 14054 terminates the national emergency concerning Burundi that was declared in Executive Order 13712 and revokes that earlier order. It ends the suspension of entry for immigrants and nonimmigrants who met the criteria of the revoked order, and clarifies that the termination does not affect any prior actions or proceedings. The order also states that it does not impair any existing authority of executive departments or the OMB.",foreign_policy,,,"[""immigration""]",revokes_or_amends,,stop
14055,2021-25715,Nondisplacement of Qualified Workers Under Service Contracts,Joseph R. Biden Jr.,2021-11-18,2021-11-23,86 FR 66397,18462,https://www.govinfo.gov/content/pkg/FR-2021-11-23/pdf/2021-25715.pdf,https://www.federalregister.gov/documents/full_text/text/2021/11/23/2021-25715.txt,"Executive Order 14055 establishes a nondisplacement requirement for service‑contract workers and directs agencies, the Secretary of Labor, the FAR Council and OMB to implement it.",labor_and_workforce,,,[],delegates_authority,,stop
14056,2021-26459,The National Space Council,Joseph R. Biden Jr.,2021-12-01,2021-12-03,86 FR 68871,10710,https://www.govinfo.gov/content/pkg/FR-2021-12-03/pdf/2021-26459.pdf,https://www.federalregister.gov/documents/full_text/text/2021/12/03/2021-26459.txt,"Executive Order 14056 establishes the National Space Council’s membership, duties, and a Users’ Advisory Group, and revokes the two prior orders that revived the Council.",technology_and_research,,,[],creates_body,,stop
14057,2021-27114,Catalyzing Clean Energy Industries and Jobs Through Federal Sustainability,Joseph R. Biden Jr.,2021-12-08,2021-12-13,86 FR 70935,42129,https://www.govinfo.gov/content/pkg/FR-2021-12-13/pdf/2021-27114.pdf,https://www.federalregister.gov/documents/full_text/text/2021/12/13/2021-27114.txt,Executive Order 14057 establishes new federal bodies to advance clean‑energy and sustainability goals.,energy_and_environment,,,[],creates_body,,stop
14058,2021-27380,Transforming Federal Customer Experience and Service Delivery To Rebuild Trust in Government,Joseph R. Biden Jr.,2021-12-13,2021-12-16,86 FR 71357,42453,https://www.govinfo.gov/content/pkg/FR-2021-12-16/pdf/2021-27380.pdf,https://www.federalregister.gov/documents/full_text/text/2021/12/16/2021-27380.txt,"Executive Order 14058 directs multiple federal secretaries and agency heads to improve customer experience and service delivery, establishes a designation for High‑Impact Service Providers (HISPs), and sets several reporting and planning deadlines.",government_administration,,,[],delegates_authority,,stop
14059,2021-27505,Imposing Sanctions on Foreign Persons Involved in the Global Illicit Drug Trade,Joseph R. Biden Jr.,2021-12-15,2021-12-17,86 FR 71549,19826,https://www.govinfo.gov/content/pkg/FR-2021-12-17/pdf/2021-27505.pdf,https://www.federalregister.gov/documents/full_text/text/2021/12/17/2021-27505.txt,Executive Order 14059 imposes sanctions on foreign persons involved in the global illicit drug trade.,justice_and_law_enforcement,,,[],imposes_sanctions,,stop
14060,2021-27605,Establishing the United States Council on Transnational Organized Crime,Joseph R. Biden Jr.,2021-12-15,2021-12-20,86 FR 71793,11355,https://www.govinfo.gov/content/pkg/FR-2021-12-20/pdf/2021-27605.pdf,https://www.federalregister.gov/documents/full_text/text/2021/12/20/2021-27605.txt,"Executive Order 14060 establishes the United States Council on Transnational Organized Crime (USCTOC), revokes a provision of a prior order, replaces an earlier working group, and sets reporting deadlines.",justice_and_law_enforcement,,,[],creates_body,,stop
14061,2021-28313,Adjustments of Certain Rates of Pay,Joseph R. Biden Jr.,2021-12-22,2021-12-28,86 FR 73601,4404,https://www.govinfo.gov/content/pkg/FR-2021-12-28/pdf/2021-28313.pdf,https://www.federalregister.gov/documents/full_text/text/2021/12/28/2021-28313.txt,The order updates the pay rates and salaries for multiple federal pay systems by publishing new schedules.,government_administration,,,[],adjusts_pay_or_admin,,stop
14062,2022-02027,"2022 Amendments to the Manual for Courts-Martial, United States",Joseph R. Biden Jr.,2022-01-26,2022-01-31,87 FR 4763,2848,https://www.govinfo.gov/content/pkg/FR-2022-01-31/pdf/2022-02027.pdf,https://www.federalregister.gov/documents/full_text/text/2022/01/31/2022-02027.txt,"Executive Order 14062 amends Parts II and IV of the Manual for Courts‑Martial, United States, and sets the amendments to take effect on the order’s date.",justice_and_law_enforcement,,,[],revokes_or_amends,,stop
14063,2022-02869,Use of Project Labor Agreements for Federal Construction Projects,Joseph R. Biden Jr.,2022-02-04,2022-02-09,87 FR 7363,14837,https://www.govinfo.gov/content/pkg/FR-2022-02-09/pdf/2022-02869.pdf,https://www.federalregister.gov/documents/full_text/text/2022/02/09/2022-02869.txt,"Executive Order 14063 directs federal agencies to require project‑labor agreements for large‑scale construction projects, gives senior officials authority to grant exceptions, and sets reporting and regulatory‑implementation deadlines. It also revokes Executive Order 13502.",government_administration,,,[],delegates_authority,,stop
14064,2022-03346,Protecting Certain Property of Da Afghanistan Bank for the Benefit of the People of Afghanistan,Joseph R. Biden Jr.,2022-02-11,2022-02-15,87 FR 8391,8111,https://www.govinfo.gov/content/pkg/FR-2022-02-15/pdf/2022-03346.pdf,https://www.federalregister.gov/documents/full_text/text/2022/02/15/2022-03346.txt,"All property and interests in property of DAB that are held, as of the date of this order, in the United States by any United States financial institution, are blocked",foreign_policy,,,[],imposes_sanctions,,stop
14065,2022-04020,Blocking Property of Certain Persons and Prohibiting Certain Transactions With Respect to Continued Russian Efforts To Undermine the Sovereignty and Territorial Integrity of Ukraine,Joseph R. Biden Jr.,2022-02-21,2022-02-23,87 FR 10293,12823,https://www.govinfo.gov/content/pkg/FR-2022-02-23/pdf/2022-04020.pdf,https://www.federalregister.gov/documents/full_text/text/2022/02/23/2022-04020.txt,Executive Order 14065 expands the national emergency on Russia’s actions in Ukraine and imposes sanctions – blocking property and prohibiting transactions – while also suspending entry of certain non‑citizens and authorising Treasury to issue implementing rules.,foreign_policy,,,[],imposes_sanctions,,stop
14066,2022-05232,Prohibiting Certain Imports and New Investments With Respect to Continued Russian Federation Efforts To Undermine the Sovereignty and Territorial Integrity of Ukraine,Joseph R. Biden Jr.,2022-03-08,2022-03-10,87 FR 13625,5960,https://www.govinfo.gov/content/pkg/FR-2022-03-10/pdf/2022-05232.pdf,https://www.federalregister.gov/documents/full_text/text/2022/03/10/2022-05232.txt,Executive Order 14066 expands the national emergency on Russia and imposes trade and investment sanctions against the Russian Federation.,foreign_policy,,,[],imposes_sanctions,,stop
14067,2022-05471,Ensuring Responsible Development of Digital Assets,Joseph R. Biden Jr.,2022-03-09,2022-03-14,87 FR 14143,45048,https://www.govinfo.gov/content/pkg/FR-2022-03-14/pdf/2022-05471.pdf,https://www.federalregister.gov/documents/full_text/text/2022/03/14/2022-05471.txt,"Executive Order 14067 directs inter‑agency coordination, requires multiple reports and assessments, and establishes several deadlines related to digital‑asset policy.  It also references other policy documents.",technology_and_research,,,[],delegates_authority,,stop
14068,2022-05554,"Prohibiting Certain Imports, Exports, and New Investment With Respect to Continued Russian Federation Aggression",Joseph R. Biden Jr.,2022-03-11,2022-03-15,87 FR 14381,7002,https://www.govinfo.gov/content/pkg/FR-2022-03-15/pdf/2022-05554.pdf,https://www.federalregister.gov/documents/full_text/text/2022/03/15/2022-05554.txt,"Executive Order 14068 imposes sanctions on imports, exports, investment and financial transactions related to the Russian Federation and delegates authority to Treasury and Commerce to implement the order.",foreign_policy,,,[],imposes_sanctions,,stop
14069,2022-05949,"Advancing Economy, Efficiency, and Effectiveness in Federal Contracting by Promoting Pay Equity and Transparency",Joseph R. Biden Jr.,2022-03-15,2022-03-18,87 FR 15315,3619,https://www.govinfo.gov/content/pkg/FR-2022-03-18/pdf/2022-05949.pdf,https://www.federalregister.gov/documents/full_text/text/2022/03/18/2022-05949.txt,"Executive Order 14069 directs the Federal Acquisition Regulatory Council, in consultation with the Secretary of Labor and other agency heads, to consider issuing proposed rules that promote economy, efficiency, and effectiveness in federal procurement by enhancing pay equity and transparency for contractors and subcontractors. The order also tasks the council with evaluating whether such rules should limit or prohibit the use of salary history and to include accountability measures. It reaffirms the administration’s policy to eliminate discriminatory pay practices in the federal workforce and procurement.",government_administration,,,"[""economy_and_finance"", ""labor_and_workforce""]",delegates_authority,,stop
14070,2022-07716,"Continuing To Strengthen Americans' Access to Affordable, Quality Health Coverage",Joseph R. Biden Jr.,2022-04-05,2022-04-08,87 FR 20689,9775,https://www.govinfo.gov/content/pkg/FR-2022-04-08/pdf/2022-07716.pdf,https://www.federalregister.gov/documents/full_text/text/2022/04/08/2022-07716.txt,Executive Order 14070 directs federal agencies with responsibilities for Medicaid and the Affordable Care Act to review their existing actions and identify ways to expand affordable health coverage.,health,,,[],directs_report_or_study,,stop
14071,2022-07757,Prohibiting New Investment in and Certain Services to the Russian Federation in Response to Continued Russian Federation Aggression,Joseph R. Biden Jr.,2022-04-06,2022-04-08,87 FR 20999,5551,https://www.govinfo.gov/content/pkg/FR-2022-04-08/pdf/2022-07757.pdf,https://www.federalregister.gov/documents/full_text/text/2022/04/08/2022-07757.txt,"Executive Order 14071 imposes sanctions on the Russian Federation by prohibiting new investment, certain services, financing, and related activities, while providing exemptions, definitions, and implementation authority.",foreign_policy,,,[],imposes_sanctions,,stop
14072,2022-09138,"Strengthening the Nation's Forests, Communities, and Local Economies",Joseph R. Biden Jr.,2022-04-22,2022-04-27,87 FR 24851,18749,https://www.govinfo.gov/content/pkg/FR-2022-04-27/pdf/2022-09138.pdf,https://www.federalregister.gov/documents/full_text/text/2022/04/27/2022-09138.txt,"Executive Order 14072 directs multiple federal secretaries and agencies to inventory old‑growth forests, set reforestation goals, and submit several reports on forest conservation, international deforestation, and nature‑based solutions, with key deadlines of one year for inventories and reports and a 2030 target for reforestation.",energy_and_environment,,,[],directs_report_or_study,,stop
14073,2022-10076,Enhancing the National Quantum Initiative Advisory Committee,Joseph R. Biden Jr.,2022-05-04,2022-05-09,87 FR 27909,7691,https://www.govinfo.gov/content/pkg/FR-2022-05-09/pdf/2022-10076.pdf,https://www.federalregister.gov/documents/full_text/text/2022/05/09/2022-10076.txt,"Executive Order 14073 establishes the National Quantum Initiative Advisory Committee to advise the President and NSTC subcommittees on quantum information science and its technology applications. It defines the Committee’s composition, duties, and meeting requirements, and directs federal agencies to provide information, technical support, and security clearances as needed. The order revokes the earlier EO 13885 that created a prior committee and cites statutory authority under the National Quantum Initiative Act and Title 3 of the U.S. Code.",technology_and_research,,,"[""government_administration"", ""security_and_defense""]",creates_body,,stop
14074,2022-11810,"Advancing Effective, Accountable Policing and Criminal Justice Practices To Enhance Public Trust and Public Safety",Joseph R. Biden Jr.,2022-05-25,2022-05-31,87 FR 32945,84403,https://www.govinfo.gov/content/pkg/FR-2022-05-31/pdf/2022-11810.pdf,https://www.federalregister.gov/documents/full_text/text/2022/05/31/2022-11810.txt,"Executive Order 14074 creates new interagency bodies (a recruitment‑focused working group and a Federal Interagency Alternatives and Reentry Committee), establishes a National Law Enforcement Accountability Database, and issues a series of timed directives—reports, studies, policy‑issuance and grant‑review actions—across law‑enforcement, health, and technology domains, while superseding any conflicting prior orders.",justice_and_law_enforcement,,,"[""technology_and_research"", ""health""]",creates_body,,stop
14075,2022-13391,"Advancing Equality for Lesbian, Gay, Bisexual, Transgender, Queer, and Intersex Individuals",Joseph R. Biden Jr.,2022-06-15,2022-06-21,87 FR 37189,30968,https://www.govinfo.gov/content/pkg/FR-2022-06-21/pdf/2022-13391.pdf,https://www.federalregister.gov/documents/full_text/text/2022/06/21/2022-13391.txt,"Executive Order 14075 creates several new inter‑agency bodies and directs multiple agencies to develop policies, studies, guidance, and reports with specific deadlines.",education,,,[],creates_body,,stop
14076,2022-15138,Protecting Access to Reproductive Healthcare Services,Joseph R. Biden Jr.,2022-07-08,2022-07-13,87 FR 42053,10509,https://www.govinfo.gov/content/pkg/FR-2022-07-13/pdf/2022-15138.pdf,https://www.federalregister.gov/documents/full_text/text/2022/07/13/2022-15138.txt,"Executive Order 14076 establishes an interagency task force on reproductive‑healthcare access, directs a 30‑day report to the President, and assigns various agencies duties to protect access, privacy, and safety.",health,,,[],creates_body,,stop
14077,2022-15628,Establishing an Emergency Board To Investigate Disputes Between Certain Railroads Represented by the National Carriers' Conference Committee of the National Railway Labor Conference and Their Employees Represented by Certain Labor Organizations,Joseph R. Biden Jr.,2022-07-15,2022-07-20,87 FR 43203,3468,https://www.govinfo.gov/content/pkg/FR-2022-07-20/pdf/2022-15628.pdf,https://www.federalregister.gov/documents/full_text/text/2022/07/20/2022-15628.txt,Executive Order 14077 creates an Emergency Board to investigate specific railroad‑labor disputes and directs it to report within 30 days.,labor_and_workforce,technology_and_research,,[],creates_body,,stop
14078,2022-15743,Bolstering Efforts To Bring Hostages and Wrongfully Detained United States Nationals Home,Joseph R. Biden Jr.,2022-07-19,2022-07-21,87 FR 43389,22054,https://www.govinfo.gov/content/pkg/FR-2022-07-21/pdf/2022-15743.pdf,https://www.federalregister.gov/documents/full_text/text/2022/07/21/2022-15743.txt,"Executive Order 14078 establishes new coordination and reporting duties, continues prior hostage‑recovery directives, and imposes sanctions on persons linked to hostage‑taking or wrongful detention.",justice_and_law_enforcement,,,[],other,"The order’s main actions are a mix of delegating authority, directing reports and imposing sanctions; no single listed instrument dominates.",stop
14079,2022-17420,Securing Access to Reproductive and Other Healthcare Services,Joseph R. Biden Jr.,2022-08-03,2022-08-11,87 FR 49505,7844,https://www.govinfo.gov/content/pkg/FR-2022-08-11/pdf/2022-17420.pdf,https://www.federalregister.gov/documents/full_text/text/2022/08/11/2022-17420.txt,"Executive Order 14079 directs the Secretary of Health and Human Services to take actions that improve access to reproductive and other healthcare services. It tasks HHS with considering measures to expand Medicaid coverage across state lines, ensuring compliance with federal non‑discrimination laws, and evaluating data collection on maternal health outcomes. The order does not create a new entity but delegates authority to HHS to develop guidance, technical assistance, and other actions to protect reproductive health access.",health,,,"[""government_administration""]",delegates_authority,,stop
14080,2022-18840,Implementation of the CHIPS Act of 2022,Joseph R. Biden Jr.,2022-08-25,2022-08-30,87 FR 52847,8404,https://www.govinfo.gov/content/pkg/FR-2022-08-30/pdf/2022-18840.pdf,https://www.federalregister.gov/documents/full_text/text/2022/08/30/2022-18840.txt,"Executive Order 14080 establishes the CHIPS Implementation Steering Council to coordinate the implementation of the CHIPS Act across the executive branch. It directs all federal agencies to prioritize protecting taxpayer resources, building domestic semiconductor capacity, and fostering private‑sector investment. The order also tasks the Director of the Office of Management and Budget with overseeing stewardship of taxpayer funds and sets the Co‑Chairs of the Council.",technology_and_research,,,"[""economy_and_finance"", ""security_and_defense""]",creates_body,,stop
14081,2022-20167,"Advancing Biotechnology and Biomanufacturing Innovation for a Sustainable, Safe, and Secure American Bioeconomy",Joseph R. Biden Jr.,2022-09-12,2022-09-15,87 FR 56849,54068,https://www.govinfo.gov/content/pkg/FR-2022-09-15/pdf/2022-20167.pdf,https://www.federalregister.gov/documents/full_text/text/2022/09/15/2022-20167.txt,"Executive Order 14081 establishes several new bodies (Data for the Bioeconomy Initiative, Biosafety and Biosecurity Innovation Initiative, Interagency Technical Working Group) and directs a wide‑ranging set of reports, plans, and assessments across agencies, each with specific deadlines ranging from 90 days to 2 years, to advance biotechnology and biomanufacturing for health, climate, security, and economic goals.",technology_and_research,,,[],creates_body,,stop
14082,2022-20210,Implementation of the Energy and Infrastructure Provisions of the Inflation Reduction Act of 2022,Joseph R. Biden Jr.,2022-09-12,2022-09-16,87 FR 56861,14157,https://www.govinfo.gov/content/pkg/FR-2022-09-16/pdf/2022-20210.pdf,https://www.federalregister.gov/documents/full_text/text/2022/09/16/2022-20210.txt,"Executive Order 14082 establishes new offices and working groups, amends prior orders, and directs agency priorities to implement the Inflation Reduction Act’s energy and infrastructure provisions.",energy_and_environment,,,[],other,The order contains multiple distinct actions; each is captured as a separate claim below.,stop
14083,2022-20450,Ensuring Robust Consideration of Evolving National Security Risks by the Committee on Foreign Investment in the United States,Joseph R. Biden Jr.,2022-09-15,2022-09-20,87 FR 57369,22547,https://www.govinfo.gov/content/pkg/FR-2022-09-20/pdf/2022-20450.pdf,https://www.federalregister.gov/documents/full_text/text/2022/09/20/2022-20450.txt,"Executive Order 14083 directs the Committee on Foreign Investment in the United States (CFIUS) to expand its review factors, assigns the Office of Science and Technology Policy (OSTP) the task of publishing sector lists, and requires CFIUS to periodically report on its review process.",foreign_policy,,,[],delegates_authority,,stop
14084,2022-21839,"Promoting the Arts, the Humanities, and Museum and Library Services",Joseph R. Biden Jr.,2022-09-30,2022-10-05,87 FR 60535,12905,https://www.govinfo.gov/content/pkg/FR-2022-10-05/pdf/2022-21839.pdf,https://www.federalregister.gov/documents/full_text/text/2022/10/05/2022-21839.txt,"Executive Order 14084 establishes a new advisory body, the President’s Committee on the Arts and the Humanities, within the Institute of Museum and Library Services (IMLS). The order also sets the committee’s composition, advisory role, meeting frequency, and a two‑year termination deadline, and it references Executive Order 13985.",civil_rights,,"The order’s subject is the promotion of the arts, humanities, museum and library services – a cultural‑policy area not covered by the listed topics.",[],creates_body,,stop
14085,2022-21911,Expanding Eligibility for Certain Military Decorations and Awards,Joseph R. Biden Jr.,2022-10-03,2022-10-06,87 FR 60541,9031,https://www.govinfo.gov/content/pkg/FR-2022-10-06/pdf/2022-21911.pdf,https://www.federalregister.gov/documents/full_text/text/2022/10/06/2022-21911.txt,Executive Order 14085 expands eligibility for certain military decorations and awards by amending several prior executive orders that govern those awards.,government_administration,,"The order’s subject is the eligibility criteria for military decorations and awards, which falls under the administration of federal award programs.",[],revokes_or_amends,,stop
14086,2022-22531,Enhancing Safeguards for United States Signals Intelligence Activities,Joseph R. Biden Jr.,2022-10-07,2022-10-14,87 FR 62283,59133,https://www.govinfo.gov/content/pkg/FR-2022-10-14/pdf/2022-22531.pdf,https://www.federalregister.gov/documents/full_text/text/2022/10/14/2022-22531.txt,"Executive Order 14086 creates new oversight bodies, assigns officials new duties, and sets several time‑bound actions to strengthen privacy and civil‑liberties safeguards for U.S. signals‑intelligence activities.",technology_and_research,,,"[""justice_and_law_enforcement"", ""government_administration""]",other,The order primarily establishes policy safeguards rather than a listed instrument.,stop
14087,2022-22834,Lowering Prescription Drug Costs for Americans,Joseph R. Biden Jr.,2022-10-14,2022-10-19,87 FR 63399,6618,https://www.govinfo.gov/content/pkg/FR-2022-10-19/pdf/2022-22834.pdf,https://www.federalregister.gov/documents/full_text/text/2022/10/19/2022-22834.txt,The order directs the Secretary of Health and Human Services to submit a report within 90 days describing any health‑care payment and delivery models selected for testing to lower prescription‑drug costs.,health,,,[],directs_report_or_study,,stop
14088,2022-23433,Taking Additional Steps To Address the National Emergency With Respect to the Situation in Nicaragua,Joseph R. Biden Jr.,2022-10-24,2022-10-26,87 FR 64685,7839,https://www.govinfo.gov/content/pkg/FR-2022-10-26/pdf/2022-23433.pdf,https://www.federalregister.gov/documents/full_text/text/2022/10/26/2022-23433.txt,Executive Order 14088 amends Executive Order 13851 to add and replace subsections that expand sanctions‑related prohibitions and authorizations concerning Nicaragua.,foreign_policy,,,[],revokes_or_amends,,stop
14089,2022-27585,Establishing the President's Advisory Council on African Diaspora Engagement in the United States,Joseph R. Biden Jr.,2022-12-13,2022-12-19,87 FR 77459,8631,https://www.govinfo.gov/content/pkg/FR-2022-12-19/pdf/2022-27585.pdf,https://www.federalregister.gov/documents/full_text/text/2022/12/19/2022-27585.txt,Executive Order 14089 establishes the President’s Advisory Council on African Diaspora Engagement within the Department of State.,foreign_policy,,,[],creates_body,,stop
14090,2022-28474,Adjustments of Certain Rates of Pay,Joseph R. Biden Jr.,2022-12-23,2022-12-29,87 FR 79985,4410,https://www.govinfo.gov/content/pkg/FR-2022-12-29/pdf/2022-28474.pdf,https://www.federalregister.gov/documents/full_text/text/2022/12/29/2022-28474.txt,"Executive Order 14090 adjusts the rates of basic pay for various federal pay systems, sets effective dates for the new schedules, and directs the Director of the Office of Personnel Management to implement locality‑based comparability payments.",government_administration,,,[],adjusts_pay_or_admin,,stop
14091,2023-03779,Further Advancing Racial Equity and Support for Underserved Communities Through the Federal Government,Joseph R. Biden Jr.,2023-02-16,2023-02-22,88 FR 10825,37942,https://www.govinfo.gov/content/pkg/FR-2023-02-22/pdf/2023-03779.pdf,https://www.federalregister.gov/documents/full_text/text/2023/02/22/2023-03779.txt,"Executive Order 14091 expands the federal government’s equity agenda by creating agency‑level Equity Teams and a White House Steering Committee on Equity, reinstating two earlier orders, and setting a series of reporting and planning deadlines.",justice_and_law_enforcement,,,[],creates_body,,stop
14092,2023-05714,Reducing Gun Violence and Making Our Communities Safer,Joseph R. Biden Jr.,2023-03-14,2023-03-17,88 FR 16527,10997,https://www.govinfo.gov/content/pkg/FR-2023-03-17/pdf/2023-05714.pdf,https://www.federalregister.gov/documents/full_text/text/2023/03/17/2023-05714.txt,Executive Order 14092 directs multiple federal officials to take actions and submit reports aimed at reducing gun violence.,justice_and_law_enforcement,,,[],creates_body,,stop
14093,2023-06730,Prohibition on Use by the United States Government of Commercial Spyware That Poses Risks to National Security,Joseph R. Biden Jr.,2023-03-27,2023-03-30,88 FR 18957,30905,https://www.govinfo.gov/content/pkg/FR-2023-03-30/pdf/2023-06730.pdf,https://www.federalregister.gov/documents/full_text/text/2023/03/30/2023-06730.txt,"Executive Order 14093 prohibits U.S. government operational use of commercial spyware and assigns a series of inter‑agency duties, reporting, and assessment requirements.",technology_and_research,,,[],delegates_authority,,stop
14094,2023-07760,Modernizing Regulatory Review,Joseph R. Biden Jr.,2023-04-06,2023-04-11,88 FR 21879,10177,https://www.govinfo.gov/content/pkg/FR-2023-04-11/pdf/2023-07760.pdf,https://www.federalregister.gov/documents/full_text/text/2023/04/11/2023-07760.txt,"Executive Order 14094 amends the definition of “significant regulatory action” in EO 12866, directs agencies to keep a log of rule‑making petitions, and orders the OMB Director to revise Circular A‑4 within one year.",government_administration,,,[],revokes_or_amends,,stop
14095,2023-08659,Increasing Access to High-Quality Care and Supporting Caregivers,Joseph R. Biden Jr.,2023-04-18,2023-04-21,88 FR 24669,31835,https://www.govinfo.gov/content/pkg/FR-2023-04-21/pdf/2023-08659.pdf,https://www.federalregister.gov/documents/full_text/text/2023/04/21/2023-08659.txt,"Executive Order 14095 directs multiple federal secretaries and agencies to issue guidance, consider rulemaking, conduct studies, and launch pilot programs aimed at improving the child‑care, long‑term‑care and caregiver workforce.",health,,,[],delegates_authority,,stop
14096,2023-08955,Revitalizing Our Nation's Commitment to Environmental Justice for All,Joseph R. Biden Jr.,2023-04-21,2023-04-26,88 FR 25251,45814,https://www.govinfo.gov/content/pkg/FR-2023-04-26/pdf/2023-08955.pdf,https://www.federalregister.gov/documents/full_text/text/2023/04/26/2023-08955.txt,"Executive Order 14096 establishes a White House Office of Environmental Justice and related bodies, directing agencies to develop strategic plans, assessments, and reporting on environmental‑justice issues.",energy_and_environment,,,[],creates_body,,stop
14097,2023-09318,Authority To Order the Ready Reserve of the Armed Forces to Active Duty To Address International Drug Trafficking,Joseph R. Biden Jr.,2023-04-27,2023-05-01,88 FR 26471,3101,https://www.govinfo.gov/content/pkg/FR-2023-05-01/pdf/2023-09318.pdf,https://www.federalregister.gov/documents/full_text/text/2023/05/01/2023-09318.txt,"Executive Order 14097 invokes emergency authority under the National Emergencies Act and 10 U.S.C. §12302 to allow the Secretary of Defense and the Secretary of Homeland Security, as well as the Secretaries of the Army, Navy, Air Force, and the Coast Guard, to order units and individual members of the Ready Reserve to active duty in order to address the national emergency posed by international drug trafficking. The order reaffirms that it does not impair existing statutory authority or create enforceable rights, and it is subject to the availability of appropriations.",security_and_defense,,,"[""foreign_policy"", ""economy_and_finance""]",delegates_authority,,stop
14098,2023-09826,Imposing Sanctions on Certain Persons Destabilizing Sudan and Undermining the Goal of a Democratic Transition,Joseph R. Biden Jr.,2023-05-04,2023-05-05,88 FR 29529,16246,https://www.govinfo.gov/content/pkg/FR-2023-05-05/pdf/2023-09826.pdf,https://www.federalregister.gov/documents/full_text/text/2023/05/05/2023-09826.txt,"Executive Order 14098 expands the national‑emergency sanctions regime against persons destabilizing Sudan, blocks their property, suspends their entry to the United States, and delegates implementation authority to senior officials.  It also references and continues earlier Sudan‑related orders.",foreign_policy,,,[],imposes_sanctions,,stop
14099,2023-10407,Moving Beyond COVID-19 Vaccination Requirements for Federal Workers,Joseph R. Biden Jr.,2023-05-09,2023-05-15,88 FR 30891,5523,https://www.govinfo.gov/content/pkg/FR-2023-05-15/pdf/2023-10407.pdf,https://www.federalregister.gov/documents/full_text/text/2023/05/15/2023-10407.txt,The order revokes the earlier vaccination‑requirement orders for federal employees and contractors.,health,,,[],revokes_or_amends,,stop
14100,2023-12974,"Advancing Economic Security for Military and Veteran Spouses, Military Caregivers, and Survivors",Joseph R. Biden Jr.,2023-06-09,2023-06-15,88 FR 39111,27064,https://www.govinfo.gov/content/pkg/FR-2023-06-15/pdf/2023-12974.pdf,https://www.federalregister.gov/documents/full_text/text/2023/06/15/2023-12974.txt,"Executive Order 14100 directs multiple federal agencies—primarily OPM, DoD, State, Labor, Veterans Affairs, Homeland Security, OSTP, and SBA—to develop a Government‑wide strategic plan and related actions that improve hiring, retention, training, telework, child‑care support, and entrepreneurial resources for military‑connected spouses, caregivers, and survivors. The order requires the plan within 180 days, updates reporting titles by FY 2025, mandates flexible spending accounts by 1 Jan 2024, and calls for inter‑agency coordination, data‑tracking recommendations, and new guidance on telework and administrative leave.",government_administration,,,"[""labor_and_workforce"", ""education"", ""health""]",directs_report_or_study,,stop
14101,2023-13889,"Strengthening Access to Affordable, High-Quality Contraception and Family Planning Services",Joseph R. Biden Jr.,2023-06-23,2023-06-28,88 FR 41815,13702,https://www.govinfo.gov/content/pkg/FR-2023-06-28/pdf/2023-13889.pdf,https://www.federalregister.gov/documents/full_text/text/2023/06/28/2023-13889.txt,"Executive Order 14101 directs multiple federal secretaries to consider actions that improve access to affordable, high‑quality contraception and family‑planning services.",health,,,[],delegates_authority,,stop
14102,2023-15347,Ordering the Selected Reserve and Certain Members of the Individual Ready Reserve of the Armed Forces to Active Duty,Joseph R. Biden Jr.,2023-07-13,2023-07-18,88 FR 45807,2225,https://www.govinfo.gov/content/pkg/FR-2023-07-18/pdf/2023-15347.pdf,https://www.federalregister.gov/documents/full_text/text/2023/07/18/2023-15347.txt,"Executive Order 14102 authorizes the Secretaries of Defense and Homeland Security (for the Coast Guard) to order selected reserve and certain Individual Ready Reserve members to active duty, limited to 3,000 total members (no more than 450 from the IRR).",government_administration,,,[],delegates_authority,,stop
14103,2023-16570,"2023 Amendments to the Manual for Courts-Martial, United States",Joseph R. Biden Jr.,2023-07-28,2023-08-02,88 FR 50535,13773,https://www.govinfo.gov/content/pkg/FR-2023-08-02/pdf/2023-16570.pdf,https://www.federalregister.gov/documents/full_text/text/2023/08/02/2023-16570.txt,"Executive Order 14103 amends the Manual for Courts‑Martial (the UCMJ manual) by adding new appendices and revising several parts, with some changes taking effect immediately and others tied to dates set by the 2022 National‑Defense Authorization Act.",justice_and_law_enforcement,,,[],revokes_or_amends,,stop
14104,2023-16636,Federal Research and Development in Support of Domestic Manufacturing and United States Jobs,Joseph R. Biden Jr.,2023-07-28,2023-08-02,88 FR 51203,26844,https://www.govinfo.gov/content/pkg/FR-2023-08-02/pdf/2023-16636.pdf,https://www.federalregister.gov/documents/full_text/text/2023/08/02/2023-16636.txt,"Executive Order 14104 directs federal agencies to prioritize domestic manufacturing in federally‑funded research and development, to require reporting on the location of inventions, and to establish processes for waivers and reporting. The order delegates authority to agency heads and sets multiple reporting deadlines.",technology_and_research,,,[],delegates_authority,,stop
14105,2023-17449,Addressing United States Investments in Certain National Security Technologies and Products in Countries of Concern,Joseph R. Biden Jr.,2023-08-09,2023-08-11,88 FR 54867,21836,https://www.govinfo.gov/content/pkg/FR-2023-08-11/pdf/2023-17449.pdf,https://www.federalregister.gov/documents/full_text/text/2023/08/11/2023-17449.txt,"Executive Order 14105 declares a national emergency concerning United States investments that could aid countries of concern in developing sensitive national‑security technologies. It directs the Secretary of the Treasury, in consultation with other agencies, to issue regulations that require notification of certain transactions and prohibit others, and tasks the Secretary with reporting to the President and Congress and reviewing the regulations annually.",security_and_defense,,,"[""economy_and_finance"", ""foreign_policy""]",imposes_sanctions,,stop
14106,2023-17832,United States Coast Guard Officer Personnel Management,Joseph R. Biden Jr.,2023-08-14,2023-08-17,88 FR 55905,7648,https://www.govinfo.gov/content/pkg/FR-2023-08-17/pdf/2023-17832.pdf,https://www.federalregister.gov/documents/full_text/text/2023/08/17/2023-17832.txt,"Executive Order 14106 delegates a range of personnel‑management authorities for the United States Coast Guard from the President to the Secretary of Homeland Security, and further extends those delegated powers during war or national emergency.",government_administration,,"The order deals specifically with the internal personnel management of a uniformed service, which is a function of the executive branch rather than a broader defense policy area.",[],delegates_authority,,stop
14107,2023-19798,Exemption of Paul H. Maurer From Mandatory Separation,Joseph R. Biden Jr.,2023-09-06,2023-09-12,88 FR 62441,2145,https://www.govinfo.gov/content/pkg/FR-2023-09-12/pdf/2023-19798.pdf,https://www.federalregister.gov/documents/full_text/text/2023/09/12/2023-19798.txt,"Executive Order 14107 exempts Special Agent Paul H. Maurer, the Special Agent in Charge of the George W. Bush Protective Detail, from the automatic separation provision of 5 U.S.C. §8425(b)(1). The President determines that the public interest requires the exemption and directs that the Director of the United States Secret Service retain all supervisory authority over Maurer. The order includes standard general provisions stating it does not create any enforceable right and is subject to applicable law and appropriations.",government_administration,,,[],other,exempts a specific employee from mandatory separation under 5 U.S.C. §8425(b)(1),stop
14108,2023-21174,Ensuring the People of East Palestine Are Protected Now and in the Future,Joseph R. Biden Jr.,2023-09-20,2023-09-26,88 FR 66265,15389,https://www.govinfo.gov/content/pkg/FR-2023-09-26/pdf/2023-21174.pdf,https://www.federalregister.gov/documents/full_text/text/2023/09/26/2023-21174.txt,"Executive Order 14108 directs federal agencies to support long‑term recovery, environmental cleanup, public‑health monitoring and transportation safety after the East Palestine train derailment.",energy_and_environment,,,"[""health"", ""government_administration""]",delegates_authority,,stop
14109,2023-22250,Continuance of Certain Federal Advisory Committees and Amendments to Other Executive Orders,Joseph R. Biden Jr.,2023-09-29,2023-10-04,88 FR 68447,13455,https://www.govinfo.gov/content/pkg/FR-2023-10-04/pdf/2023-22250.pdf,https://www.federalregister.gov/documents/full_text/text/2023/10/04/2023-22250.txt,Executive Order 14109 continues a list of federal advisory committees through 30 Sept 2025 and supersedes sections 1‑2 of EO 14048.,government_administration,,,[],other,the order extends the existence of existing advisory committees (no listed instrument matches),stop
14110,2023-24283,"Safe, Secure, and Trustworthy Development and Use of Artificial Intelligence",Joseph R. Biden Jr.,2023-10-30,2023-11-01,88 FR 75191,154440,https://www.govinfo.gov/content/pkg/FR-2023-11-01/pdf/2023-24283.pdf,https://www.federalregister.gov/documents/full_text/text/2023/11/01/2023-24283.txt,Executive Order 14110 establishes a White House Artificial Intelligence Council and directs a series of agency‑wide actions to govern the development and use of AI.,technology_and_research,,,[],creates_body,,stop
14111,2023-26569,Interagency Security Committee,Joseph R. Biden Jr.,2023-11-27,2023-12-01,88 FR 83809,11803,https://www.govinfo.gov/content/pkg/FR-2023-12-01/pdf/2023-26569.pdf,https://www.federalregister.gov/documents/full_text/text/2023/12/01/2023-26569.txt,Executive Order 14111 establishes the Interagency Security Committee to improve security and protection of Federal facilities.,government_administration,,,[],creates_body,,stop
14112,2023-27318,Reforming Federal Funding and Support for Tribal Nations To Better Embrace Our Trust Responsibilities and Promote the Next Era of Tribal Self-Determination,Joseph R. Biden Jr.,2023-12-06,2023-12-11,88 FR 86021,22068,https://www.govinfo.gov/content/pkg/FR-2023-12-11/pdf/2023-27318.pdf,https://www.federalregister.gov/documents/full_text/text/2023/12/11/2023-27318.txt,"EO 14112 delegates authority to the OMB Director and Domestic Policy Advisor to lead a review of Tribal Nations funding, requires agency heads to report funding needs within 540 days, and mandates guidance development within 240 days.",tribal_affairs,,,[],delegates_authority,,stop
14113,2023-28661,Adjustments of Certain Rates of Pay,Joseph R. Biden Jr.,2023-12-21,2023-12-26,88 FR 89259,4411,https://www.govinfo.gov/content/pkg/FR-2023-12-26/pdf/2023-28661.pdf,https://www.federalregister.gov/documents/full_text/text/2023/12/26/2023-28661.txt,Executive Order 14113 updates the pay schedules for various federal pay systems and sets new effective dates for those schedules.,government_administration,,,[],adjusts_pay_or_admin,,stop
14114,2023-28662,Taking Additional Steps With Respect to the Russian Federation's Harmful Activities,Joseph R. Biden Jr.,2023-12-22,2023-12-26,88 FR 89271,14508,https://www.govinfo.gov/content/pkg/FR-2023-12-26/pdf/2023-28662.pdf,https://www.federalregister.gov/documents/full_text/text/2023/12/26/2023-28662.txt,"Executive Order 14114 amends two prior Russia‑related sanctions orders, adding new prohibitions on foreign financial institutions and on the import of certain Russian products.",other,,"The order concerns sanctions and trade restrictions related to the Russian Federation, which does not fit the listed topic categories.",[],revokes_or_amends,,stop
14115,2024-02354,"Imposing Certain Sanctions on Persons Undermining Peace, Security, and Stability in the West Bank",Joseph R. Biden Jr.,2024-02-01,2024-02-05,89 FR 7605,13365,https://www.govinfo.gov/content/pkg/FR-2024-02-05/pdf/2024-02354.pdf,https://www.federalregister.gov/documents/full_text/text/2024/02/05/2024-02354.txt,"Executive Order 14115 imposes sanctions on foreign persons linked to violence and destabilizing activities in the West Bank, blocks their property, suspends their entry to the United States, and authorizes Treasury‑State actions and reporting.",foreign_policy,,,[],imposes_sanctions,,stop
14116,2024-04012,"Amending Regulations Relating to the Safeguarding of Vessels, Harbors, Ports, and Waterfront Facilities of the United States",Joseph R. Biden Jr.,2024-02-21,2024-02-26,89 FR 13971,15019,https://www.govinfo.gov/content/pkg/FR-2024-02-26/pdf/2024-04012.pdf,https://www.federalregister.gov/documents/full_text/text/2024/02/26/2024-04012.txt,"Executive Order 14116 amends Part 6 of title 33 of the Code of Federal Regulations to expand the Coast Guard’s authority over digital infrastructure and to add cyber‑related definitions and reporting requirements for vessels, ports and waterfront facilities.",energy_and_environment,,,[],other,"amends existing regulations (CFR) rather than creating a body, imposing sanctions, revoking/amending an earlier order, conferring honor, delegating authority, directing a report, or adjusting pay/administration.",stop
14117,2024-04573,Preventing Access to Americans' Bulk Sensitive Personal Data and United States Government-Related Data by Countries of Concern,Joseph R. Biden Jr.,2024-02-28,2024-03-01,89 FR 15421,46003,https://www.govinfo.gov/content/pkg/FR-2024-03-01/pdf/2024-04573.pdf,https://www.federalregister.gov/documents/full_text/text/2024/03/01/2024-04573.txt,"Executive Order 14117 expands the national‑emergency scope of EO 13873, continues the effort of EO 14034, and imposes sanctions‑type restrictions on transactions involving bulk sensitive personal data and United States Government‑related data. It directs the Attorney General to issue regulations, sets multiple reporting deadlines, and requires inter‑agency coordination.",security_and_defense,,,[],imposes_sanctions,,stop
14118,2024-04857,Termination of Emergency With Respect to the Situation in Zimbabwe,Joseph R. Biden Jr.,2024-03-04,2024-03-05,89 FR 15945,3617,https://www.govinfo.gov/content/pkg/FR-2024-03-05/pdf/2024-04857.pdf,https://www.federalregister.gov/documents/full_text/text/2024/03/05/2024-04857.txt,The order terminates the national emergency concerning Zimbabwe and revokes the three earlier emergency orders that created it.,foreign_policy,,,[],revokes_or_amends,,stop
14119,2024-05220,Scaling and Expanding the Use of Registered Apprenticeships in Industries and the Federal Government and Promoting Labor-Management Forums,Joseph R. Biden Jr.,2024-03-06,2024-03-11,89 FR 17265,20879,https://www.govinfo.gov/content/pkg/FR-2024-03-11/pdf/2024-05220.pdf,https://www.federalregister.gov/documents/full_text/text/2024/03/11/2024-05220.txt,"Executive Order 14119 establishes a new interagency working group to coordinate and expand registered apprenticeships, revokes a prior order that had eliminated labor‑management forums, and sets reporting and implementation deadlines.",labor_and_workforce,,,[],creates_body,,stop
14120,2024-06123,Advancing Women's Health Research and Innovation,Joseph R. Biden Jr.,2024-03-18,2024-03-21,89 FR 20095,18551,https://www.govinfo.gov/content/pkg/FR-2024-03-21/pdf/2024-06123.pdf,https://www.federalregister.gov/documents/full_text/text/2024/03/21/2024-06123.txt,"Executive Order 14120 establishes the White House Initiative on Women’s Health Research and a series of subordinate bodies, reporting requirements, and guidance‑development tasks to integrate women’s health research across the Federal government.",health,,The order’s subject is women’s health research; the closest top‑level category is health.,"[""technology_and_research"", ""government_administration""]",creates_body,,stop
14121,2024-06931,Recognizing and Honoring Women's History,Joseph R. Biden Jr.,2024-03-27,2024-04-01,89 FR 22327,9111,https://www.govinfo.gov/content/pkg/FR-2024-04-01/pdf/2024-06931.pdf,https://www.federalregister.gov/documents/full_text/text/2024/04/01/2024-06931.txt,Executive Order 14121 directs the Secretary of the Interior to conduct studies and submit reports that will strengthen the Federal Government’s recognition of women’s history.,civil_rights,,"The order’s focus is on recognizing and honoring women’s contributions to U.S. history, which falls under the broader civil‑rights and cultural‑heritage domain.",[],directs_report_or_study,,stop
14122,2024-08332,COVID-19 and Public Health Preparedness and Response,Joseph R. Biden Jr.,2024-04-12,2024-04-17,89 FR 27355,4519,https://www.govinfo.gov/content/pkg/FR-2024-04-17/pdf/2024-08332.pdf,https://www.federalregister.gov/documents/full_text/text/2024/04/17/2024-08332.txt,"Executive Order 14122 revokes three prior COVID‑19 orders, transfers the duties of the COVID‑19 Response Coordinator to the Director of the Office of Pandemic Preparedness and Response (OPPR), and terminates the Coordinator and Deputy Coordinator positions.",health,,,[],revokes_or_amends,,stop
14123,2024-13810,White House Council on Supply Chain Resilience,Joseph R. Biden Jr.,2024-06-14,2024-06-21,89 FR 51949,15355,https://www.govinfo.gov/content/pkg/FR-2024-06-21/pdf/2024-13810.pdf,https://www.federalregister.gov/documents/full_text/text/2024/06/21/2024-13810.txt,"Executive Order 14123 creates and structures the White House Council on Supply Chain Resilience, assigns coordination duties, sets reporting and staffing deadlines, and supersedes a provision of EO 14017.",government_administration,,,[],creates_body,,stop
14124,2024-16225,"White House Initiative on Advancing Educational Equity, Excellence, and Economic Opportunity Through Hispanic-Serving Institutions",Joseph R. Biden Jr.,2024-07-17,2024-07-22,89 FR 59585,17916,https://www.govinfo.gov/content/pkg/FR-2024-07-22/pdf/2024-16225.pdf,https://www.federalregister.gov/documents/full_text/text/2024/07/22/2024-16225.txt,Executive Order 14124 creates two new bodies to support Hispanic‑Serving Institutions and assigns reporting and funding responsibilities.,education,,,[],creates_body,,stop
14125,2024-16740,Establishing an Emergency Board To Investigate a Dispute Between New Jersey Transit Rail Operations and Its Locomotive Engineers Represented by the Brotherhood of Locomotive Engineers and Trainmen,Joseph R. Biden Jr.,2024-07-24,2024-07-29,89 FR 60791,3001,https://www.govinfo.gov/content/pkg/FR-2024-07-29/pdf/2024-16740.pdf,https://www.federalregister.gov/documents/full_text/text/2024/07/29/2024-16740.txt,"Executive Order 14125 creates an emergency board to investigate a rail‑labor dispute and sets reporting, record‑keeping, and condition‑maintenance requirements.",labor_and_workforce,,,[],creates_body,,stop
14126,2024-20712,Investing in America and Investing in American Workers,Joseph R. Biden Jr.,2024-09-06,2024-09-11,89 FR 73559,20661,https://www.govinfo.gov/content/pkg/FR-2024-09-11/pdf/2024-20712.pdf,https://www.federalregister.gov/documents/full_text/text/2024/09/11/2024-20712.txt,Executive Order 14126 creates a new inter‑agency task force to advance good‑job outcomes on federally assisted projects.,labor_and_workforce,,,[],creates_body,,stop
14127,2024-22938,Combating Emerging Firearms Threats and Improving School-Based Active-Shooter Drills,Joseph R. Biden Jr.,2024-09-26,2024-10-02,89 FR 80345,24061,https://www.govinfo.gov/content/pkg/FR-2024-10-02/pdf/2024-22938.pdf,https://www.federalregister.gov/documents/full_text/text/2024/10/02/2024-22938.txt,"Executive Order 14127 establishes an interagency task force on emerging firearms threats, requires it to submit risk‑assessment reports, and directs education‑related agencies to develop and publish guidance on school‑based active‑shooter drills and future research.",justice_and_law_enforcement,,,"[""technology_and_research"", ""education""]",creates_body,,stop
14128,2024-27850,Establishing a Second Emergency Board To Investigate a Dispute Between New Jersey Transit Rail Operations and Its Locomotive Engineers Represented by the Brotherhood of Locomotive Engineers and Trainmen,Joseph R. Biden Jr.,2024-11-21,2024-11-26,89 FR 93145,4215,https://www.govinfo.gov/content/pkg/FR-2024-11-26/pdf/2024-27850.pdf,https://www.federalregister.gov/documents/full_text/text/2024/11/26/2024-27850.txt,"Executive Order 14128 creates a second emergency board to investigate a labor dispute between New Jersey Transit Rail Operations and its locomotive engineers, and sets reporting and conduct deadlines.",labor_and_workforce,,,[],creates_body,,stop
14129,2024-31143,"Providing for the Closing of Executive Departments and Agencies of the Federal Government on December 24, 2024",Joseph R. Biden Jr.,2024-12-18,2024-12-26,89 FR 104857,2586,https://www.govinfo.gov/content/pkg/FR-2024-12-26/pdf/2024-31143.pdf,https://www.federalregister.gov/documents/full_text/text/2024/12/26/2024-31143.txt,The order directs the closure of all executive departments and agencies on a specific date.,government_administration,,,[],other,orders the closure of all executive departments and agencies of the Federal Government,stop
14130,2024-31354,"2024 Amendments to the Manual for Courts Martial, United States",Joseph R. Biden Jr.,2024-12-20,2024-12-27,89 FR 105343,6018,https://www.govinfo.gov/content/pkg/FR-2024-12-27/pdf/2024-31354.pdf,https://www.federalregister.gov/documents/full_text/text/2024/12/27/2024-31354.txt,"Executive Order 14130 amends the Manual for Courts‑Martial and adds regulations for randomized selection of court‑martial members, with staggered effective dates.",justice_and_law_enforcement,,,[],revokes_or_amends,,stop
14131,2024-31355,Amendments to Executive Orders Relating to Certain Certificates and Badges,Joseph R. Biden Jr.,2024-12-20,2024-12-27,89 FR 105377,7158,https://www.govinfo.gov/content/pkg/FR-2024-12-27/pdf/2024-31355.pdf,https://www.federalregister.gov/documents/full_text/text/2024/12/27/2024-31355.txt,"The order amends Executive Order 12793 (as amended) by revising the text of Section 1 (Presidential Service Certificate) and Section 2 (Presidential Service Badge), and amends Executive Order 11926 (as amended) by revising Sections 1, 2, 4, and 6 concerning the Vice‑Presidential Service Badge.",government_administration,,,[],revokes_or_amends,,stop
14132,2024-31466,Adjustments of Certain Rates of Pay,Joseph R. Biden Jr.,2024-12-23,2024-12-30,89 FR 106963,4464,https://www.govinfo.gov/content/pkg/FR-2024-12-30/pdf/2024-31466.pdf,https://www.federalregister.gov/documents/full_text/text/2024/12/30/2024-31466.txt,Executive Order 14132 updates the federal pay tables for multiple civil‑service and uniformed‑service pay systems and supersedes the prior 2023 pay‑adjustment order.,government_administration,,,[],adjusts_pay_or_admin,,stop
14133,2024-31766,"Providing for the Closing of Executive Departments and Agencies of the Federal Government on January 9, 2025",Joseph R. Biden Jr.,2024-12-30,2025-01-03,90 FR 187,2599,https://www.govinfo.gov/content/pkg/FR-2025-01-03/pdf/2024-31766.pdf,https://www.federalregister.gov/documents/full_text/text/2025/01/03/2024-31766.txt,"Executive Order 14133 directs that all federal executive departments and agencies close on 9 January 2025, allows limited exceptions for national‑security or public‑need functions, and tasks the Director of OPM with implementation. It also ties the date to the provisions of EO 11582 and related statutes.",government_administration,,,[],other,orders the closure of all executive departments and agencies on a specific date,stop
14134,2025-00595,Providing an Order of Succession Within the Department of Agriculture,Joseph R. Biden Jr.,2025-01-03,2025-01-13,90 FR 2577,4771,https://www.govinfo.gov/content/pkg/FR-2025-01-13/pdf/2025-00595.pdf,https://www.federalregister.gov/documents/full_text/text/2025/01/13/2025-00595.txt,Executive Order 14134 establishes a succession order for the Department of Agriculture and revokes the prior succession order (EO 13612).,government_administration,,,[],adjusts_pay_or_admin,,stop
14135,2025-00603,Providing an Order of Succession Within the Department of Homeland Security,Joseph R. Biden Jr.,2025-01-03,2025-01-13,90 FR 2579,4751,https://www.govinfo.gov/content/pkg/FR-2025-01-13/pdf/2025-00603.pdf,https://www.federalregister.gov/documents/full_text/text/2025/01/13/2025-00603.txt,Executive Order 14135 establishes a succession list for the Department of Homeland Security and revokes/strikes prior succession provisions.,government_administration,,,[],adjusts_pay_or_admin,,stop
14136,2025-00611,Providing an Order of Succession Within the Department of Justice,Joseph R. Biden Jr.,2025-01-03,2025-01-13,90 FR 2581,3836,https://www.govinfo.gov/content/pkg/FR-2025-01-13/pdf/2025-00611.pdf,https://www.federalregister.gov/documents/full_text/text/2025/01/13/2025-00611.txt,"Executive Order 14136 establishes a new order of succession for the Department of Justice, specifying that the United States Attorneys for the Southern District of New York, District of Arizona, Northern District of Illinois, and District of Hawaii shall serve as acting Attorney General if the Attorney General and designated officials are unavailable. The order also revokes the earlier Executive Order 13787 that provided a prior succession plan. It cites authority under the Constitution, the Federal Vacancies Reform Act, and 28 U.S.C. 508, and affirms the President’s discretion to depart from the succession list.",government_administration,,,"[""justice_and_law_enforcement""]",revokes_or_amends,,stop
14137,2025-00618,Providing an Order of Succession Within the Department of the Treasury,Joseph R. Biden Jr.,2025-01-03,2025-01-13,90 FR 2583,4228,https://www.govinfo.gov/content/pkg/FR-2025-01-13/pdf/2025-00618.pdf,https://www.federalregister.gov/documents/full_text/text/2025/01/13/2025-00618.txt,Executive Order 14137 establishes a Treasury Department succession order and revokes a prior succession order.,government_administration,,,[],other,establishes an order of succession for the Secretary of the Treasury,stop
14138,2025-00619,Providing an Order of Succession Within the Office of Management and Budget,Joseph R. Biden Jr.,2025-01-03,2025-01-13,90 FR 2585,4171,https://www.govinfo.gov/content/pkg/FR-2025-01-13/pdf/2025-00619.pdf,https://www.federalregister.gov/documents/full_text/text/2025/01/13/2025-00619.txt,The order establishes a succession list for the Office of Management and Budget Director and revokes the previous order of succession (EO 13615).,government_administration,,,[],adjusts_pay_or_admin,,stop
14139,2025-00620,Providing an Order of Succession Within the Office of the National Cyber Director,Joseph R. Biden Jr.,2025-01-03,2025-01-13,90 FR 2587,3348,https://www.govinfo.gov/content/pkg/FR-2025-01-13/pdf/2025-00620.pdf,https://www.federalregister.gov/documents/full_text/text/2025/01/13/2025-00620.txt,"Executive Order 14139 establishes an order of succession for the Office of the National Cyber Director. It lists the Deputy National Cyber Director, Chief of Staff, and various Assistant Directors as the officials who will serve as Acting Director if the Director is unable to serve. The order also sets exceptions, stating that acting officials cannot serve as Director solely by virtue of this order and that the President may deviate from the succession list. The order is issued under the President’s constitutional authority and the Federal Vacancies Reform Act.",government_administration,,,[],delegates_authority,,stop
14140,2025-00622,Taking Additional Steps With Respect to the Situation in the Western Balkans,Joseph R. Biden Jr.,2025-01-08,2025-01-13,90 FR 2589,7453,https://www.govinfo.gov/content/pkg/FR-2025-01-13/pdf/2025-00622.pdf,https://www.federalregister.gov/documents/full_text/text/2025/01/13/2025-00622.txt,"Executive Order 14140 amends Executive Order 14033 to expand U.S. sanctions on persons linked to destabilizing activities in the Western Balkans, including corruption, human‑rights abuse, and threats to peace.",foreign_policy,,,[],revokes_or_amends,,stop
14141,2025-01395,Advancing United States Leadership in Artificial Intelligence Infrastructure,Joseph R. Biden Jr.,2025-01-14,2025-01-17,90 FR 5469,97145,https://www.govinfo.gov/content/pkg/FR-2025-01-17/pdf/2025-01395.pdf,https://www.federalregister.gov/documents/full_text/text/2025/01/17/2025-01395.txt,"Executive Order 14141 directs multiple federal officials to take actions that advance U.S. leadership in artificial‑intelligence (AI) infrastructure, including site identification, reporting, permitting, transmission planning, and international engagement.",technology_and_research,,,[],delegates_authority,,stop
14142,2025-01437,Taking Additional Steps With Respect to the Situation in Syria,Joseph R. Biden Jr.,2025-01-15,2025-01-17,90 FR 6709,3145,https://www.govinfo.gov/content/pkg/FR-2025-01-17/pdf/2025-01437.pdf,https://www.federalregister.gov/documents/full_text/text/2025/01/17/2025-01437.txt,"The order amends Executive Order 13894, which concerns sanctions related to the situation in Syria.",foreign_policy,,,[],revokes_or_amends,,stop
14143,2025-01467,Providing for the Appointment of Alumni of AmeriCorps to the Competitive Service,Joseph R. Biden Jr.,2025-01-16,2025-01-17,90 FR 6751,7758,https://www.govinfo.gov/content/pkg/FR-2025-01-17/pdf/2025-01467.pdf,https://www.federalregister.gov/documents/full_text/text/2025/01/17/2025-01467.txt,"Executive Order 14143 authorizes agency heads to non‑competitively appoint certified AmeriCorps alumni to competitive service positions, authorizes the Director of OPM to issue implementing regulations, and sets a deadline for such appointments.",government_administration,,,[],delegates_authority,,stop
14144,2025-01470,Strengthening and Promoting Innovation in the Nation's Cybersecurity,Joseph R. Biden Jr.,2025-01-16,2025-01-17,90 FR 6755,71281,https://www.govinfo.gov/content/pkg/FR-2025-01-17/pdf/2025-01470.pdf,https://www.federalregister.gov/documents/full_text/text/2025/01/17/2025-01470.txt,"Executive Order 14144 directs a wide‑range set of actions to improve U.S. cybersecurity, creates new bodies to coordinate those actions, and sets numerous implementation deadlines.",technology_and_research,,,[],creates_body,,stop
14145,2025-01758,Helping Left-Behind Communities Make a Comeback,Joseph R. Biden Jr.,2025-01-19,2025-01-24,90 FR 8105,9393,https://www.govinfo.gov/content/pkg/FR-2025-01-24/pdf/2025-01758.pdf,https://www.federalregister.gov/documents/full_text/text/2025/01/24/2025-01758.txt,"Executive Order 14145 directs federal agencies to coordinate and support place‑based economic development for “covered communities,” delegating authority to the Secretary of Commerce and to implementing agencies, and sets a one‑year deadline for several actions.",energy_and_environment,,,[],delegates_authority,,stop
14146,2025-01759,Partial Revocation of Executive Order 13961,Joseph R. Biden Jr.,2025-01-19,2025-01-24,90 FR 8109,2452,https://www.govinfo.gov/content/pkg/FR-2025-01-24/pdf/2025-01759.pdf,https://www.federalregister.gov/documents/full_text/text/2025/01/24/2025-01759.txt,"Partially revokes and amends sections of Executive Order 13961, renumbering remaining sections and updating language to refer to the Restricted Principals Committee described in the National Security Memorandum of January 19, 2025.",government_administration,,,[],revokes_or_amends,,stop
14147,2025-01900,Ending the Weaponization of the Federal Government,Donald Trump,2025-01-20,2025-01-28,90 FR 8235,6573,https://www.govinfo.gov/content/pkg/FR-2025-01-28/pdf/2025-01900.pdf,https://www.federalregister.gov/documents/full_text/text/2025/01/28/2025-01900.txt,"Executive Order 14147 directs senior officials to review past federal law‑enforcement and intelligence actions and to report findings to the President, while reaffirming existing agency authority and document‑retention obligations.",justice_and_law_enforcement,,,[],delegates_authority,,stop
14148,2025-01901,Initial Rescissions of Harmful Executive Orders and Actions,Donald Trump,2025-01-20,2025-01-28,90 FR 8237,19206,https://www.govinfo.gov/content/pkg/FR-2025-01-28/pdf/2025-01901.pdf,https://www.federalregister.gov/documents/full_text/text/2025/01/28/2025-01901.txt,"Executive Order 14148 rescinds a large number of prior executive orders and presidential memoranda, directing agencies to end implementation of the revoked actions and setting 45‑day deadlines for further review and recommendation of additional rescissions.",government_administration,,,[],revokes_or_amends,,stop
14149,2025-01902,Restoring Freedom of Speech and Ending Federal Censorship,Donald Trump,2025-01-20,2025-01-28,90 FR 8243,4437,https://www.govinfo.gov/content/pkg/FR-2025-01-28/pdf/2025-01902.pdf,https://www.federalregister.gov/documents/full_text/text/2025/01/28/2025-01902.txt,The order assigns the Attorney General the duty to investigate federal actions that censored speech and to report the findings to the President.,government_administration,,,[],delegates_authority,,stop
14150,2025-01952,America First Policy Directive to the Secretary of State,Donald Trump,2025-01-20,2025-01-29,90 FR 8337,1881,https://www.govinfo.gov/content/pkg/FR-2025-01-29/pdf/2025-01952.pdf,https://www.federalregister.gov/documents/full_text/text/2025/01/29/2025-01952.txt,The order directs the Secretary of State to issue guidance aligning the Department of State with an America First foreign policy.,foreign_policy,,,[],delegates_authority,,stop
14151,2025-01953,Ending Radical and Wasteful Government DEI Programs and Preferencing,Donald Trump,2025-01-20,2025-01-29,90 FR 8339,7552,https://www.govinfo.gov/content/pkg/FR-2025-01-29/pdf/2025-01953.pdf,https://www.federalregister.gov/documents/full_text/text/2025/01/29/2025-01953.txt,"The order directs the termination of all federal diversity, equity, and inclusion (DEI) programs and related positions, requires agency heads to submit lists of such programs and assess their costs within sixty days, and mandates the Assistant to the President for Domestic Policy to convene monthly meetings to monitor compliance. It assigns coordination to the Director of OMB, OPM, and the Attorney General, and references Executive Order 13985.",civil_rights,,,"[""government_administration""]",delegates_authority,,stop
14152,2025-01954,Holding Former Government Officials Accountable for Election Interference and Improper Disclosure of Sensitive Governmental Information,Donald Trump,2025-01-20,2025-01-29,90 FR 8343,9019,https://www.govinfo.gov/content/pkg/FR-2025-01-29/pdf/2025-01954.pdf,https://www.federalregister.gov/documents/full_text/text/2025/01/29/2025-01954.txt,"Executive Order 14152 directs the DNI (with the CIA) to revoke security clearances of 51 former intelligence officials and John R. Bolton, and requires a detailed report on related misconduct to be submitted within 90 days.",security_and_defense,,,"[""government_administration""]",delegates_authority,,stop
14153,2025-01955,Unleashing Alaska's Extraordinary Resource Potential,Donald Trump,2025-01-20,2025-01-29,90 FR 8347,17818,https://www.govinfo.gov/content/pkg/FR-2025-01-29/pdf/2025-01955.pdf,https://www.federalregister.gov/documents/full_text/text/2025/01/29/2025-01955.txt,"Executive Order 14153 directs multiple federal agencies to take actions that advance Alaska’s natural‑resource development, including rescinding prior regulations, reinstating earlier orders, and imposing temporary moratoria.",energy_and_environment,,,[],delegates_authority,,stop
14154,2025-01956,Unleashing American Energy,Donald Trump,2025-01-20,2025-01-29,90 FR 8353,29875,https://www.govinfo.gov/content/pkg/FR-2025-01-29/pdf/2025-01956.pdf,https://www.federalregister.gov/documents/full_text/text/2025/01/29/2025-01956.txt,"Executive Order 14154 focuses on energy and environmental policy and primarily creates a new inter‑agency working group while also revoking prior orders, disbanding an existing working group, and terminating the American Climate Corps.",energy_and_environment,,,[],creates_body,,stop
14155,2025-01957,Withdrawing the United States From the World Health Organization,Donald Trump,2025-01-20,2025-01-29,90 FR 8361,4796,https://www.govinfo.gov/content/pkg/FR-2025-01-29/pdf/2025-01957.pdf,https://www.federalregister.gov/documents/full_text/text/2025/01/29/2025-01957.txt,"The order withdraws the United States from the World Health Organization, revokes Executive Order 13987 and a prior Presidential Letter, and directs various agencies to pause funding, recall personnel, and identify partners.",health,,,[],revokes_or_amends,,stop
14156,2025-02003,Declaring a National Energy Emergency,Donald Trump,2025-01-20,2025-01-29,90 FR 8433,20785,https://www.govinfo.gov/content/pkg/FR-2025-01-29/pdf/2025-02003.pdf,https://www.federalregister.gov/documents/full_text/text/2025/01/29/2025-02003.txt,"Executive Order 14156 declares a national energy emergency and delegates a range of emergency authorities to federal officials, while imposing a series of reporting and assessment deadlines.",energy_and_environment,,,[],delegates_authority,,stop
14157,2025-02004,Designating Cartels and Other Organizations as Foreign Terrorist Organizations and Specially Designated Global Terrorists,Donald Trump,2025-01-20,2025-01-29,90 FR 8439,7018,https://www.govinfo.gov/content/pkg/FR-2025-01-29/pdf/2025-02004.pdf,https://www.federalregister.gov/documents/full_text/text/2025/01/29/2025-02004.txt,"Executive Order 14157 establishes a process for designating international cartels and transnational criminal organizations as Foreign Terrorist Organizations and Specially Designated Global Terrorists, declares a national emergency under IEEPA, and directs federal agencies to prepare recommendations and operational measures within fourteen days. It tasks the Secretary of State, the Attorney General, and the Secretary of Homeland Security, among others, to take coordinated actions to implement these designations and related enforcement actions.",foreign_policy,,,"[""security_and_defense"", ""economy_and_finance""]",imposes_sanctions,,stop
14158,2025-02005,"Establishing and Implementing the President's ""Department of Government Efficiency""",Donald Trump,2025-01-20,2025-01-29,90 FR 8441,5950,https://www.govinfo.gov/content/pkg/FR-2025-01-29/pdf/2025-02005.pdf,https://www.federalregister.gov/documents/full_text/text/2025/01/29/2025-02005.txt,"Executive Order 14158 creates the Department of Government Efficiency, renames the United States Digital Service, establishes a temporary DOGE Service organization that ends on July 4 2026, mandates each agency to form a DOGE Team within 30 days, directs a software‑modernization initiative, and revokes any prior orders that block these actions.",government_administration,,,"[""technology_and_research""]",creates_body,,stop
14159,2025-02006,Protecting the American People Against Invasion,Donald Trump,2025-01-20,2025-01-29,90 FR 8443,25815,https://www.govinfo.gov/content/pkg/FR-2025-01-29/pdf/2025-02006.pdf,https://www.federalregister.gov/documents/full_text/text/2025/01/29/2025-02006.txt,Executive Order 14159 (2025‑01‑20) focuses on immigration enforcement and creates new inter‑agency task forces while directing reporting and other actions.,justice_and_law_enforcement,,,[],creates_body,,stop
14160,2025-02007,Protecting the Meaning and Value of American Citizenship,Donald Trump,2025-01-20,2025-01-29,90 FR 8449,6570,https://www.govinfo.gov/content/pkg/FR-2025-01-29/pdf/2025-02007.pdf,https://www.federalregister.gov/documents/full_text/text/2025/01/29/2025-02007.txt,Executive Order 14160 directs federal agencies to withhold recognition of U.S. citizenship for certain persons born in the United States and assigns authority to senior officials to enforce the policy.,justice_and_law_enforcement,,,[],delegates_authority,,stop
14161,2025-02009,Protecting the United States From Foreign Terrorists and Other National Security and Public Safety Threats,Donald Trump,2025-01-20,2025-01-30,90 FR 8451,8712,https://www.govinfo.gov/content/pkg/FR-2025-01-30/pdf/2025-02009.pdf,https://www.federalregister.gov/documents/full_text/text/2025/01/30/2025-02009.txt,"Executive Order 14161 directs multiple federal officials to enhance immigration vetting, require reporting, and evaluate regulations to protect national security.",security_and_defense,,,[],delegates_authority,,stop
14162,2025-02010,Putting America First in International Environmental Agreements,Donald Trump,2025-01-20,2025-01-30,90 FR 8455,7252,https://www.govinfo.gov/content/pkg/FR-2025-01-30/pdf/2025-02010.pdf,https://www.federalregister.gov/documents/full_text/text/2025/01/30/2025-02010.txt,"Executive Order 14162 directs the United States to withdraw from the Paris Agreement, revokes the International Climate Finance Plan and related financial commitments, and requires agency reports within 10‑ and 30‑day deadlines.",energy_and_environment,,,[],revokes_or_amends,,stop
14163,2025-02011,Realigning the United States Refugee Admissions Program,Donald Trump,2025-01-20,2025-01-30,90 FR 8459,7765,https://www.govinfo.gov/content/pkg/FR-2025-01-30/pdf/2025-02011.pdf,https://www.federalregister.gov/documents/full_text/text/2025/01/30/2025-02011.txt,"Executive Order 14163 realigns the United States Refugee Admissions Program (USRAP) by suspending refugee entry, delegating authority to senior officials, requiring reports, and revoking EO 14013.",immigration,,,[],delegates_authority,,stop
14164,2025-02012,Restoring the Death Penalty and Protecting Public Safety,Donald Trump,2025-01-20,2025-01-30,90 FR 8463,8391,https://www.govinfo.gov/content/pkg/FR-2025-01-30/pdf/2025-02012.pdf,https://www.federalregister.gov/documents/full_text/text/2025/01/30/2025-02012.txt,Executive Order 14164 directs the Attorney General to take a series of actions that expand and enforce federal and state capital‑punishment policies.,justice_and_law_enforcement,,,[],delegates_authority,,stop
14165,2025-02015,Securing Our Borders,Donald Trump,2025-01-20,2025-01-30,90 FR 8467,10950,https://www.govinfo.gov/content/pkg/FR-2025-01-30/pdf/2025-02015.pdf,https://www.federalregister.gov/documents/full_text/text/2025/01/30/2025-02015.txt,Executive Order 14165 directs multiple federal officials to take actions aimed at securing the United States’ borders.,immigration,,,[],delegates_authority,,stop
14166,2025-02087,Application of Protecting Americans From Foreign Adversary Controlled Applications Act to TikTok,Donald Trump,2025-01-20,2025-01-30,90 FR 8611,7303,https://www.govinfo.gov/content/pkg/FR-2025-01-30/pdf/2025-02087.pdf,https://www.federalregister.gov/documents/full_text/text/2025/01/30/2025-02087.txt,Executive Order 14166 temporarily suspends enforcement of the Protecting Americans From Foreign Adversary Controlled Applications Act with respect to TikTok and directs the Attorney General to issue guidance and letters.,technology_and_research,,,[],delegates_authority,,stop
14167,2025-02089,Clarifying the Military's Role in Protecting the Territorial Integrity of the United States,Donald Trump,2025-01-20,2025-01-30,90 FR 8613,5647,https://www.govinfo.gov/content/pkg/FR-2025-01-30/pdf/2025-02089.pdf,https://www.federalregister.gov/documents/full_text/text/2025/01/30/2025-02089.txt,Executive Order 14167 directs the Secretary of Defense to revise the Unified Command Plan and add planning requirements for USNORTHCOM to protect the United States’ territorial integrity.,security_and_defense,,,[],delegates_authority,,stop
14168,2025-02090,Defending Women From Gender Ideology Extremism and Restoring Biological Truth to the Federal Government,Donald Trump,2025-01-20,2025-01-30,90 FR 8615,16566,https://www.govinfo.gov/content/pkg/FR-2025-01-30/pdf/2025-02090.pdf,https://www.federalregister.gov/documents/full_text/text/2025/01/30/2025-02090.txt,"Executive Order 14168 revokes earlier gender‑related executive orders, dissolves the White House Gender Policy Council, rescinds a 2016 federal rule, and sets agency‑wide reporting deadlines.",justice_and_law_enforcement,,,[],revokes_or_amends,,stop
14169,2025-02091,Reevaluating and Realigning United States Foreign Aid,Donald Trump,2025-01-20,2025-01-30,90 FR 8619,4696,https://www.govinfo.gov/content/pkg/FR-2025-01-30/pdf/2025-02091.pdf,https://www.federalregister.gov/documents/full_text/text/2025/01/30/2025-02091.txt,"Executive Order 14169 pauses and reviews U.S. foreign development assistance for 90 days, directing agencies to assess programs and allowing limited waivers.",foreign_policy,,,[],imposes_sanctions,,stop
14170,2025-02094,Reforming the Federal Hiring Process and Restoring Merit to Government Service,Donald Trump,2025-01-20,2025-01-30,90 FR 8621,6856,https://www.govinfo.gov/content/pkg/FR-2025-01-30/pdf/2025-02094.pdf,https://www.federalregister.gov/documents/full_text/text/2025/01/30/2025-02094.txt,"Executive Order 14170 directs senior officials to create a Federal Hiring Plan and related performance metrics, setting a 120‑day deadline for the plan’s delivery.",government_administration,,,[],delegates_authority,,stop
14171,2025-02095,Restoring Accountability to Policy-Influencing Positions Within the Federal Workforce,Donald Trump,2025-01-20,2025-01-31,90 FR 8625,8352,https://www.govinfo.gov/content/pkg/FR-2025-01-31/pdf/2025-02095.pdf,https://www.federalregister.gov/documents/full_text/text/2025/01/31/2025-02095.txt,"Executive Order 14171 modifies the federal civil‑service framework by reinstating and amending EO 13957, revoking EO 14003, directing the Office of Personnel Management to amend regulations, and requiring guidance on additional policy‑influencing positions within 30 days.",government_administration,,,[],revokes_or_amends,,stop
14172,2025-02096,Restoring Names That Honor American Greatness,Donald Trump,2025-01-20,2025-01-31,90 FR 8629,9561,https://www.govinfo.gov/content/pkg/FR-2025-01-31/pdf/2025-02096.pdf,https://www.federalregister.gov/documents/full_text/text/2025/01/31/2025-02096.txt,"The order directs agency heads to review and possibly replace their Board on Geographic Names appointees within seven days, referencing 43 U.S.C. 364a.",government_administration,,,[],delegates_authority,,stop
14173,2025-02097,Ending Illegal Discrimination and Restoring Merit-Based Opportunity,Donald Trump,2025-01-21,2025-01-31,90 FR 8633,13160,https://www.govinfo.gov/content/pkg/FR-2025-01-31/pdf/2025-02097.pdf,https://www.federalregister.gov/documents/full_text/text/2025/01/31/2025-02097.txt,Executive Order 14173 primarily revokes earlier civil‑rights‑related executive actions and directs the President’s agencies to report on and guide the private sector in ending illegal DEI preferences.,justice_and_law_enforcement,,,[],revokes_or_amends,,stop
14174,2025-02098,Revocation of Certain Executive Orders,Donald Trump,2025-01-21,2025-01-31,90 FR 8637,1743,https://www.govinfo.gov/content/pkg/FR-2025-01-31/pdf/2025-02098.pdf,https://www.federalregister.gov/documents/full_text/text/2025/01/31/2025-02098.txt,"Executive Order 14174 revokes Executive Orders 14042 and 14043, which dealt with COVID‑19 safety protocols for federal contractors and vaccination requirements for federal employees.",government_administration,,,[],revokes_or_amends,,stop
14175,2025-02103,Designation of Ansar Allah as a Foreign Terrorist Organization,Donald Trump,2025-01-22,2025-01-31,90 FR 8639,5414,https://www.govinfo.gov/content/pkg/FR-2025-01-31/pdf/2025-02103.pdf,https://www.federalregister.gov/documents/full_text/text/2025/01/31/2025-02103.txt,"Executive Order 14175 directs the Secretary of State to report on and, if appropriate, designate Ansar Allah (the Houthis) as a Foreign Terrorist Organization, and to take follow‑up actions, including a USAID review.",foreign_policy,,,[],delegates_authority,,stop
14176,2025-02116,"Declassification of Records Concerning the Assassinations of President John F. Kennedy, Senator Robert F. Kennedy, and the Reverend Dr. Martin Luther King, Jr.",Donald Trump,2025-01-23,2025-01-31,90 FR 8641,6812,https://www.govinfo.gov/content/pkg/FR-2025-01-31/pdf/2025-02116.pdf,https://www.federalregister.gov/documents/full_text/text/2025/01/31/2025-02116.txt,"Executive Order 14176 directs senior officials to develop and present plans for the full declassification of records related to the assassinations of President John F. Kennedy, Senator Robert F. Kennedy, and Dr. Martin Luther King Jr.",government_administration,,,[],delegates_authority,,stop
14177,2025-02121,President's Council of Advisors on Science and Technology,Donald Trump,2025-01-23,2025-01-31,90 FR 8643,10006,https://www.govinfo.gov/content/pkg/FR-2025-01-31/pdf/2025-02121.pdf,https://www.federalregister.gov/documents/full_text/text/2025/01/31/2025-02121.txt,"Executive Order 14177 establishes a new advisory council on science and technology, revokes a prior order, authorizes the council to create sub‑committees, and sets a two‑year term for the council.",technology_and_research,,,[],creates_body,,stop
14178,2025-02123,Strengthening American Leadership in Digital Financial Technology,Donald Trump,2025-01-23,2025-01-31,90 FR 8647,10794,https://www.govinfo.gov/content/pkg/FR-2025-01-31/pdf/2025-02123.pdf,https://www.federalregister.gov/documents/full_text/text/2025/01/31/2025-02123.txt,"Executive Order 14178 establishes the President's Working Group on Digital Asset Markets to coordinate federal policy on digital assets, revokes the prior EO 14067 and the Treasury's 2022 framework, and directs agencies to identify, review, and report on regulations affecting the digital asset sector within specified timeframes while prohibiting the development of Central Bank Digital Currencies.",technology_and_research,,,"[""economy_and_finance"", ""security_and_defense"", ""government_administration""]",creates_body,,stop
14179,2025-02172,Removing Barriers to American Leadership in Artificial Intelligence,Donald Trump,2025-01-23,2025-01-31,90 FR 8741,5612,https://www.govinfo.gov/content/pkg/FR-2025-01-31/pdf/2025-02172.pdf,https://www.federalregister.gov/documents/full_text/text/2025/01/31/2025-02172.txt,"Executive Order 14179 removes barriers to U.S. leadership in artificial intelligence by revoking prior AI‑related directives, directing a rapid development of an AI Action Plan, and ordering revisions to OMB memoranda.",technology_and_research,,,[],revokes_or_amends,,stop
14180,2025-02173,Council To Assess the Federal Emergency Management Agency,Donald Trump,2025-01-24,2025-01-31,90 FR 8743,9687,https://www.govinfo.gov/content/pkg/FR-2025-01-31/pdf/2025-02173.pdf,https://www.federalregister.gov/documents/full_text/text/2025/01/31/2025-02173.txt,"Executive Order 14180 establishes the Federal Emergency Management Agency Review Council, defines its composition and leadership, sets meeting and reporting deadlines, and provides a termination provision.",government_administration,,,[],creates_body,,stop
14181,2025-02174,Emergency Measures To Provide Water Resources in California and Improve Disaster Response in Certain Areas,Donald Trump,2025-01-24,2025-01-31,90 FR 8747,13807,https://www.govinfo.gov/content/pkg/FR-2025-01-31/pdf/2025-02174.pdf,https://www.federalregister.gov/documents/full_text/text/2025/01/31/2025-02174.txt,"Executive Order 14181 directs multiple federal secretaries and agencies to take actions that increase water resources and improve disaster response, especially in California, and to report on those actions within specified time‑frames.",energy_and_environment,,,[],delegates_authority,,stop
14182,2025-02175,Enforcing the Hyde Amendment,Donald Trump,2025-01-24,2025-01-31,90 FR 8751,2647,https://www.govinfo.gov/content/pkg/FR-2025-01-31/pdf/2025-02175.pdf,https://www.federalregister.gov/documents/full_text/text/2025/01/31/2025-02175.txt,Executive Order 14182 revokes two prior executive orders and directs the OMB to issue implementation guidance.,health,,,[],revokes_or_amends,,stop
14183,2025-02178,Prioritizing Military Excellence and Readiness,Donald Trump,2025-01-27,2025-02-03,90 FR 8757,8824,https://www.govinfo.gov/content/pkg/FR-2025-02-03/pdf/2025-02178.pdf,https://www.federalregister.gov/documents/full_text/text/2025/02/03/2025-02178.txt,"Executive Order 14183 revokes Executive Order 14004 and sets new military‑readiness standards, directing the Secretary of Defense and the Secretary of Homeland Security to act within specified timeframes.",government_administration,,"The order’s substantive focus is on military personnel policy and standards, which falls under the broader defense‑and‑national‑security domain of government administration.","[""justice_and_law_enforcement""]",revokes_or_amends,,stop
14184,2025-02180,Reinstating Service Members Discharged Under the Military's COVID-19 Vaccination Mandate,Donald Trump,2025-01-27,2025-02-03,90 FR 8761,4382,https://www.govinfo.gov/content/pkg/FR-2025-02-03/pdf/2025-02180.pdf,https://www.federalregister.gov/documents/full_text/text/2025/02/03/2025-02180.txt,Executive Order 14184 directs the Defense and Homeland Security secretaries to reinstate service members discharged for refusing the COVID‑19 vaccine and requires a progress report within 60 days.,government_administration,,"The order’s substantive focus is on military personnel policy, which falls under defense and veterans affairs, but the order’s operative text primarily assigns duties to executive officials, a government‑administration function.",[],delegates_authority,,stop
14185,2025-02181,Restoring America's Fighting Force,Donald Trump,2025-01-27,2025-02-03,90 FR 8763,7715,https://www.govinfo.gov/content/pkg/FR-2025-02-03/pdf/2025-02181.pdf,https://www.federalregister.gov/documents/full_text/text/2025/02/03/2025-02181.txt,"Executive Order 14185 directs the Department of Defense and the Department of Homeland Security (Coast Guard) to eliminate DEI offices and related programs, requires internal reviews and reports, and sets deadlines for guidance and reporting.",government_administration,,,[],delegates_authority,,stop
14186,2025-02182,The Iron Dome for America,Donald Trump,2025-01-27,2025-02-03,90 FR 8767,7029,https://www.govinfo.gov/content/pkg/FR-2025-02-03/pdf/2025-02182.pdf,https://www.federalregister.gov/documents/full_text/text/2025/02/03/2025-02182.txt,"The order directs the Secretary of Defense to develop and submit a reference architecture, requirements, and implementation plan for a next‑generation missile‑defense shield, and to conduct related reviews and assessments.",security_and_defense,,,[],directs_report_or_study,,stop
14187,2025-02194,Protecting Children From Chemical and Surgical Mutilation,Donald Trump,2025-01-28,2025-02-03,90 FR 8771,11862,https://www.govinfo.gov/content/pkg/FR-2025-02-03/pdf/2025-02194.pdf,https://www.federalregister.gov/documents/full_text/text/2025/02/03/2025-02194.txt,"Executive Order 14187 directs multiple federal officials to halt, defund, and prohibit medical practices described as “chemical and surgical mutilation” of children, requires reviews and reports, and sets short‑term deadlines.",health,,,"[""government_administration"", ""justice_and_law_enforcement""]",delegates_authority,,stop
14188,2025-02230,Additional Measures To Combat Anti-Semitism,Donald Trump,2025-01-29,2025-02-03,90 FR 8847,7044,https://www.govinfo.gov/content/pkg/FR-2025-02-03/pdf/2025-02230.pdf,https://www.federalregister.gov/documents/full_text/text/2025/02/03/2025-02230.txt,"Executive Order 14188 directs federal agencies to report on civil‑rights authorities and complaints related to campus anti‑Semitism, reaffirming EO 13899 and setting a 60‑day reporting deadline.",civil_rights,,,[],directs_report_or_study,,stop
14189,2025-02231,Celebrating America's 250th Birthday,Donald Trump,2025-01-29,2025-02-03,90 FR 8849,7899,https://www.govinfo.gov/content/pkg/FR-2025-02-03/pdf/2025-02231.pdf,https://www.federalregister.gov/documents/full_text/text/2025/02/03/2025-02231.txt,Key factual elements extracted from Executive Order 14189 (Celebrating America's 250th Birthday).,civil_rights,,"The order primarily concerns a national celebration and related historic commemorations, which fall under the broader cultural‑heritage domain.","[""government_administration""]",creates_body,The order’s main operative text establishes a new White House Task Force.,stop
14190,2025-02232,Ending Radical Indoctrination in K-12 Schooling,Donald Trump,2025-01-29,2025-02-03,90 FR 8853,19490,https://www.govinfo.gov/content/pkg/FR-2025-02-03/pdf/2025-02232.pdf,https://www.federalregister.gov/documents/full_text/text/2025/02/03/2025-02232.txt,"Executive Order 14190 establishes a new advisory commission, directs agencies to produce a strategy and take enforcement actions, and sets reporting and compliance deadlines related to K‑12 education and patriotic education.",education,,,"[""justice_and_law_enforcement""]",creates_body,,stop
14191,2025-02233,Expanding Educational Freedom and Opportunity for Families,Donald Trump,2025-01-29,2025-02-03,90 FR 8859,6766,https://www.govinfo.gov/content/pkg/FR-2025-02-03/pdf/2025-02233.pdf,https://www.federalregister.gov/documents/full_text/text/2025/02/03/2025-02233.txt,"Executive Order 14191 directs multiple federal secretaries to issue guidance, review discretionary grant programs, and submit implementation plans—each within specified timeframes—to expand K‑12 educational choice and support families, low‑income households, military families, and students eligible for Bureau of Indian Education schools.",education,,,[],directs_report_or_study,,stop
14192,2025-02345,Unleashing Prosperity Through Deregulation,Donald Trump,2025-01-31,2025-02-06,90 FR 9065,11998,https://www.govinfo.gov/content/pkg/FR-2025-02-06/pdf/2025-02345.pdf,https://www.federalregister.gov/documents/full_text/text/2025/02/06/2025-02345.txt,"Executive Order 14192 directs agencies to offset new regulations by repealing at least ten existing ones, sets a fiscal‑year cost cap, requires annual cost submissions, and directs the OMB Director to revoke the 2023 Circular A‑4, reinstate the 2003 version of Circular A‑4, and reinstate a 2018 Treasury‑OMB Memorandum of Agreement.",government_administration,,,[],revokes_or_amends,,stop
14193,2025-02406,Imposing Duties To Address the Flow of Illicit Drugs Across Our Northern Border,Donald Trump,2025-02-01,2025-02-07,90 FR 9113,17306,https://www.govinfo.gov/content/pkg/FR-2025-02-07/pdf/2025-02406.pdf,https://www.federalregister.gov/documents/full_text/text/2025/02/07/2025-02406.txt,"Executive Order 14193 imposes additional ad‑valorem duties on Canadian‑origin goods, declares a national emergency, authorizes tariff‑schedule changes, requires reporting, and terminates inconsistent prior directives.",trade,,,[],imposes_sanctions,,stop
14194,2025-02407,Imposing Duties To Address the Situation at Our Southern Border,Donald Trump,2025-02-01,2025-02-07,90 FR 9117,15177,https://www.govinfo.gov/content/pkg/FR-2025-02-07/pdf/2025-02407.pdf,https://www.federalregister.gov/documents/full_text/text/2025/02/07/2025-02407.txt,"Imposes a 25 percent ad‑valorem duty on all articles that are products of Mexico, effective for goods entered for consumption on or after 12:01 a.m. Eastern Time on 4 February 2025; authorizes the Secretary of Homeland Security to modify the Harmonized Tariff Schedule to implement the duty; terminates any earlier U.S. directive on trade with Mexico that conflicts with this order; and requires the Secretary of Homeland Security to submit recurring and final reports to Congress on the national emergency declared under IEEPA.",trade,,,[],imposes_sanctions,,stop
14195,2025-02408,Imposing Duties To Address the Synthetic Opioid Supply Chain in the People's Republic of China,Donald Trump,2025-02-01,2025-02-07,90 FR 9121,16452,https://www.govinfo.gov/content/pkg/FR-2025-02-07/pdf/2025-02408.pdf,https://www.federalregister.gov/documents/full_text/text/2025/02/07/2025-02408.txt,"Executive Order 14195 imposes a 10 % ad‑valorem tariff on products of the People’s Republic of China, sets an effective date, terminates inconsistent prior trade directives, expands the national‑emergency scope declared in Proclamation 10886, and delegates authority to the Secretary of Homeland Security to modify the Harmonized Tariff Schedule.",trade,,,[],imposes_sanctions,,stop
14196,2025-02477,A Plan for Establishing a United States Sovereign Wealth Fund,Donald Trump,2025-02-03,2025-02-10,90 FR 9181,3081,https://www.govinfo.gov/content/pkg/FR-2025-02-10/pdf/2025-02477.pdf,https://www.federalregister.gov/documents/full_text/text/2025/02/10/2025-02477.txt,"The order directs the Treasury and Commerce secretaries, with the Assistant to the President for Economic Policy, to develop and submit a sovereign wealth fund plan within 90 days.",economy_and_finance,,,"[""government_administration""]",directs_report_or_study,,stop
14197,2025-02478,Progress on the Situation at Our Northern Border,Donald Trump,2025-02-03,2025-02-10,90 FR 9183,5708,https://www.govinfo.gov/content/pkg/FR-2025-02-10/pdf/2025-02478.pdf,https://www.federalregister.gov/documents/full_text/text/2025/02/10/2025-02478.txt,"Executive Order 14197 pauses additional Canadian tariffs, amends the February 1 2025 order, and withdraws certain exceptions.",security_and_defense,,,[],imposes_sanctions,,stop
14198,2025-02479,Progress on the Situation at Our Southern Border,Donald Trump,2025-02-03,2025-02-10,90 FR 9185,5590,https://www.govinfo.gov/content/pkg/FR-2025-02-10/pdf/2025-02479.pdf,https://www.federalregister.gov/documents/full_text/text/2025/02/10/2025-02479.txt,"Executive Order 14198 pauses a 25 % ad‑valorem tariff on Mexican goods, amends the February 1 2025 order’s effective date, withdraws certain exceptions, and tasks senior officials with continued assessment of the southern‑border situation.",trade,,,[],revokes_or_amends,,stop
14199,2025-02504,Withdrawing the United States From and Ending Funding to Certain United Nations Organizations and Reviewing United States Support to All International Organizations,Donald Trump,2025-02-04,2025-02-10,90 FR 9275,6843,https://www.govinfo.gov/content/pkg/FR-2025-02-10/pdf/2025-02504.pdf,https://www.federalregister.gov/documents/full_text/text/2025/02/10/2025-02504.txt,"Executive Order 14199 directs the United States to cease participation and funding for certain United Nations bodies, and to review U.S. involvement in international organizations.",foreign_policy,,,"[""justice_and_law_enforcement"", ""government_administration""]",other,The order contains multiple directives that do not fit the listed instrument categories.,stop
14200,2025-02512,Amendment to Duties Addressing the Synthetic Opioid Supply Chain in the People's Republic of China,Donald Trump,2025-02-05,2025-02-11,90 FR 9277,2670,https://www.govinfo.gov/content/pkg/FR-2025-02-11/pdf/2025-02512.pdf,https://www.federalregister.gov/documents/full_text/text/2025/02/11/2025-02512.txt,Amends a prior executive order that imposed duties on synthetic opioid‑related imports from the People’s Republic of China by replacing subsection (g) of its section 2.,foreign_policy,,,[],revokes_or_amends,,stop
14201,2025-02513,Keeping Men Out of Women's Sports,Donald Trump,2025-02-05,2025-02-11,90 FR 9279,9270,https://www.govinfo.gov/content/pkg/FR-2025-02-11/pdf/2025-02513.pdf,https://www.federalregister.gov/documents/full_text/text/2025/02/11/2025-02513.txt,"Executive Order 14201 directs multiple agencies to protect women’s sports, creates a convening body, and assigns various officials new duties.",education,,,[],creates_body,,stop
14202,2025-02611,Eradicating Anti-Christian Bias,Donald Trump,2025-02-06,2025-02-12,90 FR 9365,11362,https://www.govinfo.gov/content/pkg/FR-2025-02-12/pdf/2025-02611.pdf,https://www.federalregister.gov/documents/full_text/text/2025/02/12/2025-02611.txt,"Executive Order 14202 establishes a Department of Justice Task Force to eradicate anti‑Christian bias, directs it to report to the President, and sets a termination deadline for the task force.",technology_and_research,,"The order’s subject is the protection of religious liberty and the eradication of anti‑Christian bias, which falls under the broader category of religion and culture.","[""government_administration""]",creates_body,,stop
14203,2025-02612,Imposing Sanctions on the International Criminal Court,Donald Trump,2025-02-06,2025-02-12,90 FR 9369,16562,https://www.govinfo.gov/content/pkg/FR-2025-02-12/pdf/2025-02612.pdf,https://www.federalregister.gov/documents/full_text/text/2025/02/12/2025-02612.txt,Executive Order 14203 imposes sanctions on the International Criminal Court (ICC) and persons associated with it.,justice_and_law_enforcement,,,[],imposes_sanctions,,stop
14204,2025-02630,Addressing Egregious Actions of the Republic of South Africa,Donald Trump,2025-02-07,2025-02-12,90 FR 9497,4753,https://www.govinfo.gov/content/pkg/FR-2025-02-12/pdf/2025-02630.pdf,https://www.federalregister.gov/documents/full_text/text/2025/02/12/2025-02630.txt,"Executive Order 14204 (2025) directs the United States to halt foreign aid to the Republic of South Africa and to prioritize refugee resettlement for Afrikaners, using agency discretion where appropriate.",foreign_policy,,,[],imposes_sanctions,,stop
14205,2025-02635,Establishment of the White House Faith Office,Donald Trump,2025-02-07,2025-02-12,90 FR 9499,11095,https://www.govinfo.gov/content/pkg/FR-2025-02-12/pdf/2025-02635.pdf,https://www.federalregister.gov/documents/full_text/text/2025/02/12/2025-02635.txt,Executive Order 14205 creates the White House Faith Office and directs agencies to appoint Faith Liaisons within a specified timeframe.,foreign_policy,,"The order’s subject is the establishment and coordination of a new office focused on faith‑based entities, which falls under the broader category of government‑wide policy initiatives.",[],creates_body,,stop
14206,2025-02636,Protecting Second Amendment Rights,Donald Trump,2025-02-07,2025-02-12,90 FR 9503,3896,https://www.govinfo.gov/content/pkg/FR-2025-02-12/pdf/2025-02636.pdf,https://www.federalregister.gov/documents/full_text/text/2025/02/12/2025-02636.txt,"Executive Order 14206 directs the Attorney General to review federal actions that may infringe Second Amendment rights and to submit a plan within 30 days. It does not alter existing authority, imposes no sanctions, and contains no revocations.",justice_and_law_enforcement,,,[],delegates_authority,,stop
14207,2025-02734,Eliminating the Federal Executive Institute,Donald Trump,2025-02-10,2025-02-14,90 FR 9583,3636,https://www.govinfo.gov/content/pkg/FR-2025-02-14/pdf/2025-02734.pdf,https://www.federalregister.gov/documents/full_text/text/2025/02/14/2025-02734.txt,Executive Order 14207 directs the Director of the Office of Personnel Management to eliminate the Federal Executive Institute and revokes the prior authorities that created it.,government_administration,,,[],revokes_or_amends,,stop
14208,2025-02735,Ending Procurement and Forced Use of Paper Straws,Donald Trump,2025-02-10,2025-02-14,90 FR 9585,3529,https://www.govinfo.gov/content/pkg/FR-2025-02-14/pdf/2025-02735.pdf,https://www.federalregister.gov/documents/full_text/text/2025/02/14/2025-02735.txt,"Executive Order 14208 directs the federal government to stop buying and using paper straws, revokes a prior order that promoted plastic‑straw policies, and requires a national strategy within 45 days.",energy_and_environment,,,[],revokes_or_amends,,stop
14209,2025-02736,Pausing Foreign Corrupt Practices Act Enforcement To Further American Economic and National Security,Donald Trump,2025-02-10,2025-02-14,90 FR 9587,5748,https://www.govinfo.gov/content/pkg/FR-2025-02-14/pdf/2025-02736.pdf,https://www.federalregister.gov/documents/full_text/text/2025/02/14/2025-02736.txt,"The order directs the Attorney General to pause initiation of new FCPA investigations for 180 days, review existing investigations, and issue updated guidelines, thereby delegating enforcement‑discretion authority to the Attorney General.",justice_and_law_enforcement,,,[],delegates_authority,,stop
14210,2025-02762,"Implementing the President's ""Department of Government Efficiency"" Workforce Optimization Initiative",Donald Trump,2025-02-11,2025-02-14,90 FR 9669,9824,https://www.govinfo.gov/content/pkg/FR-2025-02-14/pdf/2025-02762.pdf,https://www.federalregister.gov/documents/full_text/text/2025/02/14/2025-02762.txt,"The order assigns agencies and officials specific duties and timelines to improve federal workforce efficiency, thereby delegating authority to carry out rulemaking, reporting, and planning functions.",government_administration,,,[],delegates_authority,,stop
14211,2025-02841,One Voice for America's Foreign Relations,Donald Trump,2025-02-12,2025-02-18,90 FR 9831,6324,https://www.govinfo.gov/content/pkg/FR-2025-02-18/pdf/2025-02841.pdf,https://www.federalregister.gov/documents/full_text/text/2025/02/18/2025-02841.txt,"Executive Order 14211 directs the Secretary of State to reform the Foreign Service and related personnel processes, requiring all foreign‑policy officers to act under the President’s direction and giving the Secretary sole discretion to implement reforms, revise manuals, and discipline non‑compliant employees.",foreign_policy,,,[],delegates_authority,,stop
14212,2025-02871,Establishing the President's Make America Healthy Again Commission,Donald Trump,2025-02-13,2025-02-19,90 FR 9833,14359,https://www.govinfo.gov/content/pkg/FR-2025-02-19/pdf/2025-02871.pdf,https://www.federalregister.gov/documents/full_text/text/2025/02/19/2025-02871.txt,Executive Order 14212 establishes the President’s Make America Healthy Again Commission and directs it to deliver an assessment and a strategy within specific timeframes.,health,,,[],creates_body,,stop
14213,2025-02928,Establishing the National Energy Dominance Council,Donald Trump,2025-02-14,2025-02-20,90 FR 9945,8690,https://www.govinfo.gov/content/pkg/FR-2025-02-20/pdf/2025-02928.pdf,https://www.federalregister.gov/documents/full_text/text/2025/02/20/2025-02928.txt,"Executive Order 14213 creates the National Energy Dominance Council, assigns it advisory duties, sets a 100‑day deadline for its first actions, and makes its Chair a standing member of the National Security Council.",energy_and_environment,,,[],creates_body,,stop
14214,2025-02931,Keeping Education Accessible and Ending COVID-19 Vaccine Mandates in Schools,Donald Trump,2025-02-14,2025-02-20,90 FR 9949,5553,https://www.govinfo.gov/content/pkg/FR-2025-02-20/pdf/2025-02931.pdf,https://www.federalregister.gov/documents/full_text/text/2025/02/20/2025-02931.txt,"Executive Order 14214 directs the Secretary of Education to issue guidelines, restricts discretionary federal funding for schools that require COVID‑19 vaccination, and requires a plan to end coercive vaccine mandates within 90 days.",education,,,[],delegates_authority,,stop
14215,2025-03063,Ensuring Accountability for All Agencies,Donald Trump,2025-02-18,2025-02-24,90 FR 10447,11699,https://www.govinfo.gov/content/pkg/FR-2025-02-24/pdf/2025-03063.pdf,https://www.federalregister.gov/documents/full_text/text/2025/02/24/2025-03063.txt,"Executive Order 14215 amends Executive Order 12866 to require all executive departments and independent regulatory agencies to submit significant regulatory actions to OIRA for review, and directs the Director of OMB to provide implementation guidance, establish performance standards, and adjust agency apportionments. It also creates a White House Liaison position in independent agencies, mandates regular consultation between agency chairs and senior White House officials, and requires the President and Attorney General to issue authoritative legal interpretations for the executive branch.",government_administration,,,[],revokes_or_amends,,stop
14216,2025-03064,Expanding Access to In Vitro Fertilization,Donald Trump,2025-02-18,2025-02-24,90 FR 10451,3208,https://www.govinfo.gov/content/pkg/FR-2025-02-24/pdf/2025-03064.pdf,https://www.federalregister.gov/documents/full_text/text/2025/02/24/2025-03064.txt,Executive Order 14216 directs the Assistant to the President for Domestic Policy to submit policy recommendations within 90 days to lower IVF costs and improve access.,health,,,[],directs_report_or_study,,stop
14217,2025-03133,Commencing the Reduction of the Federal Bureaucracy,Donald Trump,2025-02-19,2025-02-25,90 FR 10577,7080,https://www.govinfo.gov/content/pkg/FR-2025-02-25/pdf/2025-03133.pdf,https://www.federalregister.gov/documents/full_text/text/2025/02/25/2025-03133.txt,"Executive Order 14217 directs the reduction of the federal bureaucracy, revoking and amending prior orders and a presidential memorandum, and sets short‑term reporting and termination deadlines.",government_administration,,,[],revokes_or_amends,,stop
14218,2025-03137,Ending Taxpayer Subsidization of Open Borders,Donald Trump,2025-02-19,2025-02-25,90 FR 10581,4904,https://www.govinfo.gov/content/pkg/FR-2025-02-25/pdf/2025-03137.pdf,https://www.federalregister.gov/documents/full_text/text/2025/02/25/2025-03137.txt,Executive Order 14218 directs agency heads to prevent federal benefits from being used by illegal aliens and requires the OMB Director and the DOGE Service Administrator to act within 30 days.,immigration,,,[],delegates_authority,,stop
14219,2025-03138,"Ensuring Lawful Governance and Implementing the President's ""Department of Government Efficiency"" Deregulatory Initiative",Donald Trump,2025-02-19,2025-02-25,90 FR 10583,9804,https://www.govinfo.gov/content/pkg/FR-2025-02-25/pdf/2025-03138.pdf,https://www.federalregister.gov/documents/full_text/text/2025/02/25/2025-03138.txt,"Executive Order 14219 directs agency heads to review and potentially rescind unlawful regulations, sets 60‑day deadlines for identification and reporting, assigns coordination and reporting duties, and orders the OMB Director to issue guidance.",government_administration,,,[],delegates_authority,,stop
14220,2025-03439,Addressing the Threat to National Security From Imports of Copper,Donald Trump,2025-02-25,2025-02-28,90 FR 11001,6702,https://www.govinfo.gov/content/pkg/FR-2025-02-28/pdf/2025-03439.pdf,https://www.federalregister.gov/documents/full_text/text/2025/02/28/2025-03439.txt,Executive Order 14220 directs the Secretary of Commerce to investigate the national‑security impact of copper imports and to report the findings to the President within 270 days.,energy_and_environment,,,[],directs_report_or_study,,stop
14221,2025-03440,"Making America Healthy Again by Empowering Patients With Clear, Accurate, and Actionable Healthcare Pricing Information",Donald Trump,2025-02-25,2025-02-28,90 FR 11005,7320,https://www.govinfo.gov/content/pkg/FR-2025-02-28/pdf/2025-03440.pdf,https://www.federalregister.gov/documents/full_text/text/2025/02/28/2025-03440.txt,"The order directs senior secretaries to act to implement and enforce health‑care price‑transparency regulations, referencing a prior executive order and setting a 90‑day deadline for initial actions.",health,,,[],delegates_authority,,stop
14222,2025-03527,"Implementing the President's ""Department of Government Efficiency"" Cost Efficiency Initiative",Donald Trump,2025-02-26,2025-03-03,90 FR 11095,11546,https://www.govinfo.gov/content/pkg/FR-2025-03-03/pdf/2025-03527.pdf,https://www.federalregister.gov/documents/full_text/text/2025/03/03/2025-03527.txt,"Executive Order 14222 directs agency heads to build systems, review contracts, report activities, and take other actions to improve federal spending efficiency.",government_administration,,,[],delegates_authority,,stop
14223,2025-03693,"Addressing the Threat to National Security From Imports of Timber, Lumber, and Their Derivative Products",Donald Trump,2025-03-01,2025-03-06,90 FR 11359,6805,https://www.govinfo.gov/content/pkg/FR-2025-03-06/pdf/2025-03693.pdf,https://www.federalregister.gov/documents/full_text/text/2025/03/06/2025-03693.txt,"Executive Order 14223 directs the Secretary of Commerce to investigate imports of timber, lumber and related products and to report the findings to the President within a set time‑frame.",energy_and_environment,,,[],delegates_authority,,stop
14224,2025-03694,Designating English as the Official Language of the United States,Donald Trump,2025-03-01,2025-03-06,90 FR 11363,5260,https://www.govinfo.gov/content/pkg/FR-2025-03-06/pdf/2025-03694.pdf,https://www.federalregister.gov/documents/full_text/text/2025/03/06/2025-03694.txt,Executive Order 14224 designates English as the official language of the United States and revokes Executive Order 13166. It directs the Attorney General to rescind guidance issued under the revoked order and instructs agency heads to act according to their missions without requiring changes to multilingual services. The order asserts its authority from the Constitution and U.S. laws and states that it does not create any enforceable rights.,government_administration,,,"[""civil_rights""]",revokes_or_amends,,stop
14225,2025-03695,Immediate Expansion of American Timber Production,Donald Trump,2025-03-01,2025-03-06,90 FR 11365,9957,https://www.govinfo.gov/content/pkg/FR-2025-03-06/pdf/2025-03695.pdf,https://www.federalregister.gov/documents/full_text/text/2025/03/06/2025-03695.txt,"Executive Order 14225 directs the Secretaries of the Interior and Agriculture (and the Secretary of Commerce) to take a series of actions that accelerate domestic timber production and streamline related permitting and environmental review processes. The order’s primary focus is timber and forest‑resource management, and it mainly delegates authority and tasks to agency heads.",energy_and_environment,,,[],delegates_authority,,stop
14226,2025-03728,Amendment to Duties To Address the Flow of Illicit Drugs Across Our Northern Border,Donald Trump,2025-03-02,2025-03-06,90 FR 11369,2868,https://www.govinfo.gov/content/pkg/FR-2025-03-06/pdf/2025-03728.pdf,https://www.federalregister.gov/documents/full_text/text/2025/03/06/2025-03728.txt,The order amends Executive Order 14193 by revising section 2(h) of that order.,trade,,,[],revokes_or_amends,,stop
14227,2025-03729,Amendment to Duties To Address the Situation at Our Southern Border,Donald Trump,2025-03-02,2025-03-06,90 FR 11371,2802,https://www.govinfo.gov/content/pkg/FR-2025-03-06/pdf/2025-03729.pdf,https://www.federalregister.gov/documents/full_text/text/2025/03/06/2025-03729.txt,Amends a previously issued executive order that imposed duties on certain articles related to the southern border.,trade,,,[],revokes_or_amends,,stop
14228,2025-03775,Further Amendment to Duties Addressing the Synthetic Opioid Supply Chain in the People's Republic of China,Donald Trump,2025-03-03,2025-03-07,90 FR 11463,3728,https://www.govinfo.gov/content/pkg/FR-2025-03-07/pdf/2025-03775.pdf,https://www.federalregister.gov/documents/full_text/text/2025/03/07/2025-03775.txt,Amends EO 14195 by changing the ad valorem tariff rate from 10 percent to 20 percent for articles from the People’s Republic of China linked to the synthetic opioid supply chain.,trade,,,[],revokes_or_amends,,stop
14229,2025-03869,Honoring Jocelyn Nungaray,Donald Trump,2025-03-04,2025-03-10,90 FR 11585,4122,https://www.govinfo.gov/content/pkg/FR-2025-03-10/pdf/2025-03869.pdf,https://www.federalregister.gov/documents/full_text/text/2025/03/10/2025-03869.txt,The order directs the renaming of a federal wildlife refuge in honor of Jocelyn Nungaray.,energy_and_environment,,,[],confers_status_or_honor,,stop
14230,2025-03989,Addressing Risks From Perkins Coie LLP,Donald Trump,2025-03-06,2025-03-11,90 FR 11781,9393,https://www.govinfo.gov/content/pkg/FR-2025-03-11/pdf/2025-03989.pdf,https://www.federalregister.gov/documents/full_text/text/2025/03/11/2025-03989.txt,"Executive Order 14230 directs multiple federal officials and agencies to act against the law firm Perkins Coie LLP, delegating authority, requiring disclosures, and imposing a reporting deadline.",justice_and_law_enforcement,,,[],delegates_authority,,stop
14231,2025-03990,Amendment to Duties To Address the Flow of Illicit Drugs Across Our Northern Border,Donald Trump,2025-03-06,2025-03-11,90 FR 11785,3778,https://www.govinfo.gov/content/pkg/FR-2025-03-11/pdf/2025-03990.pdf,https://www.federalregister.gov/documents/full_text/text/2025/03/11/2025-03990.txt,"Executive Order 14231 amends the tariff regime established by Executive Order 14193 for Canadian articles, reducing the additional ad valorem duty on potash from 25 percent to 10 percent. The modifications become effective for goods entered for consumption on or after 12:01 a.m. Eastern Standard Time on March 7, 2025. The order cites several statutory authorities but does not create any new body or assign new tasks to agencies.",trade,,,"[""security_and_defense"", ""economy_and_finance""]",revokes_or_amends,,stop
14232,2025-03991,Amendment to Duties To Address the Flow of Illicit Drugs Across Our Southern Border,Donald Trump,2025-03-06,2025-03-11,90 FR 11787,3746,https://www.govinfo.gov/content/pkg/FR-2025-03-11/pdf/2025-03991.pdf,https://www.federalregister.gov/documents/full_text/text/2025/03/11/2025-03991.txt,"Executive Order 14232 amends the tariff duties imposed by EO 14194, reducing the additional ad‑valorem rate on certain goods and setting a new effective date.",trade,,,[],revokes_or_amends,,stop
14233,2025-03992,Establishment of the Strategic Bitcoin Reserve and United States Digital Asset Stockpile,Donald Trump,2025-03-06,2025-03-11,90 FR 11789,9185,https://www.govinfo.gov/content/pkg/FR-2025-03-11/pdf/2025-03992.pdf,https://www.federalregister.gov/documents/full_text/text/2025/03/11/2025-03992.txt,"Executive Order 14233 creates two new Treasury offices to hold and manage government‑owned cryptocurrency and other digital assets, and it imposes a series of reporting and evaluation deadlines for agencies and the Treasury.",economy_and_finance,,,[],creates_body,,stop
14234,2025-04102,Establishing the White House Task Force on the FIFA World Cup 2026,Donald Trump,2025-03-07,2025-03-12,90 FR 11883,5608,https://www.govinfo.gov/content/pkg/FR-2025-03-12/pdf/2025-04102.pdf,https://www.federalregister.gov/documents/full_text/text/2025/03/12/2025-04102.txt,"Executive Order 14234 establishes a White House Task Force to coordinate the 2025 FIFA Club World Cup and the 2026 FIFA World Cup, directs agencies to submit reports, and sets a termination date for the Task Force.",government_administration,,,[],creates_body,,stop
14235,2025-04103,Restoring Public Service Loan Forgiveness,Donald Trump,2025-03-07,2025-03-12,90 FR 11885,5387,https://www.govinfo.gov/content/pkg/FR-2025-03-12/pdf/2025-04103.pdf,https://www.federalregister.gov/documents/full_text/text/2025/03/12/2025-04103.txt,Executive Order 14235 directs the Secretary of Education to revise the Public Service Loan Forgiveness regulations to exclude organizations with substantial illegal purposes and declares that employees of such organizations are ineligible for loan forgiveness.,education,,,[],delegates_authority,,stop
14236,2025-04866,Additional Rescissions of Harmful Executive Orders and Actions,Donald Trump,2025-03-14,2025-03-20,90 FR 13037,6414,https://www.govinfo.gov/content/pkg/FR-2025-03-20/pdf/2025-04866.pdf,https://www.federalregister.gov/documents/full_text/text/2025/03/20/2025-04866.txt,Executive Order 14236 rescinds a series of prior executive actions.,government_administration,,,[],revokes_or_amends,,stop
14237,2025-04867,Addressing Risks From Paul Weiss,Donald Trump,2025-03-14,2025-03-20,90 FR 13039,9069,https://www.govinfo.gov/content/pkg/FR-2025-03-20/pdf/2025-04867.pdf,https://www.federalregister.gov/documents/full_text/text/2025/03/20/2025-04867.txt,"Executive Order 14237 directs federal agencies to suspend security clearances for individuals associated with the law firm Paul Weiss, halt provision of government goods and services to the firm, and require contractors to disclose any business with Paul Weiss. It mandates agency heads to review and, where permissible, terminate contracts with the firm and submit a compliance assessment to the Office of Management and Budget within 30 days. The order also limits access to federal facilities and employment of Paul Weiss personnel, citing national security and anti‑discrimination concerns.",security_and_defense,,,"[""economy_and_finance"", ""government_administration""]",delegates_authority,,stop
14238,2025-04868,Continuing the Reduction of the Federal Bureaucracy,Donald Trump,2025-03-14,2025-03-20,90 FR 13043,3661,https://www.govinfo.gov/content/pkg/FR-2025-03-20/pdf/2025-04868.pdf,https://www.federalregister.gov/documents/full_text/text/2025/03/20/2025-04868.txt,"Executive Order 14238 directs the elimination of non‑statutory components of seven federal entities, requires heads of those entities to submit compliance reports to OMB within 7 days (by 2025‑03‑21), and instructs OMB to reject any funding requests inconsistent with the order.",government_administration,,,[],directs_report_or_study,,stop
14239,2025-04973,Achieving Efficiency Through State and Local Preparedness,Donald Trump,2025-03-18,2025-03-21,90 FR 13267,11137,https://www.govinfo.gov/content/pkg/FR-2025-03-21/pdf/2025-04973.pdf,https://www.federalregister.gov/documents/full_text/text/2025/03/21/2025-04973.txt,"The order directs the Assistant to the President for National Security Affairs and other officials to review and update a series of federal policies and to create a National Resilience Strategy, a National Risk Register, and other deliverables, thereby delegating authority to senior officials to carry out these tasks.",government_administration,,"The order is focused on the overall coordination of federal preparedness and resilience policy rather than a specific sector such as energy, justice, or technology.","[""energy_and_environment"", ""technology_and_research""]",delegates_authority,,stop
14240,2025-05197,Eliminating Waste and Saving Taxpayer Dollars by Consolidating Procurement,Donald Trump,2025-03-20,2025-03-25,90 FR 13671,6277,https://www.govinfo.gov/content/pkg/FR-2025-03-25/pdf/2025-05197.pdf,https://www.federalregister.gov/documents/full_text/text/2025/03/25/2025-05197.txt,Executive Order 14240 directs the consolidation of domestic federal procurement in the General Services Administration and assigns new procurement‑related authority to the GSA Administrator.,government_administration,,,[],delegates_authority,,stop
14241,2025-05212,Immediate Measures To Increase American Mineral Production,Donald Trump,2025-03-20,2025-03-25,90 FR 13673,18922,https://www.govinfo.gov/content/pkg/FR-2025-03-25/pdf/2025-05212.pdf,https://www.federalregister.gov/documents/full_text/text/2025/03/25/2025-05212.txt,"Executive Order 14241 directs federal agencies to accelerate domestic mineral production by delegating Defense‑Production‑Act authority, setting rapid reporting and permitting timelines, and coordinating land‑use, financing and regulatory actions.",energy_and_environment,,,[],delegates_authority,,stop
14242,2025-05213,"Improving Education Outcomes by Empowering Parents, States, and Communities",Donald Trump,2025-03-20,2025-03-25,90 FR 13679,5995,https://www.govinfo.gov/content/pkg/FR-2025-03-25/pdf/2025-05213.pdf,https://www.federalregister.gov/documents/full_text/text/2025/03/25/2025-05213.txt,"Executive Order 14242 directs the Secretary of Education to close the Department of Education and return education authority to the states and local communities. It also requires the Secretary to ensure federal education funds are allocated in compliance with law and to eliminate programs that discriminate under the guise of diversity, equity, and inclusion. The order emphasizes uninterrupted delivery of services while the department is being shut down.",education,,,"[""government_administration""]",delegates_authority,,stop
14243,2025-05214,"Stopping Waste, Fraud, and Abuse by Eliminating Information Silos",Donald Trump,2025-03-20,2025-03-25,90 FR 13681,6260,https://www.govinfo.gov/content/pkg/FR-2025-03-25/pdf/2025-05214.pdf,https://www.federalregister.gov/documents/full_text/text/2025/03/25/2025-05214.txt,"The order directs agency heads to grant prompt access to unclassified data, remove barriers, report on regulations and classified‑information policies, give the Labor Secretary access to unemployment data, and supersede earlier orders that impede data sharing.",government_administration,,,[],delegates_authority,,stop
14244,2025-05291,Addressing Remedial Action by Paul Weiss,Donald Trump,2025-03-21,2025-03-26,90 FR 13685,3556,https://www.govinfo.gov/content/pkg/FR-2025-03-26/pdf/2025-05291.pdf,https://www.federalregister.gov/documents/full_text/text/2025/03/26/2025-05291.txt,Executive Order 14244 revokes the earlier Executive Order 14237.,justice_and_law_enforcement,,,[],revokes_or_amends,,stop
14245,2025-05440,Imposing Tariffs on Countries Importing Venezuelan Oil,Donald Trump,2025-03-24,2025-03-27,90 FR 13829,11200,https://www.govinfo.gov/content/pkg/FR-2025-03-27/pdf/2025-05440.pdf,https://www.federalregister.gov/documents/full_text/text/2025/03/27/2025-05440.txt,The order imposes a 25 percent tariff on goods from any country that imports Venezuelan oil and directs the Secretary of State (with other secretaries) to determine and enforce the tariff.,trade,,,[],imposes_sanctions,,stop
14246,2025-05519,Addressing Risks From Jenner & Block,Donald Trump,2025-03-25,2025-03-28,90 FR 13997,8703,https://www.govinfo.gov/content/pkg/FR-2025-03-28/pdf/2025-05519.pdf,https://www.federalregister.gov/documents/full_text/text/2025/03/28/2025-05519.txt,"Executive Order 14246 directs federal agencies to suspend security clearances, cease provision of government goods and services, require contractor disclosures, review and potentially terminate contracts, and limit access and hiring of Jenner & Block personnel; agencies must submit a contract‑assessment report within 30 days.",justice_and_law_enforcement,,,[],imposes_sanctions,,stop
14247,2025-05522,Modernizing Payments To and From America's Bank Account,Donald Trump,2025-03-25,2025-03-28,90 FR 14001,8311,https://www.govinfo.gov/content/pkg/FR-2025-03-28/pdf/2025-05522.pdf,https://www.federalregister.gov/documents/full_text/text/2025/03/28/2025-05522.txt,"Executive Order 14247 directs the federal government to replace paper‑based payments with electronic methods, establishes limited exceptions, requires public outreach, and sets reporting deadlines.",government_administration,,,[],delegates_authority,,stop
14248,2025-05523,Preserving and Protecting the Integrity of American Elections,Donald Trump,2025-03-25,2025-03-28,90 FR 14005,24112,https://www.govinfo.gov/content/pkg/FR-2025-03-28/pdf/2025-05523.pdf,https://www.federalregister.gov/documents/full_text/text/2025/03/28/2025-05523.txt,"Executive Order 14248 (2025‑03‑25) directs multiple federal agencies to tighten citizenship verification for voter registration, improve voting‑system security, and enforce existing election‑law statutes. It delegates new duties to the Election Assistance Commission, the Department of Homeland Security, the Attorney General, and other officials, and it orders the cessation of actions taken under EO 14019.",justice_and_law_enforcement,,,[],delegates_authority,,stop
14249,2025-05524,"Protecting America's Bank Account Against Fraud, Waste, and Abuse",Donald Trump,2025-03-25,2025-03-28,90 FR 14011,19814,https://www.govinfo.gov/content/pkg/FR-2025-03-28/pdf/2025-05524.pdf,https://www.federalregister.gov/documents/full_text/text/2025/03/28/2025-05524.txt,"Executive Order 14249 directs the Treasury and other federal officials to improve payment verification, consolidate financial systems, reduce non‑Treasury disbursing offices, and require agencies to submit compliance plans and reports, with multiple statutory deadlines ranging from 30 to 180 days.",government_administration,,The order’s focus is on improving financial management and payment integrity across the federal government.,[],other,"The order primarily directs agencies and officials to issue guidance, modify records notices, and assess delegations, actions not captured by the listed instrument categories.",stop
14250,2025-05845,Addressing Risks From WilmerHale,Donald Trump,2025-03-27,2025-04-03,90 FR 14549,8956,https://www.govinfo.gov/content/pkg/FR-2025-04-03/pdf/2025-05845.pdf,https://www.federalregister.gov/documents/full_text/text/2025/04/03/2025-05845.txt,"Executive Order 14250 directs federal agencies to treat the law firm Wilmer Hale as a national‑security risk, suspending its personnel’s clearances, halting government support, demanding contract disclosures, allowing contract terminations, and requiring agencies to report on related contracts within 30 days. It also affirms that the order does not limit actions in EO 14230 and ties agency funding decisions to EO 14147.",justice_and_law_enforcement,,,[],imposes_sanctions,,stop
14251,2025-05836,Exclusions From Federal Labor-Management Relations Programs,Donald Trump,2025-03-27,2025-04-03,90 FR 14553,14373,https://www.govinfo.gov/content/pkg/FR-2025-04-03/pdf/2025-05836.pdf,https://www.federalregister.gov/documents/full_text/text/2025/04/03/2025-05836.txt,"Executive Order 14251 modifies the federal labor‑management relations framework for national‑security‑related agencies, amends EO 12171, delegates exclusion authority to several secretaries, and imposes reporting and certification deadlines.",labor_and_workforce,,,[],revokes_or_amends,,stop
14252,2025-05837,Making the District of Columbia Safe and Beautiful,Donald Trump,2025-03-27,2025-04-03,90 FR 14559,10234,https://www.govinfo.gov/content/pkg/FR-2025-04-03/pdf/2025-05837.pdf,https://www.federalregister.gov/documents/full_text/text/2025/04/03/2025-05837.txt,"Executive Order 14252 creates a D.C. Safe and Beautiful Task Force, directs the Secretary of the Interior to order the National Park Service to clean up encampments and graffiti, and requires the Task Force to report to the President.",justice_and_law_enforcement,,,"[""energy_and_environment""]",creates_body,,stop
14253,2025-05838,Restoring Truth and Sanity to American History,Donald Trump,2025-03-27,2025-04-03,90 FR 14563,9821,https://www.govinfo.gov/content/pkg/FR-2025-04-03/pdf/2025-05838.pdf,https://www.federalregister.gov/documents/full_text/text/2025/04/03/2025-05838.txt,"Executive Order 14253 directs the Vice President, the Office of Management and Budget, and the Secretary of the Interior to restore historically accurate narratives at federal museums, monuments, and historic sites. It mandates the removal of ideological content from Smithsonian exhibits, requires funding to improve Independence National Historical Park by July 4 2026, and orders the Interior Department to assess and, if necessary, reinstate public monuments altered since 2020. The order also directs the Vice President to seek appointment of citizen members to the Smithsonian Board of Regents and delegates authority to agencies to implement these policies.",education,,,"[""government_administration""]",delegates_authority,,stop
14254,2025-05906,Combating Unfair Practices in the Live Entertainment Market,Donald Trump,2025-03-31,2025-04-03,90 FR 14699,5265,https://www.govinfo.gov/content/pkg/FR-2025-04-03/pdf/2025-05906.pdf,https://www.federalregister.gov/documents/full_text/text/2025/04/03/2025-05906.txt,Executive Order 14254 directs federal agencies to enforce competition and consumer‑protection laws in the live‑entertainment ticket market and requires a joint report within 180 days.,justice_and_law_enforcement,,,[],delegates_authority,,stop
14255,2025-05908,Establishing the United States Investment Accelerator,Donald Trump,2025-03-31,2025-04-03,90 FR 14701,4786,https://www.govinfo.gov/content/pkg/FR-2025-04-03/pdf/2025-05908.pdf,https://www.federalregister.gov/documents/full_text/text/2025/04/03/2025-05908.txt,"Executive Order 14255 creates a new office – the United States Investment Accelerator – within the Department of Commerce to accelerate large‑scale investments, designates its leadership, and assigns it responsibility for the existing CHIPS Program Office.",economy_and_finance,,,[],creates_body,,stop
14256,2025-06027,Further Amendment to Duties Addressing the Synthetic Opioid Supply Chain in the People's Republic of China as Applied to Low-Value Imports,Donald Trump,2025-04-02,2025-04-07,90 FR 14899,12886,https://www.govinfo.gov/content/pkg/FR-2025-04-07/pdf/2025-06027.pdf,https://www.federalregister.gov/documents/full_text/text/2025/04/07/2025-06027.txt,"The order removes the de‑minimis exemption for low‑value imports from the People’s Republic of China (including Hong Kong) and imposes new ad‑valorem and specific duties on those shipments, authorizing Customs and Border Protection (CBP) to collect and remit the duties, require carrier bonds, and direct the U.S. International Trade Commission to update the Harmonized Tariff Schedule.",trade,,,[],imposes_sanctions,,stop
14257,2025-06063,Regulating Imports With a Reciprocal Tariff To Rectify Trade Practices That Contribute to Large and Persistent Annual United States Goods Trade Deficits,Donald Trump,2025-04-02,2025-04-07,90 FR 15041,43060,https://www.govinfo.gov/content/pkg/FR-2025-04-07/pdf/2025-06063.pdf,https://www.federalregister.gov/documents/full_text/text/2025/04/07/2025-06063.txt,"Executive Order 14257 imposes a 10 percent ad‑valorem tariff on all imports and higher, country‑specific rates for listed partners, effective 5 April 2025 (general) and 9 April 2025 (specific). It modifies the HTSUS, continues a prior opioid‑related order, and terminates or suspends any earlier directives that conflict with its provisions.",trade,,,[],imposes_sanctions,,stop
14258,2025-06162,Extending the TikTok Enforcement Delay,Donald Trump,2025-04-04,2025-04-09,90 FR 15209,3953,https://www.govinfo.gov/content/pkg/FR-2025-04-09/pdf/2025-06162.pdf,https://www.federalregister.gov/documents/full_text/text/2025/04/09/2025-06162.txt,"The order extends the TikTok enforcement delay, amending EO 14166, with deadline June 19, 2025.",technology_and_research,,,[],revokes_or_amends,,stop
14259,2025-06378,Amendment to Reciprocal Tariffs and Updated Duties as Applied to Low-Value Imports From the People's Republic of China,Donald Trump,2025-04-08,2025-04-14,90 FR 15509,7906,https://www.govinfo.gov/content/pkg/FR-2025-04-14/pdf/2025-06378.pdf,https://www.federalregister.gov/documents/full_text/text/2025/04/14/2025-06378.txt,"Executive Order 14259 raises U.S. tariff rates on selected Chinese goods and increases de‑minimis duties, effective in April‑June 2025.",trade,,,[],imposes_sanctions,,stop
14260,2025-06379,Protecting American Energy From State Overreach,Donald Trump,2025-04-08,2025-04-14,90 FR 15513,7955,https://www.govinfo.gov/content/pkg/FR-2025-04-14/pdf/2025-06379.pdf,https://www.federalregister.gov/documents/full_text/text/2025/04/14/2025-06379.txt,Executive Order 14260 directs the Attorney General to identify and halt enforcement of state laws that impede domestic energy resources and requires a report within 60 days.,energy_and_environment,,,[],delegates_authority,,stop
14261,2025-06380,Reinvigorating America's Beautiful Clean Coal Industry and Amending Executive Order 14241,Donald Trump,2025-04-08,2025-04-14,90 FR 15517,14192,https://www.govinfo.gov/content/pkg/FR-2025-04-14/pdf/2025-06380.pdf,https://www.federalregister.gov/documents/full_text/text/2025/04/14/2025-06380.txt,"Executive Order 14261 (April 8 2025) amends Executive Order 14241 to treat coal as a mineral, directs multiple agencies to assess and remove barriers to coal production, and sets a series of reporting and review deadlines.",energy_and_environment,,,[],revokes_or_amends,,stop
14262,2025-06381,Strengthening the Reliability and Security of the United States Electric Grid,Donald Trump,2025-04-08,2025-04-14,90 FR 15521,6475,https://www.govinfo.gov/content/pkg/FR-2025-04-14/pdf/2025-06381.pdf,https://www.federalregister.gov/documents/full_text/text/2025/04/14/2025-06381.txt,"The order directs the Secretary of Energy to streamline and expedite DOE processes for issuing orders under the Federal Power Act, and to develop and publish a uniform methodology for assessing reserve margins across the bulk‑power system. It requires the methodology to be created within 30 days and posted online within 90 days, and establishes a protocol for identifying critical generation resources. The order is issued under presidential constitutional authority and references the national energy emergency declared in EO 14156.",energy_and_environment,,,[],delegates_authority,,stop
14263,2025-06458,Addressing Risks From Susman Godfrey,Donald Trump,2025-04-09,2025-04-15,90 FR 15615,7927,https://www.govinfo.gov/content/pkg/FR-2025-04-15/pdf/2025-06458.pdf,https://www.federalregister.gov/documents/full_text/text/2025/04/15/2025-06458.txt,"Executive Order 14263 directs federal agencies to restrict security clearances, contracts, hiring, and access for the law firm Susman Godfrey and to report on related contracts within 30 days.",justice_and_law_enforcement,,,[],delegates_authority,,stop
14264,2025-06459,Maintaining Acceptable Water Pressure in Showerheads,Donald Trump,2025-04-09,2025-04-15,90 FR 15619,2945,https://www.govinfo.gov/content/pkg/FR-2025-04-15/pdf/2025-06459.pdf,https://www.federalregister.gov/documents/full_text/text/2025/04/15/2025-06459.txt,"Executive Order 14264 directs the Secretary of Energy to rescind a prior Energy Conservation Program regulation defining “showerhead,” making the repeal effective 30 days after the notice is published.",energy_and_environment,,,[],revokes_or_amends,,stop
14265,2025-06461,Modernizing Defense Acquisitions and Spurring Innovation in the Defense Industrial Base,Donald Trump,2025-04-09,2025-04-15,90 FR 15621,14043,https://www.govinfo.gov/content/pkg/FR-2025-04-15/pdf/2025-06461.pdf,https://www.federalregister.gov/documents/full_text/text/2025/04/15/2025-06461.txt,Executive Order 14265 creates a new formal steering board (the Configuration Steering Board) to manage acquisition‑program risk and directs multiple deadline‑driven plans and reviews for defense acquisition reform.,government_administration,,,[],creates_body,,stop
14266,2025-06462,Modifying Reciprocal Tariff Rates To Reflect Trading Partner Retaliation and Alignment,Donald Trump,2025-04-09,2025-04-15,90 FR 15625,14076,https://www.govinfo.gov/content/pkg/FR-2025-04-15/pdf/2025-06462.pdf,https://www.federalregister.gov/documents/full_text/text/2025/04/15/2025-06462.txt,"Executive Order 14266 modifies the Harmonized Tariff Schedule to impose additional ad valorem duties on imports from the People's Republic of China and other foreign trading partners in response to retaliatory measures. It suspends certain country‑specific tariff rates for a 90‑day period and raises duties on selected headings, while also increasing de minimis tariff rates and postal item duties. The order directs the Secretaries of Commerce, Homeland Security, the U.S. Trade Representative and other senior officials to implement the changes through regulations and other actions.",trade,,,"[""economy_and_finance"", ""security_and_defense""]",imposes_sanctions,,stop
14267,2025-06463,Reducing Anti-Competitive Regulatory Barriers,Donald Trump,2025-04-09,2025-04-15,90 FR 15629,7053,https://www.govinfo.gov/content/pkg/FR-2025-04-15/pdf/2025-06463.pdf,https://www.federalregister.gov/documents/full_text/text/2025/04/15/2025-06463.txt,"This order directs the heads of federal agencies to review all regulations under their rulemaking authority and identify those that create anti‑competitive effects. It requires agency heads to submit lists of such regulations within 70 days, the FTC Chairman to issue a public request for information within 10 days, and the Chairman to deliver a consolidated list to the OMB Director within 90 days of receiving agency submissions. The OMB Director, together with the Office of Information and Regulatory Affairs, will decide whether to incorporate rescissions or modifications into the Unified Regulatory Agenda.",economy_and_finance,,,"[""government_administration""]",directs_report_or_study,,stop
14268,2025-06464,Reforming Foreign Defense Sales To Improve Speed and Accountability,Donald Trump,2025-04-09,2025-04-15,90 FR 15631,9425,https://www.govinfo.gov/content/pkg/FR-2025-04-15/pdf/2025-06464.pdf,https://www.federalregister.gov/documents/full_text/text/2025/04/15/2025-06464.txt,"Executive Order 14268 directs the Secretaries of State and Defense (and, where noted, the Secretary of Commerce) to take a series of actions to reform the foreign defense sales system, including developing priority‑partner lists, updating the FMS‑Only List, and submitting plans and reports within specified time‑frames.  It also implements National Security Presidential Memorandum 10 (2018) and requires annual review of certain lists.",foreign_policy,,,[],directs_report_or_study,,stop
14269,2025-06465,Restoring America's Maritime Dominance,Donald Trump,2025-04-09,2025-04-15,90 FR 15635,29890,https://www.govinfo.gov/content/pkg/FR-2025-04-15/pdf/2025-06465.pdf,https://www.federalregister.gov/documents/full_text/text/2025/04/15/2025-06465.txt,"Executive Order 14269 directs multiple agencies to develop a Maritime Action Plan (MAP) and related reports, incentives, and reviews to restore U.S. maritime industrial capacity and security.",security_and_defense,,,[],delegates_authority,,stop
14270,2025-06466,Zero-Based Regulatory Budgeting To Unleash American Energy,Donald Trump,2025-04-09,2025-04-15,90 FR 15643,12221,https://www.govinfo.gov/content/pkg/FR-2025-04-15/pdf/2025-06466.pdf,https://www.federalregister.gov/documents/full_text/text/2025/04/15/2025-06466.txt,"Executive Order 14270 directs a set of federal agencies that regulate energy‑related activities to adopt zero‑based regulatory budgeting by issuing sunset rules that place a Conditional Sunset Date on existing and new regulations, with the first sunset rules to be effective no later than 30 September 2025 and a required list of applicable statutes to be submitted by EPA and the Army Corps of Engineers within 30 days of the order.",energy_and_environment,,,[],delegates_authority,,stop
14271,2025-06835,"Ensuring Commercial, Cost-Effective Solutions in Federal Contracts",Donald Trump,2025-04-15,2025-04-18,90 FR 16433,8328,https://www.govinfo.gov/content/pkg/FR-2025-04-18/pdf/2025-06835.pdf,https://www.federalregister.gov/documents/full_text/text/2025/04/18/2025-06835.txt,"Executive Order 14271 directs federal agencies to prioritize commercially available products in procurement and sets review, assessment, and reporting requirements.",government_administration,,,[],delegates_authority,,stop
14272,2025-06836,Ensuring National Security and Economic Resilience Through Section 232 Actions on Processed Critical Minerals and Derivative Products,Donald Trump,2025-04-15,2025-04-18,90 FR 16437,13705,https://www.govinfo.gov/content/pkg/FR-2025-04-18/pdf/2025-06836.pdf,https://www.federalregister.gov/documents/full_text/text/2025/04/18/2025-06836.txt,"Executive Order 14272 directs the Secretary of Commerce to conduct a Section 232 investigation of imports of processed critical minerals and their derivative products, and to produce interim and final reports on the findings.",energy_and_environment,,,[],delegates_authority,,stop
14273,2025-06837,Lowering Drug Prices by Once Again Putting Americans First,Donald Trump,2025-04-15,2025-04-18,90 FR 16441,15057,https://www.govinfo.gov/content/pkg/FR-2025-04-18/pdf/2025-06837.pdf,https://www.federalregister.gov/documents/full_text/text/2025/04/18/2025-06837.txt,"Executive Order 14273 directs multiple federal officials to take actions aimed at lowering prescription drug prices for Americans. It tasks the Secretary of Health and Human Services, the Assistant to the President for Domestic and Economic Policy, the OMB Director, the Secretary of Labor, and other officials with developing guidance, reporting, and regulatory proposals related to Medicare, Medicaid, drug importation, and pharmacy benefit manager transparency. The order sets specific deadlines for these actions, ranging from 60 days to one year after the order’s issuance. It references the Inflation Reduction Act but does not revoke or amend any prior executive order.",health,,,"[""economy_and_finance"", ""government_administration""]",delegates_authority,,stop
14274,2025-06838,Restoring Common Sense to Federal Office Space Management,Donald Trump,2025-04-15,2025-04-18,90 FR 16445,4048,https://www.govinfo.gov/content/pkg/FR-2025-04-18/pdf/2025-06838.pdf,https://www.federalregister.gov/documents/full_text/text/2025/04/18/2025-06838.txt,"Executive Order 14274 revokes two prior orders on federal space management, directs the Administrator of General Services to amend related regulations, and requires agencies using federal space to conform to the new policy.",government_administration,,,[],revokes_or_amends,,stop
14275,2025-06839,Restoring Common Sense to Federal Procurement,Donald Trump,2025-04-15,2025-04-18,90 FR 16447,9498,https://www.govinfo.gov/content/pkg/FR-2025-04-18/pdf/2025-06839.pdf,https://www.federalregister.gov/documents/full_text/text/2025/04/18/2025-06839.txt,"The order directs the Administrator and agency heads to amend the Federal Acquisition Regulation within 180 days, requires each agency to name a senior procurement official within 15 days, mandates the OMB Director to issue implementation guidance within 20 days, and sets sunset provisions for non‑statutory FAR items to expire four years after final rule adoption unless renewed.",government_administration,,,[],delegates_authority,,stop
14276,2025-07062,Restoring American Seafood Competitiveness,Donald Trump,2025-04-17,2025-04-22,90 FR 16993,12296,https://www.govinfo.gov/content/pkg/FR-2025-04-22/pdf/2025-07062.pdf,https://www.federalregister.gov/documents/full_text/text/2025/04/22/2025-07062.txt,Executive Order 14276 directs the Secretary of Commerce and other officials to take a series of actions aimed at improving U.S. seafood competitiveness.,energy_and_environment,,,[],delegates_authority,,stop
14277,2025-07368,Advancing Artificial Intelligence Education for American Youth,Donald Trump,2025-04-23,2025-04-28,90 FR 17519,16929,https://www.govinfo.gov/content/pkg/FR-2025-04-28/pdf/2025-07368.pdf,https://www.federalregister.gov/documents/full_text/text/2025/04/28/2025-07368.txt,"Executive Order 14277 creates a White House Task Force on Artificial Intelligence Education and directs a series of actions, reports and deadlines to develop AI‑focused education programs, a national AI challenge, teacher‑training, public‑private partnerships, and apprenticeship initiatives.",technology_and_research,,,[],creates_body,,stop
14278,2025-07369,Preparing Americans for High-Paying Skilled Trade Jobs of the Future,Donald Trump,2025-04-23,2025-04-28,90 FR 17525,6895,https://www.govinfo.gov/content/pkg/FR-2025-04-28/pdf/2025-07369.pdf,https://www.federalregister.gov/documents/full_text/text/2025/04/28/2025-07369.txt,"The order directs the Secretaries of Labor, Commerce, and Education to review federal workforce‑development programs and submit a report, and to submit a plan to expand registered apprenticeships, each within specified time limits.",education,,,[],directs_report_or_study,,stop
14279,2025-07376,Reforming Accreditation To Strengthen Higher Education,Donald Trump,2025-04-23,2025-04-28,90 FR 17529,12140,https://www.govinfo.gov/content/pkg/FR-2025-04-28/pdf/2025-07376.pdf,https://www.federalregister.gov/documents/full_text/text/2025/04/28/2025-07376.txt,"Executive Order 14279 directs the Secretary of Education and the Attorney General to hold higher‑education accreditors accountable for unlawful discrimination, to investigate and terminate such practices, and to establish new student‑oriented accreditation principles. It authorizes the Secretary of Education to recognize new accreditors, require data‑driven outcomes, and launch an experimental site under the Higher Education Act. The order also requires consultation with the Secretary of Health and Human Services on medical‑school accreditation issues. It is grounded in presidential constitutional authority and specific statutory provisions.",education,,,"[""civil_rights"", ""government_administration""]",delegates_authority,,stop
14280,2025-07377,Reinstating Commonsense School Discipline Policies,Donald Trump,2025-04-23,2025-04-28,90 FR 17533,8776,https://www.govinfo.gov/content/pkg/FR-2025-04-28/pdf/2025-07377.pdf,https://www.federalregister.gov/documents/full_text/text/2025/04/28/2025-07377.txt,"Executive Order 14280 directs federal officials to issue guidance, take enforcement actions, coordinate with state officials, and submit a report on school‑discipline practices, and it ties its definitions to a prior 2025 order.",education,,,[],delegates_authority,,stop
14281,2025-07378,Restoring Equality of Opportunity and Meritocracy,Donald Trump,2025-04-23,2025-04-28,90 FR 17537,11552,https://www.govinfo.gov/content/pkg/FR-2025-04-28/pdf/2025-07378.pdf,https://www.federalregister.gov/documents/full_text/text/2025/04/28/2025-07378.txt,"Executive Order 14281 directs federal agencies to eliminate disparate‑impact liability, revokes two historic presidential approvals of Title VI regulations, and imposes a series of reporting, assessment and guidance duties on the Attorney General and other officials.",justice_and_law_enforcement,,,[],other,The order contains multiple distinct actions; each is recorded as a separate entry below.,stop
14282,2025-07379,Transparency Regarding Foreign Influence at American Universities,Donald Trump,2025-04-23,2025-04-28,90 FR 17541,6584,https://www.govinfo.gov/content/pkg/FR-2025-04-28/pdf/2025-07379.pdf,https://www.federalregister.gov/documents/full_text/text/2025/04/28/2025-07379.txt,Executive Order 14282 directs the Secretary of Education to enforce existing foreign‑funding disclosure requirements for higher‑education institutions and to make compliance a condition for receiving federal grants.,education,,,[],delegates_authority,,stop
14283,2025-07380,White House Initiative To Promote Excellence and Innovation at Historically Black Colleges and Universities,Donald Trump,2025-04-23,2025-04-28,90 FR 17543,9210,https://www.govinfo.gov/content/pkg/FR-2025-04-28/pdf/2025-07380.pdf,https://www.federalregister.gov/documents/full_text/text/2025/04/28/2025-07380.txt,"Executive Order 14283 establishes a White House Initiative on Historically Black Colleges and Universities and a President’s Board of Advisors on HBCUs, and directs the EPA Administrator to terminate an advisory council within 14 days.",education,,,[],creates_body,,stop
14284,2025-07469,Strengthening Probationary Periods in the Federal Service,Donald Trump,2025-04-24,2025-04-29,90 FR 17729,19408,https://www.govinfo.gov/content/pkg/FR-2025-04-29/pdf/2025-07469.pdf,https://www.federalregister.gov/documents/full_text/text/2025/04/29/2025-07469.txt,"Executive Order 14284 strengthens probationary and trial periods for Federal employees by superseding subpart H of part 315, title 5, CFR; rescinding that subpart via a new OPM rule within 30 days; amending Civil Service Rule II to delete section 2.4; adding a new Civil Service Rule XI; and directing agencies to identify and evaluate employees in initial probationary or trial periods within 15 days, with certification requirements before finalizing appointments.",government_administration,,,"[""civil_rights"", ""foreign_policy""]",revokes_or_amends,,stop
14285,2025-07470,Unleashing America's Offshore Critical Minerals and Resources,Donald Trump,2025-04-24,2025-04-29,90 FR 17735,12090,https://www.govinfo.gov/content/pkg/FR-2025-04-29/pdf/2025-07470.pdf,https://www.federalregister.gov/documents/full_text/text/2025/04/29/2025-07470.txt,"Executive Order 14285 directs multiple federal officials to accelerate offshore seabed‑mineral development, chiefly by delegating authority to expedite permitting and by requiring a series of reports and plans within 60 days.",energy_and_environment,,,[],other,"The order contains several distinct actions (delegating authority, directing reports, and setting deadlines); each claim below is classified individually.",stop
14286,2025-07786,Enforcing Commonsense Rules of the Road for America's Truck Drivers,Donald Trump,2025-04-28,2025-05-02,90 FR 18759,6825,https://www.govinfo.gov/content/pkg/FR-2025-05-02/pdf/2025-07786.pdf,https://www.federalregister.gov/documents/full_text/text/2025/05/02/2025-07786.txt,"Executive Order 14286 directs the Department of Transportation to rescind an existing guidance on English‑language testing for commercial drivers, issue new guidance, revise out‑of‑service criteria, review non‑domiciled CDLs, improve credential‑verification protocols, and begin actions to improve truck‑driver working conditions.",technology_and_research,,"The order’s substantive focus is on transportation safety and driver qualifications, which falls under the Transportation & Infrastructure domain.","[""labor_and_workforce""]",revokes_or_amends,,stop
14287,2025-07789,Protecting American Communities From Criminal Aliens,Donald Trump,2025-04-28,2025-05-02,90 FR 18761,8432,https://www.govinfo.gov/content/pkg/FR-2025-05-02/pdf/2025-07789.pdf,https://www.federalregister.gov/documents/full_text/text/2025/05/02/2025-07789.txt,"Executive Order 14287 directs the Attorney General and the Secretary of Homeland Security to publish and update a list of sanctuary jurisdictions within 30 days, notify those jurisdictions, suspend or terminate federal funds to non‑compliant jurisdictions, pursue legal remedies, develop eligibility‑verification guidance for federal benefits, and stop state or local laws that favor aliens over Americans.",immigration,,,"[""foreign_policy"", ""security_and_defense""]",directs_report_or_study,,stop
14288,2025-07790,Strengthening and Unleashing America's Law Enforcement To Pursue Criminals and Protect Innocent Citizens,Donald Trump,2025-04-28,2025-05-02,90 FR 18765,7475,https://www.govinfo.gov/content/pkg/FR-2025-05-02/pdf/2025-07790.pdf,https://www.federalregister.gov/documents/full_text/text/2025/05/02/2025-07790.txt,"Executive Order 14288 directs the Attorney General, the Secretary of Defense, the Secretary of Homeland Security and other agency heads to take a series of actions that support state‑ and local‑law‑enforcement.  The order’s primary subject is law‑enforcement policy and its main instrument is the delegation of authority to officials and agencies.",justice_and_law_enforcement,,,[],delegates_authority,,stop
14289,2025-07835,Addressing Certain Tariffs on Imported Articles,Donald Trump,2025-04-29,2025-05-02,90 FR 18907,11202,https://www.govinfo.gov/content/pkg/FR-2025-05-02/pdf/2025-07835.pdf,https://www.federalregister.gov/documents/full_text/text/2025/05/02/2025-07835.txt,"The order establishes a non‑stacking policy for tariffs listed in section 2, permits additional tariffs between sections 2(d) and 2(e) when conditions are met, preserves the applicability of all other duties and fees, delegates authority to the Secretary of Homeland Security to determine and implement necessary changes to the Harmonized Tariff Schedule of the United States, and sets a May 16, 2025 deadline for those changes.",trade,,,[],delegates_authority,,stop
14290,2025-08133,Ending Taxpayer Subsidization of Biased Media,Donald Trump,2025-05-01,2025-05-07,90 FR 19415,6951,https://www.govinfo.gov/content/pkg/FR-2025-05-07/pdf/2025-08133.pdf,https://www.federalregister.gov/documents/full_text/text/2025/05/07/2025-08133.txt,Executive Order 14290 directs the Corporation for Public Broadcasting (CPB) and all federal agencies to end all direct and indirect federal funding for National Public Radio (NPR) and the Public Broadcasting Service (PBS). It also sets a June 30 2025 deadline for the CPB Board to revise grant eligibility rules to prohibit such funding and tasks the Secretary of Health and Human Services with compliance monitoring.,government_administration,,"The order concerns the federal funding of public‑broadcasting entities, which falls under the administration of government programs rather than a specific sector such as defense or health.",[],other,"The order issues directives to cease funding and to revise grant criteria; none of the listed instrument categories (creates_body, imposes_sanctions, revokes_or_amends, confers_status_or_honor, delegates_authority, directs_report_or_study, adjusts_pay_or_admin) accurately describe this action.",stop
14291,2025-08134,Establishment of the Religious Liberty Commission,Donald Trump,2025-05-01,2025-05-07,90 FR 19417,10644,https://www.govinfo.gov/content/pkg/FR-2025-05-07/pdf/2025-08134.pdf,https://www.federalregister.gov/documents/full_text/text/2025/05/07/2025-08134.txt,"Executive Order 14291 establishes the Religious Liberty Commission, defines its composition, term limits, duties, funding, and termination.",justice_and_law_enforcement,,,[],creates_body,,stop
14292,2025-08266,Improving the Safety and Security of Biological Research,Donald Trump,2025-05-05,2025-05-08,90 FR 19611,14574,https://www.govinfo.gov/content/pkg/FR-2025-05-08/pdf/2025-08266.pdf,https://www.federalregister.gov/documents/full_text/text/2025/05/08/2025-08266.txt,"Executive Order 14292 directs the Office of Science and Technology Policy (OSTP) to revise existing federal policies, end funding for certain gain‑of‑function research, and create reporting and enforcement mechanisms for dangerous biological research.",technology_and_research,,,[],revokes_or_amends,,stop
14293,2025-08267,Regulatory Relief To Promote Domestic Production of Critical Medicines,Donald Trump,2025-05-05,2025-05-08,90 FR 19615,11530,https://www.govinfo.gov/content/pkg/FR-2025-05-08/pdf/2025-08267.pdf,https://www.federalregister.gov/documents/full_text/text/2025/05/08/2025-08267.txt,Executive Order 14293 directs multiple agencies to streamline regulations and permitting for domestic pharmaceutical manufacturing.,health,,,[],delegates_authority,,stop
14294,2025-08681,Fighting Overcriminalization in Federal Regulations,Donald Trump,2025-05-09,2025-05-14,90 FR 20363,12344,https://www.govinfo.gov/content/pkg/FR-2025-05-14/pdf/2025-08681.pdf,https://www.federalregister.gov/documents/full_text/text/2025/05/14/2025-08681.txt,"Executive Order 14294 directs federal agencies to report, assess, and publish information about criminal regulatory offenses and to add transparency requirements to future rulemaking. The order’s primary focus is on criminal‑law enforcement and it principally *directs reports or studies*.",justice_and_law_enforcement,,,[],directs_report_or_study,,stop
14295,2025-08682,Increasing Efficiency at the Office of the Federal Register,Donald Trump,2025-05-09,2025-05-14,90 FR 20367,4933,https://www.govinfo.gov/content/pkg/FR-2025-05-14/pdf/2025-08682.pdf,https://www.federalregister.gov/documents/full_text/text/2025/05/14/2025-08682.txt,"Executive Order 14295 directs the Archivist of the United States, acting through the Office of the Federal Register, to improve the speed and cost‑effectiveness of publishing rules and to report on progress.",government_administration,,,[],directs_report_or_study,,stop
14296,2025-08683,Keeping Promises to Veterans and Establishing a National Center for Warrior Independence,Donald Trump,2025-05-09,2025-05-14,90 FR 20369,9937,https://www.govinfo.gov/content/pkg/FR-2025-05-14/pdf/2025-08683.pdf,https://www.federalregister.gov/documents/full_text/text/2025/05/14/2025-08683.txt,"Extracted factual actions, relationships and deadlines from Executive Order 14296 (May 9 2025). Each entry includes a short verbatim quote, the primary policy topic, the instrument type, any relationships the order asserts, and any deadlines it imposes.",government_administration,,,"[""health"", ""justice_and_law_enforcement""]",creates_body,,stop
14297,2025-08876,Delivering Most-Favored-Nation Prescription Drug Pricing to American Patients,Donald Trump,2025-05-12,2025-05-15,90 FR 20749,8369,https://www.govinfo.gov/content/pkg/FR-2025-05-15/pdf/2025-08876.pdf,https://www.federalregister.gov/documents/full_text/text/2025/05/15/2025-08876.txt,Executive Order 14297 directs several senior officials to act on prescription‑drug pricing and sets a 30‑day deadline for the Secretary of Health and Human Services to communicate price targets.,health,,,[],delegates_authority,,stop
14298,2025-09297,Modifying Reciprocal Tariff Rates To Reflect Discussions With the People's Republic of China,Donald Trump,2025-05-12,2025-05-21,90 FR 21831,12980,https://www.govinfo.gov/content/pkg/FR-2025-05-21/pdf/2025-09297.pdf,https://www.federalregister.gov/documents/full_text/text/2025/05/21/2025-09297.txt,"Executive Order 14298 modifies the Harmonized Tariff Schedule to suspend, reduce, and re‑set ad valorem duties on imports from the People’s Republic of China for a 90‑day period beginning 14 May 2025, amends several prior tariff‑related orders (EO 14257, EO 14259, EO 14266, EO 14256), and directs multiple cabinet‑level officials to take the actions needed to implement these changes.",trade,,,[],imposes_sanctions,,stop
14299,2025-09796,Deploying Advanced Nuclear Reactor Technologies for National Security,Donald Trump,2025-05-23,2025-05-29,90 FR 22581,23368,https://www.govinfo.gov/content/pkg/FR-2025-05-29/pdf/2025-09796.pdf,https://www.federalregister.gov/documents/full_text/text/2025/05/29/2025-09796.txt,"Executive Order 14299 directs the Department of Defense and the Department of Energy to accelerate the development, deployment and export of advanced nuclear reactor technologies for national‑security purposes.  It delegates a range of authorities to senior officials, sets a series of near‑term milestones, and designates the Secretary of the Army as the executive agent for nuclear‑energy programs within the Defense Department.",energy_and_environment,,,[],delegates_authority,,stop
14300,2025-09798,Ordering the Reform of the Nuclear Regulatory Commission,Donald Trump,2025-05-23,2025-05-29,90 FR 22587,14242,https://www.govinfo.gov/content/pkg/FR-2025-05-29/pdf/2025-09798.pdf,https://www.federalregister.gov/documents/full_text/text/2025/05/29/2025-09798.txt,"Executive Order 14300 directs the Nuclear Regulatory Commission (NRC) to create a new dedicated team, to issue rulemaking notices and final rules within set time‑frames, and to impose fixed licensing decision deadlines for new and existing reactors.",energy_and_environment,,,[],creates_body,,stop
14301,2025-09799,Reforming Nuclear Reactor Testing at the Department of Energy,Donald Trump,2025-05-23,2025-05-29,90 FR 22591,11931,https://www.govinfo.gov/content/pkg/FR-2025-05-29/pdf/2025-09799.pdf,https://www.federalregister.gov/documents/full_text/text/2025/05/29/2025-09799.txt,Executive Order 14301 directs the Department of Energy to accelerate advanced nuclear reactor testing and deployment.,energy_and_environment,,,[],other,The order contains multiple distinct actions; each is listed separately below.,stop
14302,2025-09801,Reinvigorating the Nuclear Industrial Base,Donald Trump,2025-05-23,2025-05-29,90 FR 22595,18887,https://www.govinfo.gov/content/pkg/FR-2025-05-29/pdf/2025-09801.pdf,https://www.federalregister.gov/documents/full_text/text/2025/05/29/2025-09801.txt,"Executive Order 14302 directs multiple federal agencies to revitalize the United States nuclear industrial base by requiring a comprehensive report on the nuclear fuel cycle, developing plans to expand uranium conversion and enrichment capacity, halting certain plutonium programs, updating uranium management policy, and seeking voluntary agreements with domestic nuclear companies under the Defense Production Act. It also mandates prioritizing uprates of existing reactors, constructing new advanced reactors, and expanding funding and workforce development for nuclear technologies. The order sets specific deadlines for reports, plans, and agreements, and cites several statutory authorities.",energy_and_environment,,,"[""security_and_defense"", ""technology_and_research""]",directs_report_or_study,,stop
14303,2025-09802,Restoring Gold Standard Science,Donald Trump,2025-05-23,2025-05-29,90 FR 22601,21613,https://www.govinfo.gov/content/pkg/FR-2025-05-29/pdf/2025-09802.pdf,https://www.federalregister.gov/documents/full_text/text/2025/05/29/2025-09802.txt,"Executive Order 14303 directs the OSTP Director and agency heads to issue guidance, update policies, and report on the implementation of “Gold Standard Science,” and it sets short‑term compliance deadlines while revoking prior organizational changes tied to a 2021 Presidential Memorandum.",technology_and_research,,,[],delegates_authority,,stop
14304,2025-10800,Leading the World in Supersonic Flight,Donald Trump,2025-06-06,2025-06-11,90 FR 24717,7297,https://www.govinfo.gov/content/pkg/FR-2025-06-11/pdf/2025-10800.pdf,https://www.federalregister.gov/documents/full_text/text/2025/06/11/2025-10800.txt,"Executive Order 14304 directs federal agencies to remove regulatory barriers to over‑land supersonic flight, to develop noise‑based certification standards, to coordinate research, and to engage internationally on supersonic aviation.",government_administration,,"The order’s actions span transportation, technology, and foreign policy, but the dominant focus is on federal regulatory administration of aviation.","[""technology_and_research"", ""foreign_policy"", ""energy_and_environment""]",delegates_authority,,stop
14305,2025-10803,Restoring American Airspace Sovereignty,Donald Trump,2025-06-06,2025-06-11,90 FR 24719,12260,https://www.govinfo.gov/content/pkg/FR-2025-06-11/pdf/2025-10803.pdf,https://www.federalregister.gov/documents/full_text/text/2025/06/11/2025-10803.txt,"Executive Order 14305 (June 6 2025) directs the federal government to protect U.S. airspace from unlawful unmanned‑aircraft‑system (UAS) activity. It creates a new task force, assigns a series of duties to the FAA, the Attorney General, the Department of Homeland Security and other agencies, and sets several time‑bound reporting and rule‑making deadlines.",security_and_defense,,,"[""technology_and_research"", ""government_administration""]",creates_body,,stop
14306,2025-10804,Sustaining Select Efforts To Strengthen the Nation's Cybersecurity and Amending Executive Order 13694 and Executive Order 14144,Donald Trump,2025-06-06,2025-06-11,90 FR 24723,14536,https://www.govinfo.gov/content/pkg/FR-2025-06-11/pdf/2025-10804.pdf,https://www.federalregister.gov/documents/full_text/text/2025/06/11/2025-10804.txt,"Executive Order 14306 amends Executive Orders 14144 and 13694 to update U.S. cybersecurity policy. It directs the Secretary of Commerce, through NIST, to create a consortium, update guidance, and publish revisions to the Secure Software Development Framework. The order also tasks the Secretaries of Homeland Security, Defense, Energy, and other officials with actions on post‑quantum cryptography, artificial‑intelligence security, and rules‑as‑code pilots, setting multiple deadlines through 2030.",security_and_defense,,,"[""technology_and_research"", ""government_administration"", ""economy_and_finance""]",revokes_or_amends,,stop
14307,2025-10814,Unleashing American Drone Dominance,Donald Trump,2025-06-06,2025-06-11,90 FR 24727,18418,https://www.govinfo.gov/content/pkg/FR-2025-06-11/pdf/2025-10814.pdf,https://www.federalregister.gov/documents/full_text/text/2025/06/11/2025-10814.txt,"Executive Order 14307 directs multiple federal agencies to accelerate the development, commercialization, and export of unmanned aircraft systems (UAS) and eVTOL technologies. It sets a series of near‑term deadlines for rulemaking, reporting, and pilot program actions, and it requires agencies to prioritize U.S.-made drone components and to secure the drone supply chain. The order also amends export controls and establishes reporting requirements for the Department of Defense and the Department of Commerce.",technology_and_research,,,"[""energy_and_environment"", ""foreign_policy"", ""security_and_defense""]",directs_report_or_study,,stop
14308,2025-11358,Empowering Commonsense Wildfire Prevention and Response,Donald Trump,2025-06-12,2025-06-18,90 FR 26175,9773,https://www.govinfo.gov/content/pkg/FR-2025-06-18/pdf/2025-11358.pdf,https://www.federalregister.gov/documents/full_text/text/2025/06/18/2025-11358.txt,"Extracted actionable provisions from Executive Order 14308 (June 12 2025). Each entry records the claim, a short source quote, primary topic, instrument, any relationships, and the deadline(s) stated in the order.",energy_and_environment,,,[],delegates_authority,,stop
14309,2025-11473,Implementing the General Terms of the United States of America-United Kingdom Economic Prosperity Deal,Donald Trump,2025-06-16,2025-06-23,90 FR 26419,12950,https://www.govinfo.gov/content/pkg/FR-2025-06-23/pdf/2025-11473.pdf,https://www.federalregister.gov/documents/full_text/text/2025/06/23/2025-11473.txt,"Executive Order 14309 adjusts U.S.–U.K. trade by creating tariff‑rate quotas for automobiles and parts, directing the Secretary of Commerce to amend the Harmonized Tariff Schedule, removing certain aerospace tariffs, and directing future quotas for aluminum and steel articles.",trade,,,[],other,"the order adjusts tariff‑rate quotas and tariffs, which is not covered by the listed instrument categories",stop
14310,2025-11682,Further Extending the TikTok Enforcement Delay,Donald Trump,2025-06-19,2025-06-24,90 FR 26913,4222,https://www.govinfo.gov/content/pkg/FR-2025-06-24/pdf/2025-11682.pdf,https://www.federalregister.gov/documents/full_text/text/2025/06/24/2025-11682.txt,"The order further extends the TikTok enforcement delay until September 17, 2025, and directs the Attorney General to issue guidance and letters.",technology_and_research,,,[],revokes_or_amends,,stop
14311,2025-12505,Establishing a White House Office for Special Peace Missions,Donald Trump,2025-06-30,2025-07-03,90 FR 29393,2154,https://www.govinfo.gov/content/pkg/FR-2025-07-03/pdf/2025-12505.pdf,https://www.federalregister.gov/documents/full_text/text/2025/07/03/2025-12505.txt,Executive Order 14311 establishes a new White House Office for Special Peace Missions.,foreign_policy,,,[],creates_body,,stop
14312,2025-12506,Providing for the Revocation of Syria Sanctions,Donald Trump,2025-06-30,2025-07-03,90 FR 29395,19725,https://www.govinfo.gov/content/pkg/FR-2025-07-03/pdf/2025-12506.pdf,https://www.federalregister.gov/documents/full_text/text/2025/07/03/2025-12506.txt,"Executive Order 14312 revokes a series of Syria‑related sanctions orders and amends others, while directing agencies to lift sanctions, issue waivers, and take further actions. It expands the national‑emergency authority of EO 13894, amends EO 13606, and references several statutes and prior memoranda.",foreign_policy,,,[],revokes_or_amends,,stop
14313,2025-12774,Establishing the President's Make America Beautiful Again Commission,Donald Trump,2025-07-03,2025-07-09,90 FR 30197,7291,https://www.govinfo.gov/content/pkg/FR-2025-07-09/pdf/2025-12774.pdf,https://www.federalregister.gov/documents/full_text/text/2025/07/09/2025-12774.txt,Executive Order 14313 creates the President’s Make America Beautiful Again Commission to advise the President on conservation of natural resources and public lands.,energy_and_environment,,,[],creates_body,,stop
14314,2025-12775,Making America Beautiful Again by Improving Our National Parks,Donald Trump,2025-07-03,2025-07-09,90 FR 30201,6224,https://www.govinfo.gov/content/pkg/FR-2025-07-09/pdf/2025-12775.pdf,https://www.federalregister.gov/documents/full_text/text/2025/07/09/2025-12775.txt,"Executive Order 14314 directs the Secretary of the Interior (and, where appropriate, the Secretaries of Agriculture and State) to raise non‑resident fees, use the additional revenue for park infrastructure, and review rules; it also revokes a 2017 Presidential Memorandum.",energy_and_environment,,,[],delegates_authority,,stop
14315,2025-12961,"Ending Market Distorting Subsidies for Unreliable, Foreign-Controlled Energy Sources",Donald Trump,2025-07-07,2025-07-10,90 FR 30821,6011,https://www.govinfo.gov/content/pkg/FR-2025-07-10/pdf/2025-12961.pdf,https://www.federalregister.gov/documents/full_text/text/2025/07/10/2025-12961.txt,"Executive Order 14315 directs the Treasury and Interior secretaries to end federal tax subsidies for wind and solar energy, to review and revise preferential regulations, and to report on actions taken, all within 45‑day time‑frames.",energy_and_environment,,,[],delegates_authority,,stop
14316,2025-12962,Extending the Modification of the Reciprocal Tariff Rates,Donald Trump,2025-07-07,2025-07-10,90 FR 30823,7094,https://www.govinfo.gov/content/pkg/FR-2025-07-10/pdf/2025-12962.pdf,https://www.federalregister.gov/documents/full_text/text/2025/07/10/2025-12962.txt,"Executive Order 14316 extends a temporary suspension of tariff duties, keeps an existing PRC suspension unchanged, modifies specific HTSUS headings for a defined period, and delegates implementation authority to senior officials.",trade,,,[],imposes_sanctions,,stop
14317,2025-13925,Creating Schedule G in the Excepted Service,Donald Trump,2025-07-17,2025-07-23,90 FR 34753,8610,https://www.govinfo.gov/content/pkg/FR-2025-07-23/pdf/2025-13925.pdf,https://www.federalregister.gov/documents/full_text/text/2025/07/23/2025-13925.txt,Executive Order 14317 creates a new Schedule G in the excepted service for noncareer positions of a policy‑making or policy‑advocating character. It amends Civil Service Rule VI by adding Schedule G to 5 CFR 6.2 and revises removal provisions in 5 CFR 6.4. The order tasks the Director of the Office of Personnel Management with adopting implementing regulations and directs the Secretary of Veterans Affairs to consider suitability of appointees while prohibiting consideration of political affiliation.,government_administration,,,[],revokes_or_amends,,stop
14318,2025-14212,Accelerating Federal Permitting of Data Center Infrastructure,Donald Trump,2025-07-23,2025-07-28,90 FR 35385,14687,https://www.govinfo.gov/content/pkg/FR-2025-07-28/pdf/2025-14212.pdf,https://www.federalregister.gov/documents/full_text/text/2025/07/28/2025-14212.txt,"Executive Order 14318 directs multiple agencies to accelerate permitting for large‑scale AI data‑center projects and related energy infrastructure. It delegates authority, sets short‑term reporting deadlines, and references existing statutes and programs.",energy_and_environment,,,[],delegates_authority,,stop
14319,2025-14217,Preventing Woke AI in the Federal Government,Donald Trump,2025-07-23,2025-07-28,90 FR 35389,8762,https://www.govinfo.gov/content/pkg/FR-2025-07-28/pdf/2025-14217.pdf,https://www.federalregister.gov/documents/full_text/text/2025/07/28/2025-14217.txt,"This order directs federal agencies to procure large language models that adhere to two Unbiased AI Principles—truth‑seeking and ideological neutrality. It tasks the Office of Management and Budget, the Federal Procurement Policy Office, General Services Administration, and the Office of Science and Technology Policy with issuing guidance within 120 days, and requires agency heads to embed compliance terms in contracts and adopt procedures within 90 days. The order references Executive Order 13960 and is grounded in the President’s constitutional and statutory authority.",technology_and_research,,,"[""government_administration""]",delegates_authority,,stop
14320,2025-14218,Promoting the Export of the American AI Technology Stack,Donald Trump,2025-07-23,2025-07-28,90 FR 35393,8582,https://www.govinfo.gov/content/pkg/FR-2025-07-28/pdf/2025-14218.pdf,https://www.federalregister.gov/documents/full_text/text/2025/07/28/2025-14218.txt,"Executive Order 14320 establishes the American AI Exports Program to promote worldwide export of full‑stack U.S. AI technology, directs the Secretary of Commerce to issue a public call for industry proposals, sets a 90‑day implementation deadline, delegates authority to the SBA Administrator and OSTP Director to appoint members to the Economic Diplomacy Action Group (EDAG), and references several existing statutes and prior presidential actions.",technology_and_research,,,[],creates_body,,stop
14321,2025-14391,Ending Crime and Disorder on America's Streets,Donald Trump,2025-07-24,2025-07-29,90 FR 35817,12124,https://www.govinfo.gov/content/pkg/FR-2025-07-29/pdf/2025-14391.pdf,https://www.federalregister.gov/documents/full_text/text/2025/07/29/2025-14391.txt,The order delegates authority to the Attorney General and several department secretaries to take actions aimed at expanding civil‑commitment and related enforcement measures to address homelessness and public safety.,justice_and_law_enforcement,,,[],delegates_authority,,stop
14322,2025-14392,Saving College Sports,Donald Trump,2025-07-24,2025-07-29,90 FR 35821,14758,https://www.govinfo.gov/content/pkg/FR-2025-07-29/pdf/2025-14392.pdf,https://www.federalregister.gov/documents/full_text/text/2025/07/29/2025-14392.txt,"Executive Order 14322 directs multiple executive‑branch officials to take actions that preserve and expand college sports, especially women’s and non‑revenue programs, and to prohibit third‑party pay‑for‑play payments.",education,,,[],delegates_authority,,stop
14323,2025-14896,Addressing Threats to the United States by the Government of Brazil,Donald Trump,2025-07-30,2025-08-05,90 FR 37739,20186,https://www.govinfo.gov/content/pkg/FR-2025-08-05/pdf/2025-14896.pdf,https://www.federalregister.gov/documents/full_text/text/2025/08/05/2025-14896.txt,Executive Order 14323 imposes a 40 % ad‑valorem tariff on selected Brazilian products in response to a national emergency caused by actions of the Government of Brazil.,foreign_policy,,,[],imposes_sanctions,,stop
14324,2025-14897,Suspending Duty-Free De Minimis Treatment for All Countries,Donald Trump,2025-07-30,2025-08-05,90 FR 37775,26269,https://www.govinfo.gov/content/pkg/FR-2025-08-05/pdf/2025-14897.pdf,https://www.federalregister.gov/documents/full_text/text/2025/08/05/2025-14897.txt,"Executive Order 14324 suspends the duty‑free de minimis exemption for virtually all imports and imposes duties on international‑postal shipments, continuing some earlier suspensions and superseding part of EO 14256.",trade,,,[],imposes_sanctions,,stop
14325,2025-14999,Amendment to Duties To Address the Flow of Illicit Drugs Across Our Northern Border,Donald Trump,2025-07-31,2025-08-06,90 FR 37957,12473,https://www.govinfo.gov/content/pkg/FR-2025-08-06/pdf/2025-14999.pdf,https://www.federalregister.gov/documents/full_text/text/2025/08/06/2025-14999.txt,"Executive Order 14325 amends the duties imposed on Canadian products, raising the additional ad valorem rate from 25 % to 35 % and establishing a 40 % rate for transshipped goods, and directs the Harmonized Tariff Schedule to be modified accordingly. It delegates authority to the Secretary of Homeland Security, in consultation with Treasury, Commerce, and other agencies, to employ IEEPA powers, publish periodic reports, and monitor the border situation. The order also requires the Secretary of Homeland Security and the Secretary of Commerce to publish a bi‑annual list of circumvention schemes and to continue applying existing stacking‑rule provisions.",trade,,,"[""foreign_policy"", ""security_and_defense""]",imposes_sanctions,,stop
14326,2025-15010,Further Modifying the Reciprocal Tariff Rates,Donald Trump,2025-07-31,2025-08-06,90 FR 37963,17193,https://www.govinfo.gov/content/pkg/FR-2025-08-06/pdf/2025-15010.pdf,https://www.federalregister.gov/documents/full_text/text/2025/08/06/2025-15010.txt,"Executive Order 14326 modifies U.S. tariff rates, imposes additional ad valorem duties on certain foreign trading partners, suspends and later terminates specific HTSUS headings, and directs agencies to monitor and report on the emergency declared in EO 14257.",trade,,,[],imposes_sanctions,,stop
14327,2025-15011,"President's Council on Sports, Fitness, and Nutrition, and the Reestablishment of the Presidential Fitness Test",Donald Trump,2025-07-31,2025-08-06,90 FR 37993,12380,https://www.govinfo.gov/content/pkg/FR-2025-08-06/pdf/2025-15011.pdf,https://www.federalregister.gov/documents/full_text/text/2025/08/06/2025-15011.txt,"Executive Order 14327 establishes a new President’s Council on Sports, Fitness, and Nutrition and reestablishes the Presidential Fitness Test.",health,,,[],creates_body,,stop
14328,2025-15193,Establishing the White House Task Force on the 2028 Summer Olympics,Donald Trump,2025-08-05,2025-08-08,90 FR 38597,6927,https://www.govinfo.gov/content/pkg/FR-2025-08-08/pdf/2025-15193.pdf,https://www.federalregister.gov/documents/full_text/text/2025/08/08/2025-15193.txt,"Executive Order 14328 creates a White House Task Force to coordinate the 2028 Summer Olympics, designates its leadership, membership, location, reporting requirements, and termination date.",other,,"The order concerns coordination of the 2028 Summer Olympics, a subject not covered by the predefined topic list.","[""government_administration""]",creates_body,,stop
14329,2025-15267,Addressing Threats to the United States by the Government of the Russian Federation,Donald Trump,2025-08-06,2025-08-11,90 FR 38701,14345,https://www.govinfo.gov/content/pkg/FR-2025-08-11/pdf/2025-15267.pdf,https://www.federalregister.gov/documents/full_text/text/2025/08/11/2025-15267.txt,Executive Order 14329 imposes a 25 % ad valorem duty on articles of India imported into the United States as a sanction related to Russian Federation oil.,trade,,,[],imposes_sanctions,,stop
14330,2025-15340,Democratizing Access to Alternative Assets for 401(k) Investors,Donald Trump,2025-08-07,2025-08-12,90 FR 38921,9569,https://www.govinfo.gov/content/pkg/FR-2025-08-12/pdf/2025-15340.pdf,https://www.federalregister.gov/documents/full_text/text/2025/08/12/2025-15340.txt,"Executive Order 14330 directs the Secretary of Labor to review and clarify Department‑of‑Labor guidance on fiduciary duties under ERISA with respect to alternative‑asset investments in 401(k) plans, and directs the SEC to consider regulatory changes to facilitate such investments.",economy_and_finance,,,[],delegates_authority,,stop
14331,2025-15341,Guaranteeing Fair Banking for All Americans,Donald Trump,2025-08-07,2025-08-12,90 FR 38925,12495,https://www.govinfo.gov/content/pkg/FR-2025-08-12/pdf/2025-15341.pdf,https://www.federalregister.gov/documents/full_text/text/2025/08/12/2025-15341.txt,"The order directs federal banking regulators and the Small Business Administration to take specific actions to eliminate politicized or unlawful debanking, delegating new responsibilities to those agencies.",technology_and_research,,,[],delegates_authority,,stop
14332,2025-15344,Improving Oversight of Federal Grantmaking,Donald Trump,2025-08-07,2025-08-12,90 FR 38929,19301,https://www.govinfo.gov/content/pkg/FR-2025-08-12/pdf/2025-15344.pdf,https://www.federalregister.gov/documents/full_text/text/2025/08/12/2025-15344.txt,Key operative directives in Executive Order 14332 (Improving Oversight of Federal Grantmaking),government_administration,,,[],delegates_authority,,stop
14333,2025-15550,Declaring a Crime Emergency in the District of Columbia,Donald Trump,2025-08-11,2025-08-14,90 FR 39301,8780,https://www.govinfo.gov/content/pkg/FR-2025-08-14/pdf/2025-15550.pdf,https://www.federalregister.gov/documents/full_text/text/2025/08/14/2025-15550.txt,"Executive Order 14333 declares a crime emergency in the District of Columbia, directs the Mayor to provide Metropolitan Police services for federal purposes, delegates that authority to the Attorney General, and requires the Attorney General to monitor and report on the emergency.",justice_and_law_enforcement,,,[],delegates_authority,,stop
14334,2025-15554,Further Modifying Reciprocal Tariff Rates To Reflect Ongoing Discussions With the People's Republic of China,Donald Trump,2025-08-11,2025-08-14,90 FR 39305,7697,https://www.govinfo.gov/content/pkg/FR-2025-08-14/pdf/2025-15554.pdf,https://www.federalregister.gov/documents/full_text/text/2025/08/14/2025-15554.txt,"Executive Order 14334 modifies and temporarily suspends ad valorem duties on imports from the People’s Republic of China, extending a suspension that began under EO 14298.",trade,,,[],imposes_sanctions,,stop
14335,2025-15822,Enabling Competition in the Commercial Space Industry,Donald Trump,2025-08-13,2025-08-19,90 FR 40219,11639,https://www.govinfo.gov/content/pkg/FR-2025-08-19/pdf/2025-15822.pdf,https://www.federalregister.gov/documents/full_text/text/2025/08/19/2025-15822.txt,"Executive Order 14335 directs multiple agencies to streamline regulatory processes, create new positions, and produce reports to accelerate the U.S. commercial space industry.",technology_and_research,,,[],other,The order contains many distinct directives; each claim below is classified individually.,stop
14336,2025-15823,Ensuring American Pharmaceutical Supply Chain Resilience by Filling the Strategic Active Pharmaceutical Ingredients Reserve,Donald Trump,2025-08-13,2025-08-19,90 FR 40223,7792,https://www.govinfo.gov/content/pkg/FR-2025-08-19/pdf/2025-15823.pdf,https://www.federalregister.gov/documents/full_text/text/2025/08/19/2025-15823.txt,"Executive Order 14336 directs the Assistant Secretary for Preparedness and Response (ASPR) to develop lists, secure funding, ready the Strategic Active Pharmaceutical Ingredients Reserve (SAPIR), obtain API supplies, and produce plans, each with specific time‑frames.",health,,,[],delegates_authority,,stop
14337,2025-15824,Revocation of Executive Order on Competition,Donald Trump,2025-08-13,2025-08-19,90 FR 40227,1600,https://www.govinfo.gov/content/pkg/FR-2025-08-19/pdf/2025-15824.pdf,https://www.federalregister.gov/documents/full_text/text/2025/08/19/2025-15824.txt,"Executive Order 14337 revokes Executive Order 14036, which had promoted competition in the American economy. The order states that it does not impair any existing authority of executive departments, agencies, or the OMB director, and it requires the Department of Justice to cover publication costs. It is to be implemented consistent with applicable law and subject to appropriations.",economy_and_finance,,,"[""government_administration""]",revokes_or_amends,,stop
14338,2025-16396,Improving Our Nation Through Better Design,Donald Trump,2025-08-21,2025-08-26,90 FR 41759,6593,https://www.govinfo.gov/content/pkg/FR-2025-08-26/pdf/2025-16396.pdf,https://www.federalregister.gov/documents/full_text/text/2025/08/26/2025-16396.txt,"Executive Order 14338 creates a new National Design Studio and a Chief Design Officer, establishes a temporary organization that will end three years after the order, and directs agency heads to deliver initial results by a specific deadline.",government_administration,,,[],creates_body,,stop
14339,2025-16614,Additional Measures To Address the Crime Emergency in the District of Columbia,Donald Trump,2025-08-25,2025-08-28,90 FR 42121,8633,https://www.govinfo.gov/content/pkg/FR-2025-08-28/pdf/2025-16614.pdf,https://www.federalregister.gov/documents/full_text/text/2025/08/28/2025-16614.txt,"Executive Order 14339 directs multiple federal officials to take actions aimed at addressing a declared crime emergency in the District of Columbia. The order primarily concerns public safety and law‑enforcement matters and delegates authority to various officials to hire personnel, create specialized units, investigate compliance, and conduct inspections.",justice_and_law_enforcement,,,[],delegates_authority,,stop
14340,2025-16615,Measures To End Cashless Bail and Enforce the Law in the District of Columbia,Donald Trump,2025-08-25,2025-08-28,90 FR 42125,6761,https://www.govinfo.gov/content/pkg/FR-2025-08-28/pdf/2025-16615.pdf,https://www.federalregister.gov/documents/full_text/text/2025/08/28/2025-16615.txt,"Executive Order 14340 directs federal officials to end cashless‑bail policies in the District of Columbia by delegating authority to the Attorney General, agency heads, and task‑force members, while preserving existing agency authority.",justice_and_law_enforcement,,,[],delegates_authority,,stop
14341,2025-16616,Prosecuting Burning of the American Flag,Donald Trump,2025-08-25,2025-08-28,90 FR 42127,6482,https://www.govinfo.gov/content/pkg/FR-2025-08-28/pdf/2025-16616.pdf,https://www.federalregister.gov/documents/full_text/text/2025/08/28/2025-16616.txt,Executive Order 14341 directs senior officials to enforce existing criminal and civil statutes against American‑Flag desecration and to use immigration authorities to deny or revoke benefits for foreign nationals who engage in such conduct.,justice_and_law_enforcement,,,[],delegates_authority,,stop
14342,2025-16618,Taking Steps To End Cashless Bail To Protect Americans,Donald Trump,2025-08-25,2025-08-28,90 FR 42129,4164,https://www.govinfo.gov/content/pkg/FR-2025-08-28/pdf/2025-16618.pdf,https://www.federalregister.gov/documents/full_text/text/2025/08/28/2025-16618.txt,The order directs the Attorney General to report jurisdictions that have largely eliminated cash bail and requires agency heads to identify federal funds that may be suspended for those jurisdictions.,justice_and_law_enforcement,,,[],directs_report_or_study,,stop
14343,2025-16924,Further Exclusions From the Federal Labor- Management Relations Program,Donald Trump,2025-08-28,2025-09-03,90 FR 42683,4316,https://www.govinfo.gov/content/pkg/FR-2025-09-03/pdf/2025-16924.pdf,https://www.federalregister.gov/documents/full_text/text/2025/09/03/2025-16924.txt,Executive Order 14343 amends Executive Order 12171 to add additional federal agencies to the list of entities excluded from the Federal Labor‑Management Relations Program and extends the filing deadline for related orders issued under EO 14251.,government_administration,,,[],revokes_or_amends,,stop
14344,2025-16928,Making Federal Architecture Beautiful Again,Donald Trump,2025-08-28,2025-09-03,90 FR 42685,16258,https://www.govinfo.gov/content/pkg/FR-2025-09-03/pdf/2025-16928.pdf,https://www.federalregister.gov/documents/full_text/text/2025/09/03/2025-16928.txt,"Executive Order 14344 sets federal‑architecture policy, directs the General Services Administration (GSA) to update its rules, creates a senior‑advisor position, and imposes a 30‑day notice requirement for designs that diverge from the preferred style.",government_administration,,,[],delegates_authority,,stop
14345,2025-17389,Implementing the United States-Japan Agreement,Donald Trump,2025-09-04,2025-09-09,90 FR 43535,17704,https://www.govinfo.gov/content/pkg/FR-2025-09-09/pdf/2025-17389.pdf,https://www.federalregister.gov/documents/full_text/text/2025/09/09/2025-17389.txt,"Executive Order 14345 implements the United States‑Japan Agreement by establishing a baseline 15 percent tariff on most Japanese imports, delegating authority to the Secretaries of Commerce and Homeland Security to carry out the order (including publishing required notices within 7 days), and superseding any inconsistent prior proclamations or executive orders.",trade,,,[],imposes_sanctions,,stop
14346,2025-17507,Modifying the Scope of Reciprocal Tariffs and Establishing Procedures for Implementing Trade and Security Agreements,Donald Trump,2025-09-05,2025-09-10,90 FR 43737,25658,https://www.govinfo.gov/content/pkg/FR-2025-09-10/pdf/2025-17507.pdf,https://www.federalregister.gov/documents/full_text/text/2025/09/10/2025-17507.txt,"Executive Order 14346 modifies the scope of reciprocal tariffs, updates the Harmonized Tariff Schedule, and delegates implementation authority to the Secretary of Commerce, the Secretary of Homeland Security, and the United States Trade Representative.",trade,,,[],delegates_authority,,stop
14347,2025-17508,Restoring the United States Department of War,Donald Trump,2025-09-05,2025-09-10,90 FR 43893,5676,https://www.govinfo.gov/content/pkg/FR-2025-09-10/pdf/2025-17508.pdf,https://www.federalregister.gov/documents/full_text/text/2025/09/10/2025-17508.txt,Executive Order 14347 directs the Secretary of War to provide two reports to the President within specified time‑frames concerning the use of secondary “Department of War” titles and a plan to permanently rename the Department of Defense.,government_administration,,,[],directs_report_or_study,,stop
14348,2025-17509,Strengthening Efforts To Protect U.S. Nationals From Wrongful Detention Abroad,Donald Trump,2025-09-05,2025-09-10,90 FR 43895,9442,https://www.govinfo.gov/content/pkg/FR-2025-09-10/pdf/2025-17509.pdf,https://www.federalregister.gov/documents/full_text/text/2025/09/10/2025-17509.txt,"Executive Order 14348 (2025) authorizes the Secretary of State to label foreign governments that detain U.S. nationals as “State Sponsors of Wrongful Detention,” to impose a suite of sanctions and other restrictive measures against such governments, and to terminate the designation when certain conditions are met.",foreign_policy,,,[],delegates_authority,,stop
14349,2025-18479,Establishing an Emergency Board To Investigate Disputes Between the Long Island Rail Road Company and Certain of Its Employees Represented by Certain Labor Organizations,Donald Trump,2025-09-16,2025-09-23,90 FR 45901,3629,https://www.govinfo.gov/content/pkg/FR-2025-09-23/pdf/2025-18479.pdf,https://www.federalregister.gov/documents/full_text/text/2025/09/23/2025-18479.txt,"Executive Order 14349 establishes an emergency board to investigate and report on labor disputes between the Long Island Rail Road and certain employee unions. The President appoints the board members, the board must submit a report within 30 days, and parties are prohibited from changing dispute conditions for 120 days. Publication costs are assigned to the Department of Transportation and records will be transferred to the National Mediation Board upon termination.",labor_and_workforce,,,"[""government_administration""]",creates_body,,stop
14350,2025-18482,Further Extending the TikTok Enforcement Delay,Donald Trump,2025-09-16,2025-09-23,90 FR 45903,4340,https://www.govinfo.gov/content/pkg/FR-2025-09-23/pdf/2025-18482.pdf,https://www.federalregister.gov/documents/full_text/text/2025/09/23/2025-18482.txt,"Executive Order 14350 extends the TikTok enforcement delay, directs the Attorney General to issue guidance and a liability‑waiver letter, and confirms the Department of Justice will not enforce the Act during the extended period.",justice_and_law_enforcement,,,[],revokes_or_amends,,stop
14351,2025-18602,The Gold Card,Donald Trump,2025-09-19,2025-09-24,90 FR 46031,7734,https://www.govinfo.gov/content/pkg/FR-2025-09-24/pdf/2025-18602.pdf,https://www.federalregister.gov/documents/full_text/text/2025/09/24/2025-18602.txt,"Executive Order 14351 creates the Gold Card visa program, a pathway for foreign investors who donate at least $1 million (or $2 million for corporations) to the United States. The program is overseen by the Secretary of Commerce in coordination with the Secretaries of State and Homeland Security, which must implement the program within 90 days. The order directs the Treasury to hold the gifts in a separate fund and treats the donation as evidence of eligibility for an immigrant visa.",immigration,,,"[""economy_and_finance"", ""security_and_defense""]",delegates_authority,,stop
14352,2025-19139,Saving TikTok While Protecting National Security,Donald Trump,2025-09-25,2025-09-30,90 FR 47219,17230,https://www.govinfo.gov/content/pkg/FR-2025-09-30/pdf/2025-19139.pdf,https://www.federalregister.gov/documents/full_text/text/2025/09/30/2025-19139.txt,Executive Order 14352 primarily revokes a prior Presidential Memorandum and amends the 2020 Divestment Order while directing the Attorney General to suspend enforcement of the Protecting Americans from Foreign Adversary Controlled Applications Act for a limited period.,technology_and_research,,,[],revokes_or_amends,,stop
14353,2025-19483,Assuring the Security of the State of Qatar,Donald Trump,2025-09-29,2025-10-06,90 FR 48143,4344,https://www.govinfo.gov/content/pkg/FR-2025-10-06/pdf/2025-19483.pdf,https://www.federalregister.gov/documents/full_text/text/2025/10/06/2025-19483.txt,"The order directs the United States to treat any armed attack on Qatar as a threat to U.S. peace and security, to take diplomatic, economic, and military measures if such an attack occurs, to have the Secretary of War (with the Secretary of State and the Director of National Intelligence) maintain joint contingency planning with Qatar, to have the Secretary of State reaffirm the U.S. security assurance to Qatar and coordinate with allies, to require all federal departments and agencies to implement the order, and to charge the Department of State with publication costs.",foreign_policy,,,[],delegates_authority,,stop
14354,2025-19485,Continuance of Certain Federal Advisory Committees,Donald Trump,2025-09-29,2025-10-06,90 FR 48145,6416,https://www.govinfo.gov/content/pkg/FR-2025-10-06/pdf/2025-19485.pdf,https://www.federalregister.gov/documents/full_text/text/2025/10/06/2025-19485.txt,Executive Order 14354 continues a list of existing federal advisory committees until 30 September 2027 and supersedes sections 1‑2 of EO 14109.,government_administration,,,[],other,"continues existing advisory committees rather than creating, amending, sanctioning, delegating, reporting, or adjusting pay",stop
14355,2025-19495,Unlocking Cures for Pediatric Cancer With Artificial Intelligence,Donald Trump,2025-09-30,2025-10-07,90 FR 48153,8416,https://www.govinfo.gov/content/pkg/FR-2025-10-07/pdf/2025-19495.pdf,https://www.federalregister.gov/documents/full_text/text/2025/10/07/2025-19495.txt,"Executive Order 14355 directs existing bodies to use artificial‑intelligence (AI) tools to accelerate pediatric‑cancer research and care, expands federal investment, and sets data‑sharing standards.",health,,,[],delegates_authority,,stop
14356,2025-19614,Ensuring Continued Accountability in Federal Hiring,Donald Trump,2025-10-15,2025-10-20,90 FR 48387,9464,https://www.govinfo.gov/content/pkg/FR-2025-10-20/pdf/2025-19614.pdf,https://www.federalregister.gov/documents/full_text/text/2025/10/20/2025-19614.txt,The order creates agency‑level Strategic Hiring Committees to govern federal hiring.,government_administration,,,[],creates_body,,stop
14357,2025-19825,Modifying Duties Addressing the Synthetic Opioid Supply Chain in the People's Republic of China,Donald Trump,2025-11-04,2025-11-07,90 FR 50725,9266,https://www.govinfo.gov/content/pkg/FR-2025-11-07/pdf/2025-19825.pdf,https://www.federalregister.gov/documents/full_text/text/2025/11/07/2025-19825.txt,"Executive Order 14357 reduces the additional ad‑valorem duty on certain Chinese‑origin articles from 20 % to 10 % and amends the Harmonized Tariff Schedule accordingly; it directs the Secretary of Homeland Security (and, where appropriate, other officials) to monitor the underlying national‑emergency, to make any further HTSUS changes, and delegates implementation authority.",trade,,,"[""government_administration""]",imposes_sanctions,,stop
14358,2025-19826,Modifying Reciprocal Tariff Rates Consistent With the Economic and Trade Arrangement Between the United States and the People's Republic of China,Donald Trump,2025-11-04,2025-11-07,90 FR 50729,12655,https://www.govinfo.gov/content/pkg/FR-2025-11-07/pdf/2025-19826.pdf,https://www.federalregister.gov/documents/full_text/text/2025/11/07/2025-19826.txt,"Executive Order 14358 modifies tariff policy toward the People’s Republic of China by extending a suspension of heightened reciprocal tariffs, directing agencies to monitor and report on the national‑emergency conditions, and delegating implementation authority to senior officials.",trade,,,[],other,suspends tariff rates and directs agency actions,stop
14359,2025-20406,Fostering the Future for American Children and Families,Donald Trump,2025-11-13,2025-11-19,90 FR 52227,8600,https://www.govinfo.gov/content/pkg/FR-2025-11-19/pdf/2025-20406.pdf,https://www.federalregister.gov/documents/full_text/text/2025/11/19/2025-20406.txt,"Executive Order 14359 directs the Secretary of Health and Human Services (HHS) to take a series of actions aimed at modernizing the child‑welfare system and expanding opportunities for youth in or leaving foster care.  The order does not create a new body, impose sanctions, or amend prior orders; it primarily **delegates authority** to HHS to carry out the listed tasks.",civil_rights,,"The order’s focus is on children, families and foster‑care services – a subject that falls under the broader civil‑rights/children‑and‑families domain.","[""technology_and_research"", ""government_administration""]",delegates_authority,,stop
14360,2025-21203,Modifying the Scope of the Reciprocal Tariffs With Respect to Certain Agricultural Products,Donald Trump,2025-11-14,2025-11-25,90 FR 54091,13029,https://www.govinfo.gov/content/pkg/FR-2025-11-25/pdf/2025-21203.pdf,https://www.federalregister.gov/documents/full_text/text/2025/11/25/2025-21203.txt,"Executive Order 14360 modifies the scope of reciprocal tariffs on certain agricultural products, updates the Harmonized Tariff Schedule, delegates implementation authority to senior officials, and attaches updated annexes to prior orders.",trade,,,[],delegates_authority,,stop
14361,2025-21417,Modifying the Scope of Tariffs on the Government of Brazil,Donald Trump,2025-11-20,2025-11-26,90 FR 54467,9836,https://www.govinfo.gov/content/pkg/FR-2025-11-26/pdf/2025-21417.pdf,https://www.federalregister.gov/documents/full_text/text/2025/11/26/2025-21417.txt,"Executive Order 14361 modifies the United States Harmonized Tariff Schedule to remove certain agricultural products from the additional 40 % ad valorem duty imposed by Executive Order 14323, with the changes effective for goods entered for consumption on or after 12:01 a.m. EST on 13 November 2025. The order updates Annex I to EO 14323 and adds Annex II to this order, and directs the Secretary of State and other senior officials to implement the changes.",trade,,,[],imposes_sanctions,,stop
14362,2025-21664,Designation of Certain Muslim Brotherhood Chapters as Foreign Terrorist Organizations and Specially Designated Global Terrorists,Donald Trump,2025-11-24,2025-11-28,90 FR 55033,5878,https://www.govinfo.gov/content/pkg/FR-2025-11-28/pdf/2025-21664.pdf,https://www.federalregister.gov/documents/full_text/text/2025/11/28/2025-21664.txt,"Executive Order 14362 designates certain Muslim Brotherhood chapters as Foreign Terrorist Organizations and Specially Designated Global Terrorists, establishes reporting and action timelines, and clarifies that it creates no enforceable rights.",foreign_policy,,,[],imposes_sanctions,,stop
14363,2025-21665,Launching the Genesis Mission,Donald Trump,2025-11-24,2025-11-28,90 FR 55035,17909,https://www.govinfo.gov/content/pkg/FR-2025-11-28/pdf/2025-21665.pdf,https://www.federalregister.gov/documents/full_text/text/2025/11/28/2025-21665.txt,"Executive Order 14363 establishes the Genesis Mission, a national effort led by the Department of Energy to accelerate AI‑driven scientific discovery. It tasks the Secretary of Energy with implementing the Mission and the Assistant to the President for Science and Technology with overall leadership, and creates the American Science and Security Platform to support the work. The order sets multiple deadlines for resource identification, data‑asset planning, capability reviews, and reporting to the President.",technology_and_research,,,"[""energy_and_environment"", ""security_and_defense"", ""economy_and_finance""]",creates_body,,stop
14364,2025-22537,Addressing Security Risks From Price Fixing and Anti-Competitive Behavior in the Food Supply Chain,Donald Trump,2025-12-06,2025-12-10,90 FR 57349,5242,https://www.govinfo.gov/content/pkg/FR-2025-12-10/pdf/2025-22537.pdf,https://www.federalregister.gov/documents/full_text/text/2025/12/10/2025-22537.txt,Executive Order 14364 establishes Food Supply Chain Security Task Forces in the Department of Justice and the Federal Trade Commission and requires them to brief Congress on their progress.,justice_and_law_enforcement,,,[],creates_body,,stop
14365,2025-23092,Ensuring a National Policy Framework for Artificial Intelligence,Donald Trump,2025-12-11,2025-12-16,90 FR 58499,11845,https://www.govinfo.gov/content/pkg/FR-2025-12-16/pdf/2025-23092.pdf,https://www.federalregister.gov/documents/full_text/text/2025/12/16/2025-23092.txt,Executive Order 14365 creates a new AI Litigation Task Force to challenge State AI laws that conflict with a national AI policy framework.,technology_and_research,,,[],creates_body,,stop
14366,2025-23093,Protecting American Investors From Foreign-Owned and Politically-Motivated Proxy Advisors,Donald Trump,2025-12-11,2025-12-16,90 FR 58503,10234,https://www.govinfo.gov/content/pkg/FR-2025-12-16/pdf/2025-23093.pdf,https://www.federalregister.gov/documents/full_text/text/2025/12/16/2025-23093.txt,"Executive Order 14366 directs existing agencies to review, revise, and enforce rules governing proxy advisors, antitrust practices, and fiduciary standards for retirement plans.",economy_and_finance,,,[],delegates_authority,,stop
14367,2025-23417,Designating Fentanyl as a Weapon of Mass Destruction,Donald Trump,2025-12-15,2025-12-18,90 FR 59365,6365,https://www.govinfo.gov/content/pkg/FR-2025-12-18/pdf/2025-23417.pdf,https://www.federalregister.gov/documents/full_text/text/2025/12/18/2025-23417.txt,Executive Order 14367 designates illicit fentanyl and its core precursor chemicals as weapons of mass destruction and delegates a range of enforcement and policy actions to senior officials.,justice_and_law_enforcement,,,[],delegates_authority,,stop
14368,2025-23844,Adjustments of Certain Rates of Pay,Donald Trump,2025-12-18,2025-12-23,90 FR 60521,4979,https://www.govinfo.gov/content/pkg/FR-2025-12-23/pdf/2025-23844.pdf,https://www.federalregister.gov/documents/full_text/text/2025/12/23/2025-23844.txt,"Executive Order 14368 updates the pay schedules for multiple federal pay systems, sets effective dates for the new schedules, and supersedes the previous order on pay adjustments.",government_administration,,,[],adjusts_pay_or_admin,,stop
14369,2025-23845,Ensuring American Space Superiority,Donald Trump,2025-12-18,2025-12-23,90 FR 60537,13701,https://www.govinfo.gov/content/pkg/FR-2025-12-23/pdf/2025-23845.pdf,https://www.federalregister.gov/documents/full_text/text/2025/12/23/2025-23845.txt,"Executive Order 14369 directs the President’s Science and Technology office and other agencies to develop plans, reports and guidance to advance U.S. space policy, including exploration, national security, commercial development and acquisition reforms.",technology_and_research,,,[],directs_report_or_study,,stop
14370,2025-23846,Increasing Medical Marijuana and Cannabidiol Research,Donald Trump,2025-12-18,2025-12-23,90 FR 60541,11516,https://www.govinfo.gov/content/pkg/FR-2025-12-23/pdf/2025-23846.pdf,https://www.federalregister.gov/documents/full_text/text/2025/12/23/2025-23846.txt,"The order directs the Attorney General to finish rulemaking to move marijuana to Schedule III, tasks the Assistant to the President with revising hemp‑derived cannabinoid product definitions, and requires senior health officials to develop real‑world‑evidence research methods for those products.",technology_and_research,,,"[""health"", ""civil_rights""]",delegates_authority,,stop
14371,2025-23847,"Providing for the Closing of Executive Departments and Agencies of the Federal Government on December 24, 2025, and December 26, 2025",Donald Trump,2025-12-18,2025-12-23,90 FR 60545,2903,https://www.govinfo.gov/content/pkg/FR-2025-12-23/pdf/2025-23847.pdf,https://www.federalregister.gov/documents/full_text/text/2025/12/23/2025-23847.txt,The order directs the closure of all executive departments and agencies on two specific dates and delegates implementation authority to the Director of the Office of Personnel Management.,government_administration,,,[],delegates_authority,,stop
14372,2026-00554,Prioritizing the Warfighter in Defense Contracting,Donald Trump,2026-01-07,2026-01-13,91 FR 1377,11246,https://www.govinfo.gov/content/pkg/FR-2026-01-13/pdf/2026-00554.pdf,https://www.federalregister.gov/documents/full_text/text/2026/01/13/2026-00554.txt,"Executive Order 14372 directs the Secretary of War to prohibit defense contractors from paying dividends or buying back stock, to review contractor performance, and to embed anti‑stock‑buy‑back provisions in future contracts.",security_and_defense,,,[],delegates_authority,,stop
14373,2026-00831,Safeguarding Venezuelan Oil Revenue for the Good of the American and Venezuelan People,Donald Trump,2026-01-09,2026-01-15,91 FR 2045,11225,https://www.govinfo.gov/content/pkg/FR-2026-01-15/pdf/2026-00831.pdf,https://www.federalregister.gov/documents/full_text/text/2026/01/15/2026-00831.txt,"Executive Order 14373 protects Venezuelan‑origin oil revenue held in U.S. Treasury accounts by prohibiting attachment, delegating authority to the Treasury, requiring congressional reporting, and superseding earlier orders.",energy_and_environment,,,[],imposes_sanctions,,stop
14374,2026-01061,Establishing a Second Emergency Board To Investigate Disputes Between the Long Island Rail Road Company and Certain of Its Employees Represented by Certain Labor Organizations,Donald Trump,2026-01-14,2026-01-20,91 FR 2457,4739,https://www.govinfo.gov/content/pkg/FR-2026-01-20/pdf/2026-01061.pdf,https://www.federalregister.gov/documents/full_text/text/2026/01/20/2026-01061.txt,"Executive Order 14374 establishes a second emergency board to investigate Long Island Rail Road labor disputes, sets reporting and procedural deadlines, and assigns record‑keeping and cost responsibilities.",labor_and_workforce,,,[],creates_body,,stop
14375,2026-01271,"Designating the Board of Peace as a Public International Organization Entitled To Enjoy Certain Privileges, Exemptions, and Immunities",Donald Trump,2026-01-16,2026-01-22,91 FR 2837,2722,https://www.govinfo.gov/content/pkg/FR-2026-01-22/pdf/2026-01271.pdf,https://www.federalregister.gov/documents/full_text/text/2026/01/22/2026-01271.txt,"Executive Order 14375 designates the Board of Peace as a public international organization entitled to the privileges, exemptions, and immunities provided by the International Organizations Immunities Act.",foreign_policy,,,[],other,"designates an existing entity to enjoy privileges, exemptions, and immunities; does not create a new body, impose sanctions, revoke/amend, confer a medal, delegate authority, direct a report, or adjust pay.",stop
14376,2026-01424,Stopping Wall Street From Competing With Main Street Homebuyers,Donald Trump,2026-01-20,2026-01-23,91 FR 3023,8022,https://www.govinfo.gov/content/pkg/FR-2026-01-23/pdf/2026-01424.pdf,https://www.federalregister.gov/documents/full_text/text/2026/01/23/2026-01424.txt,"The order directs multiple federal officials to develop definitions, issue guidance, review and possibly revise rules, conduct antitrust reviews, require ownership disclosures, and prepare legislative recommendations—all aimed at limiting large institutional investors from acquiring single‑family homes that could be bought by families.",government_administration,,,[],directs_report_or_study,,stop
14377,2026-01871,Addressing State and Local Failures To Rebuild Los Angeles After Wildfire Disasters,Donald Trump,2026-01-23,2026-01-29,91 FR 3989,13405,https://www.govinfo.gov/content/pkg/FR-2026-01-29/pdf/2026-01871.pdf,https://www.federalregister.gov/documents/full_text/text/2026/01/29/2026-01871.txt,"Executive Order 14377 directs federal agencies to pre‑empt obstructive state permitting, set tight timelines for rulemaking, expedite environmental waivers, propose legislation, and audit Hazard Mitigation Grant Program funds.",energy_and_environment,,,"[""government_administration""]",delegates_authority,,stop
14378,2026-01872,Continuance of the Federal Emergency Management Agency Review Council,Donald Trump,2026-01-23,2026-01-29,91 FR 3993,2519,https://www.govinfo.gov/content/pkg/FR-2026-01-29/pdf/2026-01872.pdf,https://www.federalregister.gov/documents/full_text/text/2026/01/29/2026-01872.txt,"Executive Order 14378 continues the Federal Emergency Management Agency Review Council, which was originally created by EO 14180, extending its existence until March 25, 2026. The order assigns the Secretary of Homeland Security to perform the Council’s functions under the Federal Advisory Committee Act, following regulations set by the Administrator of General Services. It takes effect on January 24, 2026 and includes standard general provisions.",security_and_defense,,,[],revokes_or_amends,,stop
14379,2026-02249,Addressing Addiction Through the Great American Recovery Initiative,Donald Trump,2026-01-29,2026-02-03,91 FR 5081,7805,https://www.govinfo.gov/content/pkg/FR-2026-02-03/pdf/2026-02249.pdf,https://www.federalregister.gov/documents/full_text/text/2026/02/03/2026-02249.txt,The order creates the White House Great American Recovery Initiative to coordinate the federal response to addiction.,health,,,[],creates_body,,stop
14380,2026-02250,Addressing Threats to the United States by the Government of Cuba,Donald Trump,2026-01-29,2026-02-03,91 FR 5085,18342,https://www.govinfo.gov/content/pkg/FR-2026-02-03/pdf/2026-02250.pdf,https://www.federalregister.gov/documents/full_text/text/2026/02/03/2026-02250.txt,"The order authorizes an additional ad valorem duty on imports of goods that are products of a foreign country that directly or indirectly sells or otherwise provides any oil to Cuba, thereby imposing trade sanctions against those countries.",foreign_policy,,,[],imposes_sanctions,,stop
14381,2026-02292,Celebrating American Greatness With American Motor Racing,Donald Trump,2026-01-30,2026-02-04,91 FR 5211,5079,https://www.govinfo.gov/content/pkg/FR-2026-02-04/pdf/2026-02292.pdf,https://www.federalregister.gov/documents/full_text/text/2026/02/04/2026-02292.txt,"Executive Order 14381 directs the Secretaries of the Interior and Transportation to plan and enable an INDYCAR street race in Washington, D.C.",government_administration,,,[],delegates_authority,,stop
14382,2026-02813,Addressing Threats to the United States by the Government of Iran,Donald Trump,2026-02-06,2026-02-11,91 FR 6493,16027,https://www.govinfo.gov/content/pkg/FR-2026-02-11/pdf/2026-02813.pdf,https://www.federalregister.gov/documents/full_text/text/2026/02/11/2026-02813.txt,Executive Order 14382 imposes additional tariffs on imports from countries that trade with Iran and delegates implementation authority to senior officials.,foreign_policy,,,[],imposes_sanctions,,stop
14383,2026-02814,Establishing an America First Arms Transfer Strategy,Donald Trump,2026-02-06,2026-02-11,91 FR 6497,12455,https://www.govinfo.gov/content/pkg/FR-2026-02-11/pdf/2026-02814.pdf,https://www.federalregister.gov/documents/full_text/text/2026/02/11/2026-02814.txt,"Executive Order 14383 establishes a new inter‑agency task force and directs multiple agencies to produce reports, plans and catalogs within specified time‑frames to implement an America‑First arms‑transfer strategy.",security_and_defense,,,[],creates_body,,stop
14384,2026-02818,Modifying Duties To Address Threats to the United States by the Government of the Russian Federation,Donald Trump,2026-02-06,2026-02-11,91 FR 6501,9462,https://www.govinfo.gov/content/pkg/FR-2026-02-11/pdf/2026-02818.pdf,https://www.federalregister.gov/documents/full_text/text/2026/02/11/2026-02818.txt,Executive Order 14384 removes the 25 % ad valorem duty on Indian imports that had been imposed under EO 14329 and terminates the related Harmonized Tariff Schedule headings.,trade,,,[],revokes_or_amends,,stop
14385,2026-02819,Protecting the National Security and Welfare of the United States and Its Citizens From Criminal Actors and Other Public Safety Threats,Donald Trump,2026-02-06,2026-02-11,91 FR 6505,5056,https://www.govinfo.gov/content/pkg/FR-2026-02-11/pdf/2026-02819.pdf,https://www.federalregister.gov/documents/full_text/text/2026/02/11/2026-02819.txt,"Executive Order 14385 directs federal officials to share criminal‑history record information (CHRI) with the Department of Homeland Security (DHS) and, under reciprocal agreements, with trusted foreign partners for border‑security and immigration purposes.",justice_and_law_enforcement,,,[],delegates_authority,,stop
14386,2026-03156,Strengthening United States National Defense With America's Beautiful Clean Coal Power Generation Fleet,Donald Trump,2026-02-11,2026-02-17,91 FR 7393,4475,https://www.govinfo.gov/content/pkg/FR-2026-02-17/pdf/2026-03156.pdf,https://www.federalregister.gov/documents/full_text/text/2026/02/17/2026-03156.txt,"The order directs the Secretary of War, together with the Secretary of Energy, to procure coal‑generated electricity for federal installations through long‑term power purchase agreements.",energy_and_environment,,,[],delegates_authority,,stop
14387,2026-03628,Promoting the National Defense by Ensuring an Adequate Supply of Elemental Phosphorus and Glyphosate- Based Herbicides,Donald Trump,2026-02-18,2026-02-23,91 FR 8703,9600,https://www.govinfo.gov/content/pkg/FR-2026-02-23/pdf/2026-03628.pdf,https://www.federalregister.gov/documents/full_text/text/2026/02/23/2026-03628.txt,"The order delegates authority to the Secretary of Agriculture to secure domestic supplies of elemental phosphorus and glyphosate‑based herbicides, requires the Secretary to issue implementing orders and regulations, and confers immunity to domestic producers under the Defense Production Act.",energy_and_environment,,,[],delegates_authority,,stop
14388,R1-2026-03829,Continuing the Suspension of Duty-Free De Minimis Treatment for All Countries,Donald Trump,2026-02-20,2026-04-09,91 FR 17839,13858,https://www.govinfo.gov/content/pkg/FR-2026-04-09/pdf/R1-2026-03829.pdf,https://www.federalregister.gov/documents/full_text/text/2026/04/09/R1-2026-03829.txt,"Executive Order 14388 continues the suspension of duty‑free de minimis treatment by amending Executive Order 14324, delegates implementation authority to the Secretary of Homeland Security, and sets an effective date for the modifications.",other,,order concerns trade duties and customs rather than any listed subject area,[],revokes_or_amends,,stop
14389,2026-03832,Ending Certain Tariff Actions,Donald Trump,2026-02-20,2026-02-25,91 FR 9437,8445,https://www.govinfo.gov/content/pkg/FR-2026-02-25/pdf/2026-03832.pdf,https://www.federalregister.gov/documents/full_text/text/2026/02/25/2026-03832.txt,Executive Order 14389 terminates the additional ad valorem duties imposed under IEEPA by a series of earlier executive orders addressing various national security and foreign policy threats. It directs the heads of all executive departments and agencies to end collection of those duties as soon as practicable and authorizes the Secretaries of Commerce and Homeland Security and the U.S. Trade Representative to modify the Harmonized Tariff Schedule if needed. The order does not affect other duties or related proclamations.,trade,,,"[""foreign_policy"", ""economy_and_finance""]",revokes_or_amends,,stop
14390,2026-04826,"Combating Cybercrime, Fraud, and Predatory Schemes Against American Citizens",Donald Trump,2026-03-06,2026-03-11,91 FR 12051,8795,https://www.govinfo.gov/content/pkg/FR-2026-03-11/pdf/2026-04826.pdf,https://www.federalregister.gov/documents/full_text/text/2026/03/11/2026-04826.txt,"The order directs senior officials to review relevant frameworks and, within 120 days, submit an action plan that creates an operational cell within the National Coordination Center (NCC).",justice_and_law_enforcement,,,[],creates_body,,stop
14391,2026-05382,Adjusting Certain Delegations Under the Defense Production Act,Donald Trump,2026-03-13,2026-03-18,91 FR 13199,3182,https://www.govinfo.gov/content/pkg/FR-2026-03-18/pdf/2026-05382.pdf,https://www.federalregister.gov/documents/full_text/text/2026/03/18/2026-05382.txt,The order amends a delegation provision in EO 13603 and clarifies a provision of EO 14156 concerning the Defense Production Act.,energy_and_environment,,,[],revokes_or_amends,,stop
14392,2026-05383,Ensuring Truthful Advertising of Products Claiming To Be Made in America,Donald Trump,2026-03-13,2026-03-18,91 FR 13201,5607,https://www.govinfo.gov/content/pkg/FR-2026-03-18/pdf/2026-05383.pdf,https://www.federalregister.gov/documents/full_text/text/2026/03/18/2026-05383.txt,"Executive Order 14392 directs the Federal Trade Commission and other federal agencies to enforce, regulate, and verify “Made in America” advertising claims, and clarifies that the order does not impair existing agency authority.",civil_rights,,,"[""government_administration"", ""justice_and_law_enforcement""]",delegates_authority,,stop
14393,2026-05384,Promoting Access to Mortgage Credit,Donald Trump,2026-03-13,2026-03-18,91 FR 13203,14920,https://www.govinfo.gov/content/pkg/FR-2026-03-18/pdf/2026-05384.pdf,https://www.federalregister.gov/documents/full_text/text/2026/03/18/2026-05384.txt,Executive Order 14393 directs multiple financial‑regulatory agencies to consider regulatory reforms that reduce burdens on community and smaller banks and to report on housing‑finance market efficiency.,government_administration,,"The order’s overall focus is on mortgage credit and housing finance, which falls under the administration of federal financial‑regulatory agencies.","[""energy_and_environment"", ""justice_and_law_enforcement"", ""technology_and_research""]",delegates_authority,,stop
14394,2026-05388,Removing Regulatory Barriers to Affordable Home Construction,Donald Trump,2026-03-13,2026-03-18,91 FR 13207,11196,https://www.govinfo.gov/content/pkg/FR-2026-03-18/pdf/2026-05388.pdf,https://www.federalregister.gov/documents/full_text/text/2026/03/18/2026-05388.txt,"Executive Order 14394 directs multiple federal agencies to review, revise, and streamline regulations, guidance, and programs that increase the cost or delay of residential construction, with a specific 60‑day deadline for HUD to issue best‑practice recommendations for state and local governments.",government_administration,,,"[""energy_and_environment"", ""justice_and_law_enforcement"", ""technology_and_research""]",directs_report_or_study,,stop
14395,2026-05497,Establishing the Task Force To Eliminate Fraud,Donald Trump,2026-03-16,2026-03-19,91 FR 13485,18401,https://www.govinfo.gov/content/pkg/FR-2026-03-19/pdf/2026-05497.pdf,https://www.federalregister.gov/documents/full_text/text/2026/03/19/2026-05497.txt,Executive Order 14395 creates a new inter‑agency Task Force to eliminate fraud in federal benefit programs.,justice_and_law_enforcement,,,[],creates_body,,stop
14396,2026-05867,Preserving America's Game,Donald Trump,2026-03-20,2026-03-25,91 FR 14639,3355,https://www.govinfo.gov/content/pkg/FR-2026-03-25/pdf/2026-05867.pdf,https://www.federalregister.gov/documents/full_text/text/2026/03/25/2026-05867.txt,"The order directs the Secretary of Commerce and the FCC Chairman to work with the College Football Playoff Committee, the NCAA and other stakeholders to create an exclusive broadcast window for the Army‑Navy Game, preventing any other college football game from being aired at the same time. It also instructs the FCC Chairman to review broadcast licensees' public‑interest obligations to ensure the game remains a national service event. The order cites presidential authority under the Constitution and U.S. law.",other,,Preserving the Army‑Navy football game broadcast schedule,[],delegates_authority,,stop
14397,2026-06075,Further Continuance of the Federal Emergency Management Agency Review Council,Donald Trump,2026-03-24,2026-03-27,91 FR 15509,2948,https://www.govinfo.gov/content/pkg/FR-2026-03-27/pdf/2026-06075.pdf,https://www.federalregister.gov/documents/full_text/text/2026/03/27/2026-06075.txt,The order further continues the Federal Emergency Management Agency Review Council until a specified date and supersedes sections of a prior order.,government_administration,,,[],revokes_or_amends,,stop
14398,2026-06286,Addressing DEI Discrimination by Federal Contractors,Donald Trump,2026-03-26,2026-03-31,91 FR 16147,11173,https://www.govinfo.gov/content/pkg/FR-2026-03-31/pdf/2026-06286.pdf,https://www.federalregister.gov/documents/full_text/text/2026/03/31/2026-06286.txt,"Executive Order 14398 directs federal agencies to embed a clause prohibiting racially discriminatory DEI activities in all contracts, imposes sanctions for non‑compliance, mandates agency‑wide reporting, and requires OMB, the Attorney General, and the Federal Acquisition Regulatory Council to issue guidance and consider enforcement actions.",government_administration,,The order primarily concerns procurement and contract administration within the federal government.,"[""justice_and_law_enforcement"", ""technology_and_research""]",imposes_sanctions,"The order imposes cancellation, termination, suspension, and debarment of contracts for non‑compliance with the anti‑DEI clause.",stop
14399,2026-06601,Ensuring Citizenship Verification and Integrity in Federal Elections,Donald Trump,2026-03-31,2026-04-03,91 FR 17125,14665,https://www.govinfo.gov/content/pkg/FR-2026-04-03/pdf/2026-06601.pdf,https://www.federalregister.gov/documents/full_text/text/2026/04/03/2026-06601.txt,"Executive Order 14399 directs federal agencies to verify citizenship of voters, create and transmit state‑level citizenship lists, prioritize investigations of election fraud, and issue USPS rulemaking on ballot envelopes, with specific deadlines and a sanction of withholding funds for non‑compliance.",education,,,[],delegates_authority,,stop
14400,2026-06961,Urgent National Action To Save College Sports,Donald Trump,2026-04-03,2026-04-09,91 FR 18267,18295,https://www.govinfo.gov/content/pkg/FR-2026-04-09/pdf/2026-06961.pdf,https://www.federalregister.gov/documents/full_text/text/2026/04/09/2026-06961.txt,"Executive Order 14400 directs multiple federal officials to take actions that regulate college athletics and higher‑education institutions, establishes reporting and compliance requirements, and sets an August 1 2026 deadline for several provisions.",education,,,[],delegates_authority,,stop
14401,2026-07907,Accelerating Medical Treatments for Serious Mental Illness,Donald Trump,2026-04-18,2026-04-22,91 FR 21709,8293,https://www.govinfo.gov/content/pkg/FR-2026-04-22/pdf/2026-07907.pdf,https://www.federalregister.gov/documents/full_text/text/2026/04/22/2026-07907.txt,"Executive Order 14401 directs several federal officials and agencies to accelerate the development, review, and access to psychedelic drugs for serious mental illness, and to allocate funding and data‑sharing resources to support this effort.",health,,,[],delegates_authority,,stop
14402,2026-08900,"Promoting Efficiency, Accountability, and Performance in Federal Contracting",Donald Trump,2026-04-30,2026-05-05,91 FR 24325,10477,https://www.govinfo.gov/content/pkg/FR-2026-05-05/pdf/2026-08900.pdf,https://www.federalregister.gov/documents/full_text/text/2026/05/05/2026-08900.txt,"The order assigns new procurement‑related responsibilities to agency heads, the Director of OMB, and the Administrator for Federal Procurement Policy.",government_administration,,,[],delegates_authority,,stop
14403,2026-08908,Promoting Retirement-Savings Access for American Workers by Establishing TrumpIRA.gov,Donald Trump,2026-04-30,2026-05-05,91 FR 24329,9870,https://www.govinfo.gov/content/pkg/FR-2026-05-05/pdf/2026-08908.pdf,https://www.federalregister.gov/documents/full_text/text/2026/05/05/2026-08908.txt,Executive Order 14403 creates new Treasury‑led responsibilities to launch a retirement‑savings information website and to issue worker‑protection guidance for IRAs.,government_administration,,"The order’s substantive focus is on retirement‑savings access, which falls under the broader administration of federal programs; no more specific topic label is available in the taxonomy.","[""economy_and_finance""]",delegates_authority,,stop
14404,2026-09173,Imposing Sanctions on Those Responsible for Repression in Cuba and for Threats to United States National Security and Foreign Policy,Donald Trump,2026-05-01,2026-05-07,91 FR 25061,16863,https://www.govinfo.gov/content/pkg/FR-2026-05-07/pdf/2026-09173.pdf,https://www.federalregister.gov/documents/full_text/text/2026/05/07/2026-09173.txt,"Executive Order 14404 imposes sanctions on the Government of Cuba, its officials, and related entities by blocking property, restricting travel, and authorizing the Treasury to sanction foreign financial institutions. It directs the Secretaries of State and Treasury to determine sanctionable persons, implement the measures, and report to Congress on the national emergency declared in EO 14380.",foreign_policy,,,"[""security_and_defense"", ""economy_and_finance""]",imposes_sanctions,,stop
14405,2026-10399,Integrating Financial Technology Innovation Into Regulatory Frameworks,Donald Trump,2026-05-19,2026-05-22,91 FR 30475,10019,https://www.govinfo.gov/content/pkg/FR-2026-05-22/pdf/2026-10399.pdf,https://www.federalregister.gov/documents/full_text/text/2026/05/22/2026-10399.txt,"Executive Order 14405 directs federal financial regulators and the Federal Reserve to review and adjust regulations, conduct studies, and report findings to promote fintech innovation.",technology_and_research,,,[],other,,stop
14406,2026-10400,Restoring Integrity to America's Financial System,Donald Trump,2026-05-19,2026-05-22,91 FR 30479,10979,https://www.govinfo.gov/content/pkg/FR-2026-05-22/pdf/2026-10400.pdf,https://www.federalregister.gov/documents/full_text/text/2026/05/22/2026-10400.txt,"Executive Order 14406 directs Treasury, the CFPB, and federal financial regulators to take a series of actions aimed at protecting the U.S. financial system from illicit activity and credit‑risk exposure associated with non‑work‑authorized individuals.",economy_and_finance,,,[],delegates_authority,,stop
14407,2026-11180,"Realigning United States Core Childhood Vaccine Recommendations With Best Practices From Peer, Developed Countries",Donald Trump,2026-05-29,2026-06-03,91 FR 33575,6089,https://www.govinfo.gov/content/pkg/FR-2026-06-03/pdf/2026-11180.pdf,https://www.federalregister.gov/documents/full_text/text/2026/06/03/2026-11180.txt,"Executive Order 14407 directs the CDC and its Advisory Committee on Immunization Practices to review a scientific assessment and, as permitted by law, update the United States childhood and adolescent vaccine schedule. It requires every executive department and agency to align their immunization actions, regulations, funding, and coverage with the updated schedule and to maintain cost‑free coverage through private insurance, Medicaid, CHIP, and the Vaccines for Children Program. The HHS Director of the Office of Intergovernmental and External Affairs must inform state officials of the order’s policies and make the scientific assessment available for state vaccination law considerations.",health,,,[],delegates_authority,,stop
14408,2026-11181,Removing Unnecessary and Counterproductive Restrictions on Access to Federal Lands,Donald Trump,2026-05-29,2026-06-03,91 FR 33577,6739,https://www.govinfo.gov/content/pkg/FR-2026-06-03/pdf/2026-11181.pdf,https://www.federalregister.gov/documents/full_text/text/2026/06/03/2026-11181.txt,Executive Order 14408 rescinds two prior orders that regulated off‑road vehicle use on federal lands and directs the relevant secretaries and agencies to begin rulemakings to repeal or revise the regulations that implemented those orders.,energy_and_environment,,,[],revokes_or_amends,,stop
14409,2026-11415,Promoting Advanced Artificial Intelligence Innovation and Security,Donald Trump,2026-06-02,2026-06-05,91 FR 34565,10179,https://www.govinfo.gov/content/pkg/FR-2026-06-05/pdf/2026-11415.pdf,https://www.federalregister.gov/documents/full_text/text/2026/06/05/2026-11415.txt,"Executive Order 14409 directs multiple federal officials to prioritize cyber‑defense of government systems, create an AI‑cybersecurity clearinghouse, and develop a framework for “covered frontier” AI models. The order’s first‑listed action is the creation of a new body, so the overall primary topic is technology_and_research and the instrument is creates_body.",technology_and_research,,,[],creates_body,,stop
14410,2026-11594,Implementing Schedule Policy/Career in the Excepted Service,Donald Trump,2026-06-03,2026-06-10,91 FR 34893,21077,https://www.govinfo.gov/content/pkg/FR-2026-06-10/pdf/2026-11594.pdf,https://www.federalregister.gov/documents/full_text/text/2026/06/10/2026-11594.txt,"Executive Order 14410 amends civil‑service regulations, directs agency actions, and creates award and reporting requirements related to the new Schedule Policy/Career in the excepted service.",government_administration,,,[],revokes_or_amends,,stop
14411,2026-11595,Strengthening Customs Enforcement,Donald Trump,2026-06-03,2026-06-10,91 FR 35125,21140,https://www.govinfo.gov/content/pkg/FR-2026-06-10/pdf/2026-11595.pdf,https://www.federalregister.gov/documents/full_text/text/2026/06/10/2026-11595.txt,"Executive Order 14411 directs the Secretary of Homeland Security to take a series of actions to strengthen U.S. customs enforcement.  The order delegates authority to the Secretary to revise regulations, impose new requirements on importers of record, enhance vetting, increase penalties, improve transparency, and report on progress.",trade,,,[],delegates_authority,,stop
14412,2026-12909,Securing the Nation Against Advanced Cryptographic Attacks,Donald Trump,2026-06-22,2026-06-25,91 FR 38483,12763,https://www.govinfo.gov/content/pkg/FR-2026-06-25/pdf/2026-12909.pdf,https://www.federalregister.gov/documents/full_text/text/2026/06/25/2026-12909.txt,"Executive Order 14412 directs federal agencies to transition to post‑quantum cryptography (PQC) and establishes coordination, reporting, and procurement actions to achieve that transition.",technology_and_research,,,[],delegates_authority,,stop
14413,2026-12910,Ushering in the Next Frontier of Quantum Innovation,Donald Trump,2026-06-22,2026-06-25,91 FR 38487,21223,https://www.govinfo.gov/content/pkg/FR-2026-06-25/pdf/2026-12910.pdf,https://www.federalregister.gov/documents/full_text/text/2026/06/25/2026-12910.txt,"Executive Order 14413 directs a whole‑of‑government effort to accelerate quantum information science and technology (QIST) across research, manufacturing, commercialization, and national security. It creates the Quantum Computer for Application Development and Discovery Science (QC‑ADDS) Effort, updates the National Quantum Strategy, and mandates multiple agencies to develop plans, reports, and workforce initiatives to secure U.S. leadership in quantum innovation. The order also reconstitutes the National Quantum Initiative Advisory Committee and sets a series of deadlines for strategy updates, reports, and partnership models.",technology_and_research,,,"[""security_and_defense"", ""economy_and_finance"", ""government_administration""]",creates_body,,stop
14414,2026-13254,Advancing Regenerative Agriculture and Strengthening American Farm Resilience,Donald Trump,2026-06-25,2026-06-30,91 FR 39841,7408,https://www.govinfo.gov/content/pkg/FR-2026-06-30/pdf/2026-13254.pdf,https://www.federalregister.gov/documents/full_text/text/2026/06/30/2026-13254.txt,"Executive Order 14414 directs federal agencies to prioritize registration of alternative agricultural substances, develop chemical‑exposure research frameworks, launch a NIH grand‑prize challenge, expand the Regenerative Pilot Program, and sets implementation and cost‑bearing rules.",energy_and_environment,,,[],delegates_authority,,stop
14415,2026-15003,Securing America's Defense Supply Chains and Ensuring Domestic Acquisition of Critical Materials,Donald Trump,2026-07-20,2026-07-23,91 FR 46693,20128,https://www.govinfo.gov/content/pkg/FR-2026-07-23/pdf/2026-15003.pdf,https://www.federalregister.gov/documents/full_text/text/2026/07/23/2026-15003.txt,"Executive Order 14415 directs the Secretary of War (and other department secretaries) to tighten domestic‑source requirements for defense‑critical materials, to map and illuminate supply chains, to develop regulations and qualification strategies, and to report on progress.  The order primarily concerns national‑security supply‑chain resilience and delegates authority to the Secretary of War to carry out these actions.",security_and_defense,,,[],delegates_authority,,stop
14416,2026-15357,Restoring Trust in the Smithsonian Institution,Donald Trump,2026-07-24,2026-07-29,91 FR 47925,5371,https://www.govinfo.gov/content/pkg/FR-2026-07-29/pdf/2026-15357.pdf,https://www.federalregister.gov/documents/full_text/text/2026/07/29/2026-15357.txt,"The order directs several senior officials to identify and use any authorities they have to carry out the order’s policy, effectively delegating authority to them.",civil_rights,,,[],delegates_authority,,stop
14417,2026-16125,Establishing the President's Military Spouse Commission,Donald Trump,2026-08-03,2026-08-06,91 FR 51059,8738,https://www.govinfo.gov/content/pkg/FR-2026-08-06/pdf/2026-16125.pdf,https://www.federalregister.gov/documents/full_text/text/2026/08/06/2026-16125.txt,"Establishes the President's Military Spouse Commission, a body to advise the President on policies affecting military spouses and families.",civil_rights,,,[],creates_body,,stop
14418,2026-16403,Continuing To Protect the Meaning and Value of American Citizenship,Donald Trump,2026-08-06,2026-08-11,91 FR 51991,6237,https://www.govinfo.gov/content/pkg/FR-2026-08-11/pdf/2026-16403.pdf,https://www.federalregister.gov/documents/full_text/text/2026/08/11/2026-16403.txt,"Executive Order 14418 directs federal departments and agencies not to issue or accept documents recognizing United States citizenship for persons whose parents are alien enemies, foreign government employees, or who engage in birthright citizenship transactions. It delegates authority to the Secretary of State, Attorney General, Secretary of Homeland Security, and Commissioner of Social Security to ensure departmental policies comply, and requires heads of all executive departments and agencies to issue public guidance within 30 days. The order cites the International Emergency Economic Powers Act and 8 U.S.C. 1189 as legal authorities.",immigration,,,"[""security_and_defense"", ""government_administration""]",delegates_authority,,stop
14419,2026-16404,Ending Birth Tourism,Donald Trump,2026-08-06,2026-08-11,91 FR 51993,9511,https://www.govinfo.gov/content/pkg/FR-2026-08-11/pdf/2026-16404.pdf,https://www.federalregister.gov/documents/full_text/text/2026/08/11/2026-16404.txt,"The order defines birth tourism, delegates authority to the Secretaries of State and Homeland Security to implement measures preventing entry, revoking visas, and allowing humanitarian or national‑interest exemptions.",immigration,,,[],delegates_authority,,stop
14420,2026-16730,Delivering Gold Standard Childhood Vaccine Recommendations for Americans,Donald Trump,2026-08-10,2026-08-14,91 FR 53173,9967,https://www.govinfo.gov/content/pkg/FR-2026-08-14/pdf/2026-16730.pdf,https://www.federalregister.gov/documents/full_text/text/2026/08/14/2026-16730.txt,"Executive Order 14420 establishes Gold Standard Childhood Vaccine Recommendations and directs federal agencies to review them, tasks the HHS Secretary and Task Force to present implementation plans within 90 days, and orders the Attorney General and the Departments of Justice, Education, and HHS to protect parental choice and religious exemptions in state vaccination laws.",health,,,"[""government_administration"", ""justice_and_law_enforcement""]",delegates_authority,,stop
14421,2026-17843,Declaring a National Emergency To Secure the United States Bulk-Power System,Donald Trump,2026-08-26,2026-08-31,91 FR 55995,20519,https://www.govinfo.gov/content/pkg/FR-2026-08-31/pdf/2026-17843.pdf,https://www.federalregister.gov/documents/full_text/text/2026/08/31/2026-17843.txt,"Executive Order 14421 declares a national emergency concerning the United States bulk‑power system and prohibits the acquisition, importation, transfer, or installation of foreign‑produced bulk‑power system electric equipment, directing the Secretary of Energy to issue rules and procurement recommendations.",energy_and_environment,,,[],imposes_sanctions,,stop
14422,2026-18020,Honoring the American History of the Great Lakes and Renaming Lake Ontario as Lake America,Donald Trump,2026-08-27,2026-09-02,91 FR 56543,6914,https://www.govinfo.gov/content/pkg/FR-2026-09-02/pdf/2026-18020.pdf,https://www.federalregister.gov/documents/full_text/text/2026/09/02/2026-18020.txt,Executive Order 14422 directs the Secretary of the Interior to rename Lake Ontario as “Lake America” and sets a 30‑day deadline for completing the renaming.,energy_and_environment,,,[],delegates_authority,,stop
14423,2026-18141,Establishing the United States Space Academy,Donald Trump,2026-08-28,2026-09-03,91 FR 56737,7684,https://www.govinfo.gov/content/pkg/FR-2026-09-03/pdf/2026-18141.pdf,https://www.federalregister.gov/documents/full_text/text/2026/09/03/2026-18141.txt,Executive Order 14423 establishes a presidential commission to develop a United States Space Academy and directs the commission to submit a report within 120 days.,technology_and_research,,,[],creates_body,,stop
