eo_number,document_number,kind,detail,created_at
12901,94-5434,dropped_unverifiable,the Trade Representative shall review United States trade expansion priorities and identify priority foreign country practices,2026-09-04T10:56:36+00:00
12902,94-5834,dropped_unverifiable,"DOE shall develop a program …, and, within 210 days of the date of this order, submit the program to the 656 Committee for review",2026-09-04T10:57:40+00:00
12907,94-9419,dropped_unverifiable,revoked_by EO 13226,2026-09-04T14:37:59+00:00
12933,94-26516,dropped_unverifiable,"The Secretary shall, in consultation with the Federal Acquisition Regulatory Council, issue regulations, within 180 days of the date of this order, to implement the requirements of this Executive order.",2026-09-04T11:00:10+00:00
12940,94-29663,dropped_unverifiable,positions ... shall be listed in Schedule C for all grades of the General Schedule.,2026-09-04T11:00:54+00:00
12958,95-9941,dropped_unverifiable,shall develop directives for the implementation of this order,2026-09-04T11:01:53+00:00
12958,95-9941,dropped_unverifiable,shall oversee agency actions to ensure compliance with this order and its implementing directives,2026-09-04T11:01:53+00:00
12958,95-9941,dropped_unverifiable,shall review and approve agency implementing regulations and agency guides for systematic declassification review,2026-09-04T11:01:53+00:00
12958,95-9941,dropped_unverifiable,shall have the authority to conduct on-site reviews of each agency's program established under this order,2026-09-04T11:01:53+00:00
12958,95-9941,dropped_unverifiable,shall report at least annually to the President on the implementation of this order,2026-09-04T11:01:53+00:00
12958,95-9941,dropped_unverifiable,shall convene and chair interagency meetings to discuss matters pertaining to the program established by this order,2026-09-04T11:01:53+00:00
12958,95-9941,dropped_unverifiable,"‘Agency’ means any ‘Executive agency,’ as defined in 5 U.S.C. 105",2026-09-04T11:01:53+00:00
12968,95-19654,dropped_unverifiable,access ... under Executive Order No. 12958,2026-09-04T11:03:02+00:00
12968,95-19654,dropped_unverifiable,pursuant ... Executive Order No. 12951,2026-09-04T11:03:02+00:00
12972,95-23581,dropped_unverifiable,Signed: 1995-09-18 by William J. Clinton,2026-09-04T11:03:32+00:00
12988,96-2755,dropped_unverifiable,Each agency shall establish a coordinated procedure for the conduct and review of document discovery undertaken in litigation directly by that agency,2026-09-04T11:06:21+00:00
13067,97-29464,dropped_unverifiable,"Nothing in this order shall create any right or benefit, substantive or procedural, enforceable by any party against the United States, its agencies or instrumentalities, its officers or employees, or any other person.",2026-09-04T11:45:41+00:00
13087,98-14689,dropped_unverifiable,references Proc. 7316,2026-09-04T11:47:28+00:00
13089,98-16161,dropped_unverifiable,references EO 13178,2026-09-04T11:47:23+00:00
13092,98-20315,dropped_unverifiable,"""Executive Order 13035 of February 11, 1997, is amended as follows:""",2026-09-04T11:47:39+00:00
13108,98-33382,dropped_unverifiable,"""Executive Order 13037, as amended, is further amended""",2026-09-04T11:49:29+00:00
13114,99-5164,dropped_unverifiable,amends EO 12852,2026-09-04T11:50:23+00:00
13116,99-8433,dropped_unverifiable,the Trade Representative shall review United States trade expansion priorities and identify priority foreign country practices,2026-09-04T11:52:03+00:00
13132,99-20729,dropped_unverifiable,references EO 13175,2026-09-04T11:53:22+00:00
13140,99-26670,dropped_unverifiable,amends EO 12473,2026-09-04T11:54:00+00:00
13140,99-26670,dropped_unverifiable,references EO 12484,2026-09-04T11:54:00+00:00
13140,99-26670,dropped_unverifiable,references EO 12550,2026-09-04T11:54:00+00:00
13140,99-26670,dropped_unverifiable,references EO 12586,2026-09-04T11:54:00+00:00
13140,99-26670,dropped_unverifiable,references EO 12708,2026-09-04T11:54:00+00:00
13140,99-26670,dropped_unverifiable,references EO 12767,2026-09-04T11:54:00+00:00
13140,99-26670,dropped_unverifiable,references EO 12888,2026-09-04T11:54:00+00:00
13140,99-26670,dropped_unverifiable,references EO 12936,2026-09-04T11:54:00+00:00
13140,99-26670,dropped_unverifiable,references EO 12960,2026-09-04T11:54:00+00:00
13140,99-26670,dropped_unverifiable,references EO 13086,2026-09-04T11:54:00+00:00
13142,99-30687,dropped_unverifiable,shall establish standards for classification and marking principles; agency security education and training programs; agency self‑inspection programs; and classification and declassification guides.,2026-09-04T11:53:11+00:00
13168,00-24978,dropped_unverifiable,revoked_by EO 13225,2026-09-04T11:55:31+00:00
13171,00-26716,dropped_unverifiable,references EO 13583,2026-09-04T11:55:49+00:00
13181,00-33004,dropped_unverifiable,"Protected health information ... shall not be used ... unless the Deputy Attorney General of the U.S. Department of Justice, or insofar as the protected health information involves members of the Armed Forces, the General Counsel of the U.S. Department of Defense, has authorized such use",2026-09-04T11:58:11+00:00
13200,01-3883,dropped_unverifiable,"Executive Order 13035, as amended (Executive Order 13092 and 13113)",2026-09-04T12:00:33+00:00
13212,01-13117,dropped_unverifiable,"agencies shall take appropriate actions, to the extent consistent with applicable law, to expedite projects that will increase the production, transmission, or conservation of energy.",2026-09-04T12:01:46+00:00
13219,01-16668,dropped_unverifiable,I have determined that the actions of persons ... threaten the peace in or diminishing the stability or security of any area or state in the Western Balkans region,2026-09-04T12:02:58+00:00
13224,01-24205,dropped_unverifiable,"UNSC Resolution 1214 of December 8, 1998, UNSCR 1267 of October 15, 1999, UNSCR 1333 of December 19, 2000, and UNSCR 1363 of July 30, 2001",2026-09-04T12:03:17+00:00
13250,02-917,dropped_unverifiable,Section 2. Order of Succession.,2026-09-04T12:05:06+00:00
13251,02-918,dropped_unverifiable,"Sec. 3. (c) Notwithstanding the provisions of this order, the President retains discretion, to the extent permitted by the Federal Vacancies Reform Act of 1998, 5 U.S.C. 3345 et seq., to depart from this order in designating an acting Secretary.",2026-09-04T12:05:18+00:00
13254,02-2638,dropped_unverifiable,amends EO 13286,2026-09-04T12:05:40+00:00
13272,02-21056,dropped_unverifiable,shall notify Advocacy of any draft rules that may have a significant economic impact on a substantial number of small entities under the Act,2026-09-04T12:07:09+00:00
13286,03-5343,dropped_unverifiable,"Sec. 1. Executive Order 13276 of November 15, 2002 ... is amended by:",2026-09-04T12:08:48+00:00
13286,03-5343,dropped_unverifiable,"Sec. 54. Executive Order 12002 ... is further amended by inserting “, the Secretary of Homeland Security,” after “The Secretary of Energy”.",2026-09-04T12:08:48+00:00
13286,03-5343,dropped_unverifiable,Sec. 55. Executive Order 11965 ... is amended by striking “the Secretary of Transportation” ... inserting “the Secretary of Homeland Security”.,2026-09-04T12:08:48+00:00
13286,03-5343,dropped_unverifiable,Sec. 56. Executive Order 11926 ... is amended by striking “the Secretary of Transportation” ... inserting “the Secretary of Homeland Security”.,2026-09-04T12:08:48+00:00
13286,03-5343,dropped_unverifiable,Sec. 58. Executive Order 11800 ... is further amended by striking “the Secretary of Transportation” ... inserting “the Secretary of Homeland Security”.,2026-09-04T12:08:48+00:00
13286,03-5343,dropped_unverifiable,Sec. 59. Executive Order 11645 ... is amended by striking “the Secretary of Transportation” ... inserting “the Secretary of Homeland Security”.,2026-09-04T12:08:48+00:00
13286,03-5343,dropped_unverifiable,Sec. 61. Executive Order 11448 ... is further amended by striking “the Secretary of Transportation” ... inserting “the Secretary of Homeland Security”.,2026-09-04T12:08:48+00:00
13286,03-5343,dropped_unverifiable,Sec. 62. Executive Order 11446 ... is amended by striking “the Secretary of Transportation” ... inserting “the Secretary of Homeland Security”.,2026-09-04T12:08:48+00:00
13286,03-5343,dropped_unverifiable,Sec. 64. Executive Order 11366 ... is amended by striking “The Secretary of Transportation” ... inserting “The Secretary of Homeland Security”.,2026-09-04T12:08:48+00:00
13286,03-5343,dropped_unverifiable,Sec. 66. Executive Order 11231 ... is further amended by striking “the Secretary of Transportation” ... inserting “the Secretary of Homeland Security”.,2026-09-04T12:08:48+00:00
13286,03-5343,dropped_unverifiable,Sec. 67. Executive Order 11190 ... is further amended by striking “the Secretary of Transportation” ... inserting “the Secretary of Homeland Security”.,2026-09-04T12:08:48+00:00
13286,03-5343,dropped_unverifiable,Sec. 68. Executive Order 11139 ... is amended by striking “the Secretary of the Treasury” ... inserting “the Secretary of Homeland Security”.,2026-09-04T12:08:48+00:00
13286,03-5343,dropped_unverifiable,Sec. 69. Executive Order 11079 ... is further amended by striking “the Secretary of Transportation” ... inserting “the Secretary of Homeland Security”.,2026-09-04T12:08:48+00:00
13286,03-5343,dropped_unverifiable,Sec. 70. Executive Order 11046 ... is further amended by striking “the Secretary of Transportation” ... inserting “the Secretary of Homeland Security”.,2026-09-04T12:08:48+00:00
13286,03-5343,dropped_unverifiable,Sec. 71. Executive Order 11016 ... is further amended by striking “the Secretary of Transportation” ... inserting “the Secretary of Homeland Security”.,2026-09-04T12:08:48+00:00
13286,03-5343,dropped_unverifiable,Sec. 72. Executive Order 10977 ... is further amended by striking “the Secretary of Transportation” ... inserting “the Secretary of Homeland Security”.,2026-09-04T12:08:48+00:00
13286,03-5343,dropped_unverifiable,Sec. 77. Executive Order 10554 ... is amended by:,2026-09-04T12:08:48+00:00
13286,03-5343,dropped_unverifiable,Sec. 80. Executive Order 10271 ... is amended by:,2026-09-04T12:08:48+00:00
13287,03-05344,dropped_unverifiable,"Each agency … shall, by September 30, 2005, and every third year thereafter, prepare a report …",2026-09-04T12:08:02+00:00
13317,03-24919,dropped_unverifiable,Agencies shall consider ... the applicant's use of highly skilled U.S. volunteers,2026-09-04T12:11:18+00:00
13353,04-20049,dropped_unverifiable,thereby established the President's Board on Safeguarding Americans' Civil Liberties (Board).,2026-09-04T12:14:48+00:00
13365,04-27076,dropped_unverifiable,"""These amendments shall take effect 30 days from the date of this order.""",2026-09-04T12:15:54+00:00
13365,04-27076,dropped_unverifiable,"""including chapter 47 of title 10, United States Code (Uniform Code of Military Justice, 10 U.S.C. 801-946)""",2026-09-04T12:15:54+00:00
13365,04-27076,dropped_unverifiable,"""prescribed by Executive Order 12473, as amended""",2026-09-04T12:15:54+00:00
13366,04-28079,dropped_unverifiable,the order is revoked_by EO 13547,2026-09-04T12:16:00+00:00
13420,06-9896,dropped_unverifiable,"Sec. 5. (a) Pursuant to 5 U.S.C. 5304a, locality-based comparability payments shall be paid in accordance with Schedule 9 attached hereto and made a part hereof.",2026-09-04T12:20:00+00:00
13423,07-374,dropped_unverifiable,Section 3(d)(i) ... designate a senior civilian officer ... to be responsible for implementation of this order within the agency,2026-09-04T12:20:46+00:00
13423,07-374,dropped_unverifiable,Section 4(a)(i) ... shall establish a Steering Committee ...,2026-09-04T12:20:46+00:00
13435,07-3112,dropped_unverifiable,revoked_by EO 13505,2026-09-04T12:22:58+00:00
13442,07-4023,dropped_unverifiable,"""Section 88 of Executive Order 13286 ... is amended by striking the text of such section in its entirety and inserting the following in lieu thereof:""",2026-09-04T12:22:40+00:00
13443,07-4115,dropped_unverifiable,"shall ... convene not later than 1 year after the date of this order, and periodically thereafter a White House Conference on North American Wildlife Policy (Conference)",2026-09-04T12:23:08+00:00
13452,07-5919,dropped_unverifiable,records ... shall be maintained in the physical custody of the National Mediation Board,2026-09-04T12:23:32+00:00
13456,08-360,dropped_unverifiable,"Section 11. Revocation. Section 801 of Executive Order 12919 of June 3, 1994, is revoked.",2026-09-04T12:23:55+00:00
13463,08-1182,dropped_unverifiable,"""inserting in lieu thereof ``February 28, 2009''""",2026-09-04T12:26:11+00:00
13463,08-1182,dropped_unverifiable,"""by striking ``Economic Policy'' and inserting in lieu thereof ``Homeland Security and Counterterrorism''""",2026-09-04T12:26:11+00:00
13463,08-1182,dropped_unverifiable,"""Section 1. Executive Order 13389 of November 1, 2005, as amended, is further amended""",2026-09-04T12:26:11+00:00
13463,08-1182,dropped_unverifiable,"""Sec. 2. Subsection 5(b) of Executive Order 13390 of November 1, 2005, is amended""",2026-09-04T12:26:11+00:00
13481,E8-29564,dropped_unverifiable,"Sec. 1. ... the following officers, in the order listed, shall act as and perform the functions and duties of the office of Attorney General",2026-09-04T12:28:18+00:00
13514,E9-24518,dropped_unverifiable,the head of an agency must notify the CEQ Chair in writing within 30 days of issuance of the exemption,2026-09-04T12:38:32+00:00
13536,2010-8878,dropped_unverifiable,references EO 13620,2026-09-04T12:33:29+00:00
13536,2010-8878,dropped_unverifiable,"references Notice of April 8, 2026",2026-09-04T12:33:29+00:00
13548,2010-18988,dropped_unverifiable,Executive Order 13583,2026-09-04T12:36:31+00:00
13553,2010-24839,dropped_unverifiable,The Secretary of the State is hereby authorized to exercise the functions and authorities conferred upon the President by section 105(a) of CISADA (22 U.S.C. 8514(a)) with respect to the imposition of the visa sanctions,2026-09-04T12:34:25+00:00
13592,2011-31624,dropped_unverifiable,"Each agency ... shall develop and implement a two-part, 4-year plan of the agency's efforts to fulfill the purposes of this order.",2026-09-04T12:42:15+00:00
13604,2012-7636,dropped_unverifiable,"Dashboard ... created pursuant to my memorandum of August 31, 2011",2026-09-04T12:43:16+00:00
13607,2012-10715,dropped_unverifiable,"The Secretary of Veterans Affairs shall provide to prospective military and veteran students, prior to using their benefits, streamlined tools to compare educational institutions",2026-09-04T12:43:31+00:00
13607,2012-10715,dropped_unverifiable,"Within 90 days, the Secretaries of Defense and Veterans Affairs shall submit to the President a plan to strengthen enforcement and compliance mechanisms",2026-09-04T12:43:31+00:00
13609,2012-10968,dropped_unverifiable,consider reforms to existing significant regulations that address unnecessary differences in regulatory requirements between the United States and its major trading partners,2026-09-04T12:44:25+00:00
13609,2012-10968,dropped_unverifiable,references EO 12866,2026-09-04T12:44:25+00:00
13609,2012-10968,dropped_unverifiable,references EO 13563,2026-09-04T12:44:25+00:00
13611,2012-12225,dropped_unverifiable,"""The Secretary of the Treasury, in consultation with the Secretary of State, is hereby authorized to take such actions, including the promulgation of rules and regulations""",2026-09-04T12:44:42+00:00
13611,2012-12225,dropped_unverifiable,"""The Secretary of the Treasury, in consultation with the Secretary of State, is hereby authorized to submit the recurring and final reports to the Congress""",2026-09-04T12:44:42+00:00
13611,2012-12225,dropped_unverifiable,"""including the International Emergency Economic Powers Act (50 U.S.C. 1701 et seq.) (IEEPA)""",2026-09-04T12:44:42+00:00
13611,2012-12225,dropped_unverifiable,"""the National Emergencies Act (50 U.S.C. 1601 et seq.) (NEA)""",2026-09-04T12:44:42+00:00
13611,2012-12225,dropped_unverifiable,"""the agreement of November 23, 2011, between the Government of Yemen and those in opposition to it""",2026-09-04T12:44:42+00:00
13613,2012-12882,dropped_unverifiable,Deputy Secretary of Commerce; General Counsel of the Department of Commerce; Under Secretary of Commerce for International Trade; Under Secretary of Commerce for Economic Affairs; Under Secretary of Commerce for Standards and Technology; Under Secretary of Commerce for Oceans and Atmosphere and Admi,2026-09-04T12:45:45+00:00
13624,2012-22030,dropped_unverifiable,"coordinate and encourage efforts to achieve a national goal of deploying 40 gigawatts of new, cost-effective industrial CHP in the United States by the end of 2020;",2026-09-04T12:46:45+00:00
13625,2012-22062,dropped_unverifiable,"the Task Force shall be co‑chaired by the Secretaries of Defense, Veterans Affairs, and Health and Human Services",2026-09-04T12:51:14+00:00
13654,2013-28581,dropped_unverifiable,references EO 13663,2026-09-04T12:50:43+00:00
13666,2014-09343,dropped_unverifiable,"`or to any member of the armed forces of a friendly foreign nation,`",2026-09-04T12:51:51+00:00
13673,2014-18561,dropped_unverifiable,"the Secretary of Labor shall develop guidance, in consultation with the agencies responsible for enforcing the requirements of the labor laws",2026-09-04T12:52:38+00:00
13673,2014-18561,dropped_unverifiable,contractors ... shall update the information ... every 6 months,2026-09-04T12:52:38+00:00
13673,2014-18561,dropped_unverifiable,the Secretary of Labor shall develop guidance ... to assist agencies in determining whether ... violations ... were issued,2026-09-04T12:52:38+00:00
13677,2014-23228,dropped_unverifiable,"The Working Group shall: (B) assess and identify, for agencies with direct international development programs and investments, existing climate‑change data, tools, and information, as described in section 3 of this order, to help agencies assess climate risks and make decisions that incorporate clim",2026-09-04T12:54:02+00:00
13677,2014-23228,dropped_unverifiable,"The Working Group shall: (C) identify approaches for adjusting strategies, planning, programs, projects, investments, and related funding decisions, including the planning for and management of overseas facilities, to respond to the findings of climate‑risk assessments;",2026-09-04T12:54:02+00:00
13677,2014-23228,dropped_unverifiable,"The Working Group shall: (D) facilitate the exchange of knowledge, data, tools, information, frameworks, and lessons learned in assessing climate risks to and incorporating climate‑resilience considerations into strategies, planning, programs, projects, investments, and related funding decisions, in",2026-09-04T12:54:02+00:00
13677,2014-23228,dropped_unverifiable,The Working Group shall: (E) work through existing channels to share best practices developed by the Working Group with other donor countries and multilateral entities to facilitate advancement of climate‑resilient development policies;,2026-09-04T12:54:02+00:00
13677,2014-23228,dropped_unverifiable,"The Working Group shall: (F) promote interagency collaboration, including through joint training; and",2026-09-04T12:54:02+00:00
13677,2014-23228,dropped_unverifiable,"The Working Group shall: (G) develop, for agencies with direct international development programs and investments, methods for tracking and reporting on Federal Government progress in institutionalizing more climate‑resilient development approaches, including performance metrics.",2026-09-04T12:54:02+00:00
13681,2014-25439,dropped_unverifiable,"agencies shall, as soon as possible, transition payment processing terminals and credit, debit, and other payment cards to employ enhanced security features, including chip-and-PIN technology",2026-09-04T12:54:57+00:00
13691,2015-03714,dropped_unverifiable,"Sec. 4(c) ... in accordance with Executive Order 13526 of December 29, 2009, ...",2026-09-04T12:55:34+00:00
13691,2015-03714,dropped_unverifiable,"Sec. 6(c) ... in accordance with Executive Order 13526 of December 29, 2009, shall be responsible for implementing and monitoring the National Industrial Security Program",2026-09-04T12:55:34+00:00
13691,2015-03714,dropped_unverifiable,"Sec. 6(d) ... Executive Order 12333 of December 8, 1981, as amended",2026-09-04T12:55:34+00:00
13691,2015-03714,dropped_unverifiable,"Sec. 6(g) ... substituting ``Executive Order 13526 of December 29, 2009, or any successor order,'' for ``Executive Order No. 12356 of April 2, 1982.''",2026-09-04T12:55:34+00:00
13691,2015-03714,dropped_unverifiable,"Sec. 6(h) ... substituting ``the Director of National Intelligence, and the Secretary of Homeland Security'' for ``and the Director of Central Intelligence.''",2026-09-04T12:55:34+00:00
13693,2015-07016,dropped_unverifiable,"the Chair of CEQ shall, in coordination with the Director of OMB, establish a Federal Interagency Sustainability Steering Committee (Steering Committee) that shall advise the Director of OMB and the Chair of CEQ",2026-09-04T12:56:36+00:00
13725,2016-09346,dropped_unverifiable,"Agencies shall use those authorities to promote competition, arm consumers and workers with the information they need to make informed choices, and eliminate regulations that restrict competition.",2026-09-04T13:01:35+00:00
13725,2016-09346,dropped_unverifiable,"Subsequently, agencies shall report semi- annually to the President, through the Director of the National Economic Council, on additional actions they plan to undertake to promote greater competition.",2026-09-04T13:01:35+00:00
13726,2016-09483,dropped_unverifiable,"I hereby expand the scope of the national emergency declared in Executive Order 13566 of February 25, 2011",2026-09-04T12:59:40+00:00
13742,2016-24847,dropped_unverifiable,"revoke that order, Executive Order 13651 of August 6, 2013",2026-09-04T13:01:29+00:00
13751,2016-29519,dropped_unverifiable,"""A National Invasive Species Council (Council) is hereby established.""",2026-09-04T13:05:16+00:00
13751,2016-29519,dropped_unverifiable,"""The Secretary of the Interior shall maintain the current Invasive Species Advisory Committee""",2026-09-04T13:05:16+00:00
13751,2016-29519,dropped_unverifiable,"""shall within 1 year of this order, and as requested by the Council thereafter, provide the Office of Science and Technology Policy and the Council a report on public health impacts associated with invasive species.""",2026-09-04T13:05:16+00:00
13751,2016-29519,dropped_unverifiable,"""By December 31, 2019, the Council shall publish a National Invasive Species Council Management Plan (Management Plan)""",2026-09-04T13:05:16+00:00
13751,2016-29519,dropped_unverifiable,"""publish an assessment by 2020 that identifies the most pressing scientific, technical, and programmatic coordination challenges""",2026-09-04T13:05:16+00:00
13751,2016-29519,dropped_unverifiable,"""Within 1 year of the date of this order, the Co‑Chairs of the Council shall, with consensus of its members, complete a charter""",2026-09-04T13:05:16+00:00
13751,2016-29519,dropped_unverifiable,"""shall provide the Council with annual information on actions taken that implement these duties""",2026-09-04T13:05:16+00:00
13753,2016-30272,dropped_unverifiable,"""Section 88 of Executive Order 13286 ... is amended by striking the text of such section in its entirety and inserting the following in lieu thereof:""",2026-09-04T13:02:44+00:00
13754,2016-30277,dropped_unverifiable,shall submit any proposed routing measures to the International Maritime Organization by 2018,2026-09-04T13:03:17+00:00
13798,2017-09574,dropped_unverifiable,All executive departments and agencies shall ... respect and protect the freedom of persons and organizations to engage in religious and political speech.,2026-09-04T13:06:01+00:00
13810,2017-20647,dropped_unverifiable,"pursuant to Executive Order 13687 of January 2, 2015",2026-09-04T13:09:44+00:00
13810,2017-20647,dropped_unverifiable,"pursuant to Executive Order 13722 of March 15, 2016",2026-09-04T13:09:44+00:00
13826,2018-05113,dropped_unverifiable,This order ... shall terminate 3 years after the date of this order.,2026-09-04T13:08:31+00:00
13827,2018-05916,dropped_unverifiable,"""any digital currency, digital coin, or digital token, that was issued by, for, or on behalf of the Government of Venezuela on or after January 9, 2018, are prohibited""",2026-09-04T13:08:54+00:00
13827,2018-05916,dropped_unverifiable,"""by the authority vested in me as President by the Constitution and the laws of the United States of America, including the International Emergency Economic Powers Act (50 U.S.C. 1701 et seq.) (IEEPA), the National Emergencies Act (50 U.S.C. 1601 et seq.), and section 301 of title 3, United States C",2026-09-04T13:08:54+00:00
13832,2018-10403,dropped_unverifiable,references EO 14100,2026-09-04T13:09:22+00:00
13833,2018-10855,dropped_unverifiable,"Consistent with 40 U.S.C. 11315(b), the CIO serves as the primary strategic advisor to the agency head concerning the use of IT",2026-09-04T13:09:35+00:00
13839,2018-11939,dropped_unverifiable,"Within a time following the adoption of any final rules, the OPM Director and the Chief Human Capital Officers Council shall undertake a Government-wide initiative",2026-09-04T13:10:34+00:00
13851,2018-26156,dropped_unverifiable,"Sec. 2 ... the entry of such persons into the United States, as immigrants or nonimmigrants, is hereby suspended, except where the Secretary of State determines that the person's entry is in the national interest of the United States.",2026-09-04T13:10:56+00:00
13851,2018-26156,dropped_unverifiable,"Sec. 9 ... the Secretary of the Treasury, in consultation with the Secretary of State, is hereby authorized to submit the recurring and final reports to the Congress on the national emergency declared in this order, consistent with section 401(c) of the NEA (50 U.S.C. 1641(c)) and section 204(c) of ",2026-09-04T13:10:56+00:00
13855,2019-00014,dropped_unverifiable,the Secretaries shall each implement the following policies in their respective departments,2026-09-04T13:11:26+00:00
13879,2019-15159,dropped_unverifiable,the Secretary shall: (b) produce a strategy for encouraging innovation in new therapies through the Kidney Innovation Accelerator (KidneyX),2026-09-04T13:14:22+00:00
13904,2020-02439,dropped_unverifiable,"USPS should collaborate with the Secretary of State to notify the international postal network, via circular or the functional equivalent, of the policy of the United States Government set forth in section 1 of this order.",2026-09-04T13:19:09+00:00
13904,2020-02439,dropped_unverifiable,The Secretary shall prioritize targeted inspection of imports into the United States from any international post that for two or more consecutive quarters is deemed a non‑compliant international post.,2026-09-04T13:19:09+00:00
13925,2020-12030,dropped_unverifiable,online platforms function in many ways as a 21st century equivalent of the public square,2026-09-04T13:20:06+00:00
13927,2020-12584,dropped_unverifiable,the heads of all agencies shall identify planned or potential actions to facilitate the Nation's economic recovery that may be subject to emergency treatment as alternative arrangements pursuant to CEQ's NEPA regulations,2026-09-04T13:23:39+00:00
13927,2020-12584,dropped_unverifiable,"the heads of all agencies shall identify planned or potential actions to facilitate the Nation's economic recovery that may be subject to the regulation on consultations in emergencies, see 50 C.F.R. 402.05, promulgated by the Secretary of the Interior and the Secretary of Commerce pursuant to the E",2026-09-04T13:23:39+00:00
13927,2020-12584,dropped_unverifiable,"the heads of all agencies shall review all statutes, regulations, and guidance documents that may provide for emergency or expedited treatment (including waivers, exemptions, or other streamlining) with regard to agency actions pertinent to infrastructure, energy, environmental, or natural resources",2026-09-04T13:23:39+00:00
13927,2020-12584,dropped_unverifiable,revoked_by EO 13990,2026-09-04T13:23:39+00:00
13953,2020-22064,dropped_unverifiable,"Sec. 3. ... consider whether the authority delegated at section 306 of Executive Order 13603 of March 16, 2012 (National Defense Resources Preparedness) can be used",2026-09-04T13:24:00+00:00
13957,2020-23780,dropped_unverifiable,"The Director shall ... adopt such regulations ... giving particular attention to 5 CFR, part 212, subpart D; 5 CFR, part 213, subparts A and C; and 5 CFR 302.101;",2026-09-04T13:25:12+00:00
13960,2020-27065,dropped_unverifiable,consistent with the goals of Executive Order 13859.,2026-09-04T13:23:59+00:00
13961,2020-27353,dropped_unverifiable,"Section 5. Amendment to PPD-40. To designate a new National Continuity Coordinator (NCC), ... the second sentence is hereby revised to read as follows:",2026-09-04T13:24:36+00:00
13964,2020-27740,dropped_unverifiable,revoked_by EO 14029,2026-09-04T13:24:24+00:00
13979,2021-01644,dropped_unverifiable,"the term “agency” has the meaning given that term in section 3(b) of Executive Order 12866 of September 30, 1993 (Regulatory Planning and Review), as amended, or any successor order",2026-09-04T13:25:12+00:00
13988,2021-01761,dropped_unverifiable,references EO 14091,2026-09-04T13:26:00+00:00
14004,2021-02034,dropped_unverifiable,"The Secretary of Defense shall: (ii) identify and examine the records of service members who have been involuntarily separated, discharged, or denied reenlistment … on the basis of gender identity;",2026-09-04T13:29:56+00:00
14004,2021-02034,dropped_unverifiable,The Secretary of Defense shall: (iii) issue guidance … regarding the correction of the military records of individuals described in subsection (b)(ii) …,2026-09-04T13:29:56+00:00
14004,2021-02034,dropped_unverifiable,The Secretary of Defense shall: (iv) direct the Secretaries of each military department to provide supplemental guidance … to the boards for the correction of military records …,2026-09-04T13:29:56+00:00
14004,2021-02034,dropped_unverifiable,The Secretary of Homeland Security … shall: (ii) identify and examine the records of service members … on the basis of gender identity;,2026-09-04T13:29:56+00:00
14004,2021-02034,dropped_unverifiable,The Secretary of Homeland Security … shall: (iii) issue guidance … regarding the correction of the military records of individuals described in subsection (c)(ii) …,2026-09-04T13:29:56+00:00
14004,2021-02034,dropped_unverifiable,The Secretary of Homeland Security … shall: (iv) provide supplemental guidance to the Board for Correction of Military Records of the Coast Guard …,2026-09-04T13:29:56+00:00
14008,2021-02177,dropped_unverifiable,"within ... 100 days of the date of this order, publish a report identifying the climate strategies and technologies that will result in the most air and water quality improvements",2026-09-04T13:27:53+00:00
14017,2021-04280,dropped_unverifiable,APNSA and the APEP shall coordinate the executive branch actions necessary to implement this order,2026-09-04T13:28:43+00:00
14019,2021-05087,dropped_unverifiable,The Steering Group shall produce a report within 1 year of the date of this order,2026-09-04T13:29:28+00:00
14028,2021-10460,dropped_unverifiable,references EO 14141,2026-09-04T13:29:33+00:00
14028,2021-10460,dropped_unverifiable,references EO 14144,2026-09-04T13:29:33+00:00
14032,2021-12019,dropped_unverifiable,All executive departments and agencies of the United States shall take all appropriate measures within their authority to carry out the provisions of this order,2026-09-04T13:29:39+00:00
14033,2021-12382,dropped_unverifiable,"I hereby expand the scope of the national emergency declared in Executive Order 13219 of June 26, 2001, as amended by Executive Order 13304",2026-09-04T13:30:06+00:00
14036,2021-15069,dropped_unverifiable,is encouraged to consider commencing or continuing a rulemaking under section 1033 of the Dodd-Frank Act,2026-09-04T13:30:26+00:00
14038,2021-17253,dropped_unverifiable,"I hereby expand the scope of the national emergency declared in Executive Order 13405 of June 16, 2006",2026-09-04T13:29:57+00:00
14042,2021-19924,dropped_unverifiable,"Executive departments and agencies ... shall, to the extent permitted by law, ensure that contracts ... include a clause ... that the contractor or subcontractor shall ... comply with all guidance ... published by the Safer Federal Workforce Task Force ... provided that the Director of the Office of",2026-09-04T13:30:40+00:00
14057,2021-27114,dropped_unverifiable,agencies shall annually divert from landfills at least 50 percent of non‑hazardous solid waste … by fiscal year 2025; and 75 percent by fiscal year 2030,2026-09-04T13:31:07+00:00
14058,2021-27380,dropped_unverifiable,The Secretary of Education shall: (ii) design and deliver a repayment portal capability on StudentAid.gov for Direct Loan borrowers.,2026-09-04T13:32:11+00:00
14058,2021-27380,dropped_unverifiable,"Executive Order 14091 of July 9, 2021 (Improving the Nation’s Cybersecurity)",2026-09-04T13:32:11+00:00
14066,2022-05232,dropped_unverifiable,"I hereby expand the scope of the national emergency declared in Executive Order 14024 of April 15, 2021",2026-09-04T13:33:06+00:00
14070,2022-07716,dropped_unverifiable,agencies ... shall review agency actions to identify ways to continue to expand the availability of affordable health coverage,2026-09-04T13:34:01+00:00
14072,2022-09138,dropped_unverifiable,shall ... submit a report to the National Climate Task Force to identify key opportunities for greater deployment of nature‑based solutions across the Federal Government,2026-09-04T13:35:55+00:00
14074,2022-11810,dropped_unverifiable,"The Attorney General shall, within 180 days of the date of this order, develop and publish a report on best practices to address law‑enforcement officer wellness",2026-09-04T13:34:20+00:00
14074,2022-11810,dropped_unverifiable,"The Attorney General shall, within 180 days of the date of this order, develop an evidence‑informed training module for law‑enforcement officers on implicit bias",2026-09-04T13:34:20+00:00
14074,2022-11810,dropped_unverifiable,"The Attorney General shall, within 180 days of the date of this order, request the National Academy of Sciences … to conduct a study of facial recognition technology",2026-09-04T13:34:20+00:00
14074,2022-11810,dropped_unverifiable,"The Attorney General shall, within 120 days of the date of this order, publish a report on the steps the DOJ has taken … to fully implement the Death in Custody Reporting Act of 2013",2026-09-04T13:34:20+00:00
14074,2022-11810,dropped_unverifiable,"The Attorney General shall, within 180 days of the date of this order, submit a report to the President … to ensure restrictive housing … is used rarely, applied fairly, and subject to reasonable constraints",2026-09-04T13:34:20+00:00
14074,2022-11810,dropped_unverifiable,"The Attorney General shall, within 180 days of the date of this order, submit a report to the President summarizing First Step Act implementation",2026-09-04T13:34:20+00:00
14074,2022-11810,dropped_unverifiable,"The Attorney General shall, within 120 days of the date of this order, review the status of LEAs transitioning … and shall submit a report to the President",2026-09-04T13:34:20+00:00
14076,2022-15138,dropped_unverifiable,Sec. 5(a) ... The Task Force shall work to identify and coordinate activities to protect and strengthen access to essential reproductive healthcare services.,2026-09-04T13:34:09+00:00
14080,2022-18840,dropped_unverifiable,references EO 14126,2026-09-04T13:34:27+00:00
14086,2022-22531,dropped_unverifiable,"The Director shall, in consultation with the Attorney General, the CLPO, and the PCLOB, update those policies and procedures as necessary to implement the privacy and civil liberties safeguards in this order",2026-09-04T13:35:39+00:00
14086,2022-22531,dropped_unverifiable,The Director must obtain from the Civil Liberties Protection Officer of the Office of the Director of National Intelligence (CLPO) an assessment,2026-09-04T13:35:39+00:00
14098,2023-09826,dropped_unverifiable,"Nothing in this order shall affect the continued effectiveness of any action taken pursuant to Executive Order 13761 of January 13, 2017 ... and Executive Order 13804 of July 11, 2017",2026-09-04T13:36:39+00:00
14103,2023-16570,dropped_unverifiable,Sec. 3. ... Part II of the Manual is amended as described in Annex 3,2026-09-04T13:37:23+00:00
14104,2023-16636,dropped_unverifiable,"the heads of agencies … shall ensure that the waiver process … is consistent … with Executive Order 14005 of January 25, 2021",2026-09-04T13:38:24+00:00
14134,2025-00595,dropped_unverifiable,Sec. 1. Order of Succession. (a) ... shall act as and perform the functions and duties of the office of Secretary of Agriculture,2026-09-04T13:39:33+00:00
14140,2025-00622,dropped_unverifiable,"the order is not intended to, and does not, create any right or benefit, substantive or procedural, enforceable at law or in equity",2026-09-04T13:40:14+00:00
14141,2025-01395,dropped_unverifiable,"the order references Executive Order 14028, Executive Order 14110, and Executive Order 14126",2026-09-04T13:40:39+00:00
14144,2025-01470,dropped_unverifiable,amends EO 13694,2026-09-04T13:41:38+00:00
14150,2025-01952,dropped_unverifiable,references EO 13985,2026-09-04T13:40:46+00:00
14166,2025-02087,dropped_unverifiable,"the Act ... regulates “foreign adversary controlled applications,” specifically those operated by TikTok and any other subsidiary of its China-based parent company, ByteDance Ltd., on national security grounds.",2026-09-04T13:41:57+00:00
14179,2025-02172,dropped_unverifiable,references EO 14365,2026-09-04T13:43:31+00:00
14181,2025-02174,dropped_unverifiable,references EO 14377,2026-09-04T13:44:22+00:00
14181,2025-02174,dropped_unverifiable,references EO 14378,2026-09-04T13:44:22+00:00
14184,2025-02180,dropped_unverifiable,shall take all necessary action ... to make reinstatement available to all members of the military (active and reserve) who were discharged solely for refusal to receive the COVID‑19 vaccine,2026-09-04T13:44:00+00:00
14186,2025-02182,dropped_unverifiable,references EO 14369,2026-09-04T13:43:42+00:00
14201,2025-02513,dropped_unverifiable,"All executive departments and agencies shall review grants to educational programs and, where appropriate, rescind funding to programs that fail to comply",2026-09-04T13:45:48+00:00
14201,2025-02513,dropped_unverifiable,The Secretary of State … shall rescind support for and participation in people‑to‑people sports exchanges,2026-09-04T13:45:48+00:00
14203,2025-02612,dropped_unverifiable,references Proc. 8693,2026-09-04T13:46:22+00:00
14203,2025-02612,dropped_unverifiable,"references Notice of January 20, 2026",2026-09-04T13:46:22+00:00
14210,2025-02762,dropped_unverifiable,"Sec. 3. (e) Developing Agency Reorganization Plans. Within 30 days of the date of this order, Agency Heads shall submit to the Director of the Office of Management and Budget a report that identifies any statutes that establish the agency, or subcomponents of the agency, as statutorily required enti",2026-09-04T13:46:50+00:00
14219,2025-03138,dropped_unverifiable,Agencies shall de‑prioritize enforcement of regulations that are based on anything other than the best reading of a statute,2026-09-04T13:47:32+00:00
14222,2025-03527,dropped_unverifiable,"Each Agency Head shall issue guidance, in consultation with the agency's DOGE Team Lead, to require that the relevant agency employee promptly submit a brief, written justification prior to that employee's approval of a payment under covered contracts and grants, subject to any exceptions the Agency",2026-09-04T13:47:40+00:00
14232,2025-03991,dropped_unverifiable,references EO 14289,2026-09-04T14:00:55+00:00
14246,2025-05519,dropped_unverifiable,shall ... require Government contractors to disclose any business they do with Jenner,2026-09-04T13:50:15+00:00
14247,2025-05522,dropped_unverifiable,"The Secretary of the Treasury … shall review and, as appropriate, revise procedures for granting limited exceptions where electronic payment … is not feasible",2026-09-04T13:51:04+00:00
14251,2025-05836,dropped_unverifiable,references EO 14343,2026-09-04T13:51:06+00:00
14253,2025-05838,dropped_unverifiable,references EO 14416,2026-09-04T13:51:24+00:00
14256,2025-06027,dropped_unverifiable,including the National Emergencies Act (50 U.S.C. 1601 et seq.),2026-09-04T13:56:07+00:00
14259,2025-06378,dropped_unverifiable,"duty‑free de minimis treatment ... is no longer available effective at 12:01 a.m. eastern daylight time on May 2, 2025.",2026-09-04T13:53:11+00:00
14262,2025-06381,dropped_unverifiable,"publish, along with any analysis it produces, on the Department of Energy's website within 90 days of the date of this order",2026-09-04T13:51:58+00:00
14266,2025-06462,dropped_unverifiable,"effective on or after 12:01 a.m. eastern daylight time on May 2, 2025",2026-09-04T13:52:47+00:00
14269,2025-06465,dropped_unverifiable,the order references Executive Order 14192 of January 31 2025 (Unleashing Prosperity Through Deregulation),2026-09-04T13:53:41+00:00
14269,2025-06465,dropped_unverifiable,the order references National Security Presidential Memorandum 1 of January 20 2025 (Organization of the National Security Council and Subcommittees),2026-09-04T13:53:41+00:00
14271,2025-06835,dropped_unverifiable,references EO 14369,2026-09-04T13:53:18+00:00
14272,2025-06836,dropped_unverifiable,Comments … shall be provided within 15 days of submission of the draft interim report …,2026-09-04T13:54:03+00:00
14273,2025-06837,dropped_unverifiable,"Within 60 days, the Secretary of Health and Human Services shall propose and seek comment on guidance for the Medicare Drug Price Negotiation Program",2026-09-04T13:55:45+00:00
14273,2025-06837,dropped_unverifiable,"Within 180 days, the Assistant to the President for Domestic Policy, in coordination with the Secretary, the OMB Director, and the Assistant to the President for Economic Policy, shall provide recommendations to the President on how best to stabilize and reduce Medicare Part D premiums",2026-09-04T13:55:45+00:00
14273,2025-06837,dropped_unverifiable,"Within 1 year, the Secretary shall develop and implement a rulemaking plan and select a payment model to improve Medicare value for high‑cost drugs",2026-09-04T13:55:45+00:00
14273,2025-06837,dropped_unverifiable,"Within 180 days, the Secretary shall publish a plan to conduct a survey to determine hospital acquisition costs for outpatient drugs",2026-09-04T13:55:45+00:00
14273,2025-06837,dropped_unverifiable,"Within 180 days, the OMB Director, the Assistant to the President for Domestic Policy, and the Assistant to the President for Economic Policy, in coordination with the Secretary, shall jointly provide recommendations on Medicaid drug rebates and innovation",2026-09-04T13:55:45+00:00
14273,2025-06837,dropped_unverifiable,"Within 90 days, the Secretary shall ensure future 340B grants are conditioned on health centers providing insulin and epinephrine at discounted prices to low‑income individuals",2026-09-04T13:55:45+00:00
14273,2025-06837,dropped_unverifiable,"Within 90 days, the Assistant to the President for Domestic Policy, in coordination with the Secretary, the OMB Director, and the Assistant to the President for Economic Policy, shall provide recommendations to promote a more competitive pharmaceutical value chain",2026-09-04T13:55:45+00:00
14273,2025-06837,dropped_unverifiable,"Within 180 days, the Secretary, through the Commissioner of Food and Drugs, shall issue a report with recommendations to accelerate approval of generics, biosimilars, and OTC reclassification",2026-09-04T13:55:45+00:00
14273,2025-06837,dropped_unverifiable,"Within 90 days, the Secretary, through the Commissioner of Food and Drugs, shall take steps to streamline the Importation Program for states",2026-09-04T13:55:45+00:00
14273,2025-06837,dropped_unverifiable,"Within 180 days, the Secretary shall evaluate and propose regulations to prevent Medicare payments from shifting care to costly hospital outpatient departments",2026-09-04T13:55:45+00:00
14273,2025-06837,dropped_unverifiable,"Within 180 days, the Secretary of Labor shall propose regulations to improve employer health‑plan fiduciary transparency of pharmacy benefit manager compensation",2026-09-04T13:55:45+00:00
14273,2025-06837,dropped_unverifiable,"Within 180 days, the Secretary or his designee shall conduct joint public listening sessions with DOJ, Commerce, and FTC and issue a report to reduce anti‑competitive behavior by drug manufacturers",2026-09-04T13:55:45+00:00
14280,2025-07377,dropped_unverifiable,references EO 14190,2026-09-04T13:54:46+00:00
14285,2025-07470,dropped_unverifiable,"provide a report ... that identifies: private sector interest and opportunities for seabed mineral resource exploration, mining, and environmental monitoring",2026-09-04T13:58:29+00:00
14299,2025-09796,dropped_unverifiable,"The Secretary of Energy shall, subject to the concurrence of the Secretary of State and after consultation with the Nuclear Regulatory Commission, the Department of Commerce, and the Department of Defense, shall approve or deny each technology transfer export authorization request within 30 days of ",2026-09-04T14:00:37+00:00
14302,2025-09801,dropped_unverifiable,"shall, no later than 30 days after any voluntary agreement is reached, shall publish such finding",2026-09-04T14:00:19+00:00
14302,2025-09801,dropped_unverifiable,"shall ... prioritize funding for qualified advanced nuclear technologies through grants, loans, investment capital",2026-09-04T14:00:19+00:00
14302,2025-09801,dropped_unverifiable,shall ... consider nuclear engineering and other nuclear energy-related careers as a priority area for investment,2026-09-04T14:00:19+00:00
14303,2025-09802,dropped_unverifiable,"agency heads shall promptly revoke any organizational or operational changes, designations, or documents that were issued or enacted pursuant to the Presidential Memorandum of January 27, 2021 (Restoring Trust in Government Through Scientific Integrity and Evidence‑Based Policymaking), which was rev",2026-09-04T13:59:15+00:00
14303,2025-09802,dropped_unverifiable,references EO 14154,2026-09-04T13:59:15+00:00
14307,2025-10814,dropped_unverifiable,the Secretary of Defense shall expand DIU's Blue UAS List to include all drones and critical drone components ... within 90 days,2026-09-04T14:00:14+00:00
14307,2025-10814,dropped_unverifiable,the Secretary of Defense shall submit a report to the President through the Assistant to the President for National Security Affairs describing any unnecessary barriers to accessing electromagnetic spectrum for conducting UAS training within 90 days,2026-09-04T14:00:14+00:00
14307,2025-10814,dropped_unverifiable,"the Covered Foreign Entity List, as defined in section 1822(1) of the National Defense Authorization Act for Fiscal Year 2024 (Public Law 118-31)",2026-09-04T14:00:14+00:00
14308,2025-11358,dropped_unverifiable,"shall identify, declassify, and make publicly available historical satellite datasets that will advance wildfire prevention and response and improve wildfire prediction and evaluation models",2026-09-04T14:01:04+00:00
14345,2025-17389,dropped_unverifiable,the baseline 15 percent tariff on nearly all Japanese imports entering the United States,2026-09-04T14:06:14+00:00
14349,2025-18479,dropped_unverifiable,references EO 14374,2026-09-04T14:06:09+00:00
14387,2026-03628,dropped_unverifiable,the authority of the President ... is delegated to the Secretary of Agriculture (Secretary) with respect to ensuring a continued and adequate supply of elemental phosphorus and glyphosate‑based herbicides.,2026-09-04T14:11:05+00:00
14394,2026-05388,dropped_unverifiable,shall ... review and revise ... shall consider eliminating ... shall take appropriate action ... shall provide guidance ... shall develop guidance ... shall develop and promulgate ... shall jointly evaluate ... shall also assess,2026-09-04T14:32:58+00:00
14400,2026-06961,dropped_unverifiable,references EO 14322,2026-09-04T14:33:16+00:00
14407,2026-11180,dropped_unverifiable,references EO 14420,2026-09-04T14:33:35+00:00
13312,03-19676,other_without_reason,instrument = 'other' with no reason given,2026-09-04T20:37:49+00:00
13768,2017-02102,other_without_reason,instrument = 'other' with no reason given,2026-09-04T20:37:49+00:00
13870,2019-09750,other_without_reason,instrument = 'other' with no reason given,2026-09-04T20:37:49+00:00
14405,2026-10399,other_without_reason,instrument = 'other' with no reason given,2026-09-04T20:37:49+00:00
12898,94-3685,relationship,FR says amends EO 12250; model says references,2026-09-04T20:37:49+00:00
12917,94-12880,relationship,FR says revokes EO 12779; model says references,2026-09-04T20:37:49+00:00
12959,95-11694,relationship,FR says revokes EO 12613; model says supersedes,2026-09-04T20:37:49+00:00
12959,95-11694,relationship,FR says revokes EO 12957; model says supersedes,2026-09-04T20:37:49+00:00
12990,96-5263,relationship,FR says amends EO 12984; model says supersedes,2026-09-04T20:37:49+00:00
12995,96-7773,relationship,FR says amends EO 12873; model says revokes,2026-09-04T20:37:49+00:00
12995,96-7773,relationship,FR says amends EO 12873; model says revokes,2026-09-04T20:37:49+00:00
12998,96-9033,relationship,FR says amends EO 11880; model says revokes,2026-09-04T20:37:49+00:00
13013,96-20531,relationship,FR says amends EO 10163; model says revokes,2026-09-04T20:37:49+00:00
13023,96-28938,relationship,FR says amends EO 12992; model says references,2026-09-04T20:37:49+00:00
13024,96-29109,relationship,FR says amends EO 12015; model says references,2026-09-04T20:37:49+00:00
13059,97-22482,relationship,FR says revokes EO 12613; model says continues,2026-09-04T20:37:49+00:00
13059,97-22482,relationship,FR says revokes EO 12613; model says continues,2026-09-04T20:37:49+00:00
13059,97-22482,relationship,FR says revokes EO 12957; model says continues,2026-09-04T20:37:49+00:00
13059,97-22482,relationship,FR says revokes EO 12957; model says continues,2026-09-04T20:37:49+00:00
13059,97-22482,relationship,FR says revokes EO 12959; model says continues,2026-09-04T20:37:49+00:00
13059,97-22482,relationship,FR says revokes EO 12959; model says continues,2026-09-04T20:37:49+00:00
13099,98-22940,relationship,FR says amends EO 12947; model says references,2026-09-04T20:37:49+00:00
13118,99-8547,relationship,FR says amends EO 12163; model says revokes,2026-09-04T20:37:49+00:00
13118,99-8547,relationship,FR says amends EO 12163; model says revokes,2026-09-04T20:37:49+00:00
13118,99-8547,relationship,FR says amends EO 12163; model says revokes,2026-09-04T20:37:49+00:00
13118,99-8547,relationship,FR says amends EO 12163; model says revokes,2026-09-04T20:37:49+00:00
13192,01-2138,relationship,FR says amends EO 13088; model says revokes,2026-09-04T20:37:49+00:00
13192,01-2138,relationship,FR says amends EO 13088; model says revokes,2026-09-04T20:37:49+00:00
13192,01-2138,relationship,FR says amends EO 13088; model says revokes,2026-09-04T20:37:49+00:00
13213,01-13381,relationship,FR says amends EO 13194; model says references,2026-09-04T20:37:49+00:00
13284,03-2069,relationship,FR says amends EO 12333; model says references,2026-09-04T20:37:49+00:00
13286,03-5343,relationship,FR says amends EO 13260; model says revokes,2026-09-04T20:37:49+00:00
13286,03-5343,relationship,FR says revokes EO 13260; model says amends,2026-09-04T20:37:49+00:00
13304,03-13694,relationship,FR says amends EO 13219; model says revokes,2026-09-04T20:37:49+00:00
13304,03-13694,relationship,FR says amends EO 13219; model says revokes,2026-09-04T20:37:49+00:00
13310,03-19573,relationship,FR says amends EO 13047; model says revokes,2026-09-04T20:37:49+00:00
13385,05-19993,relationship,FR says continues EO 13231; model says amends,2026-09-04T20:37:49+00:00
13391,05-23412,relationship,FR says amends EO 13288; model says references,2026-09-04T20:37:49+00:00
13391,05-23412,relationship,FR says amends EO 13288; model says references,2026-09-04T20:37:49+00:00
13391,05-23412,relationship,FR says supersedes EO 13288; model says references,2026-09-04T20:37:49+00:00
13391,05-23412,relationship,FR says supersedes EO 13288; model says amends,2026-09-04T20:37:49+00:00
13391,05-23412,relationship,FR says supersedes EO 13288; model says references,2026-09-04T20:37:49+00:00
13462,08-970,relationship,FR says revokes EO 12863; model says continues,2026-09-04T20:37:49+00:00
13462,08-970,relationship,FR says revokes EO 12863; model says continues,2026-09-04T20:37:49+00:00
13462,08-970,relationship,FR says revokes EO 12863; model says continues,2026-09-04T20:37:49+00:00
13467,08-1409,relationship,FR says amends EO 12968; model says references,2026-09-04T20:37:49+00:00
13467,08-1409,relationship,FR says revokes EO 13381; model says continues,2026-09-04T20:37:49+00:00
13470,E8-17940,relationship,FR says amends EO 12333; model says revokes,2026-09-04T20:37:49+00:00
13470,E8-17940,relationship,FR says revokes EO 12333; model says amends,2026-09-04T20:37:49+00:00
13709,2015-25744,relationship,FR says amends EO 10431; model says supersedes,2026-09-04T20:37:49+00:00
13743,2016-25288,relationship,FR says amends EO 12353; model says continues,2026-09-04T20:37:49+00:00
13770,2017-02450,relationship,FR says supersedes EO 13490; model says revokes,2026-09-04T20:37:49+00:00
13804,2017-14992,relationship,FR says amends EO 13761; model says revokes,2026-09-04T20:37:49+00:00
13844,2018-15299,relationship,FR says revokes EO 13519; model says references,2026-09-04T20:37:49+00:00
13846,2018-17068,relationship,FR says supersedes EO 13628; model says revokes,2026-09-04T20:37:49+00:00
13846,2018-17068,relationship,FR says supersedes EO 13628; model says continues,2026-09-04T20:37:49+00:00
13846,2018-17068,relationship,FR says supersedes EO 13716; model says revokes,2026-09-04T20:37:49+00:00
13862,2019-04595,relationship,FR says amends EO 13732; model says revokes,2026-09-04T20:37:49+00:00
13881,2019-15449,relationship,FR says revokes EO 10582; model says supersedes,2026-09-04T20:37:49+00:00
13897,2019-24288,relationship,FR says revokes EO 13495; model says references,2026-09-04T20:37:49+00:00
13906,2020-03556,relationship,FR says amends EO 13803; model says revokes,2026-09-04T20:37:49+00:00
14050,2021-23224,relationship,FR says supersedes EO 13621; model says revokes,2026-09-04T20:37:49+00:00
14090,2022-28474,relationship,FR says supersedes EO 14061; model says revokes,2026-09-04T20:37:49+00:00
14135,2025-00603,relationship,FR says amends EO 13286; model says revokes,2026-09-04T20:37:49+00:00
14146,2025-01759,relationship,FR says revokes EO 13961; model says amends,2026-09-04T20:37:49+00:00
14261,2025-06380,relationship,FR says amends EO 14241; model says references,2026-09-04T20:37:49+00:00
14354,2025-19485,relationship,FR says continues EO 14109; model says supersedes,2026-09-04T20:37:49+00:00
12892,94-1532,ungrounded_agencies_tasked,The Secretary of Housing and Urban Development shall be authorized to request from any executive agency such information and assistance,2026-09-04T20:37:49+00:00
12905,94-7635,ungrounded_agencies_tasked,There is established in the Office of the United States Trade Representative (``Trade Representative'' the ``Trade and Environment Policy Advisory Committee'' (``Committee'')),2026-09-04T20:37:49+00:00
12906,94-9117,ungrounded_agencies_tasked,"Beginning 9 months from the date of this order, each agency shall document all new geospatial data it collects or produces, either directly or indirectly, using the standard under development by the FGDC.",2026-09-04T20:37:49+00:00
12906,94-9117,ungrounded_agencies_tasked,"Within 1 year of the date of this order, each agency shall adopt a plan, in consultation with the FGDC, establishing procedures to make geospatial data available to the public, to the extent permitted by law, current policies, and relevant OMB circulars.",2026-09-04T20:37:49+00:00
12918,94-13391,ungrounded_agencies_tasked,"The sale or supply to Rwanda ... of arms and related materiel of all types, including weapons and ammunition, military vehicles and equipment, and spare parts, irrespective of origin.",2026-09-04T20:37:49+00:00
12926,94-22969,ungrounded_agencies_tasked,The Secretary of Defense is directed to work with the appropriate State elections authorities in each State to develop procedures for persons to register to vote at Armed Forces recruitment offices,2026-09-04T20:37:49+00:00
12928,94-23453,ungrounded_agencies_tasked,"Director of the OSDBU “be responsible only to, and report directly to, the head of such agency”",2026-09-04T20:37:49+00:00
12963,95-14983,ungrounded_agencies_tasked,"any functions of the President under the Federal Advisory Committee Act that are applicable to the Advisory Council, except that of reporting annually to the Congress, shall be performed by the Department of Health and Human Services.",2026-09-04T20:37:49+00:00
12963,95-14983,ungrounded_agencies_tasked,"This order is intended only to improve the internal management of the executive branch, and it is not intended to create any right, benefit, or trust responsibility, substantive or procedural, enforceable at law or equity by a party against the United States, its agencies, its officers, or any perso",2026-09-04T20:37:49+00:00
12983,95-31437,ungrounded_agencies_tasked,"Members of the Council shall serve without compensation for their work on the Council, but may be allowed travel expenses, including per diem in lieu of subsistence, as authorized by law.",2026-09-04T20:37:49+00:00
12989,96-3646,ungrounded_agencies_tasked,contracting agencies should not contract with employers that have not complied with section 274A(a)(1)(A) and 274A(a)(2) of the Immigration and Nationality Act (the “INA employment provisions”),2026-09-04T20:37:49+00:00
13007,96-13597,ungrounded_agencies_tasked,accommodate access to and ceremonial use of Indian sacred sites ... and avoid adversely affecting the physical integrity of such sacred sites,2026-09-04T20:37:49+00:00
13021,96-27352,ungrounded_agencies_tasked,The Board shall meet at least annually to provide advice and consultation on tribal colleges and relevant Federal and private sector activities.,2026-09-04T20:37:49+00:00
13076,98-5119,ungrounded_agencies_tasked,"I hereby authorize the Secretary of Defense, and the Secretary of Transportation ... to order to active duty any units, and any individual members of the Selected Reserve.",2026-09-04T20:37:49+00:00
13076,98-5119,ungrounded_agencies_tasked,"I hereby authorize the Secretary of Defense, and the Secretary of Transportation ... to order to active duty any units, and any individual members of the Selected Reserve.",2026-09-04T20:37:49+00:00
13096,98-21643,ungrounded_agencies_tasked,The Department of the Interior shall provide appropriate administrative services and staff support to the Task Force.,2026-09-04T20:37:49+00:00
13115,99-7999,ungrounded_agencies_tasked,The Secretary of Transportation shall select from among Task Force members a Chair and Vice Chair for the Task Force.,2026-09-04T20:37:49+00:00
13123,99-14633,ungrounded_agencies_tasked,"Within 120 days of this order, the Director of OMB shall: develop and issue guidance to agency budget officers on preparation of annual funding requests associated with the implementation of the order for the FY 2001 budget",2026-09-04T20:37:49+00:00
13123,99-14633,ungrounded_agencies_tasked,"Within 180 days of this order, the Secretary of Energy, in collaboration with other agency heads, shall: issue guidelines to assist agencies in measuring energy per square foot, per unit of production, or other applicable unit in industrial, laboratory, research, and other energy‑intensive facilitie",2026-09-04T20:37:49+00:00
13123,99-14633,ungrounded_agencies_tasked,"Within 1 year of this order, the Secretary of Energy, in collaboration with other agency heads, shall: provide guidance for counting renewable and highly efficient energy projects and purchases of electricity from renewable and highly efficient energy sources toward agencies' progress",2026-09-04T20:37:49+00:00
13128,99-16634,ungrounded_agencies_tasked,"The Departments of State, Defense, Commerce, and Energy, and other agencies, as appropriate, are authorized to carry out, consistent with the Act and in accordance with subsequent directives, appropriate functions that are not otherwise assigned in the Act and are necessary to implement the provisio",2026-09-04T20:37:49+00:00
13139,99-26078,ungrounded_agencies_tasked,The Commissioner shall expeditiously review the waiver request and certify to the Assistant to the President for National Security Affairs (APNSA) and the Assistant to the President for Science and Technology (APST) whether the standards and criteria ... have been adequately addressed.,2026-09-04T20:37:49+00:00
13139,99-26078,ungrounded_agencies_tasked,The DoD shall provide ongoing training and health risk communication on the requirements of using an investigational drug ... to all military personnel.,2026-09-04T20:37:49+00:00
13139,99-26078,ungrounded_agencies_tasked,the DoD offices responsible for implementing the waiver ... will conduct an ongoing review and monitoring to assess adherence to the standards and criteria.,2026-09-04T20:37:49+00:00
13181,00-33004,ungrounded_agencies_tasked,"On an annual basis, the Department of Justice, in consultation with the Department of Health and Human Services, shall provide to the President ... a report",2026-09-04T20:37:49+00:00
13191,01-2014,ungrounded_agencies_tasked,"The Committee, after consultation with the Commissioner, is authorized to exercise the authority vested in the President under section 112(b)(6) of the AGOA ... to consult with beneficiary sub‑Saharan African countries and to determine which ... textile and apparel goods shall be treated as being ha",2026-09-04T20:37:49+00:00
13230,01-26339,ungrounded_agencies_tasked,"Executive branch departments and agencies, to the extent permitted by law and practicable, shall provide any appropriate information requested by the Commission or the staff of the Initiative.",2026-09-04T20:37:49+00:00
13287,03-05344,ungrounded_agencies_tasked,"No later than June 30, 2003, the head of each agency shall designate a senior policy level official to have policy oversight responsibility for the agency's historic preservation program and notify the Council and the Secretary.",2026-09-04T20:37:49+00:00
13303,03-13412,ungrounded_agencies_tasked,"the Development Fund for Iraq, and all Iraqi petroleum and petroleum products, and interests therein",2026-09-04T20:37:49+00:00
13313,03-20013,ungrounded_agencies_tasked,"The Secretary of State shall submit the following reports: 2. Report on Bosnia and U.S. Forces in NATO‑Led Stabilization Force (SFOR), consistent with section 7(b) of Public Law 105-174 and section 1203(a) of Public Law 105-261;",2026-09-04T20:37:49+00:00
13313,03-20013,ungrounded_agencies_tasked,"The Secretary of Commerce shall submit the Report on the National Emergency Caused by the Lapse of the Export Administration Act of 1979, Executive Order 13222, consistent with section 401(c) of the National Emergencies Act, 50 U.S.C. 1641(c), and section 204(c) of the International Emergency Econom",2026-09-04T20:37:49+00:00
13330,04-4451,ungrounded_agencies_tasked,"There is hereby established, within the Department of Transportation for administrative purposes, the “Interagency Transportation Coordinating Council on Access and Mobility”.",2026-09-04T20:37:49+00:00
13365,04-27076,ungrounded_agencies_tasked,"""The Department of Defense Joint Service Committee (JSC) on Military Justice reviews the Manual for Courts-Martial and proposes amendments to the Department of Defense for consideration by the President on an annual basis.""",2026-09-04T20:37:49+00:00
13397,06-2362,ungrounded_agencies_tasked,The Secretary shall consult with the Director of the White House Office of Faith- Based and Community Initiatives (WHOFBCI Director) prior to making such appointment.,2026-09-04T20:37:49+00:00
13410,06-7220,ungrounded_agencies_tasked,"Each agency shall make available (or provide for the availability) to the beneficiaries or enrollees … the prices that it, its health insurance issuers, or its health insurance plans pay for procedures to providers in the health care program.",2026-09-04T20:37:49+00:00
13419,06-9895,ungrounded_agencies_tasked,"review the funding and activities of the Federal Government relating to aeronautics R&D; recommend to the President, the Director of the Office of Management and Budget, and the heads of executive departments and agencies, as appropriate, such actions ...",2026-09-04T20:37:49+00:00
13423,07-374,ungrounded_agencies_tasked,within 30 days after the date of this order designate a senior civilian officer ... to be responsible for implementation of this order within the agency,2026-09-04T20:37:49+00:00
13423,07-374,ungrounded_agencies_tasked,"not later than January 1 of each year through and including 2010, the Secretary of Defense shall submit ... a report",2026-09-04T20:37:49+00:00
13443,07-4115,ungrounded_agencies_tasked,"Establish short and long term goals, in cooperation with State and tribal governments, to foster healthy and productive populations of game species and appropriate opportunities for the public to hunt those species;",2026-09-04T20:37:49+00:00
13465,08-1348,ungrounded_agencies_tasked,"shall administer and enforce this order; and may, after consultation to the extent appropriate with the Secretary of Defense, the Secretary of Labor, the Administrator of General Services, the Administrator of the National Aeronautics and Space Administration, the Administrator for Federal Procureme",2026-09-04T20:37:49+00:00
13472,E8-21651,ungrounded_agencies_tasked,"provide a copy of its order of succession to the Counsel to the President, the Assistant to the President for Homeland Security and Counterterrorism, and the Director of OMB",2026-09-04T20:37:49+00:00
13486,E9-818,ungrounded_agencies_tasked,"The Working Group shall consist exclusively of the following members: the Secretary of State; the Secretary of Defense, who shall be a Co‑Chair… the Attorney General; the Secretary of Agriculture; the Secretary of Commerce; the Secretary of Health and Human Services, who shall be a Co‑Chair… the Sec",2026-09-04T20:37:49+00:00
13502,E9-3113,ungrounded_agencies_tasked,"Within 120 days of the date of this order, the Federal Acquisition Regulatory Council (FAR Council) shall take whatever action is required to amend the Federal Acquisition Regulation",2026-09-04T20:37:49+00:00
13502,E9-3113,ungrounded_agencies_tasked,"shall provide the President within 180 days of this order, recommendations about whether broader use of project labor agreements would help promote economical, efficient, and timely completion of projects",2026-09-04T20:37:49+00:00
13515,E9-25268,ungrounded_agencies_tasked,"Members of the Commission shall serve without compensation, but shall be allowed travel expenses, including per diem in lieu of subsistence, as authorized by law.",2026-09-04T20:37:49+00:00
13516,E9-26408,ungrounded_agencies_tasked,(c) forward to the Attorney General information concerning intelligence activities that involve possible violations of Federal criminal laws or otherwise implicate the authority of the Attorney General;',2026-09-04T20:37:49+00:00
13618,2012-17022,ungrounded_agencies_tasked,"The Secretary of Homeland Security shall establish an Executive Committee Joint Program Office (JPO) to provide full‑time, expert, and administrative support for the Executive Committee's performance of its responsibilities.",2026-09-04T20:37:49+00:00
13622,2012-19055,ungrounded_agencies_tasked,"The Secretary of State, in consultation with the Secretary of Treasury, ... is hereby authorized to impose on a person the sanctions described",2026-09-04T20:37:49+00:00
13624,2012-22030,ungrounded_agencies_tasked,"The Departments of Energy, Commerce, and Agriculture, and the Environmental Protection Agency, shall coordinate policies to encourage investment in industrial efficiency",2026-09-04T20:37:49+00:00
13625,2012-22062,ungrounded_agencies_tasked,"The Departments of Veterans Affairs and Defense shall jointly develop and implement a national suicide prevention campaign … This 12‑month campaign, which shall begin on September 1, 2012",2026-09-04T20:37:49+00:00
13627,2012-24374,ungrounded_agencies_tasked,"Not later than 1 year after the date of this order, the member agencies of the President's Interagency Task Force to Monitor and Combat Trafficking in Persons (PITF) ... shall jointly establish a process for evaluating and identifying ... industries or sectors ... with a history ... of trafficking‑r",2026-09-04T20:37:49+00:00
13627,2012-24374,ungrounded_agencies_tasked,"The Administrator for Federal Procurement Policy shall: (1) in consultation with appropriate management councils, provide guidance to agencies on developing appropriate internal procedures and controls for awarding and administering Federal contracts to improve monitoring of and compliance with acti",2026-09-04T20:37:49+00:00
13636,2013-03915,ungrounded_agencies_tasked,"within 90 days of publication of the final Framework, agencies ... shall propose prioritized, risk‑based, efficient, and coordinated actions ... to mitigate cyber risk",2026-09-04T20:37:49+00:00
13673,2014-18561,ungrounded_agencies_tasked,the Director of the Office of Management and Budget shall work with the Administrator of General Services to include in the Federal Awardee Performance and Integrity Information System information provided by contractors,2026-09-04T20:37:49+00:00
13703,2015-19209,ungrounded_agencies_tasked,"Within 100 days of the date of this order, the Secretary of State shall submit to ONAP and OMB recommendations for improving the Government-wide response to the domestic HIV/AIDS epidemic.",2026-09-04T20:37:49+00:00
13703,2015-19209,ungrounded_agencies_tasked,"Within 100 days of the date of this order, the Chair of the Commission shall submit to ONAP and OMB recommendations for increasing employment opportunities for people living with HIV.",2026-09-04T20:37:49+00:00
13703,2015-19209,ungrounded_agencies_tasked,The Director of ONAP shall annually report to the President on the implementation of the Updated Strategy.,2026-09-04T20:37:49+00:00
13706,2015-22998,ungrounded_agencies_tasked,"Paid sick leave earned under this order may be used by an employee for an absence resulting from: (i) physical or mental illness, injury, or medical condition; (ii) obtaining diagnosis, care, or preventive care from a health care provider; (iii) caring for a child, a parent, a spouse, a domestic par",2026-09-04T20:37:49+00:00
13707,2015-23630,ungrounded_agencies_tasked,"Executive departments and agencies (agencies) are encouraged to: (i) identify policies, programs, and operations where applying behavioral science insights may yield substantial improvements in welfare, program outcomes, and program cost effectiveness;",2026-09-04T20:37:49+00:00
13725,2016-09346,ungrounded_agencies_tasked,"Not later than 30 days from the date of this order, agencies shall submit to the Director of the National Economic Council an initial list of actions.",2026-09-04T20:37:49+00:00
13725,2016-09346,ungrounded_agencies_tasked,"Not later than 60 days from the date of this order, agencies shall report to the President, through the Director of the National Economic Council, recommendations on agency-specific actions.",2026-09-04T20:37:49+00:00
13725,2016-09346,ungrounded_agencies_tasked,"This order is not intended to, and does not, create any right or benefit, substantive or procedural, enforceable at law by any party against the United States.",2026-09-04T20:37:49+00:00
13733,2016-17945,ungrounded_agencies_tasked,"The functions of the President under section 915(d) of the Act are assigned to the Administrator of the United States Agency for International Development, in consultation with the Secretary of State and the United States Trade Representative.",2026-09-04T20:37:49+00:00
13767,2017-02095,ungrounded_agencies_tasked,"the Secretary, within 90 days of the date of this order, shall submit to the President a report on the progress of the directives contained in this order",2026-09-04T20:37:49+00:00
13788,2017-08311,ungrounded_agencies_tasked,"Within 150 days of the date of this order, the heads of all agencies shall: assess the monitoring of, enforcement of, implementation of, and compliance with Buy American Laws within their agencies;",2026-09-04T20:37:49+00:00
13793,2017-08990,ungrounded_agencies_tasked,"Within 45 days of the date of this order, the Secretary shall establish in the VA the Office of Accountability and Whistleblower Protection",2026-09-04T20:37:49+00:00
13796,2017-09156,ungrounded_agencies_tasked,The Secretary of Commerce and the United States Trade Representative (USTR) shall conduct comprehensive performance reviews of:,2026-09-04T20:37:49+00:00
13798,2017-09574,ungrounded_agencies_tasked,"The Secretary of the Treasury, the Secretary of Labor, and the Secretary of Health and Human Services shall consider issuing amended regulations ... to address conscience-based objections to the preventive-care mandate.",2026-09-04T20:37:49+00:00
13800,2017-10004,ungrounded_agencies_tasked,"within 60 days of receipt of the agency risk management reports outlined in subsection (c)(ii) of this section, shall submit to the President ... the determination; and a plan to:",2026-09-04T20:37:49+00:00
13800,2017-10004,ungrounded_agencies_tasked,"provide a report to the President ... within 180 days of the date of this order, that includes the authorities and capabilities identified pursuant to subsection (b)(i) of this section; the results of the engagement ...; and findings and recommendations.",2026-09-04T20:37:49+00:00
13800,2017-10004,ungrounded_agencies_tasked,"shall provide a report to the President, through the Assistant to the President for National Security Affairs and the Assistant to the President for Homeland Security and Counterterrorism, on cybersecurity risks facing the defense industrial base ... within 90 days of the date of this order.",2026-09-04T20:37:49+00:00
13800,2017-10004,ungrounded_agencies_tasked,"shall jointly submit a report to the President, through the Assistant to the President for National Security Affairs and the Assistant to the President for Homeland Security and Counterterrorism, on the Nation's strategic options for deterring adversaries and better protecting the American people fr",2026-09-04T20:37:49+00:00
13800,2017-10004,ungrounded_agencies_tasked,"shall submit reports to the President ... within 45 days of the date of this order, on their international cybersecurity priorities.",2026-09-04T20:37:49+00:00
13800,2017-10004,ungrounded_agencies_tasked,"shall provide a report to the President, through the Assistant to the President for Homeland Security and Counterterrorism, documenting an engagement strategy for international cooperation in cybersecurity ... within 90 days of the submission of the reports.",2026-09-04T20:37:49+00:00
13815,2017-23630,ungrounded_agencies_tasked,the Secretary of State and the Secretary of Homeland Security shall continue to assess and address any risks ...,2026-09-04T20:37:49+00:00
13815,2017-23630,ungrounded_agencies_tasked,the Secretary of State and the Secretary of Homeland Security shall continue to assess and address any risks ...,2026-09-04T20:37:49+00:00
13821,2018-00553,ungrounded_agencies_tasked,"Ninety days after the date of this order, and on a quarterly basis thereafter, the Administrator shall prepare and provide to the Director of the Office of Management and Budget an aggregated summary report",2026-09-04T20:37:49+00:00
13838,2018-11936,ungrounded_agencies_tasked,Agencies shall modify existing authorizations and solicitations for contracts or contract‑like instruments ... by removing clauses requiring compliance with Executive Order 13658 as soon as practicable and consistent with applicable law.,2026-09-04T20:37:49+00:00
13838,2018-11936,ungrounded_agencies_tasked,"Nothing in this order shall be construed to impair or otherwise affect the authority granted by law to an executive department or agency, or the functions of the Director of the Office of Management and Budget.",2026-09-04T20:37:49+00:00
13838,2018-11936,ungrounded_agencies_tasked,"This order is not intended to, and does not, create any right or benefit, substantive or procedural, enforceable at law or in equity by any party.",2026-09-04T20:37:49+00:00
13839,2018-11939,ungrounded_agencies_tasked,"Within 15 months of the adoption of any final rules, the OPM Director shall submit to the President a report",2026-09-04T20:37:49+00:00
13858,2019-01426,ungrounded_agencies_tasked,"Within 90 days of the date of this order, the head of each executive department and agency (agency) administering a covered program shall encourage recipients of new Federal financial assistance awards to use iron and aluminum as well as steel, cement, and other manufactured products produced in the",2026-09-04T20:37:49+00:00
13858,2019-01426,ungrounded_agencies_tasked,"Within 120 days of the date of this order, the head of each agency administering a covered program shall identify in a report to the President any tools, techniques, terms, or conditions that could be used to maximize the use of iron and aluminum as well as steel, cement, and other manufactured prod",2026-09-04T20:37:49+00:00
13864,2019-05934,ungrounded_agencies_tasked,expand and update annually the College Scorecard ... with program-level data ... estimated median earnings; median Stafford loan debt; student loan default rate and repayment rate,2026-09-04T20:37:49+00:00
13864,2019-05934,ungrounded_agencies_tasked,expand and update annually the College Scorecard ... with institution-level data ... student loan default rate and repayment rate; Graduate PLUS default rate and repayment rate; Parent PLUS default rate and repayment rate,2026-09-04T20:37:49+00:00
13864,2019-05934,ungrounded_agencies_tasked,"Based on that information, the Secretary shall publish a compilation of research results that addresses: (i) how some States and institutions have better facilitated successful transfer of credits and degree completion by transfer students; (ii) how States and institutions can increase access to dua",2026-09-04T20:37:49+00:00
13865,2019-06325,ungrounded_agencies_tasked,"The Secretary of Homeland Security shall: (vii) in coordination with the Secretaries of Defense and Energy, and informed by intelligence‑based threat assessments, develop quadrennial risk assessments on EMPs, with the first risk assessment delivered within 1 year of the date of this order.",2026-09-04T20:37:49+00:00
13873,2019-10538,ungrounded_agencies_tasked,The Secretary of Homeland Security shall produce a written assessment within 80 days of the date of this order,2026-09-04T20:37:49+00:00
13875,2019-13175,ungrounded_agencies_tasked,"The head of each agency shall submit to the Director on or before August 1, 2019: a recommendation ... and a detailed plan",2026-09-04T20:37:49+00:00
13904,2020-02439,ungrounded_agencies_tasked,"The Secretary of Homeland Security, through the Commissioner of CBP, shall consider appropriate measures, consistent with applicable law, to ensure that express consignment operators, carriers, hub facilities, and licensed customs brokers cease to facilitate business activity that requires an import",2026-09-04T20:37:49+00:00
13909,2020-06161,ungrounded_agencies_tasked,the Secretary of Health and Human Services for all health and medical resources needed to respond to the spread of COVID-19,2026-09-04T20:37:49+00:00
13921,2020-10315,ungrounded_agencies_tasked,"Within 90 days of the date of this order, the Secretary of Commerce, acting through the Administrator of NOAA, shall issue ... a notice of proposed rulemaking",2026-09-04T20:37:49+00:00
13921,2020-10315,ungrounded_agencies_tasked,"Within 90 days of the date of this order, the Secretary of the Army ... shall develop and propose for public comment ... a proposed United States Army Corps of Engineers nationwide permit authorizing finfish aquaculture activities",2026-09-04T20:37:49+00:00
13923,2020-10993,ungrounded_agencies_tasked,The Forced Labor Enforcement Task Force (Task Force) is hereby established to monitor United States enforcement of the prohibition under section 307 of the Tariff Act of 1930.,2026-09-04T20:37:49+00:00
13926,2020-12430,ungrounded_agencies_tasked,"The Secretary and the Secretary of the Treasury shall, in consultation with the Assistant to the President for National Security Affairs, develop recommendations to prioritize the appropriate use of economic tools to advance international religious freedom",2026-09-04T20:37:49+00:00
13927,2020-12584,ungrounded_agencies_tasked,"the heads of all agencies, including the Secretary of the Army, acting through the Assistant Secretary of the Army for Civil Works, shall identify planned or potential actions to facilitate the Nation's economic recovery that may be subject to emergency treatment pursuant to the regulations and nati",2026-09-04T20:37:49+00:00
13929,2020-13449,ungrounded_agencies_tasked,"Within 90 days of the date of this order, the Secretary of Health and Human Services shall summarize the results of this survey in a report to the President, through the Assistant to the President for Domestic Policy and the Director of the Office of Management and Budget.",2026-09-04T20:37:49+00:00
13930,2020-14077,ungrounded_agencies_tasked,"Within 3 years of the date of this order, the Secretary shall develop data analysis methods to report on the experience of children entering care in sibling groups, and the extent to which they are placed together.",2026-09-04T20:37:49+00:00
13930,2020-14077,ungrounded_agencies_tasked,"Within 2 years of the date of this order, the Secretary shall develop a more rigorous and systematic approach to collecting State administrative data as part of the Child and Family Services Review required by section 1123A of the Social Security Act.",2026-09-04T20:37:49+00:00
13930,2020-14077,ungrounded_agencies_tasked,"Within 6 months of the date of this order, the Secretary shall provide guidance to States regarding flexibility in the use of Federal funds to support and encourage high‑quality legal representation for parents and children.",2026-09-04T20:37:49+00:00
13930,2020-14077,ungrounded_agencies_tasked,"Within 18 months of the date of this order, the Secretary shall collect States' individual standards for conducting risk and safety assessments required under section 106(b)(2)(B)(iv) of the Child Abuse Prevention and Treatment Act.",2026-09-04T20:37:49+00:00
13950,2020-21534,ungrounded_agencies_tasked,"The head of each agency shall use his or her authority under 5 U.S.C. 301, 302, and 4103 to ensure … that agency employees … do not teach, advocate, act upon, or promote … the divisive concepts listed in section 2(a) of this order",2026-09-04T20:37:49+00:00
13951,2020-21914,ungrounded_agencies_tasked,shall maintain and build upon existing actions to expand access to affordable medicines.,2026-09-04T20:37:49+00:00
13956,2020-23116,ungrounded_agencies_tasked,"Within 150 days of the date of this order, the Water Subcabinet, in consultation with the Secretary of Labor, the Secretary of Health and Human Services, the Secretary of Education, the Secretary of Veterans Affairs, and the heads of other agencies, shall identify actions and develop recommendations",2026-09-04T20:37:49+00:00
13966,2020-27948,ungrounded_agencies_tasked,"the head of each executive department and agency shall, within 90 days of the date of this order and every 2 years thereafter:",2026-09-04T20:37:49+00:00
13984,2021-01714,ungrounded_agencies_tasked,"Within 180 days of the date of this order, the Secretary shall propose for notice and comment regulations that require United States IaaS providers to take any of the special measures described in subsection (d) of this section if the Secretary, in consultation with ... finds:",2026-09-04T20:37:49+00:00
13984,2021-01714,ungrounded_agencies_tasked,"Within 240 days of the date of this order, the Attorney General and the Secretary of Homeland Security, in coordination with the Secretary, and as the Attorney General and Secretary of Homeland Security deem appropriate, the heads of other agencies, shall develop and submit to the President a report",2026-09-04T20:37:49+00:00
13998,2021-01859,ungrounded_agencies_tasked,"within 14 days of the date of this order, the Secretary of HHS, the Secretary of Transportation, and the Secretary of Homeland Security shall submit to the President a plan to implement appropriate public health measures at land ports of entry",2026-09-04T20:37:49+00:00
13999,2021-01863,ungrounded_agencies_tasked,"The Secretary of Labor, acting through the Assistant Secretary of Labor for Occupational Safety and Health, shall:",2026-09-04T20:37:49+00:00
14004,2021-02034,ungrounded_agencies_tasked,"The Secretary of Homeland Security with respect to the Coast Guard shall: (i) immediately prohibit involuntary separations, discharges, and denials of reenlistment … on the basis of gender identity;",2026-09-04T20:37:49+00:00
14010,2021-02561,ungrounded_agencies_tasked,"within 270 days of the date of this order, promulgate joint regulations, consistent with applicable law, addressing the circumstances in which a person should be considered a “particular social group,” as that term is used in 8 U.S.C. 1101(a)(42)(A), as derived from the 1951 Convention relating to t",2026-09-04T20:37:49+00:00
14013,2021-02804,ungrounded_agencies_tasked,"The Presidential Memorandum of March 6, 2017 … is revoked.",2026-09-04T20:37:49+00:00
14031,2021-11792,ungrounded_agencies_tasked,The Department of Health and Human Services shall provide funding and administrative support for the Commission to the extent permitted by law.,2026-09-04T20:37:49+00:00
14042,2021-19924,ungrounded_agencies_tasked,"By September 24, 2021, the Safer Federal Workforce Task Force shall ... provide definitions of relevant terms for contractors and subcontractors",2026-09-04T20:37:49+00:00
14058,2021-27380,ungrounded_agencies_tasked,"The Secretary of the Interior shall redesign the website of the Fish and Wildlife Service, FWS.gov, in compliance with the 21st Century Integrated Digital Experience Act (Public Law 115‑336).",2026-09-04T20:37:49+00:00
14072,2022-09138,ungrounded_agencies_tasked,shall within 1 year of the date of this order: develop a Federal goal that charges agencies to meet agency-specific reforestation targets by 2030,2026-09-04T20:37:49+00:00
14074,2022-11810,ungrounded_agencies_tasked,"Within 240 days of the date of this order, the Attorney General shall, within 240 days of the date of this order, establish the National Law Enforcement Accountability Database",2026-09-04T20:37:49+00:00
14074,2022-11810,ungrounded_agencies_tasked,"Within 180 days of the date of this order, the Attorney General shall, in coordination with the Secretary of Health and Human Services, develop and publish a report on best practices to address law‑enforcement officer wellness",2026-09-04T20:37:49+00:00
14074,2022-11810,ungrounded_agencies_tasked,"Within 180 days of the date of this order, the Attorney General shall develop an evidence‑informed training module for law‑enforcement officers on implicit bias",2026-09-04T20:37:49+00:00
14074,2022-11810,ungrounded_agencies_tasked,"Within 180 days of the date of this order, the Secretary of HHS shall, within 180 days of the date of this order, conduct a nationwide study of the community effects of use of force by law‑enforcement officers",2026-09-04T20:37:49+00:00
14074,2022-11810,ungrounded_agencies_tasked,"Within 180 days of the date of this order, the Attorney General shall request the National Academy of Sciences … to conduct a study of facial recognition technology …",2026-09-04T20:37:49+00:00
14074,2022-11810,ungrounded_agencies_tasked,"Within 120 days of the date of this order, the Attorney General shall publish a report on the steps the DOJ has taken … to fully implement the Death in Custody Reporting Act of 2013",2026-09-04T20:37:49+00:00
14074,2022-11810,ungrounded_agencies_tasked,"Within 180 days of the date of this order, the Attorney General shall submit a report to the President detailing steps the DOJ has taken … to ensure restrictive housing … is used rarely, applied fairly, and subject to reasonable constraints",2026-09-04T20:37:49+00:00
14074,2022-11810,ungrounded_agencies_tasked,"Within 240 days of the date of this order, the Attorney General shall, within 240 days of the date of this order, complete a comprehensive review and transmit a report to the President identifying any planned steps to address conditions of confinement",2026-09-04T20:37:49+00:00
14074,2022-11810,ungrounded_agencies_tasked,"Within 180 days of the date of this order, the Attorney General shall, in consultation with the Director of OMB, submit a report to the President summarizing First Step Act implementation",2026-09-04T20:37:49+00:00
14074,2022-11810,ungrounded_agencies_tasked,"Within 120 days of the date of this order, the Attorney General, in consultation with the United States Chief Data Scientist and the United States Chief Statistician, shall review the status of State, Tribal, local, and territorial LEAs transitioning … and shall submit a report to the President",2026-09-04T20:37:49+00:00
14078,2022-15743,ungrounded_agencies_tasked,"The Secretary of State shall publicly or privately designate or identify officials of foreign governments who are involved, directly or indirectly, in wrongful detentions, as appropriate and consistent with applicable law.",2026-09-04T20:37:49+00:00
14078,2022-15743,ungrounded_agencies_tasked,"The unrestricted immigrant and nonimmigrant entry into the United States of noncitizens ... is hereby suspended, except when the Secretary of State or the Secretary of Homeland Security ... determines ... the entry would not be contrary to the interests of the United States.",2026-09-04T20:37:49+00:00
14078,2022-15743,ungrounded_agencies_tasked,"The Secretary of the Treasury, in consultation with the Secretary of State, is authorized to submit recurring and final reports to the Congress on the national emergency declared in this order.",2026-09-04T20:37:49+00:00
14078,2022-15743,ungrounded_agencies_tasked,"The Secretary of the Treasury, in consultation with the Secretary of State, is authorized to take such actions ... and may, consistent with applicable law, redelegate any of these functions within the Department of the Treasury.",2026-09-04T20:37:49+00:00
14089,2022-27585,ungrounded_agencies_tasked,"Within 180 days of the date of this order, the Secretary of State shall establish the President's Advisory Council on African Diaspora Engagement in the United States.",2026-09-04T20:37:49+00:00
14089,2022-27585,ungrounded_agencies_tasked,"The Advisory Council shall consist of not more than 12 members, appointed by the Secretary of State, who are representatives of and reflect the diversity of the African Diaspora.",2026-09-04T20:37:49+00:00
14089,2022-27585,ungrounded_agencies_tasked,"The Advisory Council shall advise the President, through the Secretary of State, on strengthening connections between the United States Government and the African Diaspora in the United States.",2026-09-04T20:37:49+00:00
14092,2023-05714,ungrounded_agencies_tasked,The Attorney General shall develop and implement a plan to: (ii) prevent former FFLs whose licenses have been revoked or surrendered from continuing to engage in the business of dealing in firearms,2026-09-04T20:37:49+00:00
14092,2023-05714,ungrounded_agencies_tasked,"The Attorney General shall develop and implement a plan to: (iii) publicly release, to the fullest extent permissible by law, inspection reports of FFL dealers cited for violations of the law",2026-09-04T20:37:49+00:00
14092,2023-05714,ungrounded_agencies_tasked,The Attorney General shall develop and implement a plan to: (iv) support efforts to modernize and make permanent the Undetectable Firearms Act (18 U.S.C. 922(p)),2026-09-04T20:37:49+00:00
14100,2023-12974,ungrounded_agencies_tasked,"agencies shall: (i) develop common standards for DETO policies, including identification of points of contact and creation of guidelines to ensure that such policies are communicated and advertised in a manner accessible to military spouse employees; (ii) establish a DETO application system and deve",2026-09-04T20:37:49+00:00
14100,2023-12974,ungrounded_agencies_tasked,"shall issue guidance to agencies: (i) reinforcing existing telework and remote work flexibility options pursuant to 5 U.S.C. 6502 for Federal employees, including military spouses and military caregivers, and encouraging agency leaders to consider these as options for retaining Federal employee mili",2026-09-04T20:37:49+00:00
14101,2023-13889,ungrounded_agencies_tasked,"shall consider taking steps, as appropriate and consistent with applicable law, to expand access to affordable family planning services across the Medicaid program",2026-09-04T20:37:49+00:00
14104,2023-16636,ungrounded_agencies_tasked,"Within 90 days of the date of this order, the heads of agencies … shall consider whether “exceptional circumstances” exist warranting a restriction of the right to retain title to any subject invention",2026-09-04T20:37:49+00:00
14110,2023-24283,ungrounded_agencies_tasked,"Within 270 days of the date of this order, the Secretary of Commerce, acting through the Director of the National Institute of Standards and Technology (NIST), ... shall: (i) Establish guidelines and best practices, with the aim of promoting consensus industry standards, for developing and deploying",2026-09-04T20:37:49+00:00
14112,2023-27318,ungrounded_agencies_tasked,"The Director of OMB and the Assistant to the President and Domestic Policy Advisor shall lead an effort, in collaboration with WHCNAA, to identify chronic shortfalls",2026-09-04T20:37:49+00:00
14117,2024-04573,ungrounded_agencies_tasked,"Within 1 year of the effective date of the regulations issued pursuant to section 2(c) of this order, the Attorney General, in consultation with the Secretary of State, the Secretary of the Treasury, the Secretary of Commerce, and the Secretary of Homeland Security, shall submit a report to the Pres",2026-09-04T20:37:49+00:00
14117,2024-04573,ungrounded_agencies_tasked,"Within 120 days of the date of this order, the APNSA, the Assistant to the President and Director of the Domestic Policy Council, the Director of the Office of Science and Technology Policy, and the Director of the Office of Pandemic Preparedness and Response Policy, in consultation with the Secreta",2026-09-04T20:37:49+00:00
14120,2024-06123,ungrounded_agencies_tasked,"Within 90 days of the date of this order, the Secretary of Health and Human Services shall: (i) launch a comprehensive assessment of the current state of the science on menopause",2026-09-04T20:37:49+00:00
14136,2025-00611,ungrounded_agencies_tasked,United States Attorney for the Southern District of New York ... shall act as and perform the functions and duties of the office of Attorney General,2026-09-04T20:37:49+00:00
14136,2025-00611,ungrounded_agencies_tasked,United States Attorney for the District of Arizona ... shall act as and perform the functions and duties of the office of Attorney General,2026-09-04T20:37:49+00:00
14136,2025-00611,ungrounded_agencies_tasked,United States Attorney for the Northern District of Illinois ... shall act as and perform the functions and duties of the office of Attorney General,2026-09-04T20:37:49+00:00
14136,2025-00611,ungrounded_agencies_tasked,United States Attorney for the District of Hawaii ... shall act as and perform the functions and duties of the office of Attorney General,2026-09-04T20:37:49+00:00
14143,2025-01467,ungrounded_agencies_tasked,The head of any executive department or agency may appoint noncompetitively any individual who is certified under section 3 of this order to a position in the competitive service.,2026-09-04T20:37:49+00:00
14145,2025-01758,ungrounded_agencies_tasked,"Within 1 year of the date of this order, the Secretary of Commerce shall work with implementing agencies to:",2026-09-04T20:37:49+00:00
14147,2025-01900,ungrounded_agencies_tasked,"The Director of National Intelligence, in consultation with the heads of the appropriate departments and agencies within the Intelligence Community, shall take all appropriate action to review the activities of the Intelligence Community over the last 4 years and prepare a report to the President",2026-09-04T20:37:49+00:00
14151,2025-01953,ungrounded_agencies_tasked,"provide the Director of the OMB with a list of all agency or department DEI, DEIA, or ``environmental justice'' positions",2026-09-04T20:37:49+00:00
14151,2025-01953,ungrounded_agencies_tasked,"direct the deputy agency or department head to assess the operational impact and cost of the prior administration's DEI, DEIA, and ``environmental justice'' programs and policies",2026-09-04T20:37:49+00:00
14164,2025-02012,ungrounded_agencies_tasked,The Attorney General shall take all necessary and lawful action to ensure that each state that allows capital punishment has a sufficient supply of drugs.,2026-09-04T20:37:49+00:00
14164,2025-02012,ungrounded_agencies_tasked,The Attorney General shall evaluate the places of imprisonment and conditions of confinement for each of the 37 murderers whose Federal death sentences were commuted by President Biden.,2026-09-04T20:37:49+00:00
14164,2025-02012,ungrounded_agencies_tasked,The Attorney General shall encourage State attorneys general and district attorneys to bring State capital charges for all capital crimes.,2026-09-04T20:37:49+00:00
14169,2025-02091,ungrounded_agencies_tasked,Reviews of each foreign assistance program shall be ordered by the responsible department and agency heads under guidelines provided by the Secretary of State.,2026-09-04T20:37:49+00:00
14169,2025-02091,ungrounded_agencies_tasked,"will make determinations within 90 days of this order on whether to continue, modify, or cease each foreign assistance program.",2026-09-04T20:37:49+00:00
14169,2025-02091,ungrounded_agencies_tasked,"This order is not intended to, and does not, create any right or benefit, substantive or procedural, enforceable at law or in equity by any party.",2026-09-04T20:37:49+00:00
14173,2025-02097,ungrounded_agencies_tasked,"within 120 days of this order, the Attorney General, within 120 days of this order, in consultation with the heads of relevant agencies and in coordination with the Director of OMB, shall submit a report to the Assistant to the President for Domestic Policy",2026-09-04T20:37:49+00:00
14178,2025-02123,ungrounded_agencies_tasked,"Within 60 days of the date of this order, each agency shall submit to the Chair recommendations with respect to whether each identified regulation, guidance document, order or other item should be rescinded or modified, or, for items other than regulations, adopted in a regulation.",2026-09-04T20:37:49+00:00
14181,2025-02174,ungrounded_agencies_tasked,"shall recommend appropriate action to the President, regarding any lack of compliance by California with the terms of existing Federal grants",2026-09-04T20:37:49+00:00
14183,2025-02178,ungrounded_agencies_tasked,the Secretary of Defense (Secretary) shall update DoDI 6130.03 Volume 1 … within 60 days of the date of this order,2026-09-04T20:37:49+00:00
14188,2025-02230,ungrounded_agencies_tasked,the head of each executive department or agency shall submit a report to the President,2026-09-04T20:37:49+00:00
14192,2025-02345,ungrounded_agencies_tasked,"shall reinstate the Memorandum of Agreement between the Department of Treasury and the Office of Management and Budget of April 11, 2018",2026-09-04T20:37:49+00:00
14193,2025-02406,ungrounded_agencies_tasked,the Secretary of Homeland Security shall determine the modifications necessary to the Harmonized Tariff Schedule... and shall make such modifications through notice in the Federal Register.,2026-09-04T20:37:49+00:00
14201,2025-02513,ungrounded_agencies_tasked,"convene representatives of major athletic organizations and governing bodies, and female athletes … within 60 days of the date of this order",2026-09-04T20:37:49+00:00
14211,2025-02841,ungrounded_agencies_tasked,The Secretary shall have sole and exclusive discretion in the exercise or delegation of the responsibilities enumerated in this order.,2026-09-04T20:37:49+00:00
14215,2025-03063,ungrounded_agencies_tasked,"The Director of OMB shall, on an ongoing basis, review independent regulatory agencies' obligations for consistency with the President's policies and priorities",2026-09-04T20:37:49+00:00
14215,2025-03063,ungrounded_agencies_tasked,"independent regulatory agency chairmen shall regularly consult with the directors of OMB, the White House Domestic Policy Council, and the White House National Economic Council",2026-09-04T20:37:49+00:00
14219,2025-03138,ungrounded_agencies_tasked,"Agency heads shall, in coordination with their DOGE Team Leads and the Director of the Office of Management and Budget, initiate a process to review regulations",2026-09-04T20:37:49+00:00
14219,2025-03138,ungrounded_agencies_tasked,"Within 60 days of the date of this order, agency heads shall identify the following classes of regulations",2026-09-04T20:37:49+00:00
14219,2025-03138,ungrounded_agencies_tasked,"Within 60 days of the date of this order, agency heads shall provide to the Administrator of OIRA a list of all identified regulations",2026-09-04T20:37:49+00:00
14219,2025-03138,ungrounded_agencies_tasked,"Agency heads shall, in consultation with the Director of OMB, direct the termination of enforcement proceedings that do not comply with the Constitution, laws, or Administration policy",2026-09-04T20:37:49+00:00
14237,2025-04867,ungrounded_agencies_tasked,heads of all agencies shall review all contracts with Paul Weiss ... take appropriate steps to terminate any contract ... and submit ... an assessment of contracts with Paul Weiss within 30 days,2026-09-04T20:37:49+00:00
14240,2025-05197,ungrounded_agencies_tasked,"Within 30 days of the date of this order, the Director of OMB shall designate the Administrator as the executive agent for all Government-wide acquisition contracts for information technology",2026-09-04T20:37:49+00:00
14241,2025-05212,ungrounded_agencies_tasked,"I hereby delegate to the Chief Executive Officer (CEO) of the United States International Development Finance Corporation (DFC) the authority of the President conferred by sections 301, 302 and 303 of the DPA",2026-09-04T20:37:49+00:00
14243,2025-05214,ungrounded_agencies_tasked,"Within 30 days of the date of this order, Agency Heads shall rescind or modify all agency guidance that serves as a barrier",2026-09-04T20:37:49+00:00
14246,2025-05519,ungrounded_agencies_tasked,refrain from hiring employees of Jenner ... absent a waiver ... consulted with the Director of the Office of Personnel Management,2026-09-04T20:37:49+00:00
14247,2025-05522,ungrounded_agencies_tasked,"The Secretary of the Treasury shall support agencies' transition to digital payment methods, including by providing access … to direct deposits; debit and credit card payments; digital wallets and real‑time payment systems; and other modern electronic payment options",2026-09-04T20:37:49+00:00
14249,2025-05524,ungrounded_agencies_tasked,The heads of all agencies shall submit a compliance plan to the OMB Director within 90 days of the date of this order detailing their strategy for: (i) transitioning disbursing authority to the Department of the Treasury; (ii) updating and integrating systems with Department of the Treasury platform,2026-09-04T20:37:49+00:00
14253,2025-05838,ungrounded_agencies_tasked,shall work with the Congress to ensure that future appropriations to the Smithsonian Institution prohibit expenditure on exhibits or programs that degrade shared American values,2026-09-04T20:37:49+00:00
14267,2025-06463,ungrounded_agencies_tasked,"Within 90 days of receipt of the agency lists, the Chairman shall provide to the Director of the Office of Management and Budget (OMB Director) a consolidated list of regulations",2026-09-04T20:37:49+00:00
14267,2025-06463,ungrounded_agencies_tasked,"the OMB Director, through the Administrator of the Office of Information and Regulatory Affairs, shall consult with the Chairman to decide whether to incorporate the proposed rescissions or modifications into the Unified Regulatory Agenda",2026-09-04T20:37:49+00:00
14269,2025-06465,ungrounded_agencies_tasked,"the USTR, in consultation with the Secretary of State and the Secretary of Commerce, shall engage treaty allies, partners, and other like‑minded countries … and shall deliver an engagement plan and progress report to the President.",2026-09-04T20:37:49+00:00
14275,2025-06839,ungrounded_agencies_tasked,"Within 180 days of the date of this order, the Administrator shall take appropriate actions to amend the FAR",2026-09-04T20:37:49+00:00
14277,2025-07368,ungrounded_agencies_tasked,The Task Force shall be responsible for implementing the policy stated in section 2 of this order and coordinating Federal efforts related to AI education.,2026-09-04T20:37:49+00:00
14277,2025-07368,ungrounded_agencies_tasked,"Within 90 days of the date of this order, the Secretary of Education shall issue guidance regarding the use of formula and discretionary grant funds.",2026-09-04T20:37:49+00:00
14277,2025-07368,ungrounded_agencies_tasked,"Within 90 days of the date of this order, the Secretary of Education shall identify and implement ways to utilize existing research programs.",2026-09-04T20:37:49+00:00
14277,2025-07368,ungrounded_agencies_tasked,"Within 120 days of the date of this order, the Secretary of Education shall take steps to prioritize the use of AI in discretionary grant programs for teacher training.",2026-09-04T20:37:49+00:00
14277,2025-07368,ungrounded_agencies_tasked,"Within 120 days of the date of this order, the Secretary of Agriculture shall take steps to prioritize research, extension, and education on the use of AI.",2026-09-04T20:37:49+00:00
14277,2025-07368,ungrounded_agencies_tasked,"Within 120 days of the date of this order, the Secretary of Labor shall seek to increase participation in AI‑related Registered Apprenticeships.",2026-09-04T20:37:49+00:00
14279,2025-07376,ungrounded_agencies_tasked,"the Secretary of Education shall, consistent with applicable law, take appropriate steps to ensure that accreditation requires higher education institutions to provide high-quality, high-value academic programs",2026-09-04T20:37:49+00:00
14281,2025-07378,ungrounded_agencies_tasked,"the Presidential approval of July 25, 1966, of the Department of Justice Title VI regulations ... and the Presidential approval of July 5, 1973, of the Department of Justice Title VI regulations",2026-09-04T20:37:49+00:00
14288,2025-07790,ungrounded_agencies_tasked,The Attorney General and other appropriate heads of executive departments and agencies (agencies) shall take all appropriate action to maximize the use of Federal resources to: provide new best practices to State and local law enforcement to aggressively police communities against all crimes; expand,2026-09-04T20:37:49+00:00
14288,2025-07790,ungrounded_agencies_tasked,The Attorney General shall pursue all necessary legal remedies and enforcement measures to enforce the rights of Americans impacted by crime and shall prioritize prosecution of any applicable violations of Federal criminal law with respect to State and local jurisdictions whose officials willfully a,2026-09-04T20:37:49+00:00
14289,2025-07835,ungrounded_agencies_tasked,"The Secretary of Homeland Security, acting through the Commissioner of U.S. Customs and Border Protection ... shall take all necessary steps to update guidance, systems, and enforcement mechanisms, including to revise, suspend, or rescind any regulations that may be inconsistent with this order.",2026-09-04T20:37:49+00:00
14295,2025-08682,ungrounded_agencies_tasked,"Within 45 days of the date of this order, the Archivist, acting through the Office of the Federal Register, shall review the fee schedules for publication in the Federal Register and, working with the Director of the Government Publishing Office, take steps to ensure that fees are based on the actua",2026-09-04T20:37:49+00:00
14297,2025-08876,ungrounded_agencies_tasked,"Within 30 days of the date of this order, the Secretary shall, in coordination with the Assistant to the President for Domestic Policy, the Administrator for the Centers for Medicare and Medicaid Services, and other relevant executive department and agency officials, communicate most‑favored‑nation ",2026-09-04T20:37:49+00:00
14301,2025-09799,ungrounded_agencies_tasked,"Within 60 days of the date of this order, the Secretary shall issue guidance regarding what counts as a qualified test reactor.",2026-09-04T20:37:49+00:00
14301,2025-09799,ungrounded_agencies_tasked,"Within 90 days of the date of this order, the Secretary shall take appropriate action to revise the regulations, guidance, and procedures ... to significantly expedite the review, approval, and deployment of advanced reactors.",2026-09-04T20:37:49+00:00
14301,2025-09799,ungrounded_agencies_tasked,"The Secretary shall, in consultation with the Chair of the Council on Environmental Quality, take action to reform the Department's rules governing compliance with the National Environmental Policy Act (NEPA) no later than June 30, 2025.",2026-09-04T20:37:49+00:00
14305,2025-10803,ungrounded_agencies_tasked,"within 30 days of the date of this order, the Attorney General, the Secretary of Transportation, the Secretary of Homeland Security, and the Chairman of the Federal Communications Commission shall revise the August 2020 ""Advisory ...""",2026-09-04T20:37:49+00:00
14306,2025-10804,ungrounded_agencies_tasked,"By December 1, 2025, the Secretary of Commerce, acting through the Director of NIST, shall develop and publish a preliminary update to the SSDF",2026-09-04T20:37:49+00:00
14307,2025-10814,ungrounded_agencies_tasked,"the Secretary of Transportation, acting through the Administrator of the FAA, shall issue a proposed rule enabling routine Beyond Visual Line of Sight (BVLOS) operations for UAS within 30 days",2026-09-04T20:37:49+00:00
14307,2025-10814,ungrounded_agencies_tasked,"the Secretary of Transportation, acting through the Administrator of the FAA, shall publish an updated roadmap for the integration of civil UAS into the National Airspace System within 240 days",2026-09-04T20:37:49+00:00
14307,2025-10814,ungrounded_agencies_tasked,"the Secretary of Transportation, acting through the Administrator of the FAA, shall establish clear metrics for assessing the performance and safety of BVLOS operations within 30 days",2026-09-04T20:37:49+00:00
14307,2025-10814,ungrounded_agencies_tasked,"the Secretary of Transportation, acting through the Administrator of the FAA, shall identify and describe additional regulatory barriers to BVLOS implementation within 180 days",2026-09-04T20:37:49+00:00
14307,2025-10814,ungrounded_agencies_tasked,"the Secretary of Transportation, acting through the Administrator of the FAA, shall initiate the deployment of artificial intelligence (AI) tools to assist in the review of UAS waiver applications within 120 days",2026-09-04T20:37:49+00:00
14307,2025-10814,ungrounded_agencies_tasked,"the Secretary of Transportation, acting through the Administrator of the FAA, shall ensure all FAA UAS Test Ranges are fully utilized to support development, testing, and scaling of American drone technologies",2026-09-04T20:37:49+00:00
14307,2025-10814,ungrounded_agencies_tasked,"the Secretary of Transportation, acting through the Administrator of the FAA, shall issue a public request for proposals to State, local, tribal, and territorial governments within 90 days",2026-09-04T20:37:49+00:00
14307,2025-10814,ungrounded_agencies_tasked,"the Secretary of Transportation, acting through the Administrator of the FAA, shall select at least five pilot projects within 180 days of the request",2026-09-04T20:37:49+00:00
14307,2025-10814,ungrounded_agencies_tasked,the Secretary of Transportation shall submit an initial implementation report to the President through the Director of OSTP within 180 days after the selection of pilot program participants,2026-09-04T20:37:49+00:00
14307,2025-10814,ungrounded_agencies_tasked,the Federal Acquisition Security Council shall publish a Covered Foreign Entity List ... within 30 days of the date of this order,2026-09-04T20:37:49+00:00
14307,2025-10814,ungrounded_agencies_tasked,"the Secretary of Commerce, in coordination with the Secretary of State, the Secretary of Defense, and the Secretary of Energy, shall review and, as appropriate, amend export control regulations within 90 days",2026-09-04T20:37:49+00:00
14307,2025-10814,ungrounded_agencies_tasked,the Secretary of Defense shall coordinate with the Secretary of Transportation ... to streamline the approval processes to expand access to airspace for conducting UAS training within 90 days,2026-09-04T20:37:49+00:00
14307,2025-10814,ungrounded_agencies_tasked,the Secretary of Defense shall task the Secretary of each military department to identify programs that would be more cost efficient or lethal if replaced by UAS and shall submit a report to the President through the APNSA within 90 days,2026-09-04T20:37:49+00:00
14322,2025-14392,ungrounded_agencies_tasked,"Within 60 days of the date of this order, the Attorney General and the Chairman of the Federal Trade Commission shall: … develop a plan to implement appropriate future litigation positions, guidelines, policies, or other actions.",2026-09-04T20:37:49+00:00
14326,2025-15010,ungrounded_agencies_tasked,"The Secretary of Commerce and the United States Trade Representative shall publish every 6 months a list of countries and specific facilities used in circumvention schemes, to inform public procurement, national security reviews, and commercial due diligence.",2026-09-04T20:37:49+00:00
14340,2025-16615,ungrounded_agencies_tasked,relevant Federal law enforcement agencies and officials who are members of the D.C. Safe and Beautiful Task Force shall work to ensure that arrestees in the District of Columbia are held in Federal custody to the fullest extent permissible,2026-09-04T20:37:49+00:00
14342,2025-16618,ungrounded_agencies_tasked,"Within 30 days of the date of this order, the Attorney General shall submit to the President a list of States and local jurisdictions that have substantially eliminated cash bail.",2026-09-04T20:37:49+00:00
14355,2025-19495,ungrounded_agencies_tasked,"The MAHA Commission, in coordination with the Secretary, the Director of the Office of Management and Budget, the Director of the National Institutes of Health, and the APST, shall prioritize expanding pediatric cancer research and advancements in care by identifying and implementing strategies for ",2026-09-04T20:37:49+00:00
14367,2025-23417,ungrounded_agencies_tasked,the Secretary of War and the Attorney General shall determine whether the threats posed by illicit fentanyl warrant the provision of resources from the Department of War,2026-09-04T20:37:49+00:00
14367,2025-23417,ungrounded_agencies_tasked,"the Secretary of War, in consultation with the Secretary of Homeland Security, shall update all directives to include the threat of illicit fentanyl",2026-09-04T20:37:49+00:00
14377,2026-01871,ungrounded_agencies_tasked,"Within 90 days of the date of this order, the Secretary, through the Administrator of FEMA, and the Administrator of the SBA, ... shall submit to the President ... legislative proposals that enable FEMA and SBA to address situations in which States or local governments are not enabling timely recove",2026-09-04T20:37:49+00:00
14383,2026-02814,ungrounded_agencies_tasked,"Within 120 days of the date of this order, the Secretary of War, in coordination with the Secretary of State and the Secretary of Commerce, shall submit to the President a sales catalog of prioritized platforms and systems",2026-09-04T20:37:49+00:00
14384,2026-02818,ungrounded_agencies_tasked,"The Secretary of Commerce, in coordination with the Secretary of State, the Secretary of the Treasury, and any other senior official the Secretary of Commerce deems appropriate, shall monitor whether India resumes directly or indirectly importing Russian Federation oil.",2026-09-04T20:37:49+00:00
14385,2026-02819,ungrounded_agencies_tasked,"The Secretary of Homeland Security may exchange, to the maximum extent permitted by law, CHRI with the border security and immigration authorities of Visa Waiver Program (VWP) countries, countries that have entered into a Preventing and Combating Serious Crime or similar agreement with the United St",2026-09-04T20:37:49+00:00
14392,2026-05383,ungrounded_agencies_tasked,The FTC shall consider issuing proposed regulations providing that the failure of an online marketplace to establish procedures for verifying country-of-origin claims may constitute an unfair or deceptive act or practice.,2026-09-04T20:37:49+00:00
14393,2026-05384,ungrounded_agencies_tasked,"The Consumer Financial Protection Bureau (CFPB) shall consider, as appropriate and consistent with applicable law: proposing amendments to Regulation Z that tailor the following requirements for smaller banks",2026-09-04T20:37:49+00:00
14398,2026-06286,ungrounded_agencies_tasked,"The Attorney General, in consultation with relevant contracting agencies, shall consider whether to bring actions under the False Claims Act",2026-09-04T20:37:49+00:00
14409,2026-11415,ungrounded_agencies_tasked,"the Secretary of the Treasury, the Secretary of War, ... shall develop and maintain a classified benchmarking process to assess the advanced cyber capabilities of AI models and determine the threshold at which an AI model should be designated a “covered frontier model”",2026-09-04T20:37:49+00:00
14409,2026-11415,ungrounded_agencies_tasked,"the Secretary of the Treasury, the Secretary of War, ... shall design a voluntary framework with AI developers through which developers would be able to: (i) engage the Federal Government to determine whether model(s) under development meet the designation of “covered frontier model”; (ii) provide t",2026-09-04T20:37:49+00:00
14412,2026-12909,ungrounded_agencies_tasked,"Within 180 days of the date of this order, the Director of the NSA, in his capacity as the National Manager for National Security Systems, shall submit a report to the President, through the Committee on National Security Systems, on the status of PQC migration for agencies that own or operate Natio",2026-09-04T20:37:49+00:00
14412,2026-12909,ungrounded_agencies_tasked,"Within 180 days of the date of this order, the FAR Council, in consultation with the Secretary of Homeland Security through the Director of CISA and the Director of NIST, shall publish a proposed rule amending the Federal Acquisition Regulation (FAR) to require covered contractors to comply by Decem",2026-09-04T20:37:49+00:00
14413,2026-12910,ungrounded_agencies_tasked,"Within 180 days of the date of this order, the Secretary of Commerce shall develop a plan, potentially including advance market commitments, to encourage contributions to the QC-ADDS Effort from commercial quantum computing companies.",2026-09-04T20:37:49+00:00
14413,2026-12910,ungrounded_agencies_tasked,"Within 180 days of the date of this order, the Secretary of War shall establish or designate activities and programs to develop the tools and capabilities necessary to advance readiness for national security applications of quantum computing",2026-09-04T20:37:49+00:00
14413,2026-12910,ungrounded_agencies_tasked,Within 180 days of the date of this order: (ii) the Director of NSF shall take steps to issue grants for establishing QIST user facilities through the National Quantum and Nanotechnology Infrastructure program.,2026-09-04T20:37:49+00:00
14413,2026-12910,ungrounded_agencies_tasked,the APST shall recommend a revised NQIAC membership list and shall task the NQIAC to develop recommendations ... within 210 days of the date of this order,2026-09-04T20:37:49+00:00
14415,2026-15003,ungrounded_agencies_tasked,"Within 180 days of the date of this order, the Secretary shall initiate regulatory action to: (i) identify ... acquisitions ...; (ii) require contractors ... to qualify and utilize an alternative source",2026-09-04T20:37:49+00:00
12918,94-13391,ungrounded_authorities,"The Secretary of State is hereby authorized to take such actions... The Secretary of Commerce, in consultation with the Secretary of State, is hereby authorized to take such actions.",2026-09-04T20:37:49+00:00
12938,94-28487,ungrounded_authorities,"sanctions also shall be imposed on a foreign country ... if the Secretary of State determines that the foreign country has ... used chemical or biological weapons ... made substantial preparations ... developed, produced, stockpiled, or otherwise acquired chemical or biological weapons.",2026-09-04T20:37:49+00:00
12993,96-7460,ungrounded_authorities,"The Chairperson of the President's Council on Integrity and Efficiency (PCIE) and the Executive Council on Integrity and Efficiency (ECIE), in consultation with members of the Councils, has established an Integrity Committee pursuant to the authority granted by Executive Order No. 12805.",2026-09-04T20:37:49+00:00
13086,98-14688,ungrounded_authorities,the commander shall decide whether pretrial confinement will continue. … Not later than 72 hours after the commander's ordering of a prisoner into pretrial confinement … the commander shall decide whether pretrial confinement will continue.,2026-09-04T20:37:49+00:00
13116,99-8433,ungrounded_authorities,"sections 141 and 301-310 of the Trade Act of 1974, as amended (19 U.S.C. 2171, 2411-2420)",2026-09-04T20:37:49+00:00
13120,99-10901,ungrounded_authorities,"I hereby authorize the Secretary of Defense, and the Secretary of Transportation with respect to the Coast Guard when it is not operating as a service in the Department of the Navy, under their respective jurisdictions, to order to active duty any units, and any individual members not assigned to a ",2026-09-04T20:37:49+00:00
13123,99-14633,ungrounded_authorities,"including the National Energy Conservation Policy Act (Public Law 95-619, 42 U.S.C. 8252 et seq.)",2026-09-04T20:37:49+00:00
13123,99-14633,ungrounded_authorities,as amended by the Energy Policy Act of 1992 (EPACT) (Public Law 102-486),2026-09-04T20:37:49+00:00
13125,99-14901,ungrounded_authorities,The Executive Director of the Commission shall also serve as the Director of the Initiative.,2026-09-04T20:37:49+00:00
13129,99-17444,ungrounded_authorities,"By the authority vested in me as President by the Constitution and the laws of the United States of America, including the International Emergency Economic Powers Act (50 U.S.C. 1701 et seq.) (""IEEPA""), the National Emergencies Act (50 U.S.C. 1601 et seq.), and section 301 of title 3, United States ",2026-09-04T20:37:49+00:00
13139,99-26078,ungrounded_authorities,the President may waive the informed consent requirement ... in accordance with 10 U.S.C. 1107(f),2026-09-04T20:37:49+00:00
13144,99-33511,ungrounded_authorities,"The rates of basic pay or salaries for the Executive Schedule (5 U.S.C. 5312‑5318) at Schedule 5; the Vice President (3 U.S.C. 104) and the Congress (2 U.S.C. 31) at Schedule 6; and Justices and judges (28 U.S.C. 5, 44(d), 135, 252, and 461(a)) at Schedule 7.",2026-09-04T20:37:49+00:00
13160,00-16434,ungrounded_authorities,"The prohibition on discrimination on the basis of age provided in this order does not apply to age‑based admissions of participants to education or training programs, if such programs have traditionally been age‑specific or must be age‑limited for reasons related to health or national security",2026-09-04T20:37:49+00:00
13169,00-26397,ungrounded_authorities,The Secretary of Labor shall expedite the Federal response to worker dislocation through the Workforce Investment Act and the Trade Adjustment Assistance program.,2026-09-04T20:37:49+00:00
13178,00-31313,ungrounded_authorities,the National Marine Sanctuaries Act (16 U.S.C. 1431 et seq.),2026-09-04T20:37:49+00:00
13197,01-2398,ungrounded_authorities,"Sec. 2. Civil Service Rule VII (5 CFR Part 7) is amended -- (a) by striking section 7.2; (b) by redesignating sections 7.3 and 7.4 as sections 7.2 and 7.3, respectively; and (c) by amending the table of sections to read as follows:",2026-09-04T20:37:49+00:00
13224,01-24205,ungrounded_authorities,"by the authority vested in me as President by the Constitution and the laws of the United States of America, including the International Emergency Economic Powers Act (50 U.S.C. 1701 et seq.) (IEEPA)",2026-09-04T20:37:49+00:00
13254,02-2638,ungrounded_authorities,The USA Freedom Corps Office shall be a component of the White House Office,2026-09-04T20:37:49+00:00
13397,06-2362,ungrounded_authorities,The Secretary shall consult with the Director of the White House Office of Faith- Based and Community Initiatives (WHOFBCI Director) prior to making such appointment.,2026-09-04T20:37:49+00:00
13398,06-3865,ungrounded_authorities,The Panel shall advise the President and the Secretary of Education (Secretary) on means to implement the policy set forth in section 1.,2026-09-04T20:37:49+00:00
13398,06-3865,ungrounded_authorities,The Secretary may require the Panel to submit such additional reports as the Secretary deems appropriate.,2026-09-04T20:37:49+00:00
13433,07-2518,ungrounded_authorities,no agency shall enter into a contingency fee agreement for legal or expert witness services ... unless the Attorney General has determined required by law.,2026-09-04T20:37:49+00:00
13480,E8-28912,ungrounded_authorities,exempted from coverage under the Federal Labor- Management Relations Program,2026-09-04T20:37:49+00:00
13496,E9-2485,ungrounded_authorities,"The Secretary, or any agency or officer in the executive branch lawfully designated by rule, regulation, or order of the Secretary, may hold such hearings, public or private, regarding compliance with this order.",2026-09-04T20:37:49+00:00
13556,2010-28360,ungrounded_authorities,"this order establishes an open and uniform program for managing information that requires safeguarding or dissemination controls, pursuant to and consistent with law, regulations, and Government‑wide policies",2026-09-04T20:37:49+00:00
13592,2011-31624,ungrounded_authorities,The Secretary of Education and the Secretary of the Interior shall serve as the co‑chairs of the Interagency Working Group.,2026-09-04T20:37:49+00:00
13598,2012-2557,ungrounded_authorities,"the first sentence of section 14111(a) with respect to reports relating to the grades of brigadier general or above, or rear admiral (lower half) or above; sections 629(c)(2) and 14310(c)(2) with respect to extending officer promotion eligibility periods; and section 6222(c)(2) with respect to appoi",2026-09-04T20:37:49+00:00
13600,2012-3616,ungrounded_authorities,"The Secretary of State, the Secretary of the Treasury, the Secretary of Defense, the USAID Administrator, and the Chief Executive Officer of the Millennium Challenge Corporation shall serve as non‑ voting members of the Council",2026-09-04T20:37:49+00:00
13645,2013-13523,ungrounded_authorities,"Comprehensive Iran Sanctions, Accountability, and Divestment Act of 2010 (CISADA)",2026-09-04T20:37:49+00:00
13645,2013-13523,ungrounded_authorities,Iran Freedom and Counter‑Proliferation Act of 2012 (IFCA),2026-09-04T20:37:49+00:00
13688,2015-01255,ungrounded_authorities,"The Working Group shall be co- chaired by the Secretary of Defense, Attorney General, and Secretary of Homeland Security",2026-09-04T20:37:49+00:00
13703,2015-19209,ungrounded_authorities,The Director of ONAP shall annually report to the President on the implementation of the Updated Strategy.,2026-09-04T20:37:49+00:00
13707,2015-23630,ungrounded_authorities,"The Social and Behavioral Sciences Team (SBST), under the National Science and Technology Council (NSTC) and chaired by the Assistant to the President for Science and Technology, shall provide agencies with advice and policy guidance.",2026-09-04T20:37:49+00:00
13845,2018-15955,ungrounded_authorities,"The Board shall terminate 2 years after the date of this order, unless extended by the President.",2026-09-04T20:37:49+00:00
13865,2019-06325,ungrounded_authorities,"The Secretary of Homeland Security shall: (vii) in coordination with the Secretaries of Defense and Energy, and informed by intelligence‑based threat assessments, develop quadrennial risk assessments on EMPs, with the first risk assessment delivered within 1 year of the date of this order.",2026-09-04T20:37:49+00:00
13873,2019-10538,ungrounded_authorities,"the Secretary, in consultation with the heads of other agencies as appropriate, is hereby authorized to take such actions, including directing the timing and manner of the cessation of transactions prohibited pursuant to section 1 of this order",2026-09-04T20:37:49+00:00
13902,2020-00534,ungrounded_authorities,by the authority vested in me as President ... including the International Emergency Economic Powers Act (IEEPA),2026-09-04T20:37:49+00:00
13904,2020-02439,ungrounded_authorities,"Express consignment operators, carriers, hub facilities, and licensed customs brokers shall, within 60 days of the publication in the System for Award Management by CBP of the name of any debarred or suspended person, notify CBP of any attempt... to re‑establish business activity...",2026-09-04T20:37:49+00:00
13904,2020-02439,ungrounded_authorities,"Within 90 days of the date of this order, the Secretary of Homeland Security, through the Commissioner of CBP, and in consultation with USPS, shall submit to the President a report on any appropriate measures the Federal Government could take...",2026-09-04T20:37:49+00:00
13908,2020-04755,ungrounded_authorities,"Executive Order 13908 of February 28, 2020 – Establishment of the Interagency Committee on Trade in Automotive Goods Under Section 202A of the United States‑Mexico‑Canada Agreement Implementation Act",2026-09-04T20:37:49+00:00
13913,2020-07530,ungrounded_authorities,"the Committee shall be composed of the following members (Committee Members): the Secretary of Defense; the Attorney General; the Secretary of Homeland Security; and the head of any other executive department or agency, or any Assistant to the President",2026-09-04T20:37:49+00:00
13984,2021-01714,ungrounded_authorities,"Section (9) of Executive Order 13694, as amended, is further amended to read as follows: “Sec. 9. The Secretary of the Treasury, in consultation with the Secretary of State, the Attorney General, and the Secretary of Commerce, is hereby authorized to submit the recurring and final reports to the Con",2026-09-04T20:37:49+00:00
13990,2021-01765,ungrounded_authorities,"Within 60 days of the date of this order, the Secretary of the Interior shall submit a report to the President summarizing the findings of the review conducted pursuant to subsection (a).",2026-09-04T20:37:49+00:00
14005,2021-02038,ungrounded_authorities,"Executive Order 13788 of April 18, 2017 ... and Executive Order 13858 of January 31, 2019 ... are hereby revoked.",2026-09-04T20:37:49+00:00
14008,2021-02177,ungrounded_authorities,"There is hereby established, within the Environmental Protection Agency, the White House Environmental Justice Advisory Council (Advisory Council).",2026-09-04T20:37:49+00:00
14012,2021-02563,ungrounded_authorities,"Within 180 days of submitting the plan described in subsection (b) of this section, the Secretary of State, the Attorney General, and the Secretary of Homeland Security shall each submit a report to the President describing the progress of their respective agencies towards implementing the plan.",2026-09-04T20:37:49+00:00
14012,2021-02563,ungrounded_authorities,"Within 60 days of the date of this order, the Secretary of State, the Attorney General, and the Secretary of Homeland Security shall each submit a report to the President describing any agency actions identified pursuant to subsection (a)(ii) of this section and any steps their agencies intend to ta",2026-09-04T20:37:49+00:00
14012,2021-02563,ungrounded_authorities,"shall, within 60 days of the date of this order, develop a plan describing any agency actions, in furtherance of the policy set forth in section 1 of this order, that they will take to improve the naturalization process.",2026-09-04T20:37:49+00:00
14012,2021-02563,ungrounded_authorities,"Within 180 days of the issuance of the plan developed pursuant to subsection (a) of this section, the Secretary of State, the Attorney General, and the Secretary of Homeland Security shall each submit a report to the President describing the progress in implementing the plan.",2026-09-04T20:37:49+00:00
14012,2021-02563,ungrounded_authorities,"Within 90 days of the date of this order, the Naturalization Working Group shall submit a strategy to the President outlining steps the Federal Government should take to promote naturalization.",2026-09-04T20:37:49+00:00
14059,2021-27505,ungrounded_authorities,"suspend entry into the United States of noncitizens determined to meet any of the criteria in section l(a)-(c) of this order, and for whom the sanctions described in section 2(a)(i) or 2(b)(iii) of this order have been selected, would be detrimental to the interests of the United States, and the ent",2026-09-04T20:37:49+00:00
14059,2021-27505,ungrounded_authorities,"The Secretary of the Treasury, in consultation with the Secretary of State, the Attorney General, and the Secretary of Homeland Security, is authorized to submit recurring and final reports to the Congress on the national emergency declared in this order",2026-09-04T20:37:49+00:00
14074,2022-11810,ungrounded_authorities,"The Attorney General shall, within 240 days of the date of this order, complete a comprehensive review and transmit a report to the President identifying any planned steps to address conditions of confinement",2026-09-04T20:37:49+00:00
14074,2022-11810,ungrounded_authorities,"The Attorney General shall, within 240 days of the date of this order, develop and publish standards for determining whether an entity is an authorized, independent credentialing body",2026-09-04T20:37:49+00:00
14074,2022-11810,ungrounded_authorities,"The Attorney General, the Secretary of HHS, and the Secretary of Homeland Security shall, within 180 days of the date of this order, review and exercise their authority … to award Federal discretionary grants",2026-09-04T20:37:49+00:00
14081,2022-20167,ungrounded_authorities,"The APNSA, in coordination with the Director of OMB, the APEP, the APDP, and the Director of OSTP … shall develop a plan (implementation plan) to implement the recommendations in the reports",2026-09-04T20:37:49+00:00
14160,2025-02007,ungrounded_authorities,"no department or agency of the United States government shall issue documents recognizing United States citizenship, or accept documents issued by State, local, or other governments or authorities purporting to recognize United States citizenship, to persons: (1) when that person's mother was unlawf",2026-09-04T20:37:49+00:00
14190,2025-02232,ungrounded_authorities,"Within 90 days of the date of this order, the Secretary of Education, the Secretary of Defense, and the Secretary of Health and Human Services, in consultation with the Attorney General, shall provide an Ending Indoctrination Strategy to the President.",2026-09-04T20:37:49+00:00
14190,2025-02232,ungrounded_authorities,The Attorney General shall coordinate with State attorneys general and local district attorneys in their efforts to enforce the law and file appropriate actions against K‑12 teachers and school officials who violate the law.,2026-09-04T20:37:49+00:00
14198,2025-02479,ungrounded_authorities,"the exceptions set forth in section 2(a) of the Executive Order of February 1, 2025, are, hereby, withdrawn.",2026-09-04T20:37:49+00:00
14256,2025-06027,ungrounded_authorities,by the authority vested in me as President ... including the International Emergency Economic Powers Act (IEEPA),2026-09-04T20:37:49+00:00
14275,2025-06839,ungrounded_authorities,"Within 180 days of the date of this order, the Administrator shall take appropriate actions to amend the FAR",2026-09-04T20:37:49+00:00
14275,2025-06839,ungrounded_authorities,"Within 20 days of the date of this order, the Director of OMB, in consultation with the Administrator, shall issue a memorandum to agencies",2026-09-04T20:37:49+00:00
14276,2025-07062,ungrounded_authorities,The Secretary of Commerce shall consider revising or rescinding recent expansions of the Seafood Import Monitoring Program,2026-09-04T20:37:49+00:00
14281,2025-07378,ungrounded_authorities,"the Presidential approval of July 25, 1966, of the Department of Justice Title VI regulations ... and the Presidential approval of July 5, 1973, of the Department of Justice Title VI regulations",2026-09-04T20:37:49+00:00
14287,2025-07789,ungrounded_authorities,"the Secretary of Homeland Security, in coordination with the Attorney General, shall develop guidance, rules, or other appropriate mechanisms to ensure eligibility verification for individuals receiving Federal public benefits within a sanctuary jurisdiction",2026-09-04T20:37:49+00:00
14289,2025-07835,ungrounded_authorities,"shall be subject to additional tariffs on that article pursuant to the actions listed in section 2(e) of this order, provided the article otherwise satisfies all conditions necessary for application of those additional tariffs.",2026-09-04T20:37:49+00:00
14291,2025-08134,ungrounded_authorities,The Department of Justice shall provide such funding and administrative and technical support as the Commission may require.,2026-09-04T20:37:49+00:00
14291,2025-08134,ungrounded_authorities,"The Commission shall produce a comprehensive report on the foundations of religious liberty in America, the impact of religious liberty on American society, and current threats to domestic religious liberty.",2026-09-04T20:37:49+00:00
14301,2025-09799,ungrounded_authorities,"the Secretary shall take appropriate action to revise the regulations, guidance, and procedures ... to significantly expedite the review, approval, and deployment of advanced reactors.",2026-09-04T20:37:49+00:00
14301,2025-09799,ungrounded_authorities,the Secretary shall establish a team ... to provide assistance to the applicant to ensure expeditious processing of its application.,2026-09-04T20:37:49+00:00
14309,2025-11473,ungrounded_authorities,"the Secretary shall design and establish a tariff-rate quota for aluminum articles and derivative aluminum articles that are products of the United Kingdom, consistent with the General Terms.",2026-09-04T20:37:49+00:00
14309,2025-11473,ungrounded_authorities,"the Secretary shall design and establish a tariff-rate quota for steel articles and derivative steel articles that are products of the United Kingdom, consistent with the General Terms.",2026-09-04T20:37:49+00:00
14326,2025-15010,ungrounded_authorities,"by the authority vested in me … including the International Emergency Economic Powers Act (IEEPA), the National Emergencies Act, section 604 of the Trade Act of 1974, and section 301 of title 3, United States Code",2026-09-04T20:37:49+00:00
14340,2025-16615,ungrounded_authorities,Nothing in this order shall be construed to impair or otherwise affect the authority granted by law to an executive department or agency,2026-09-04T20:37:49+00:00
14398,2026-06286,ungrounded_authorities,"The Attorney General, in consultation with relevant contracting agencies, shall consider whether to bring actions under the False Claims Act",2026-09-04T20:37:49+00:00
14410,2026-11594,ungrounded_authorities,"5 CFR 6.2 is amended by revising the first sentence to read: ``OPM shall publish at least annually a list of the positions excepted from the competitive service in the following schedules, which constitute parts of this rule:''",2026-09-04T20:37:49+00:00
12901,94-5434,ungrounded_deadlines,"Within 6 months of the submission of the National Trade Estimate Report for 1994 and 1995, the United States Trade Representative shall review United States trade expansion priorities and identify priority foreign country practices.",2026-09-04T20:37:49+00:00
12901,94-5434,ungrounded_deadlines,"Within 21 days of the submission of the report required by paragraph (a) of section 1, the Trade Representative shall initiate investigations under title III, chapter 1, of the Act with respect to all of the priority foreign country practices identified.",2026-09-04T20:37:49+00:00
12902,94-5834,ungrounded_deadlines,"Within 180 days of the date of this order, DOE shall, within 180 days of the date of this order, develop and make available through the Task Force: … guidance … a model solicitation … a national list of companies … an annually‑updated guidance manual",2026-09-04T20:37:49+00:00
13027,96-29815,ungrounded_deadlines,"Within 30 days after submission of final offers for settlement of the dispute, the board shall submit a report to the President.",2026-09-04T20:37:49+00:00
13112,99-3184,ungrounded_deadlines,Within 18 months after measures have been recommended by the Council … each Federal agency shall either take the action recommended or shall provide the Council with an explanation,2026-09-04T20:37:49+00:00
13116,99-8433,ungrounded_deadlines,Within 30 days of the submission of the National Trade Estimate Report ... the Trade Representative shall review,2026-09-04T20:37:49+00:00
13123,99-14633,ungrounded_deadlines,"Within 120 days of this order, the Director of OMB shall: develop and issue guidance to agency budget officers on preparation of annual funding requests associated with the implementation of the order for the FY 2001 budget",2026-09-04T20:37:49+00:00
13123,99-14633,ungrounded_deadlines,"Within 180 days of this order, the Secretary of Energy, in collaboration with other agency heads, shall: issue guidelines to assist agencies in measuring energy per square foot, per unit of production, or other applicable unit in industrial, laboratory, research, and other energy‑intensive facilitie",2026-09-04T20:37:49+00:00
13123,99-14633,ungrounded_deadlines,"Within 1 year of this order, the Secretary of Energy, in collaboration with other agency heads, shall: provide guidance for counting renewable and highly efficient energy projects and purchases of electricity from renewable and highly efficient energy sources toward agencies' progress",2026-09-04T20:37:49+00:00
13139,99-26078,ungrounded_deadlines,"The waiver will expire at the end of 1 year (or an alternative time period not to exceed 1 year, specified by the President at the time of approval).",2026-09-04T20:37:49+00:00
13179,00-31692,ungrounded_deadlines,"No later than July 31, 2001, ensure the availability of forms necessary for making claims",2026-09-04T20:37:49+00:00
13179,00-31692,ungrounded_deadlines,"No later than May 31, 2001, promulgate regulations establishing guidelines",2026-09-04T20:37:49+00:00
13181,00-33004,ungrounded_deadlines,"On an annual basis, the Department of Justice, in consultation with the Department of Health and Human Services, shall provide to the President ... a report",2026-09-04T20:37:49+00:00
13262,02-9536,ungrounded_deadlines,"The amendments made to Rules for Courts‑Martial 1003(b)(7), 1004(e), 1006(d)(4)(B), and 1009(e)(3)(B)(ii) shall only apply to offenses committed after November 18, 1997.",2026-09-04T20:37:49+00:00
13334,04-8616,ungrounded_deadlines,"from the date of the creation of the Board and for 120 days thereafter, no change in the conditions out of which the dispute arose shall be made by the parties to the controversy, except by agreement of the parties.",2026-09-04T20:37:49+00:00
13416,06-9619,ungrounded_deadlines,"not later than 180 days after the date of this order, establishing and making available ... lists of available technologies and products relating to the protection of surface transportation",2026-09-04T20:37:49+00:00
13422,07-293,ungrounded_deadlines,"Within 60 days of the date of this Executive order, each agency head shall designate one of the agency's Presidential Appointees to be its Regulatory Policy Officer.",2026-09-04T20:37:49+00:00
13423,07-374,ungrounded_deadlines,within 30 days after the date of this order designate a senior civilian officer ... to be responsible for implementation of this order within the agency,2026-09-04T20:37:49+00:00
13423,07-374,ungrounded_deadlines,"not later than January 1 of each year through and including 2010, the Secretary of Defense shall submit ... a report",2026-09-04T20:37:49+00:00
13433,07-2518,ungrounded_deadlines,"Within 90 days after the date of this order, each agency head shall notify the Attorney General and OMB of any contingency fee agreements.",2026-09-04T20:37:49+00:00
13502,E9-3113,ungrounded_deadlines,"Within 120 days of the date of this order, the Federal Acquisition Regulatory Council (FAR Council) shall take whatever action is required to amend the Federal Acquisition Regulation",2026-09-04T20:37:49+00:00
13502,E9-3113,ungrounded_deadlines,"shall provide the President within 180 days of this order, recommendations about whether broader use of project labor agreements would help promote economical, efficient, and timely completion of projects",2026-09-04T20:37:49+00:00
13505,E9-5441,ungrounded_deadlines,"Within 120 days from the date of this order, the Secretary, through the Director of NIH, shall review existing NIH guidance and other recognized guidelines on human stem cell research",2026-09-04T20:37:49+00:00
13514,E9-24518,ungrounded_deadlines,"within 90 days of the date of this order, establish and report to the CEQ Chair ... a percentage reduction target for agency‑wide reductions of scope 1 and 2 greenhouse gas emissions",2026-09-04T20:37:49+00:00
13514,E9-24518,ungrounded_deadlines,"within 15 months of the date of this order for fiscal year 2010, and thereafter, annually at the end of January, for the preceding fiscal year",2026-09-04T20:37:49+00:00
13514,E9-24518,ungrounded_deadlines,"within 240 days of the date of this order, and annually thereafter, preparing and submitting to the CEQ Chair and OMB Director a multi‑year Strategic Sustainability Performance Plan",2026-09-04T20:37:49+00:00
13514,E9-24518,ungrounded_deadlines,"within 180 days of the date of this order, the Department of Transportation ... shall provide recommendations to the CEQ Chair regarding sustainable location strategies",2026-09-04T20:37:49+00:00
13514,E9-24518,ungrounded_deadlines,"within 180 days of the date of this order, the General Services Administration ... shall provide recommendations to the CEQ Chair on Federal local transportation logistics",2026-09-04T20:37:49+00:00
13514,E9-24518,ungrounded_deadlines,"within 180 days of the date of this order, the General Services Administration ... shall review and provide recommendations to the CEQ Chair regarding the feasibility of working with the Federal vendor and contractor community",2026-09-04T20:37:49+00:00
13526,E9-31418,ungrounded_deadlines,"Not later than 3 years from the effective date of this order, all records exempted from automatic declassification ... shall be automatically declassified on December 31 of a year that is no more than 50 years from the date of origin.",2026-09-04T20:37:49+00:00
13556,2010-28360,ungrounded_deadlines,"Each agency head shall, within 180 days of the date of this order, review all categories, subcategories, and markings used by the agency … and submit to the Executive Agent a catalogue of proposed categories and subcategories of CUI",2026-09-04T20:37:49+00:00
13636,2013-03915,ungrounded_deadlines,"The Chief Privacy Officer and the Officer for Civil Rights and Civil Liberties of the Department of Homeland Security ... shall ... produce a publicly available report, to be released within 1 year of the date of this order",2026-09-04T20:37:49+00:00
13693,2015-07016,ungrounded_deadlines,"within 45 days of the date of this order, an agency Chief Sustainability Officer, who shall be a senior civilian officer of the United States, shall be designated",2026-09-04T20:37:49+00:00
13693,2015-07016,ungrounded_deadlines,"Within 45 days of the date of this order, the head of each contributing agency shall designate an agency Chief Sustainability Officer",2026-09-04T20:37:49+00:00
13703,2015-19209,ungrounded_deadlines,"Within 100 days of the date of this order, the Secretary of State shall submit to ONAP and OMB recommendations for improving the Government-wide response to the domestic HIV/AIDS epidemic.",2026-09-04T20:37:49+00:00
13703,2015-19209,ungrounded_deadlines,"Within 100 days of the date of this order, the Chair of the Commission shall submit to ONAP and OMB recommendations for increasing employment opportunities for people living with HIV.",2026-09-04T20:37:49+00:00
13711,2015-29498,ungrounded_deadlines,"Within 30 days after the submission of final offers for settlement of the disputes, the Board shall submit a report to the President.",2026-09-04T20:37:49+00:00
13711,2015-29498,ungrounded_deadlines,"until 60 days after the Board submits its report to the President, the parties shall make no change in the conditions out of which the disputes arose.",2026-09-04T20:37:49+00:00
13713,2015-31749,ungrounded_deadlines,"All executive branch departments and agencies shall be closed and their employees excused from duty for the last half of the scheduled workday on Thursday, December 24, 2015",2026-09-04T20:37:49+00:00
13717,2016-02475,ungrounded_deadlines,"Commencing within 90 days after the date of this order, each agency shall ensure that every new building ... is in compliance with the earthquake‑resistant design provisions of the 2015 editions of the International Building Code (IBC) or the International Residential Code (IRC).",2026-09-04T20:37:49+00:00
13725,2016-09346,ungrounded_deadlines,"Not later than 30 days from the date of this order, agencies shall submit to the Director of the National Economic Council an initial list of actions.",2026-09-04T20:37:49+00:00
13725,2016-09346,ungrounded_deadlines,"Not later than 60 days from the date of this order, agencies shall report to the President, through the Director of the National Economic Council, recommendations on agency-specific actions.",2026-09-04T20:37:49+00:00
13767,2017-02095,ungrounded_deadlines,"the Secretary, within 90 days of the date of this order, shall submit to the President a report on the progress of the directives contained in this order",2026-09-04T20:37:49+00:00
13793,2017-08990,ungrounded_deadlines,"Within 45 days of the date of this order, the Secretary shall establish in the VA the Office of Accountability and Whistleblower Protection",2026-09-04T20:37:49+00:00
13800,2017-10004,ungrounded_deadlines,shall jointly submit a report to the President ... within 90 days of the date of this order,2026-09-04T20:37:49+00:00
13800,2017-10004,ungrounded_deadlines,shall submit reports to the President ... within 45 days of the date of this order,2026-09-04T20:37:49+00:00
13815,2017-23630,ungrounded_deadlines,"Within 180 days of the date of this order, the Attorney General ... shall provide a report to the President",2026-09-04T20:37:49+00:00
13828,2018-07874,ungrounded_deadlines,"within 90 days of the date of this order, the Secretaries shall: (iv) ... submit ... a list of recommended regulatory and policy changes ...",2026-09-04T20:37:49+00:00
13837,2018-11916,ungrounded_deadlines,"As soon as practicable, but not later than 180 days from the date of this order, each agency shall develop and implement a procedure governing the authorization of taxpayer‑funded union time.",2026-09-04T20:37:49+00:00
13837,2018-11916,ungrounded_deadlines,"As soon as practicable, but not later than 180 days from the date of this order, each agency shall develop and implement a system to monitor the use of taxpayer‑funded union time.",2026-09-04T20:37:49+00:00
13837,2018-11916,ungrounded_deadlines,"Each agency shall implement the requirements of this order within 45 days of the date of this order, except for subsection 4(b) of this order, which shall be effective for employees at an agency when such agency implements the procedure required by section 5(b) of this order.",2026-09-04T20:37:49+00:00
13839,2018-11939,ungrounded_deadlines,"Within 15 months of the adoption of any final rules, the OPM Director shall submit to the President a report",2026-09-04T20:37:49+00:00
13858,2019-01426,ungrounded_deadlines,"Within 90 days of the date of this order, the head of each executive department and agency (agency) administering a covered program shall encourage recipients of new Federal financial assistance awards to use iron and aluminum as well as steel, cement, and other manufactured products produced in the",2026-09-04T20:37:49+00:00
13858,2019-01426,ungrounded_deadlines,"Within 120 days of the date of this order, the head of each agency administering a covered program shall identify in a report to the President any tools, techniques, terms, or conditions that could be used to maximize the use of iron and aluminum as well as steel, cement, and other manufactured prod",2026-09-04T20:37:49+00:00
13859,2019-02544,ungrounded_deadlines,"Within 180 days of the date of this order, the OMB Director, in coordination with the OSTP Director, the Director of the Domestic Policy Council, and the Director of the National Economic Council, shall issue a memorandum to the heads of all agencies",2026-09-04T20:37:49+00:00
13865,2019-06325,ungrounded_deadlines,"Within 180 days of the completion of the activities directed by subsections (b)(iii) and (c)(i) of this section, the Secretary of Homeland Security, in coordination with the heads of other agencies and in consultation with the private sector as appropriate, shall develop and implement a pilot test t",2026-09-04T20:37:49+00:00
13866,2019-06548,ungrounded_deadlines,"Schedule 8 is effective January 1, 2019, as set forth in Section 7.",2026-09-04T20:37:49+00:00
13875,2019-13175,ungrounded_deadlines,"The head of each agency shall submit to the Director on or before August 1, 2019: a recommendation ... and a detailed plan",2026-09-04T20:37:49+00:00
13879,2019-15159,ungrounded_deadlines,"Within 120 days of the date of this order, the Secretary shall: (a) announce that the Department will consider requests for premarket approval of wearable or implantable artificial kidneys",2026-09-04T20:37:49+00:00
13879,2019-15159,ungrounded_deadlines,"Within 120 days of the date of this order, the Secretary shall: (b) produce a strategy for encouraging innovation in new therapies through the Kidney Innovation Accelerator (KidneyX)",2026-09-04T20:37:49+00:00
13927,2020-12584,ungrounded_deadlines,"No later than 30 days of the date of this order, the heads of all agencies shall provide a summary report, listing such actions",2026-09-04T20:37:49+00:00
13927,2020-12584,ungrounded_deadlines,"No later than 30 days of the date of this order, the heads of all agencies shall provide a summary report, listing such actions",2026-09-04T20:37:49+00:00
13927,2020-12584,ungrounded_deadlines,"No later than 30 days of the date of this order, the heads of all agencies, including the Secretary of the Army, acting through the Assistant Secretary of the Army for Civil Works, shall provide a summary report, listing such actions",2026-09-04T20:37:49+00:00
13927,2020-12584,ungrounded_deadlines,"No later than 30 days of the date of this order, all heads of agencies shall provide a summary report, listing such actions",2026-09-04T20:37:49+00:00
13929,2020-13449,ungrounded_deadlines,"Within 90 days of the date of this order, the Secretary of Health and Human Services shall summarize the results of this survey in a report to the President, through the Assistant to the President for Domestic Policy and the Director of the Office of Management and Budget.",2026-09-04T20:37:49+00:00
13930,2020-14077,ungrounded_deadlines,"Within 1 year of the date of this order and each year thereafter, the Secretary shall submit to the President… a report",2026-09-04T20:37:49+00:00
13930,2020-14077,ungrounded_deadlines,"Within 3 years of the date of this order, the Secretary shall develop data analysis methods…",2026-09-04T20:37:49+00:00
13944,2020-18012,ungrounded_deadlines,"No later than 60 days after the FDA Commissioner has identified, pursuant to section 3(c) of this order, the initial list of Essential Medicines, Medical Countermeasures, and Critical Inputs, the Secretary of Defense shall ... restrict the procurement of Essential Medicines, Medical Countermeasures,",2026-09-04T20:37:49+00:00
13979,2021-01644,ungrounded_deadlines,"Within 180 days of the date of this order, the head of each agency shall, to the extent permitted by law: review delegations of authority regarding rulemaking and make any revisions necessary",2026-09-04T20:37:49+00:00
13984,2021-01714,ungrounded_deadlines,"Within 180 days of the date of this order, the Secretary shall propose for notice and comment regulations that require United States IaaS providers to take any of the special measures described in subsection (d) of this section if the Secretary, in consultation with ... finds:",2026-09-04T20:37:49+00:00
13984,2021-01714,ungrounded_deadlines,"Within 240 days of the date of this order, the Attorney General and the Secretary of Homeland Security, in coordination with the Secretary, and as the Attorney General and Secretary of Homeland Security deem appropriate, the heads of other agencies, shall develop and submit to the President a report",2026-09-04T20:37:49+00:00
13998,2021-01859,ungrounded_deadlines,"within 14 days of the date of this order, the Secretary of HHS, the Secretary of Transportation, and the Secretary of Homeland Security shall submit to the President a plan to implement appropriate public health measures at land ports of entry",2026-09-04T20:37:49+00:00
14010,2021-02561,ungrounded_deadlines,"within 270 days of the date of this order, promulgate joint regulations, consistent with applicable law, addressing the circumstances in which a person should be considered a “particular social group,” …",2026-09-04T20:37:49+00:00
14013,2021-02804,ungrounded_deadlines,"Within 180 days of the date of this order, the Secretary of State, in consultation with the Secretary of Defense, shall also direct a review of the procedures for Chief of Mission approval …",2026-09-04T20:37:49+00:00
14013,2021-02804,ungrounded_deadlines,"Within 180 days of the date of this order, the APNSA, in consultation with the Secretary of State, the Secretary of Defense, the Secretary of Homeland Security, the Administrator of USAID, and the Director of National Intelligence, shall prepare and submit to the President a report on climate change",2026-09-04T20:37:49+00:00
14015,2021-03424,ungrounded_deadlines,The operations of the White House Partnerships Office shall be begin within 30 days of the date of this order.,2026-09-04T20:37:49+00:00
14019,2021-05087,ungrounded_deadlines,"Within 200 days of the date of this order, the head of each agency shall submit a strategic plan",2026-09-04T20:37:49+00:00
14019,2021-05087,ungrounded_deadlines,"Within 200 days of the date of this order, the Director of the Office of Personnel Management shall take the following actions",2026-09-04T20:37:49+00:00
14019,2021-05087,ungrounded_deadlines,"Within 270 days of the date of this order, the National Institute of Standards and Technology shall evaluate the steps needed",2026-09-04T20:37:49+00:00
14031,2021-11792,ungrounded_deadlines,"On an annual basis, the Co‑Chairs of the Initiative shall develop and submit to the President a report outlining a Government‑wide interagency plan to advance equity, justice, and opportunity for AA and NHPI communities.",2026-09-04T20:37:49+00:00
14035,2021-14127,ungrounded_deadlines,"within 150 days of the date of this order, develop and issue a Government-wide Diversity, Equity, Inclusion, and Accessibility Strategic Plan (Government-wide DEIA Plan)",2026-09-04T20:37:49+00:00
14035,2021-14127,ungrounded_deadlines,"within 120 days of the issuance of the Government-wide DEIA Plan, develop and submit to the APDP, the Director of OPM, and the Deputy Director for Management of OMB an Agency Diversity, Equity, Inclusion, and Accessibility Strategic Plan",2026-09-04T20:37:49+00:00
14036,2021-15069,ungrounded_deadlines,"not later than 180 days after the date of this order, submit a report to the Chair of the White House Competition Council, on the effects of lack of competition on labor markets",2026-09-04T20:37:49+00:00
14036,2021-15069,ungrounded_deadlines,"not later than 270 days after the date of this order, submit a report to the Chair of the White House Competition Council, assessing the effects on competition of large technology firms' and other non-bank companies' entry into consumer finance markets",2026-09-04T20:37:49+00:00
14042,2021-19924,ungrounded_deadlines,"By September 24, 2021, the Safer Federal Workforce Task Force shall ... provide definitions of relevant terms for contractors and subcontractors",2026-09-04T20:37:49+00:00
14057,2021-27114,ungrounded_deadlines,"Each agency shall reduce its scope 1, 2, and 3 greenhouse gas emissions … by fiscal year 2030 measured from a fiscal year 2008 baseline",2026-09-04T20:37:49+00:00
14072,2022-09138,ungrounded_deadlines,shall within 1 year of the date of this order: develop a Federal goal that charges agencies to meet agency-specific reforestation targets by 2030,2026-09-04T20:37:49+00:00
14074,2022-11810,ungrounded_deadlines,"Within 240 days of the date of this order, the Attorney General shall, within 240 days of the date of this order, establish the National Law Enforcement Accountability Database",2026-09-04T20:37:49+00:00
14074,2022-11810,ungrounded_deadlines,"Within 180 days of the date of this order, the Secretary of HHS shall, within 180 days of the date of this order, conduct a nationwide study of the community effects of use of force by law enforcement officers",2026-09-04T20:37:49+00:00
14074,2022-11810,ungrounded_deadlines,"Within 180 days of the date of this order, the Attorney General shall request the National Academy of Sciences … to conduct a study of facial recognition technology",2026-09-04T20:37:49+00:00
14074,2022-11810,ungrounded_deadlines,"Within 120 days of the date of this order, the Attorney General shall publish a report on the steps the DOJ has taken … to fully implement the Death in Custody Reporting Act of 2013",2026-09-04T20:37:49+00:00
14074,2022-11810,ungrounded_deadlines,"Within 180 days of the date of this order, the Attorney General shall, within 180 days of the date of this order, submit a report to the President detailing steps the DOJ has taken … to ensure restrictive housing … is used rarely, applied fairly, and subject to reasonable constraints",2026-09-04T20:37:49+00:00
14074,2022-11810,ungrounded_deadlines,"Within 240 days of the date of this order, the Attorney General shall, within 240 days of the date of this order, complete a comprehensive review and transmit a report to the President identifying any planned steps to address conditions of confinement",2026-09-04T20:37:49+00:00
14074,2022-11810,ungrounded_deadlines,"Within 180 days of the date of this order, the Attorney General shall, in consultation with the Director of OMB, submit a report to the President summarizing: … the First Step Act implementation",2026-09-04T20:37:49+00:00
14074,2022-11810,ungrounded_deadlines,"Within 120 days of the date of this order, the Attorney General, in consultation with the United States Chief Data Scientist and the United States Chief Statistician, shall review the status of State, Tribal, local, and territorial LEAs transitioning … and shall submit a report to the President",2026-09-04T20:37:49+00:00
14081,2022-20167,ungrounded_deadlines,"Within 180 days of the date of this order, the Secretary of Homeland Security … shall provide the APNSA with vulnerability assessments",2026-09-04T20:37:49+00:00
14089,2022-27585,ungrounded_deadlines,"Within 180 days of the date of this order, the Secretary of State shall establish the President's Advisory Council on African Diaspora Engagement in the United States.",2026-09-04T20:37:49+00:00
14100,2023-12974,ungrounded_deadlines,"Beginning with Fiscal Year 2025, the Director of OPM shall revise the title ...; Beginning with Fiscal Year 2025, agencies shall list the Military Spouse Noncompetitive Appointment Authority ...",2026-09-04T20:37:49+00:00
14110,2023-24283,ungrounded_deadlines,"Within 270 days of the date of this order, the Secretary of Commerce, acting through the Director of the National Institute of Standards and Technology (NIST), ... shall: (i) Establish guidelines and best practices",2026-09-04T20:37:49+00:00
14117,2024-04573,ungrounded_deadlines,"Within 1 year of the effective date of the regulations issued pursuant to section 2(c) of this order, the Attorney General, in consultation with the Secretary of State, the Secretary of the Treasury, the Secretary of Commerce, and the Secretary of Homeland Security, shall submit a report to the Pres",2026-09-04T20:37:49+00:00
14117,2024-04573,ungrounded_deadlines,"Within 120 days of the date of this order, the APNSA, the Assistant to the President and Director of the Domestic Policy Council, the Director of the Office of Science and Technology Policy, and the Director of the Office of Pandemic Preparedness and Response Policy, in consultation with the Secreta",2026-09-04T20:37:49+00:00
14120,2024-06123,ungrounded_deadlines,"Within 90 days of the date of this order, the Secretary of Health and Human Services shall: (i) launch a comprehensive assessment of the current state of the science on menopause",2026-09-04T20:37:49+00:00
14128,2024-27850,ungrounded_deadlines,"until 60 days after the Board submits its report to the President, the parties shall make no change in the conditions",2026-09-04T20:37:49+00:00
14144,2025-01470,ungrounded_deadlines,Within 30 days of the issuance of the recommendations described in subsection (c)(iv),2026-09-04T20:37:49+00:00
14145,2025-01758,ungrounded_deadlines,"Within 1 year of the date of this order, the Secretary of Commerce shall work with implementing agencies to:",2026-09-04T20:37:49+00:00
14161,2025-02009,ungrounded_deadlines,"As soon as possible, but no later than 30 days from the date of this order, the Secretary of State ... shall also:",2026-09-04T20:37:49+00:00
14173,2025-02097,ungrounded_deadlines,"within 120 days of this order, the Attorney General, within 120 days of this order, in consultation with the heads of relevant agencies and in coordination with the Director of OMB, shall submit a report to the Assistant to the President for Domestic Policy",2026-09-04T20:37:49+00:00
14178,2025-02123,ungrounded_deadlines,"Within 60 days of the date of this order, each agency shall submit to the Chair recommendations with respect to whether each identified regulation, guidance document, order or other item should be rescinded or modified, or, for items other than regulations, adopted in a regulation.",2026-09-04T20:37:49+00:00
14219,2025-03138,ungrounded_deadlines,"Within 60 days of the date of this order, agency heads shall identify the following classes of regulations",2026-09-04T20:37:49+00:00
14219,2025-03138,ungrounded_deadlines,"Within 60 days of the date of this order, agency heads shall provide to the Administrator of OIRA a list of all identified regulations",2026-09-04T20:37:49+00:00
14240,2025-05197,ungrounded_deadlines,"Within 30 days of the date of this order, the Director of OMB shall designate the Administrator as the executive agent for all Government-wide acquisition contracts for information technology",2026-09-04T20:37:49+00:00
14243,2025-05214,ungrounded_deadlines,"Within 30 days of the date of this order, Agency Heads shall rescind or modify all agency guidance that serves as a barrier",2026-09-04T20:37:49+00:00
14259,2025-06378,ungrounded_deadlines,"(b) increase the per postal item containing goods duty ... from 25 dollars to 75 dollars; ... on or after 12:01 a.m. eastern daylight time on May 2, 2025, and before 12:01 a.m. eastern daylight time on June 1, 2025,",2026-09-04T20:37:49+00:00
14267,2025-06463,ungrounded_deadlines,"Within 90 days of receipt of the agency lists, the Chairman shall provide to the Director of the Office of Management and Budget (OMB Director) a consolidated list of regulations",2026-09-04T20:37:49+00:00
14269,2025-06465,ungrounded_deadlines,"Within 90 days of the date of this order, the USTR … shall engage treaty allies … and shall deliver an engagement plan and progress report to the President.",2026-09-04T20:37:49+00:00
14269,2025-06465,ungrounded_deadlines,Within 30 days of this order … the Secretary of Transportation shall … take action to hire the necessary facilities staff and reprogram budgetary resources …,2026-09-04T20:37:49+00:00
14269,2025-06465,ungrounded_deadlines,"Within 30 days of the date of this order … the Secretary of Defense, the Secretary of Transportation, and the Secretary of Homeland Security shall conduct a review of their regulations … and shall submit a report of its findings to the OMB Director and to the APNSA for inclusion in the MAP.",2026-09-04T20:37:49+00:00
14269,2025-06465,ungrounded_deadlines,Within 180 days of the date of this order … the Secretary of Transportation shall … deliver a legislative proposal … that is designed to ensure that adequate cubed footage and gross tonnage of United States‑flagged commercial vessels can be called upon in times of crisis,2026-09-04T20:37:49+00:00
14275,2025-06839,ungrounded_deadlines,"Within 180 days of the date of this order, the Administrator shall take appropriate actions to amend the FAR",2026-09-04T20:37:49+00:00
14275,2025-06839,ungrounded_deadlines,"Within 15 days of the date of this order, each agency exercising procurement authority shall designate a senior acquisition or procurement official",2026-09-04T20:37:49+00:00
14275,2025-06839,ungrounded_deadlines,"Within 20 days of the date of this order, the Director of OMB, in consultation with the Administrator, shall issue a memorandum to agencies",2026-09-04T20:37:49+00:00
14277,2025-07368,ungrounded_deadlines,"Within 90 days of the date of this order, the Secretary of Education shall issue guidance regarding the use of formula and discretionary grant funds.",2026-09-04T20:37:49+00:00
14277,2025-07368,ungrounded_deadlines,"Within 90 days of the date of this order, the Secretary of Education shall identify and implement ways to utilize existing research programs.",2026-09-04T20:37:49+00:00
14277,2025-07368,ungrounded_deadlines,"Within 120 days of the date of this order, the Secretary of Education shall take steps to prioritize the use of AI in discretionary grant programs for teacher training.",2026-09-04T20:37:49+00:00
14277,2025-07368,ungrounded_deadlines,"Within 120 days of the date of this order, the Secretary of Agriculture shall take steps to prioritize research, extension, and education on the use of AI.",2026-09-04T20:37:49+00:00
14277,2025-07368,ungrounded_deadlines,"Within 120 days of the date of this order, the Secretary of Labor shall seek to increase participation in AI‑related Registered Apprenticeships.",2026-09-04T20:37:49+00:00
14288,2025-07790,ungrounded_deadlines,"Within 60 days of the date of this order, the Attorney General shall review all ongoing Federal consent decrees, out-of-court agreements, and post‑judgment orders ... and modify, rescind, or move to conclude such measures that unduly impede the performance of law enforcement functions.",2026-09-04T20:37:49+00:00
14295,2025-08682,ungrounded_deadlines,"Within 45 days of the date of this order, the Archivist, acting through the Office of the Federal Register, shall review the fee schedules for publication in the Federal Register and, working with the Director of the Government Publishing Office, take steps to ensure that fees are based on the actua",2026-09-04T20:37:49+00:00
14301,2025-09799,ungrounded_deadlines,"Within 60 days of the date of this order, the Secretary shall issue guidance regarding what counts as a qualified test reactor.",2026-09-04T20:37:49+00:00
14301,2025-09799,ungrounded_deadlines,"take action to reform the Department's rules governing compliance with the National Environmental Policy Act (NEPA) no later than June 30, 2025.",2026-09-04T20:37:49+00:00
14305,2025-10803,ungrounded_deadlines,"within 30 days of the date of this order, the Attorney General, the Secretary of Transportation, the Secretary of Homeland Security, and the Chairman of the Federal Communications Commission shall revise the August 2020 ""Advisory ...""",2026-09-04T20:37:49+00:00
14306,2025-10804,ungrounded_deadlines,"By December 1, 2025, the Secretary of Commerce, acting through the Director of NIST, shall develop and publish a preliminary update to the SSDF",2026-09-04T20:37:49+00:00
14307,2025-10814,ungrounded_deadlines,"Within 30 days of the date of this order, the Secretary of Transportation, acting through the Administrator of the FAA, shall issue a proposed rule enabling routine BVLOS operations",2026-09-04T20:37:49+00:00
14307,2025-10814,ungrounded_deadlines,"Within 180 days of the date of this order, the Secretary of Transportation, acting through the Administrator of the FAA, shall identify and describe additional regulatory barriers to BVLOS implementation",2026-09-04T20:37:49+00:00
14307,2025-10814,ungrounded_deadlines,"Within 120 days of the date of this order, the Secretary of Transportation, acting through the Administrator of the FAA, shall initiate the deployment of artificial intelligence (AI) tools to assist in the review of UAS waiver applications",2026-09-04T20:37:49+00:00
14307,2025-10814,ungrounded_deadlines,"Within 90 days of the date of this order, the Secretary of Commerce, in coordination with the Secretary of State, the Secretary of Defense, and the Secretary of Energy, shall review and amend export control regulations",2026-09-04T20:37:49+00:00
14307,2025-10814,ungrounded_deadlines,"Within 90 days of the date of this order, the Secretary of Defense shall expand DIU's Blue UAS List to include all drones and critical drone components",2026-09-04T20:37:49+00:00
14307,2025-10814,ungrounded_deadlines,"Within 90 days of the date of this order, the Secretary of Defense shall submit a report to the President ... describing any unnecessary barriers to accessing electromagnetic spectrum for conducting UAS training",2026-09-04T20:37:49+00:00
14318,2025-14212,ungrounded_deadlines,"The Executive Director (Executive Director) of the Federal Permitting Improvement Steering Council (FPISC) may, within 30 days of the date that a project is identified to FPISC by a relevant agency, designate a Qualifying Project as a transparency project pursuant to ... FAST‑41",2026-09-04T20:37:49+00:00
14322,2025-14392,ungrounded_deadlines,"Within 60 days of the date of this order, the Attorney General and the Chairman of the Federal Trade Commission shall: … develop a plan",2026-09-04T20:37:49+00:00
14336,2025-15823,ungrounded_deadlines,"Within 90 days of the date of this order, the ASPR shall provide the APHSA, the APEP, and the OMB with an update … and a plan to:",2026-09-04T20:37:49+00:00
14342,2025-16618,ungrounded_deadlines,"Within 30 days of the date of this order, the Attorney General shall submit to the President a list of States and local jurisdictions that have substantially eliminated cash bail.",2026-09-04T20:37:49+00:00
14363,2025-21665,ungrounded_deadlines,"Within 120 days of the date of this order, the Secretary shall: identify a set of initial data and model assets",2026-09-04T20:37:49+00:00
14383,2026-02814,ungrounded_deadlines,"Within 120 days of the date of this order, the Secretary of War, in coordination with the Secretary of State and the Secretary of Commerce, shall submit to the President a sales catalog of prioritized platforms and systems",2026-09-04T20:37:49+00:00
14409,2026-11415,ungrounded_deadlines,"Within 60 days of the date of this order, the Secretary of the Treasury, the Secretary of War, ... shall develop and maintain a classified benchmarking process ...",2026-09-04T20:37:49+00:00
14409,2026-11415,ungrounded_deadlines,"Within 60 days of the date of this order, the Secretary of the Treasury, the Secretary of War, ... shall design a voluntary framework with AI developers ...",2026-09-04T20:37:49+00:00
14411,2026-11595,ungrounded_deadlines,"Within 90 days of the date of this order, the Secretary shall enhance transparency in customs ... publishing annual enforcement transparency reports",2026-09-04T20:37:49+00:00
14412,2026-12909,ungrounded_deadlines,"Within 180 days of the date of this order, the FAR Council ... shall publish a proposed rule amending the Federal Acquisition Regulation (FAR) to require covered contractors to comply by December 31, 2030",2026-09-04T20:37:49+00:00
14412,2026-12909,ungrounded_deadlines,"Within 180 days of the date of this order, the Director of the NSA ... shall submit a report to the President ... on the status of PQC migration for agencies that own or operate National Security Systems",2026-09-04T20:37:49+00:00
14413,2026-12910,ungrounded_deadlines,"Within 180 days of the date of this order, the Secretary of Commerce shall develop a plan ... to encourage contributions to the QC‑ADDS Effort from commercial quantum computing companies.",2026-09-04T20:37:49+00:00
14413,2026-12910,ungrounded_deadlines,"Within 180 days of the date of this order, the Secretary of War shall establish or designate activities and programs to develop the tools and capabilities necessary to advance readiness for national security applications of quantum computing",2026-09-04T20:37:49+00:00
14413,2026-12910,ungrounded_deadlines,Within 180 days of the date of this order: (ii) the Director of NSF shall take steps to issue grants for establishing QIST user facilities ...,2026-09-04T20:37:49+00:00
14413,2026-12910,ungrounded_deadlines,the APST shall recommend a revised NQIAC membership list and shall task the NQIAC to develop recommendations ... within 210 days of the date of this order,2026-09-04T20:37:49+00:00
14413,2026-12910,ungrounded_deadlines,"Reports shall be submitted to the President, through the APST and the Director of OMB, regarding the actions directed in: (ii) section 5(b) of this order within 120 days of the date of this order;",2026-09-04T20:37:49+00:00
14413,2026-12910,ungrounded_deadlines,"Reports shall be submitted to the President, through the APST and the APNSA, regarding the actions directed in: (ii) section 9(a) of this order within 180 days of the date of this order;",2026-09-04T20:37:49+00:00
14415,2026-15003,ungrounded_deadlines,"Within 180 days of the date of this order, the Secretary shall initiate regulatory action to: (i) identify ... acquisitions ...; (ii) require contractors ... to qualify and utilize an alternative source",2026-09-04T20:37:49+00:00
12919,94-14027,ungrounded_relationships,"Executive Order No. 12773 of September 26, 1991, except that part of the order that amends section 604 of Executive Order 10480",2026-09-04T20:37:49+00:00
12932,94-25940,ungrounded_relationships,"I hereby revoke Executive Order Nos. 12775, 12779, 12853, 12872, 12914, 12917, 12920, and 12922.",2026-09-04T20:37:49+00:00
13064,97-27644,ungrounded_relationships,"Section 6(f), as amended, shall be further amended by deleting ``the Principals Committee, the Steering Committee, and the Advisory Committee''",2026-09-04T20:37:49+00:00
13088,98-15888,ungrounded_relationships,"all property and interests in property of the Governments of the Federal Republic of Yugoslavia (Serbia and Montenegro), the Republic of Serbia, and the Republic of Montenegro are hereby blocked.",2026-09-04T20:37:49+00:00
13115,99-7999,ungrounded_relationships,The Secretary of Transportation shall select from among Task Force members a Chair and Vice Chair for the Task Force.,2026-09-04T20:37:49+00:00
13197,01-2398,ungrounded_relationships,"Sec. 2. Civil Service Rule VII (5 CFR Part 7) is amended -- (a) by striking section 7.2; (b) by redesignating sections 7.3 and 7.4 as sections 7.2 and 7.3, respectively; and (c) by amending the table of sections to read as follows:",2026-09-04T20:37:49+00:00
13204,01-4624,ungrounded_relationships,"Section 1. Executive Order 12933 of October 20, 1994, ... is revoked.",2026-09-04T20:37:49+00:00
13286,03-5343,ungrounded_relationships,"Sec. 12. Executive Order 13154 of May 3, 2000 ... is amended by striking “the Secretary of Transportation” ... inserting “the Secretary of Homeland Security”.",2026-09-04T20:37:49+00:00
13286,03-5343,ungrounded_relationships,"Sec. 14. Executive Order 13120 of April 27, 1999 ... is amended by striking “the Secretary of Transportation” and inserting “the Secretary of Homeland Security”.",2026-09-04T20:37:49+00:00
13286,03-5343,ungrounded_relationships,"Sec. 17. Executive Order 13076 of February 24, 1998 ... is amended by striking “the Secretary of Transportation” and inserting “the Secretary of Homeland Security”.",2026-09-04T20:37:49+00:00
13286,03-5343,ungrounded_relationships,"Sec. 20. Executive Order 12985 of January 11, 1996 ... is amended by striking “the Secretary of Transportation” ... inserting “the Secretary of Homeland Security”.",2026-09-04T20:37:49+00:00
13286,03-5343,ungrounded_relationships,"Sec. 21. Executive Order 12982 of December 8, 1995 ... is amended by striking “the Secretary of Transportation” and inserting “the Secretary of Homeland Security”.",2026-09-04T20:37:49+00:00
13286,03-5343,ungrounded_relationships,"Sec. 22. Executive Order 12978 of October 21, 1995 ... is amended by inserting “, the Secretary of Homeland Security,” after “the Attorney General”.",2026-09-04T20:37:49+00:00
13286,03-5343,ungrounded_relationships,"Sec. 28. Executive Order 12830 of January 9, 1993 ... is amended by striking “the Secretary of Transportation” wherever it appears and inserting “the Secretary of Homeland Security”.",2026-09-04T20:37:49+00:00
13286,03-5343,ungrounded_relationships,"Sec. 30. Executive Order 12807 of May 24, 1992 ... is amended by striking “the Attorney General” ... inserting “the Secretary of Homeland Security”.",2026-09-04T20:37:49+00:00
13286,03-5343,ungrounded_relationships,"Sec. 31. Executive Order 12793 of March 20, 1992 ... is amended by striking “the Secretary of Transportation” ... inserting “the Secretary of Homeland Security”.",2026-09-04T20:37:49+00:00
13286,03-5343,ungrounded_relationships,"Sec. 32. Executive Order 12789 of February 10, 1992 ... is amended by striking “The Attorney General” ... inserting “The Secretary of Homeland Security”.",2026-09-04T20:37:49+00:00
13286,03-5343,ungrounded_relationships,"Sec. 37. Executive Order 12733 of November 13, 1990 ... is amended by striking “the Secretary of Transportation” and inserting “the Secretary of Homeland Security”.",2026-09-04T20:37:49+00:00
13286,03-5343,ungrounded_relationships,"Sec. 38. Executive Order 12728 of August 22, 1990 ... is amended by striking “the Secretary of Transportation” ... inserting “the Secretary of Homeland Security”.",2026-09-04T20:37:49+00:00
13286,03-5343,ungrounded_relationships,"Sec. 39. Executive Order 12727 of August 27, 1990 ... is amended by striking “the Secretary of Transportation” ... inserting “the Secretary of Homeland Security”.",2026-09-04T20:37:49+00:00
13303,03-13412,ungrounded_relationships,shall not apply to the property and interests described in section 1 of this order,2026-09-04T20:37:49+00:00
13303,03-13412,ungrounded_relationships,shall not apply to the property and interests described in section 1 of this order,2026-09-04T20:37:49+00:00
13303,03-13412,ungrounded_relationships,shall not apply to the property and interests described in section 1 of this order,2026-09-04T20:37:49+00:00
13304,03-13694,ungrounded_relationships,"revoke those and all related orders (Executive Orders 12846 of April 25, 1993, and 12934 of October 25, 1994, ...)",2026-09-04T20:37:49+00:00
13304,03-13694,ungrounded_relationships,"revoke those and all related orders (Executive Orders 12846 of April 25, 1993, and 12934 of October 25, 1994, ...)",2026-09-04T20:37:49+00:00
13356,04-20052,ungrounded_relationships,"Not later than 120 days after the date of this order, the Council shall report to the President ... on a plan",2026-09-04T20:37:49+00:00
13397,06-2362,ungrounded_relationships,The Secretary shall consult with the Director of the White House Office of Faith- Based and Community Initiatives (WHOFBCI Director) prior to making such appointment.,2026-09-04T20:37:49+00:00
13467,08-1409,ungrounded_relationships,"Existing delegations of authority made pursuant to Executive Order 13381 of June 27, 2005, as amended, ... shall remain in effect",2026-09-04T20:37:49+00:00
13593,2011-32486,ungrounded_relationships,"Section 1. Parts III and IV of the Manual for Courts- Martial, United States, are amended as described in the Annex attached and made a part of this order.",2026-09-04T20:37:49+00:00
13604,2012-7636,ungrounded_relationships,this order expands upon efforts undertaken pursuant to Executive Order 13563,2026-09-04T20:37:49+00:00
13625,2012-22062,ungrounded_relationships,the Task Force shall consist of representatives from … the Department of Education; the Office of Management and Budget; the Domestic Policy Council; the National Security Staff; the Office of Science and Technology Policy; the Office of National Drug Control Policy,2026-09-04T20:37:49+00:00
13668,2014-12651,ungrounded_relationships,"the prohibitions set forth in section 1 of Executive Order 13303 of May 22, 2003, are hereby terminated",2026-09-04T20:37:49+00:00
13716,2016-01325,ungrounded_relationships,"Executive Order 13574 of May 23, 2011 (Authorizing the Implementation of Certain Sanctions)",2026-09-04T20:37:49+00:00
13721,2016-06250,ungrounded_relationships,"Sec. 2. Revocation. Executive Order 13584 of September 9, 2011 … is revoked.",2026-09-04T20:37:49+00:00
13754,2016-30277,ungrounded_relationships,"within 9 months of the date of this order, shall provide the AESC with recommendations on pollution from vessels",2026-09-04T20:37:49+00:00
13783,2017-06576,ungrounded_relationships,"The following Presidential actions are hereby revoked: (ii) The Presidential Memorandum of June 25, 2013 (Power Sector Carbon Pollution Standards)",2026-09-04T20:37:49+00:00
13783,2017-06576,ungrounded_relationships,"The following Presidential actions are hereby revoked: (iii) The Presidential Memorandum of November 3, 2015 (Mitigating Impacts on Natural Resources from Development and Encouraging Related Private Investment)",2026-09-04T20:37:49+00:00
13783,2017-06576,ungrounded_relationships,"The following Presidential actions are hereby revoked: (iv) The Presidential Memorandum of September 21, 2016 (Climate Change and National Security)",2026-09-04T20:37:49+00:00
13783,2017-06576,ungrounded_relationships,The following reports shall be rescinded: (ii) The Report of the Executive Office of the President of March 2014 (Climate Action Plan Strategy to Reduce Methane Emissions),2026-09-04T20:37:49+00:00
13823,2018-02261,ungrounded_relationships,"Section 3 of Executive Order 13492 of January 22, 2009 ... ordering the closure of detention facilities at U.S. Naval Station Guantánamo Bay, is hereby revoked.",2026-09-04T20:37:49+00:00
13842,2018-15195,ungrounded_relationships,"Nothing in this order shall be construed to impair or otherwise affect: (i) the authority granted by law to an executive department, agency, or the head thereof; (ii) the functions of the Director of the Office of Management and Budget relating to budgetary, administrative, or legislative proposals.",2026-09-04T20:37:49+00:00
13850,2018-24254,ungrounded_relationships,"relied upon for additional steps taken in Executive Order 13827 of March 19, 2018",2026-09-04T20:37:49+00:00
13850,2018-24254,ungrounded_relationships,"relied upon for additional steps taken in Executive Order 13835 of May 21, 2018",2026-09-04T20:37:49+00:00
13884,2019-17052,ungrounded_relationships,"All property and interests in property of the Government of Venezuela ... are blocked and may not be transferred, paid, exported, withdrawn, or dealt in.",2026-09-04T20:37:49+00:00
14013,2021-02804,ungrounded_relationships,"The Presidential Memorandum of March 6, 2017 (Implementing Immediate Heightened Screening and Vetting of Applications for Visas and Other Immigration Benefits …) is revoked.",2026-09-04T20:37:49+00:00
14034,2021-12506,ungrounded_relationships,"The Director of the Office of Management and Budget and the heads of executive departments and agencies shall promptly take steps to rescind any orders, rules, regulations, guidelines, or policies, or portions thereof, implementing or enforcing Executive Orders 13942, 13943, or 13971",2026-09-04T20:37:49+00:00
14058,2021-27380,ungrounded_relationships,"Executive Order 13571 of April 27, 2011 (Streamlining Service Delivery and Improving Customer Service), further required agencies to develop a “Customer Service Plan …”",2026-09-04T20:37:49+00:00
14066,2022-05232,ungrounded_relationships,the importation into the United States of the following products of Russian Federation origin: crude oil; petroleum; liquefied natural gas; coal; and coal products;,2026-09-04T20:37:49+00:00
14128,2024-27850,ungrounded_relationships,A party empowered by the RLA has requested that the President establish a second emergency board pursuant to section 9A of the RLA (45 U.S.C. § 159a),2026-09-04T20:37:49+00:00
14159,2025-02006,ungrounded_relationships,"Executive Order 13993 of January 20, 2021 … Executive Order 14010 of February 2, 2021 … Executive Order 14011 of February 2, 2021 … Executive Order 14012 of February 2, 2021 are hereby revoked",2026-09-04T20:37:49+00:00
14180,2025-02173,ungrounded_relationships,The Council shall hold its first public meeting within 90 days of the date of this order.,2026-09-04T20:37:49+00:00
14192,2025-02345,ungrounded_relationships,"shall reinstate the Memorandum of Agreement between the Department of Treasury and the Office of Management and Budget of April 11, 2018",2026-09-04T20:37:49+00:00
14198,2025-02479,ungrounded_relationships,"the exceptions set forth in section 2(a) of the Executive Order of February 1, 2025, are, hereby, withdrawn.",2026-09-04T20:37:49+00:00
14219,2025-03138,ungrounded_relationships,"Agency heads shall, in coordination with their DOGE Team Leads and the Director of the Office of Management and Budget, initiate a process to review regulations",2026-09-04T20:37:49+00:00
14259,2025-06378,ungrounded_relationships,"I further declared pursuant to Executive Order 14256 ... that duty‑free de minimis treatment on articles described in section 2(a) of Executive Order 14195 is no longer available effective at 12:01 a.m. eastern daylight time on May 2, 2025.",2026-09-04T20:37:49+00:00
14281,2025-07378,ungrounded_relationships,"the Presidential approval of July 25, 1966, of the Department of Justice Title VI regulations ... and the Presidential approval of July 5, 1973, of the Department of Justice Title VI regulations",2026-09-04T20:37:49+00:00
14305,2025-10803,ungrounded_relationships,the Administrator of the FAA shall ... promptly submit a notice of proposed rulemaking (NPRM) to the Office of Management and Budget (OMB) and the Task Force,2026-09-04T20:37:49+00:00
14389,2026-03832,ungrounded_relationships,the additional ad valorem duties imposed pursuant to IEEPA in Executive Order 14194 ... shall no longer be in effect,2026-09-04T20:37:49+00:00
14389,2026-03832,ungrounded_relationships,the additional ad valorem duties imposed pursuant to IEEPA in Executive Order 14195 ... shall no longer be in effect,2026-09-04T20:37:49+00:00
14389,2026-03832,ungrounded_relationships,the additional ad valorem duties imposed pursuant to IEEPA in Executive Order 14245 ... shall no longer be in effect,2026-09-04T20:37:49+00:00
14389,2026-03832,ungrounded_relationships,the additional ad valorem duties imposed pursuant to IEEPA in Executive Order 14257 ... shall no longer be in effect,2026-09-04T20:37:49+00:00
14389,2026-03832,ungrounded_relationships,the additional ad valorem duties imposed pursuant to IEEPA in Executive Order 14323 ... shall no longer be in effect,2026-09-04T20:37:49+00:00
14389,2026-03832,ungrounded_relationships,the additional ad valorem duties imposed pursuant to IEEPA in Executive Order 14329 ... shall no longer be in effect,2026-09-04T20:37:49+00:00
14389,2026-03832,ungrounded_relationships,the additional ad valorem duties imposed pursuant to IEEPA in Executive Order 14380 ... shall no longer be in effect,2026-09-04T20:37:49+00:00
14389,2026-03832,ungrounded_relationships,the additional ad valorem duties imposed pursuant to IEEPA in Executive Order 14382 ... shall no longer be in effect,2026-09-04T20:37:49+00:00
14398,2026-06286,ungrounded_relationships,"The Federal Acquisition Regulatory Council shall, to the extent permitted by law, amend the Federal Acquisition Regulation",2026-09-04T20:37:49+00:00
